{"2": {"0": {"[0.0, 0]": {"num_count": 749, "sum_payoffs": 154.7024999716374, "action": [0.0, 0]}, "[1.0, 0]": {"num_count": 1851, "sum_payoffs": 480.1376051751202, "action": [1.0, 0]}}, "1": {"[0.0, 0]": {"num_count": 749, "sum_payoffs": 155.40449997150859, "action": [0.0, 0]}, "[1.0, 0]": {"num_count": 1851, "sum_payoffs": 481.62260517484793, "action": [1.0, 0]}}}, "1": {"0": {"[1.0, 0]": {"num_count": 1657, "sum_payoffs": 467.02499991439805, "action": [1.0, 0]}, "[0.0, 0]": {"num_count": 943, "sum_payoffs": 235.73999995678227, "action": [0.0, 0]}}, "1": {"[1.0, 0]": {"num_count": 1654, "sum_payoffs": 466.21499991454647, "action": [1.0, 0]}, "[0.0, 0]": {"num_count": 946, "sum_payoffs": 236.8199999565843, "action": [0.0, 0]}}}}