{"2": {"0": {"[1.0, 0]": {"num_count": 1453, "sum_payoffs": 409.70812490780884, "action": [1.0, 0]}, "[0.0, 0]": {"num_count": 147, "sum_payoffs": 31.123687492997117, "action": [0.0, 0]}}, "1": {"[0.0, 0]": {"num_count": 125, "sum_payoffs": 25.09199999435426, "action": [0.0, 0]}, "[1.0, 0]": {"num_count": 1475, "sum_payoffs": 413.55281240694364, "action": [1.0, 0]}}}, "1": {"0": {"[1.0, 0]": {"num_count": 1449, "sum_payoffs": 450.91124989854205, "action": [1.0, 0]}, "[0.0, 0]": {"num_count": 151, "sum_payoffs": 41.83874999058623, "action": [0.0, 0]}}, "1": {"[0.0, 0]": {"num_count": 181, "sum_payoffs": 45.02812498986855, "action": [0.0, 0]}, "[1.0, 0]": {"num_count": 1419, "sum_payoffs": 435.5718749019932, "action": [1.0, 0]}}}}