{"12": {"0": {"[0.0, 0.0]": {"num_count": 65, "sum_payoffs": 15.295001436595623, "action": [0.0, 0.0]}, "[2.0, 1.5707963267948966]": {"num_count": 67, "sum_payoffs": 16.30299193069984, "action": [2.0, 1.5707963267948966]}, "[1.0, -1.5707963267948966]": {"num_count": 66, "sum_payoffs": 15.590452469761093, "action": [1.0, -1.5707963267948966]}, "[0.0, -1.5707963267948966]": {"num_count": 66, "sum_payoffs": 15.6584592449645, "action": [0.0, -1.5707963267948966]}, "[0.0, 1.5707963267948966]": {"num_count": 64, "sum_payoffs": 14.829638105605895, "action": [0.0, 1.5707963267948966]}, "[1.0, 1.5707963267948966]": {"num_count": 66, "sum_payoffs": 15.794067000969113, "action": [1.0, 1.5707963267948966]}, "[2.0, 0.0]": {"num_count": 73, "sum_payoffs": 18.896637415610716, "action": [2.0, 0.0]}, "[2.0, -1.5707963267948966]": {"num_count": 68, "sum_payoffs": 16.666181026374183, "action": [2.0, -1.5707963267948966]}, "[1.0, 0.0]": {"num_count": 65, "sum_payoffs": 15.408309428451405, "action": [1.0, 0.0]}}, "1": {"[1.0, 0.0]": {"num_count": 105, "sum_payoffs": 23.82799214356358, "action": [1.0, 0.0]}, "[1.0, -1.5707963267948966]": {"num_count": 103, "sum_payoffs": 23.135956533340856, "action": [1.0, -1.5707963267948966]}, "[0.0, 1.5707963267948966]": {"num_count": 97, "sum_payoffs": 20.658395640982572, "action": [0.0, 1.5707963267948966]}, "[0.0, 0.0]": {"num_count": 97, "sum_payoffs": 20.74448587331999, "action": [0.0, 0.0]}, "[0.0, -1.5707963267948966]": {"num_count": 96, "sum_payoffs": 20.228825982380325, "action": [0.0, -1.5707963267948966]}, "[1.0, 1.5707963267948966]": {"num_count": 102, "sum_payoffs": 22.55881260287984, "action": [1.0, 1.5707963267948966]}}}}