{"2": {"0": {"[1.0, 0.0]": {"num_count": 506, "sum_payoffs": 122.37131432249593, "action": [1.0, 0.0]}, "[2.0, 0.0]": {"num_count": 607, "sum_payoffs": 156.34541422337992, "action": [2.0, 0.0]}, "[0.0, -1.5707963267948966]": {"num_count": 359, "sum_payoffs": 74.60378505160655, "action": [0.0, -1.5707963267948966]}, "[2.0, -1.5707963267948966]": {"num_count": 502, "sum_payoffs": 120.98320403000764, "action": [2.0, -1.5707963267948966]}, "[1.0, 1.5707963267948966]": {"num_count": 424, "sum_payoffs": 95.43684677813941, "action": [1.0, 1.5707963267948966]}, "[0.0, 0.0]": {"num_count": 429, "sum_payoffs": 96.99574124371529, "action": [0.0, 0.0]}, "[1.0, -1.5707963267948966]": {"num_count": 419, "sum_payoffs": 93.8230884401789, "action": [1.0, -1.5707963267948966]}, "[2.0, 1.5707963267948966]": {"num_count": 500, "sum_payoffs": 120.32853136645582, "action": [2.0, 1.5707963267948966]}, "[0.0, 1.5707963267948966]": {"num_count": 354, "sum_payoffs": 73.02479193972282, "action": [0.0, 1.5707963267948966]}}, "1": {"[1.0, -1.5707963267948966]": {"num_count": 723, "sum_payoffs": 202.31992695938482, "action": [1.0, -1.5707963267948966]}, "[1.0, 1.5707963267948966]": {"num_count": 716, "sum_payoffs": 199.83117133759617, "action": [1.0, 1.5707963267948966]}, "[0.0, -1.5707963267948966]": {"num_count": 586, "sum_payoffs": 154.0654672407366, "action": [0.0, -1.5707963267948966]}, "[0.0, 0.0]": {"num_count": 659, "sum_payoffs": 179.66473282111588, "action": [0.0, 0.0]}, "[1.0, 0.0]": {"num_count": 829, "sum_payoffs": 240.28760977833014, "action": [1.0, 0.0]}, "[0.0, 1.5707963267948966]": {"num_count": 587, "sum_payoffs": 154.39584552980884, "action": [0.0, 1.5707963267948966]}}}}