{"2": {"0": {"[0.0, 0]": {"num_count": 1192, "sum_payoffs": 182.5829999589193, "action": [0.0, 0]}, "[1.0, 0]": {"num_count": 2908, "sum_payoffs": 569.045249871949, "action": [1.0, 0]}}, "1": {"[1.0, 0]": {"num_count": 2901, "sum_payoffs": 568.5434998720632, "action": [1.0, 0]}, "[0.0, 0]": {"num_count": 1199, "sum_payoffs": 184.54274995847857, "action": [0.0, 0]}}}, "1": {"0": {"[0.0, 0]": {"num_count": 1585, "sum_payoffs": 300.85874993230414, "action": [0.0, 0]}, "[1.0, 0]": {"num_count": 2515, "sum_payoffs": 530.5387498806399, "action": [1.0, 0]}}, "1": {"[0.0, 0]": {"num_count": 1589, "sum_payoffs": 301.8712499320763, "action": [0.0, 0]}, "[1.0, 0]": {"num_count": 2511, "sum_payoffs": 529.7287498808223, "action": [1.0, 0]}}}}