{"2": {"0": {"[0.0, 0]": {"num_count": 225, "sum_payoffs": 35.285624992060754, "action": [0.0, 0]}, "[1.0, 0]": {"num_count": 375, "sum_payoffs": 78.96937498223186, "action": [1.0, 0]}}, "1": {"[0.0, 0]": {"num_count": 232, "sum_payoffs": 37.193624991631424, "action": [0.0, 0]}, "[1.0, 0]": {"num_count": 368, "sum_payoffs": 77.06137498266109, "action": [1.0, 0]}}}, "1": {"0": {"[0.0, 0]": {"num_count": 248, "sum_payoffs": 45.40499998978398, "action": [0.0, 0]}, "[1.0, 0]": {"num_count": 352, "sum_payoffs": 77.34374998259817, "action": [1.0, 0]}}, "1": {"[1.0, 0]": {"num_count": 351, "sum_payoffs": 77.14124998264373, "action": [1.0, 0]}, "[0.0, 0]": {"num_count": 249, "sum_payoffs": 45.80999998969286, "action": [0.0, 0]}}}}