{"2": {"0": {"[1.0, 0]": {"num_count": 3480, "sum_payoffs": 1312.19999954071, "action": [1.0, 0]}, "[0.0, 0]": {"num_count": 1120, "sum_payoffs": 362.85974987299863, "action": [0.0, 0]}}, "1": {"[0.0, 0]": {"num_count": 1122, "sum_payoffs": 364.31774987248764, "action": [0.0, 0]}, "[1.0, 0]": {"num_count": 3478, "sum_payoffs": 1314.0224995400704, "action": [1.0, 0]}}}, "1": {"0": {"[1.0, 0]": {"num_count": 2314, "sum_payoffs": 937.7774996717418, "action": [1.0, 0]}, "[0.0, 0]": {"num_count": 2286, "sum_payoffs": 925.2224996761374, "action": [0.0, 0]}}, "1": {"[1.0, 0]": {"num_count": 2314, "sum_payoffs": 937.7774996717418, "action": [1.0, 0]}, "[0.0, 0]": {"num_count": 2286, "sum_payoffs": 925.2224996761374, "action": [0.0, 0]}}}}