{"8": {"0": {"[2.0, -1.5707963267948966]": {"num_count": 347, "sum_payoffs": 97.48146725944879, "action": [2.0, -1.5707963267948966]}, "[1.0, 0.0]": {"num_count": 348, "sum_payoffs": 97.83830506256781, "action": [1.0, 0.0]}, "[1.0, -1.5707963267948966]": {"num_count": 347, "sum_payoffs": 97.39370583243307, "action": [1.0, -1.5707963267948966]}, "[1.0, 1.5707963267948966]": {"num_count": 344, "sum_payoffs": 96.16232514562846, "action": [1.0, 1.5707963267948966]}, "[2.0, 1.5707963267948966]": {"num_count": 349, "sum_payoffs": 98.25002979830568, "action": [2.0, 1.5707963267948966]}, "[0.0, 1.5707963267948966]": {"num_count": 328, "sum_payoffs": 90.12975245803379, "action": [0.0, 1.5707963267948966]}, "[0.0, -1.5707963267948966]": {"num_count": 329, "sum_payoffs": 90.47393775196362, "action": [0.0, -1.5707963267948966]}, "[0.0, 0.0]": {"num_count": 338, "sum_payoffs": 93.86289436735518, "action": [0.0, 0.0]}, "[2.0, 0.0]": {"num_count": 370, "sum_payoffs": 106.40405073168868, "action": [2.0, 0.0]}}, "1": {"[0.0, 0.0]": {"num_count": 507, "sum_payoffs": 134.89091208960724, "action": [0.0, 0.0]}, "[0.0, -1.5707963267948966]": {"num_count": 486, "sum_payoffs": 127.5045147009791, "action": [0.0, -1.5707963267948966]}, "[0.0, 1.5707963267948966]": {"num_count": 486, "sum_payoffs": 127.41039120036162, "action": [0.0, 1.5707963267948966]}, "[1.0, 0.0]": {"num_count": 540, "sum_payoffs": 146.7201644349897, "action": [1.0, 0.0]}, "[1.0, 1.5707963267948966]": {"num_count": 527, "sum_payoffs": 142.05331269380574, "action": [1.0, 1.5707963267948966]}, "[1.0, -1.5707963267948966]": {"num_count": 554, "sum_payoffs": 151.67678672662396, "action": [1.0, -1.5707963267948966]}}}}