{"2": {"0": {"[1.0, 0]": {"num_count": 2445, "sum_payoffs": 598.8701051533596, "action": [1.0, 0]}, "[0.0, 0]": {"num_count": 155, "sum_payoffs": 29.28749999463068, "action": [0.0, 0]}}, "1": {"[1.0, 0]": {"num_count": 2414, "sum_payoffs": 608.3471051516236, "action": [1.0, 0]}, "[0.0, 0]": {"num_count": 186, "sum_payoffs": 35.60549999347238, "action": [0.0, 0]}}}, "1": {"0": {"[1.0, 0]": {"num_count": 2382, "sum_payoffs": 652.7849998803625, "action": [1.0, 0]}, "[0.0, 0]": {"num_count": 218, "sum_payoffs": 53.21999999024294, "action": [0.0, 0]}}, "1": {"[0.0, 0]": {"num_count": 190, "sum_payoffs": 40.79999999251995, "action": [0.0, 0]}, "[1.0, 0]": {"num_count": 2410, "sum_payoffs": 659.2649998791753, "action": [1.0, 0]}}}}