{"2": {"0": {"[0.0, 0]": {"num_count": 300, "sum_payoffs": 29.590499992109084, "action": [0.0, 0]}, "[1.0, 0]": {"num_count": 3800, "sum_payoffs": 476.8807103991858, "action": [1.0, 0]}}, "1": {"[0.0, 0]": {"num_count": 309, "sum_payoffs": 31.534499991590703, "action": [0.0, 0]}, "[1.0, 0]": {"num_count": 3791, "sum_payoffs": 475.5442103995413, "action": [1.0, 0]}}}, "1": {"0": {"[1.0, 0]": {"num_count": 3798, "sum_payoffs": 519.0599998616045, "action": [1.0, 0]}, "[0.0, 0]": {"num_count": 302, "sum_payoffs": 34.6199999907679, "action": [0.0, 0]}}, "1": {"[0.0, 0]": {"num_count": 331, "sum_payoffs": 40.35749998923795, "action": [0.0, 0]}, "[1.0, 0]": {"num_count": 3769, "sum_payoffs": 516.5624998622711, "action": [1.0, 0]}}}}