{"1": {"0": {"[0.0, 1.5707963267948966]": {"num_count": 407, "sum_payoffs": 97.24137929413845, "action": [0.0, 1.5707963267948966]}, "[1.0, 0.0]": {"num_count": 500, "sum_payoffs": 129.39530232726077, "action": [1.0, 0.0]}, "[0.0, 0.0]": {"num_count": 405, "sum_payoffs": 96.52173911434834, "action": [0.0, 0.0]}, "[0.0, -1.5707963267948966]": {"num_count": 407, "sum_payoffs": 97.16141927416179, "action": [0.0, -1.5707963267948966]}, "[1.0, -1.5707963267948966]": {"num_count": 498, "sum_payoffs": 128.6556721424765, "action": [1.0, -1.5707963267948966]}, "[2.0, 1.5707963267948966]": {"num_count": 629, "sum_payoffs": 175.36231881135257, "action": [2.0, 1.5707963267948966]}, "[2.0, 0.0]": {"num_count": 629, "sum_payoffs": 175.34232880635852, "action": [2.0, 0.0]}, "[2.0, -1.5707963267948966]": {"num_count": 625, "sum_payoffs": 173.90304844677834, "action": [2.0, -1.5707963267948966]}, "[1.0, 1.5707963267948966]": {"num_count": 500, "sum_payoffs": 129.39530232726074, "action": [1.0, 1.5707963267948966]}}, "1": {"[1.0, -1.5707963267948966]": {"num_count": 872, "sum_payoffs": 285.3173412817826, "action": [1.0, -1.5707963267948966]}, "[1.0, 0.0]": {"num_count": 872, "sum_payoffs": 285.33733128677665, "action": [1.0, 0.0]}, "[0.0, -1.5707963267948966]": {"num_count": 664, "sum_payoffs": 203.77811091056563, "action": [0.0, -1.5707963267948966]}, "[1.0, 1.5707963267948966]": {"num_count": 867, "sum_payoffs": 283.3883057998453, "action": [1.0, 1.5707963267948966]}, "[0.0, 0.0]": {"num_count": 663, "sum_payoffs": 203.3683158081848, "action": [0.0, 0.0]}, "[0.0, 1.5707963267948966]": {"num_count": 662, "sum_payoffs": 203.01849072078707, "action": [0.0, 1.5707963267948966]}}}}