{"2": {"0": {"[0.0, 0]": {"num_count": 160, "sum_payoffs": 26.91179999461765, "action": [0.0, 0]}, "[1.0, 0]": {"num_count": 2440, "sum_payoffs": 549.2726998901285, "action": [1.0, 0]}}, "1": {"[1.0, 0]": {"num_count": 2447, "sum_payoffs": 546.4295998906974, "action": [1.0, 0]}, "[0.0, 0]": {"num_count": 153, "sum_payoffs": 23.19389999536123, "action": [0.0, 0]}}}, "1": {"0": {"[1.0, 0]": {"num_count": 2428, "sum_payoffs": 598.1354998803598, "action": [1.0, 0]}, "[0.0, 0]": {"num_count": 172, "sum_payoffs": 34.86599999302685, "action": [0.0, 0]}}, "1": {"[1.0, 0]": {"num_count": 2399, "sum_payoffs": 591.0884998817695, "action": [1.0, 0]}, "[0.0, 0]": {"num_count": 201, "sum_payoffs": 41.91299999161747, "action": [0.0, 0]}}}}