{"2": {"0": {"[0.0, 0]": {"num_count": 572, "sum_payoffs": 56.87399998957296, "action": [0.0, 0]}, "[1.0, 0]": {"num_count": 1028, "sum_payoffs": 144.11924997357792, "action": [1.0, 0]}}, "1": {"[1.0, 0]": {"num_count": 1028, "sum_payoffs": 144.9014999734344, "action": [1.0, 0]}, "[0.0, 0]": {"num_count": 572, "sum_payoffs": 57.30674998949351, "action": [0.0, 0]}}}, "1": {"0": {"[0.0, 0]": {"num_count": 694, "sum_payoffs": 87.26999998400056, "action": [0.0, 0]}, "[1.0, 0]": {"num_count": 906, "sum_payoffs": 130.46249997608214, "action": [1.0, 0]}}, "1": {"[0.0, 0]": {"num_count": 695, "sum_payoffs": 87.53999998395106, "action": [0.0, 0]}, "[1.0, 0]": {"num_count": 905, "sum_payoffs": 130.32749997610688, "action": [1.0, 0]}}}}