{"2": {"0": {"[0.0, 0]": {"num_count": 168, "sum_payoffs": 48.29624997102239, "action": [0.0, 0]}, "[1.0, 0]": {"num_count": 432, "sum_payoffs": 169.12799989852246, "action": [1.0, 0]}}, "1": {"[0.0, 0]": {"num_count": 178, "sum_payoffs": 53.39924996796059, "action": [0.0, 0]}, "[1.0, 0]": {"num_count": 422, "sum_payoffs": 166.21199990027213, "action": [1.0, 0]}}}, "1": {"0": {"[1.0, 0]": {"num_count": 363, "sum_payoffs": 153.49499990790227, "action": [1.0, 0]}, "[0.0, 0]": {"num_count": 237, "sum_payoffs": 89.50499994629688, "action": [0.0, 0]}}, "1": {"[0.0, 0]": {"num_count": 236, "sum_payoffs": 89.09999994653988, "action": [0.0, 0]}, "[1.0, 0]": {"num_count": 364, "sum_payoffs": 154.30499990741626, "action": [1.0, 0]}}}}