{"2": {"0": {"[1.0, 0]": {"num_count": 74, "sum_payoffs": 30.253499989411257, "action": [1.0, 0]}, "[0.0, 0]": {"num_count": 26, "sum_payoffs": 7.654499997320928, "action": [0.0, 0]}}, "1": {"[1.0, 0]": {"num_count": 60, "sum_payoffs": 24.603749991388685, "action": [1.0, 0]}, "[0.0, 0]": {"num_count": 40, "sum_payoffs": 10.75274999623654, "action": [0.0, 0]}}}, "1": {"0": {"[1.0, 0]": {"num_count": 54, "sum_payoffs": 22.67999999206201, "action": [1.0, 0]}, "[0.0, 0]": {"num_count": 46, "sum_payoffs": 14.984999994755247, "action": [0.0, 0]}}, "1": {"[0.0, 0]": {"num_count": 28, "sum_payoffs": 11.137499996101873, "action": [0.0, 0]}, "[1.0, 0]": {"num_count": 72, "sum_payoffs": 32.19749998873092, "action": [1.0, 0]}}}}