{"12": {"0": {"[1.0, 1.5707963267948966]": {"num_count": 11, "sum_payoffs": 2.6924051716187103, "action": [1.0, 1.5707963267948966]}, "[0.0, 0.0]": {"num_count": 12, "sum_payoffs": 3.0143272560094663, "action": [0.0, 0.0]}, "[1.0, -1.5707963267948966]": {"num_count": 11, "sum_payoffs": 2.6823697864327802, "action": [1.0, -1.5707963267948966]}, "[1.0, 0.0]": {"num_count": 11, "sum_payoffs": 2.6455319863512052, "action": [1.0, 0.0]}, "[2.0, 0.0]": {"num_count": 11, "sum_payoffs": 2.567901413051172, "action": [2.0, 0.0]}, "[0.0, 1.5707963267948966]": {"num_count": 11, "sum_payoffs": 2.6479362337783376, "action": [0.0, 1.5707963267948966]}, "[0.0, -1.5707963267948966]": {"num_count": 11, "sum_payoffs": 2.7370651908973853, "action": [0.0, -1.5707963267948966]}, "[2.0, 1.5707963267948966]": {"num_count": 11, "sum_payoffs": 2.5202600097878713, "action": [2.0, 1.5707963267948966]}, "[2.0, -1.5707963267948966]": {"num_count": 11, "sum_payoffs": 2.740338536552283, "action": [2.0, -1.5707963267948966]}}, "1": {"[1.0, 1.5707963267948966]": {"num_count": 17, "sum_payoffs": 3.8528380105644184, "action": [1.0, 1.5707963267948966]}, "[0.0, -1.5707963267948966]": {"num_count": 16, "sum_payoffs": 3.3763866212355995, "action": [0.0, -1.5707963267948966]}, "[1.0, 0.0]": {"num_count": 17, "sum_payoffs": 4.138731683666024, "action": [1.0, 0.0]}, "[1.0, -1.5707963267948966]": {"num_count": 17, "sum_payoffs": 3.9470078332389438, "action": [1.0, -1.5707963267948966]}, "[0.0, 1.5707963267948966]": {"num_count": 16, "sum_payoffs": 3.5275257015796475, "action": [0.0, 1.5707963267948966]}, "[0.0, 0.0]": {"num_count": 17, "sum_payoffs": 3.8354036580020483, "action": [0.0, 0.0]}}}}