{"15": {"0": {"[0.0, 0.0]": {"num_count": 66, "sum_payoffs": 14.685607623781966, "action": [0.0, 0.0]}, "[0.0, 1.5707963267948966]": {"num_count": 65, "sum_payoffs": 14.16815488458333, "action": [0.0, 1.5707963267948966]}, "[0.0, -1.5707963267948966]": {"num_count": 66, "sum_payoffs": 14.69594381560055, "action": [0.0, -1.5707963267948966]}, "[2.0, 1.5707963267948966]": {"num_count": 64, "sum_payoffs": 13.812645156540587, "action": [2.0, 1.5707963267948966]}, "[1.0, -1.5707963267948966]": {"num_count": 68, "sum_payoffs": 15.342099893555842, "action": [1.0, -1.5707963267948966]}, "[1.0, 1.5707963267948966]": {"num_count": 69, "sum_payoffs": 15.85083324498422, "action": [1.0, 1.5707963267948966]}, "[2.0, -1.5707963267948966]": {"num_count": 66, "sum_payoffs": 14.695487882980803, "action": [2.0, -1.5707963267948966]}, "[2.0, 0.0]": {"num_count": 69, "sum_payoffs": 16.03825406413485, "action": [2.0, 0.0]}, "[1.0, 0.0]": {"num_count": 67, "sum_payoffs": 15.137901210355004, "action": [1.0, 0.0]}}, "1": {"[1.0, 0.0]": {"num_count": 100, "sum_payoffs": 20.08597020209502, "action": [1.0, 0.0]}, "[0.0, -1.5707963267948966]": {"num_count": 98, "sum_payoffs": 19.372972006638342, "action": [0.0, -1.5707963267948966]}, "[1.0, 1.5707963267948966]": {"num_count": 100, "sum_payoffs": 20.147074593288536, "action": [1.0, 1.5707963267948966]}, "[0.0, 0.0]": {"num_count": 101, "sum_payoffs": 20.5341441642946, "action": [0.0, 0.0]}, "[0.0, 1.5707963267948966]": {"num_count": 99, "sum_payoffs": 19.720159338222228, "action": [0.0, 1.5707963267948966]}, "[1.0, -1.5707963267948966]": {"num_count": 102, "sum_payoffs": 21.02487492018949, "action": [1.0, -1.5707963267948966]}}}}