{"2": {"0": {"[0.0, 0]": {"num_count": 61, "sum_payoffs": 16.17119999676576, "action": [0.0, 0]}, "[1.0, 0]": {"num_count": 39, "sum_payoffs": 12.301863155434361, "action": [1.0, 0]}}, "1": {"[0.0, 0]": {"num_count": 27, "sum_payoffs": 8.443799998311237, "action": [0.0, 0]}, "[1.0, 0]": {"num_count": 73, "sum_payoffs": 26.152863152664196, "action": [1.0, 0]}}}, "1": {"0": {"[1.0, 0]": {"num_count": 67, "sum_payoffs": 18.323999996335196, "action": [1.0, 0]}, "[0.0, 0]": {"num_count": 33, "sum_payoffs": 5.705999998858801, "action": [0.0, 0]}}, "1": {"[0.0, 0]": {"num_count": 47, "sum_payoffs": 17.6759999964648, "action": [0.0, 0]}, "[1.0, 0]": {"num_count": 53, "sum_payoffs": 24.17399999516519, "action": [1.0, 0]}}}}