{"2": {"0": {"[0.0, 0]": {"num_count": 45, "sum_payoffs": 7.127249998693337, "action": [0.0, 0]}, "[1.0, 0]": {"num_count": 55, "sum_payoffs": 11.177960524266503, "action": [1.0, 0]}}, "1": {"[0.0, 0]": {"num_count": 43, "sum_payoffs": 7.012499998714374, "action": [0.0, 0]}, "[1.0, 0]": {"num_count": 57, "sum_payoffs": 12.507710524022723, "action": [1.0, 0]}}}, "1": {"0": {"[1.0, 0]": {"num_count": 52, "sum_payoffs": 8.354999998468243, "action": [1.0, 0]}, "[0.0, 0]": {"num_count": 48, "sum_payoffs": 6.877499998739118, "action": [0.0, 0]}}, "1": {"[1.0, 0]": {"num_count": 52, "sum_payoffs": 8.354999998468243, "action": [1.0, 0]}, "[0.0, 0]": {"num_count": 48, "sum_payoffs": 7.012499998714369, "action": [0.0, 0]}}}}