{"2": {"0": {"[0.0, 0]": {"num_count": 1688, "sum_payoffs": 100.59614997988187, "action": [0.0, 0]}, "[1.0, 0]": {"num_count": 2912, "sum_payoffs": 243.04045258297566, "action": [1.0, 0]}}, "1": {"[1.0, 0]": {"num_count": 2910, "sum_payoffs": 242.9675525829902, "action": [1.0, 0]}, "[0.0, 0]": {"num_count": 1690, "sum_payoffs": 100.8877499798236, "action": [0.0, 0]}}}, "1": {"0": {"[0.0, 0]": {"num_count": 2118, "sum_payoffs": 164.78549996704197, "action": [0.0, 0]}, "[1.0, 0]": {"num_count": 2482, "sum_payoffs": 209.97449995799764, "action": [1.0, 0]}}, "1": {"[0.0, 0]": {"num_count": 2119, "sum_payoffs": 164.90699996701764, "action": [0.0, 0]}, "[1.0, 0]": {"num_count": 2481, "sum_payoffs": 209.85299995802197, "action": [1.0, 0]}}}}