{"alphat_eff_gamelength_11": [1.6923076923076923, 1.6923076923076923, 1.6923076923076923, 1.6923076923076923, 1.6923076923076923, 1.6923076923076923, 1.6923076923076923, 1.6923076923076923, 1.6923076923076923, 1.6923076923076923], "runtime_gamelength_11": [2.7526819705963135, 2.7166714668273926, 2.76786470413208, 2.693389654159546, 2.5688672065734863, 2.6561484336853027, 2.7898168563842773, 2.56774640083313, 2.6790130138397217, 2.7127511501312256], "max_timestep": [11, 11, 11, 11, 11, 11, 11, 11, 11, 11], "winner": [[0, 0], [0, 0], [0, 0], [0, 0], [0, 0], [0, 0], [0, 0], [0, 0], [0, 0], [0, 0]], "runtime": [2.752957820892334, 2.7169651985168457, 2.768386125564575, 2.6936333179473877, 2.569125175476074, 2.656393527984619, 2.7900874614715576, 2.5680034160614014, 2.6792967319488525, 2.713024616241455], "T_terminal": [1, 1, 1, 1, 1, 1, 1, 1, 1, 1], "trajectory_0": [[[1.0, 3.0, 0.0, 0], [3.0, 3.0, 1.5707963267948966, 1]], [[1.0, 3.0, 0.0, 0], [2.0, 3.0, 1.5707963267948966, 1]], [[1.0, 3.0, 0.0, 0], [3.0, 3.0, -1.5707963267948966, 1]], [[1.0, 3.0, 0.0, 0], [2.0, 3.0, 1.5707963267948966, 1]], [[1.0, 3.0, 0.0, 0], [2.0, 3.0, 1.5707963267948966, 1]], [[1.0, 3.0, 0.0, 0], [3.0, 3.0, 0.0, 1]], [[1.0, 3.0, 0.0, 0], [3.0, 3.0, -1.5707963267948966, 1]], [[1.0, 3.0, 0.0, 0], [1.0, 3.0, -1.5707963267948966, 1]], [[1.0, 3.0, 0.0, 0], [2.0, 3.0, -1.5707963267948966, 1]], [[1.0, 3.0, 0.0, 0], [2.0, 3.0, 0.0, 1]]], "trajectory_1": [[[3.0, 3.0, 0.0, 0], [4.0, 3.0, 1.5707963267948966, 1]], [[3.0, 3.0, 0.0, 0], [4.0, 3.0, 0.0, 1]], [[3.0, 3.0, 0.0, 0], [4.0, 3.0, 0.0, 1]], [[3.0, 3.0, 0.0, 0], [4.0, 3.0, -1.5707963267948966, 1]], [[3.0, 3.0, 0.0, 0], [3.0, 3.0, 0.0, 1]], [[3.0, 3.0, 0.0, 0], [4.0, 3.0, 1.5707963267948966, 1]], [[3.0, 3.0, 0.0, 0], [4.0, 3.0, 0.0, 1]], [[3.0, 3.0, 0.0, 0], [3.0, 3.0, 0.0, 1]], [[3.0, 3.0, 0.0, 0], [4.0, 3.0, 0.0, 1]], [[3.0, 3.0, 0.0, 0], [4.0, 3.0, -1.5707963267948966, 1]]], "coll_payoff_0": [[1.0], [1.0], [1.0], [1.0], [1.0], [1.0], [1.0], [1.0], [1.0], [1.0]], "lead_payoff_0": [[0.6666666666666666], [0.3333333333333333], [0.6666666666666666], [0.3333333333333333], [0.6666666666666666], [0.6666666666666666], [0.6666666666666666], [0.3333333333333333], [0.3333333333333333], [0.3333333333333333]], "coll_payoff_1": [[1.0], [1.0], [1.0], [1.0], [1.0], [1.0], [1.0], [1.0], [1.0], [1.0]], "lead_payoff_1": [[0.3333333333333333], [0.6666666666666666], [0.3333333333333333], [0.6666666666666666], [0.3333333333333333], [0.3333333333333333], [0.3333333333333333], [0.6666666666666666], [0.6666666666666666], [0.6666666666666666]], "payoff_total": [[[0.5881226052798532, 0.5785440612173691]], [[0.509578543987484, 0.6570881225097381]], [[0.5881226052798532, 0.5785440612173691]], [[0.509578543987484, 0.6570881225097381]], [[0.5881226052798532, 0.5785440612173691]], [[0.5881226052798532, 0.5785440612173691]], [[0.5881226052798532, 0.5785440612173691]], [[0.509578543987484, 0.6570881225097381]], [[0.509578543987484, 0.6570881225097381]], [[0.509578543987484, 0.6570881225097381]]], "final_lead_payoff_0": [[0.46551724137931033], [0.43103448275862066], [0.46551724137931033], [0.43103448275862066], [0.46551724137931033], [0.46551724137931033], [0.46551724137931033], [0.43103448275862066], [0.43103448275862066], [0.43103448275862066]], "final_lead_payoff_1": [[0.5344827586206896], [0.5689655172413793], [0.5344827586206896], [0.5689655172413793], [0.5344827586206896], [0.5344827586206896], [0.5344827586206896], [0.5689655172413793], [0.5689655172413793], [0.5689655172413793]]}