{"2": {"0": {"[1.0, 0]": {"num_count": 2102, "sum_payoffs": 338.10408940606965, "action": [1.0, 0]}, "[0.0, 0]": {"num_count": 998, "sum_payoffs": 121.14629997576931, "action": [0.0, 0]}}, "1": {"[0.0, 0]": {"num_count": 1003, "sum_payoffs": 122.3126999755361, "action": [0.0, 0]}, "[1.0, 0]": {"num_count": 2097, "sum_payoffs": 337.6666894061571, "action": [1.0, 0]}}}, "1": {"0": {"[0.0, 0]": {"num_count": 1278, "sum_payoffs": 193.88699996122594, "action": [0.0, 0]}, "[1.0, 0]": {"num_count": 1822, "sum_payoffs": 309.6899999380598, "action": [1.0, 0]}}, "1": {"[1.0, 0]": {"num_count": 1824, "sum_payoffs": 310.2569999379464, "action": [1.0, 0]}, "[0.0, 0]": {"num_count": 1276, "sum_payoffs": 193.64399996127455, "action": [0.0, 0]}}}}