{"alphat_eff_gamelength_9": {"mean": 1.3846153846153848, "variance": 4.930380657631324e-32}, "runtime_gamelength_9": {"mean": 48.52315742969513, "variance": 0.09564034121461928}, "max_timestep": {"mean": 9.0, "variance": 0.0}, "winner": {"mean": [0.0, 0.0], "variance": [0.0, 0.0]}, "runtime": {"mean": 48.523425459861755, "variance": 0.09564196915921741}, "T_terminal": {"mean": 1.0, "variance": 0.0}, "trajectory_0": {"mean": [[1.0, 3.0, 0.0, 0.0], [2.8, 3.0, -0.3141592653589793, 1.0]], "variance": [[0.0, 0.0, 0.0, 0.0], [0.15999999999999998, 0.0, 0.8882643960980424, 0.0]]}, "trajectory_1": {"mean": [[3.0, 3.0, 0.0, 0.0], [5.0, 3.0, 0.0, 1.0]], "variance": [[0.0, 0.0, 0.0, 0.0], [0.0, 0.0, 0.0, 0.0]]}, "coll_payoff_0": {"mean": [1.0], "variance": [0.0]}, "lead_payoff_0": {"mean": [0.45], "variance": [0.010000000000000004]}, "coll_payoff_1": {"mean": [1.0], "variance": [0.0]}, "lead_payoff_1": {"mean": [0.55], "variance": [0.009999999999999998]}, "payoff_total": {"mean": [[0.5244252872810009, 0.6422413792162212]], "variance": [[0.0006688466109973218, 0.0006688466109973264]]}, "final_lead_payoff_0": {"mean": [0.4241379310344827], "variance": [0.000190249702734839]}, "final_lead_payoff_1": {"mean": [0.5758620689655173], "variance": [0.000190249702734839]}}