{"2": {"0": {"[1.0, -1.5707963267948966]": {"num_count": 117, "sum_payoffs": 27.010190552444453, "action": [1.0, -1.5707963267948966]}, "[2.0, 1.5707963267948966]": {"num_count": 128, "sum_payoffs": 31.34693522284262, "action": [2.0, 1.5707963267948966]}, "[1.0, 1.5707963267948966]": {"num_count": 117, "sum_payoffs": 26.86526301622946, "action": [1.0, 1.5707963267948966]}, "[0.0, 0.0]": {"num_count": 121, "sum_payoffs": 28.537144466555276, "action": [0.0, 0.0]}, "[1.0, 0.0]": {"num_count": 132, "sum_payoffs": 33.07208713939139, "action": [1.0, 0.0]}, "[2.0, -1.5707963267948966]": {"num_count": 128, "sum_payoffs": 31.381700448919442, "action": [2.0, -1.5707963267948966]}, "[0.0, -1.5707963267948966]": {"num_count": 107, "sum_payoffs": 22.884644630434014, "action": [0.0, -1.5707963267948966]}, "[2.0, 0.0]": {"num_count": 143, "sum_payoffs": 37.691697623204014, "action": [2.0, 0.0]}, "[0.0, 1.5707963267948966]": {"num_count": 107, "sum_payoffs": 22.89051126234173, "action": [0.0, 1.5707963267948966]}}, "1": {"[1.0, -1.5707963267948966]": {"num_count": 192, "sum_payoffs": 55.35569171020795, "action": [1.0, -1.5707963267948966]}, "[1.0, 1.5707963267948966]": {"num_count": 193, "sum_payoffs": 55.67140341951083, "action": [1.0, 1.5707963267948966]}, "[0.0, -1.5707963267948966]": {"num_count": 164, "sum_payoffs": 43.63665992368205, "action": [0.0, -1.5707963267948966]}, "[0.0, 0.0]": {"num_count": 180, "sum_payoffs": 50.21337156679287, "action": [0.0, 0.0]}, "[1.0, 0.0]": {"num_count": 205, "sum_payoffs": 60.85457270359505, "action": [1.0, 0.0]}, "[0.0, 1.5707963267948966]": {"num_count": 166, "sum_payoffs": 44.3841122843336, "action": [0.0, 1.5707963267948966]}}}}