{"runtime": 0.7003321647644043, "winner": [1, 0], "T_terminal": 12, "trajectories": [[1.0, 3.0, 0.0, 3.0, 3.0, 0.0, 0.0], [3.0, 3.0, 4.71238898038469, 3.0, 3.0, 1.5707963267948966, 1.0], [3.0, 2.0, 3.141592653589793, 3.0, 4.0, 3.141592653589793, 2.0], [2.0, 2.0, 4.71238898038469, 3.0, 4.0, 3.141592653589793, 3.0], [1.9999999999999998, 1.0, 0.0, 2.0, 4.0, 1.5707963267948966, 4.0], [3.0, 1.0, 0.0, 2.0, 5.0, 1.5707963267948966, 5.0], [5.0, 1.0, 4.71238898038469, 2.0, 5.0, 1.5707963267948966, 6.0], [5.0, 1.0, 0.0, 2.0, 5.0, 1.5707963267948966, 7.0], [5.0, 1.0, 1.5707963267948966, 2.0, 5.0, 0.0, 8.0], [5.0, 1.0, 3.141592653589793, 3.0, 5.0, 0.0, 9.0], [5.0, 1.0, 3.141592653589793, 3.0, 5.0, 1.5707963267948966, 10.0], [5.0, 1.0, 3.141592653589793, 3.0, 5.0, 0.0, 11.0], [4.0, 1.0000000000000002, 1.5707963267948966, 3.0, 5.0, 0.0, 12.0]], "penalty_distance_0": [-0.7, -0.09473469826562889, -0.07481454796227002, -0.03485094785750476, -0.011335900323413793, -0.004716562899359827, -0.004716562899359827, -0.004716562899359827, -0.007996023695426858, -0.007996023695426858, -0.007996023695426858, -0.011335900323413793], "penalty_distance_1": [-0.7, -0.09473469826562889, -0.07481454796227002, -0.03485094785750476, -0.011335900323413793, -0.004716562899359827, -0.004716562899359827, -0.004716562899359827, -0.007996023695426858, -0.007996023695426858, -0.007996023695426858, -0.011335900323413793], "reward_progress_0": [0.0, 0.0, -0.0, -0.0, 0.0, 0.0, 0.0, 0.0, 0.0, 0.0, 0.0, -0.0], "reward_progress_1": [0.0, 0.0, 0.0, -0.0, 0.0, 0.0, 0.0, 0.0, 0.0, 0.0, 0.0, 0.0], "penalty_agressor_0": [0.0, 0.0, 0.0, 0.0, 0.0, 0.0, 0.0, 0.0, 0.0, 0.0, 0.0, 0.0], "penalty_agressor_1": [0.0, 0.0, 0.0, 0.0, 0.0, 0.0, 0.0, 0.0, 0.0, 0.0, 0.0, 0.0], "penalty_timestep_0": [-1.2000000000000002], "penalty_timestep_1": [-1.2000000000000002], "reward_lead_0": [1.0], "reward_lead_1": [-1.0], "payoff_total0": [-0.7, -0.7947346982656288, -0.8695492462278989, -0.9044001940854036, -0.9157360944088174, -0.9204526573081773, -0.9251692202075371, -0.929885783106897, -0.9378818068023238, -0.9458778304977506, -0.9538738541931775, -0.9652097545165913, -1.1652097545165914], "payoff_total1": [-0.7, -0.7947346982656288, -0.8695492462278989, -0.9044001940854036, -0.9157360944088174, -0.9204526573081773, -0.9251692202075371, -0.929885783106897, -0.9378818068023238, -0.9458778304977506, -0.9538738541931775, -0.9652097545165913, -3.1652097545165914]}