{"2": {"0": {"[1.0, 0]": {"num_count": 3881, "sum_payoffs": 1080.9019537041656, "action": [1.0, 0]}, "[0.0, 0]": {"num_count": 219, "sum_payoffs": 43.83562499013695, "action": [0.0, 0]}}, "1": {"[1.0, 0]": {"num_count": 3824, "sum_payoffs": 1065.1120162077118, "action": [1.0, 0]}, "[0.0, 0]": {"num_count": 276, "sum_payoffs": 57.43856248707636, "action": [0.0, 0]}}}, "1": {"0": {"[1.0, 0]": {"num_count": 3867, "sum_payoffs": 1183.2524997338244, "action": [1.0, 0]}, "[0.0, 0]": {"num_count": 233, "sum_payoffs": 62.94937498583614, "action": [0.0, 0]}}, "1": {"[0.0, 0]": {"num_count": 223, "sum_payoffs": 59.00062498672466, "action": [0.0, 0]}, "[1.0, 0]": {"num_count": 3877, "sum_payoffs": 1186.8974997330038, "action": [1.0, 0]}}}}