{"2": {"0": {"[0.0, 0]": {"num_count": 676, "sum_payoffs": 103.11187498109572, "action": [0.0, 0]}, "[1.0, 0]": {"num_count": 1424, "sum_payoffs": 283.9055328426864, "action": [1.0, 0]}}, "1": {"[1.0, 0]": {"num_count": 1425, "sum_payoffs": 285.8540328423292, "action": [1.0, 0]}, "[0.0, 0]": {"num_count": 675, "sum_payoffs": 103.71487498098517, "action": [0.0, 0]}}}, "1": {"0": {"[0.0, 0]": {"num_count": 806, "sum_payoffs": 149.2874999726314, "action": [0.0, 0]}, "[1.0, 0]": {"num_count": 1294, "sum_payoffs": 277.31249994915606, "action": [1.0, 0]}}, "1": {"[0.0, 0]": {"num_count": 808, "sum_payoffs": 149.89499997252, "action": [0.0, 0]}, "[1.0, 0]": {"num_count": 1292, "sum_payoffs": 276.9074999492303, "action": [1.0, 0]}}}}