{"2": {"0": {"[1.0, 0]": {"num_count": 676, "sum_payoffs": 95.92421050073479, "action": [1.0, 0]}, "[0.0, 0]": {"num_count": 424, "sum_payoffs": 44.08203946192867, "action": [0.0, 0]}}, "1": {"[1.0, 0]": {"num_count": 675, "sum_payoffs": 96.10646050068615, "action": [1.0, 0]}, "[0.0, 0]": {"num_count": 425, "sum_payoffs": 44.50728946181525, "action": [0.0, 0]}}}, "1": {"0": {"[0.0, 0]": {"num_count": 478, "sum_payoffs": 59.527499984125974, "action": [0.0, 0]}, "[1.0, 0]": {"num_count": 622, "sum_payoffs": 90.63749997582933, "action": [1.0, 0]}}, "1": {"[0.0, 0]": {"num_count": 478, "sum_payoffs": 59.662499984089976, "action": [0.0, 0]}, "[1.0, 0]": {"num_count": 622, "sum_payoffs": 90.77249997579332, "action": [1.0, 0]}}}}