{"2": {"0": {"[0.0, 0]": {"num_count": 1097, "sum_payoffs": 201.73322364386587, "action": [0.0, 0]}, "[1.0, 0]": {"num_count": 3003, "sum_payoffs": 698.7059761760189, "action": [1.0, 0]}}, "1": {"[1.0, 0]": {"num_count": 2984, "sum_payoffs": 695.5348261766536, "action": [1.0, 0]}, "[0.0, 0]": {"num_count": 1116, "sum_payoffs": 207.0913736427945, "action": [0.0, 0]}}}, "1": {"0": {"[0.0, 0]": {"num_count": 1692, "sum_payoffs": 395.4779999208962, "action": [0.0, 0]}, "[1.0, 0]": {"num_count": 2408, "sum_payoffs": 601.6589998796553, "action": [1.0, 0]}}, "1": {"[0.0, 0]": {"num_count": 1693, "sum_payoffs": 395.963999920799, "action": [0.0, 0]}, "[1.0, 0]": {"num_count": 2407, "sum_payoffs": 601.6589998796553, "action": [1.0, 0]}}}}