{"2": {"0": {"[2.0, 1.5707963267948966]": {"num_count": 66, "sum_payoffs": 15.734632681082832, "action": [2.0, 1.5707963267948966]}, "[1.0, -1.5707963267948966]": {"num_count": 65, "sum_payoffs": 15.17284835597314, "action": [1.0, -1.5707963267948966]}, "[2.0, -1.5707963267948966]": {"num_count": 66, "sum_payoffs": 15.749081978167384, "action": [2.0, -1.5707963267948966]}, "[1.0, 0.0]": {"num_count": 71, "sum_payoffs": 18.09921126101817, "action": [1.0, 0.0]}, "[0.0, -1.5707963267948966]": {"num_count": 61, "sum_payoffs": 13.344740670986406, "action": [0.0, -1.5707963267948966]}, "[2.0, 0.0]": {"num_count": 76, "sum_payoffs": 20.351509024784256, "action": [2.0, 0.0]}, "[1.0, 1.5707963267948966]": {"num_count": 65, "sum_payoffs": 15.245312124080623, "action": [1.0, 1.5707963267948966]}, "[0.0, 1.5707963267948966]": {"num_count": 61, "sum_payoffs": 13.53888273036275, "action": [0.0, 1.5707963267948966]}, "[0.0, 0.0]": {"num_count": 69, "sum_payoffs": 16.973741387452407, "action": [0.0, 0.0]}}, "1": {"[1.0, 1.5707963267948966]": {"num_count": 66, "sum_payoffs": 20.20218151463849, "action": [1.0, 1.5707963267948966]}, "[1.0, -1.5707963267948966]": {"num_count": 63, "sum_payoffs": 18.87241161720026, "action": [1.0, -1.5707963267948966]}, "[2.0, 1.5707963267948966]": {"num_count": 68, "sum_payoffs": 21.50587749251911, "action": [2.0, 1.5707963267948966]}, "[0.0, -1.5707963267948966]": {"num_count": 58, "sum_payoffs": 16.0649023288126, "action": [0.0, -1.5707963267948966]}, "[1.0, 0.0]": {"num_count": 72, "sum_payoffs": 23.429915473244176, "action": [1.0, 0.0]}, "[2.0, 0.0]": {"num_count": 79, "sum_payoffs": 27.42949177139737, "action": [2.0, 0.0]}, "[0.0, 0.0]": {"num_count": 67, "sum_payoffs": 20.80649892107908, "action": [0.0, 0.0]}, "[0.0, 1.5707963267948966]": {"num_count": 59, "sum_payoffs": 16.615387955476315, "action": [0.0, 1.5707963267948966]}, "[2.0, -1.5707963267948966]": {"num_count": 68, "sum_payoffs": 21.369749904165705, "action": [2.0, -1.5707963267948966]}}}}