{"2": {"0": {"[1.0, 0]": {"num_count": 489, "sum_payoffs": 94.73399997868516, "action": [1.0, 0]}, "[0.0, 0]": {"num_count": 111, "sum_payoffs": 16.9678421014454, "action": [0.0, 0]}}, "1": {"[0.0, 0]": {"num_count": 87, "sum_payoffs": 14.841059207187095, "action": [0.0, 0]}, "[1.0, 0]": {"num_count": 513, "sum_payoffs": 104.15078287130346, "action": [1.0, 0]}}}, "1": {"0": {"[1.0, 0]": {"num_count": 504, "sum_payoffs": 107.61749997578707, "action": [1.0, 0]}, "[0.0, 0]": {"num_count": 96, "sum_payoffs": 16.852499996208174, "action": [0.0, 0]}}, "1": {"[0.0, 0]": {"num_count": 118, "sum_payoffs": 18.978749995729768, "action": [0.0, 0]}, "[1.0, 0]": {"num_count": 482, "sum_payoffs": 102.25124997699439, "action": [1.0, 0]}}}}