{"2": {"0": {"[0.0, -1.5707963267948966]": {"num_count": 150, "sum_payoffs": 29.933511500193276, "action": [0.0, -1.5707963267948966]}, "[1.0, 0.0]": {"num_count": 195, "sum_payoffs": 46.54303282376183, "action": [1.0, 0.0]}, "[1.0, -1.5707963267948966]": {"num_count": 169, "sum_payoffs": 36.75618711776857, "action": [1.0, -1.5707963267948966]}, "[1.0, 1.5707963267948966]": {"num_count": 167, "sum_payoffs": 35.994285460032444, "action": [1.0, 1.5707963267948966]}, "[2.0, 1.5707963267948966]": {"num_count": 187, "sum_payoffs": 43.50335700994004, "action": [2.0, 1.5707963267948966]}, "[0.0, 0.0]": {"num_count": 173, "sum_payoffs": 38.26157572759487, "action": [0.0, 0.0]}, "[2.0, 0.0]": {"num_count": 221, "sum_payoffs": 56.32189339181642, "action": [2.0, 0.0]}, "[0.0, 1.5707963267948966]": {"num_count": 152, "sum_payoffs": 30.733111699960048, "action": [0.0, 1.5707963267948966]}, "[2.0, -1.5707963267948966]": {"num_count": 186, "sum_payoffs": 43.12963082961427, "action": [2.0, -1.5707963267948966]}}, "1": {"[2.0, -1.5707963267948966]": {"num_count": 187, "sum_payoffs": 56.52021814243894, "action": [2.0, -1.5707963267948966]}, "[1.0, 1.5707963267948966]": {"num_count": 172, "sum_payoffs": 49.77880624083268, "action": [1.0, 1.5707963267948966]}, "[0.0, -1.5707963267948966]": {"num_count": 147, "sum_payoffs": 39.15770375033804, "action": [0.0, -1.5707963267948966]}, "[0.0, 1.5707963267948966]": {"num_count": 149, "sum_payoffs": 39.94872128492796, "action": [0.0, 1.5707963267948966]}, "[1.0, 0.0]": {"num_count": 198, "sum_payoffs": 61.38642634192814, "action": [1.0, 0.0]}, "[2.0, 0.0]": {"num_count": 223, "sum_payoffs": 72.63286833643586, "action": [2.0, 0.0]}, "[0.0, 0.0]": {"num_count": 170, "sum_payoffs": 49.04602045995036, "action": [0.0, 0.0]}, "[2.0, 1.5707963267948966]": {"num_count": 188, "sum_payoffs": 56.92284291693381, "action": [2.0, 1.5707963267948966]}, "[1.0, -1.5707963267948966]": {"num_count": 166, "sum_payoffs": 47.27549268061717, "action": [1.0, -1.5707963267948966]}}}}