{"3": {"0": {"[0.0, 0.0]": {"num_count": 12, "sum_payoffs": 4.590263153840652, "action": [0.0, 0.0]}, "[1.0, 1.5707963267948966]": {"num_count": 10, "sum_payoffs": 3.3924373662053515, "action": [1.0, 1.5707963267948966]}, "[1.0, -1.5707963267948966]": {"num_count": 12, "sum_payoffs": 4.822625907387885, "action": [1.0, -1.5707963267948966]}, "[0.0, -1.5707963267948966]": {"num_count": 11, "sum_payoffs": 4.223471271049777, "action": [0.0, -1.5707963267948966]}, "[2.0, -1.5707963267948966]": {"num_count": 11, "sum_payoffs": 3.953937070831384, "action": [2.0, -1.5707963267948966]}, "[2.0, 0.0]": {"num_count": 11, "sum_payoffs": 4.027085055959481, "action": [2.0, 0.0]}, "[2.0, 1.5707963267948966]": {"num_count": 11, "sum_payoffs": 4.235618741352153, "action": [2.0, 1.5707963267948966]}, "[1.0, 0.0]": {"num_count": 11, "sum_payoffs": 3.9714050370719427, "action": [1.0, 0.0]}, "[0.0, 1.5707963267948966]": {"num_count": 11, "sum_payoffs": 4.243617775218714, "action": [0.0, 1.5707963267948966]}}, "1": {"[0.0, 0.0]": {"num_count": 16, "sum_payoffs": 6.127427705360093, "action": [0.0, 0.0]}, "[1.0, -1.5707963267948966]": {"num_count": 16, "sum_payoffs": 6.197625823854512, "action": [1.0, -1.5707963267948966]}, "[1.0, 1.5707963267948966]": {"num_count": 18, "sum_payoffs": 7.516590907011599, "action": [1.0, 1.5707963267948966]}, "[1.0, 0.0]": {"num_count": 18, "sum_payoffs": 7.793887451617825, "action": [1.0, 0.0]}, "[0.0, -1.5707963267948966]": {"num_count": 17, "sum_payoffs": 6.736158560614428, "action": [0.0, -1.5707963267948966]}, "[0.0, 1.5707963267948966]": {"num_count": 15, "sum_payoffs": 5.4775456228634445, "action": [0.0, 1.5707963267948966]}}}}