{"2": {"0": {"[1.0, 0]": {"num_count": 1076, "sum_payoffs": 6.186315785761895, "action": [1.0, 0]}, "[0.0, 0]": {"num_count": 1024, "sum_payoffs": 5.423684207272105, "action": [0.0, 0]}}, "1": {"[1.0, 0]": {"num_count": 1098, "sum_payoffs": 6.186315785761895, "action": [1.0, 0]}, "[0.0, 0]": {"num_count": 1002, "sum_payoffs": 5.423684207272105, "action": [0.0, 0]}}}, "1": {"0": {"[1.0, 0]": {"num_count": 1087, "sum_payoffs": 1.79999999892, "action": [1.0, 0]}, "[0.0, 0]": {"num_count": 1013, "sum_payoffs": 0.89999999946, "action": [0.0, 0]}}, "1": {"[1.0, 0]": {"num_count": 1082, "sum_payoffs": 1.79999999892, "action": [1.0, 0]}, "[0.0, 0]": {"num_count": 1018, "sum_payoffs": 0.89999999946, "action": [0.0, 0]}}}}