{"2": {"0": {"[0.0, 0]": {"num_count": 416, "sum_payoffs": 127.57499996598021, "action": [0.0, 0]}, "[1.0, 0]": {"num_count": 1184, "sum_payoffs": 454.5314998787995, "action": [1.0, 0]}}, "1": {"[1.0, 0]": {"num_count": 1169, "sum_payoffs": 449.6107498801114, "action": [1.0, 0]}, "[0.0, 0]": {"num_count": 431, "sum_payoffs": 134.31824996418206, "action": [0.0, 0]}}}, "1": {"0": {"[1.0, 0]": {"num_count": 1025, "sum_payoffs": 429.5024998854765, "action": [1.0, 0]}, "[0.0, 0]": {"num_count": 575, "sum_payoffs": 217.68749994195008, "action": [0.0, 0]}}, "1": {"[0.0, 0]": {"num_count": 587, "sum_payoffs": 223.96499994027607, "action": [0.0, 0]}, "[1.0, 0]": {"num_count": 1013, "sum_payoffs": 424.84499988671814, "action": [1.0, 0]}}}}