{"11": {"0": {"[0.0, 0.0]": {"num_count": 391, "sum_payoffs": 85.74156277982419, "action": [0.0, 0.0]}, "[1.0, -1.5707963267948966]": {"num_count": 393, "sum_payoffs": 86.45189870960692, "action": [1.0, -1.5707963267948966]}, "[0.0, 1.5707963267948966]": {"num_count": 381, "sum_payoffs": 82.50063739692364, "action": [0.0, 1.5707963267948966]}, "[2.0, -1.5707963267948966]": {"num_count": 416, "sum_payoffs": 93.84843588685276, "action": [2.0, -1.5707963267948966]}, "[2.0, 1.5707963267948966]": {"num_count": 403, "sum_payoffs": 89.69252927742387, "action": [2.0, 1.5707963267948966]}, "[1.0, 0.0]": {"num_count": 415, "sum_payoffs": 93.48834258711778, "action": [1.0, 0.0]}, "[0.0, -1.5707963267948966]": {"num_count": 389, "sum_payoffs": 85.13327310775547, "action": [0.0, -1.5707963267948966]}, "[1.0, 1.5707963267948966]": {"num_count": 391, "sum_payoffs": 85.73864031361427, "action": [1.0, 1.5707963267948966]}, "[2.0, 0.0]": {"num_count": 421, "sum_payoffs": 95.49253467765016, "action": [2.0, 0.0]}}, "1": {"[2.0, 1.5707963267948966]": {"num_count": 430, "sum_payoffs": 118.93878208917087, "action": [2.0, 1.5707963267948966]}, "[2.0, -1.5707963267948966]": {"num_count": 410, "sum_payoffs": 111.46395989578792, "action": [2.0, -1.5707963267948966]}, "[1.0, -1.5707963267948966]": {"num_count": 390, "sum_payoffs": 104.07383633092198, "action": [1.0, -1.5707963267948966]}, "[0.0, 1.5707963267948966]": {"num_count": 366, "sum_payoffs": 95.23137207911687, "action": [0.0, 1.5707963267948966]}, "[2.0, 0.0]": {"num_count": 480, "sum_payoffs": 137.7265109132967, "action": [2.0, 0.0]}, "[0.0, -1.5707963267948966]": {"num_count": 348, "sum_payoffs": 88.62598685883027, "action": [0.0, -1.5707963267948966]}, "[1.0, 1.5707963267948966]": {"num_count": 366, "sum_payoffs": 95.18667470860431, "action": [1.0, 1.5707963267948966]}, "[1.0, 0.0]": {"num_count": 435, "sum_payoffs": 120.77513078631509, "action": [1.0, 0.0]}, "[0.0, 0.0]": {"num_count": 375, "sum_payoffs": 98.45179916958557, "action": [0.0, 0.0]}}}}