{"2": {"0": {"[1.0, 0]": {"num_count": 3311, "sum_payoffs": 704.4661352175484, "action": [1.0, 0]}, "[0.0, 0]": {"num_count": 289, "sum_payoffs": 49.26728570584003, "action": [0.0, 0]}}, "1": {"[1.0, 0]": {"num_count": 3329, "sum_payoffs": 708.3927066454462, "action": [1.0, 0]}, "[0.0, 0]": {"num_count": 271, "sum_payoffs": 46.38214284919176, "action": [0.0, 0]}}}, "1": {"0": {"[0.0, 0]": {"num_count": 238, "sum_payoffs": 47.018571420510945, "action": [0.0, 0]}, "[1.0, 0]": {"num_count": 3362, "sum_payoffs": 786.0085712937766, "action": [1.0, 0]}}, "1": {"[1.0, 0]": {"num_count": 3310, "sum_payoffs": 775.0157141528069, "action": [1.0, 0]}, "[0.0, 0]": {"num_count": 290, "sum_payoffs": 60.5571428467614, "action": [0.0, 0]}}}}