{"2": {"0": {"[0.0, 0]": {"num_count": 110, "sum_payoffs": 27.337499990431834, "action": [0.0, 0]}, "[1.0, 0]": {"num_count": 1490, "sum_payoffs": 555.6802498055081, "action": [1.0, 0]}}, "1": {"[0.0, 0]": {"num_count": 98, "sum_payoffs": 22.78124999202654, "action": [0.0, 0]}, "[1.0, 0]": {"num_count": 1502, "sum_payoffs": 560.6009998037861, "action": [1.0, 0]}}}, "1": {"0": {"[1.0, 0]": {"num_count": 1508, "sum_payoffs": 617.4224997839012, "action": [1.0, 0]}, "[0.0, 0]": {"num_count": 92, "sum_payoffs": 28.957499989864885, "action": [0.0, 0]}}, "1": {"[0.0, 0]": {"num_count": 105, "sum_payoffs": 35.639999987526004, "action": [0.0, 0]}, "[1.0, 0]": {"num_count": 1495, "sum_payoffs": 613.9799997851063, "action": [1.0, 0]}}}}