{"2": {"0": {"[0.0, 0]": {"num_count": 268, "sum_payoffs": 80.91899998179302, "action": [0.0, 0]}, "[1.0, 0]": {"num_count": 3832, "sum_payoffs": 1414.624499681717, "action": [1.0, 0]}}, "1": {"[1.0, 0]": {"num_count": 3848, "sum_payoffs": 1420.6387496803652, "action": [1.0, 0]}, "[0.0, 0]": {"num_count": 252, "sum_payoffs": 72.71774998363846, "action": [0.0, 0]}}}, "1": {"0": {"[0.0, 0]": {"num_count": 272, "sum_payoffs": 104.48999997649025, "action": [0.0, 0]}, "[1.0, 0]": {"num_count": 3828, "sum_payoffs": 1560.0599996489157, "action": [1.0, 0]}}, "1": {"[1.0, 0]": {"num_count": 3874, "sum_payoffs": 1575.6524996454039, "action": [1.0, 0]}, "[0.0, 0]": {"num_count": 226, "sum_payoffs": 80.79749998182075, "action": [0.0, 0]}}}}