{"9": {"0": {"[1.0, 1.5707963267948966]": {"num_count": 291, "sum_payoffs": 78.83253397460095, "action": [1.0, 1.5707963267948966]}, "[0.0, 0.0]": {"num_count": 282, "sum_payoffs": 75.3164723896819, "action": [0.0, 0.0]}, "[2.0, -1.5707963267948966]": {"num_count": 300, "sum_payoffs": 82.26331359972014, "action": [2.0, -1.5707963267948966]}, "[1.0, -1.5707963267948966]": {"num_count": 290, "sum_payoffs": 78.39350389291887, "action": [1.0, -1.5707963267948966]}, "[1.0, 0.0]": {"num_count": 289, "sum_payoffs": 78.02762075375303, "action": [1.0, 0.0]}, "[0.0, 1.5707963267948966]": {"num_count": 275, "sum_payoffs": 72.67719763742674, "action": [0.0, 1.5707963267948966]}, "[2.0, 0.0]": {"num_count": 295, "sum_payoffs": 80.27611047987739, "action": [2.0, 0.0]}, "[2.0, 1.5707963267948966]": {"num_count": 298, "sum_payoffs": 81.550582454478, "action": [2.0, 1.5707963267948966]}, "[0.0, -1.5707963267948966]": {"num_count": 280, "sum_payoffs": 74.60673092643823, "action": [0.0, -1.5707963267948966]}}, "1": {"[1.0, 1.5707963267948966]": {"num_count": 446, "sum_payoffs": 114.0029358498257, "action": [1.0, 1.5707963267948966]}, "[0.0, -1.5707963267948966]": {"num_count": 412, "sum_payoffs": 102.17842508118665, "action": [0.0, -1.5707963267948966]}, "[1.0, 0.0]": {"num_count": 464, "sum_payoffs": 120.34841686660955, "action": [1.0, 0.0]}, "[1.0, -1.5707963267948966]": {"num_count": 452, "sum_payoffs": 116.13438643028618, "action": [1.0, -1.5707963267948966]}, "[0.0, 1.5707963267948966]": {"num_count": 407, "sum_payoffs": 100.4822235582909, "action": [0.0, 1.5707963267948966]}, "[0.0, 0.0]": {"num_count": 419, "sum_payoffs": 104.51146277148915, "action": [0.0, 0.0]}}}}