{"2": {"0": {"[0.0, 0]": {"num_count": 222, "sum_payoffs": 23.704499995654167, "action": [0.0, 0]}, "[1.0, 0]": {"num_count": 1378, "sum_payoffs": 177.44396049378184, "action": [1.0, 0]}}, "1": {"[0.0, 0]": {"num_count": 222, "sum_payoffs": 25.89149999525321, "action": [0.0, 0]}, "[1.0, 0]": {"num_count": 1378, "sum_payoffs": 178.05146049367042, "action": [1.0, 0]}}}, "1": {"0": {"[0.0, 0]": {"num_count": 167, "sum_payoffs": 19.09499999649923, "action": [0.0, 0]}, "[1.0, 0]": {"num_count": 1433, "sum_payoffs": 200.18999996330552, "action": [1.0, 0]}}, "1": {"[1.0, 0]": {"num_count": 1407, "sum_payoffs": 195.05999996424552, "action": [1.0, 0]}, "[0.0, 0]": {"num_count": 193, "sum_payoffs": 21.254999996103226, "action": [0.0, 0]}}}}