{"runtime": 0.762237548828125, "winner": [0, 1], "T_terminal": 12, "trajectories": [[1.0, 3.0, 0.0, 3.0, 3.0, 0.0, 0.0], [2.0, 3.0, 1.5707963267948966, 3.0, 3.0, 1.5707963267948966, 1.0], [2.0, 5.0, 3.141592653589793, 3.0, 4.0, 0.0, 2.0], [2.0, 5.0, 3.141592653589793, 3.0, 4.0, 0.0, 3.0], [2.0, 5.0, 3.141592653589793, 3.0, 4.0, 4.71238898038469, 4.0], [2.0, 5.0, 1.5707963267948966, 3.0, 3.0, 3.141592653589793, 5.0], [2.0, 5.0, 1.5707963267948966, 3.0, 3.0, 1.5707963267948966, 6.0], [2.0, 5.0, 1.5707963267948966, 3.0, 3.0, 0.0, 7.0], [2.0, 5.0, 1.5707963267948966, 4.0, 3.0, 0.0, 8.0], [2.0, 5.0, 0.0, 5.0, 3.0, 0.0, 9.0], [3.0, 5.0, 0.0, 5.0, 3.0, 1.5707963267948966, 10.0], [4.0, 5.0, 1.5707963267948966, 5.0, 4.0, 1.5707963267948966, 11.0], [4.0, 5.0, 0.0, 5.0, 5.0, 3.141592653589793, 12.0], [2.0, 3.0, 1.5707963267948966, 3.0, 3.0, 1.5707963267948966, 1.0], [2.0, 5.0, 3.141592653589793, 3.0, 4.0, 0.0, 2.0], [2.0, 5.0, 3.141592653589793, 3.0, 4.0, 0.0, 3.0], [2.0, 5.0, 3.141592653589793, 3.0, 4.0, 4.71238898038469, 4.0], [2.0, 5.0, 1.5707963267948966, 3.0, 3.0, 3.141592653589793, 5.0], [2.0, 5.0, 1.5707963267948966, 3.0, 3.0, 1.5707963267948966, 6.0], [2.0, 5.0, 1.5707963267948966, 3.0, 3.0, 0.0, 7.0], [2.0, 5.0, 1.5707963267948966, 4.0, 3.0, 0.0, 8.0], [2.0, 5.0, 0.0, 5.0, 3.0, 0.0, 9.0], [3.0, 5.0, 0.0, 5.0, 3.0, 1.5707963267948966, 10.0], [4.0, 5.0, 1.5707963267948966, 5.0, 4.0, 1.5707963267948966, 11.0], [4.0, 5.0, 0.0, 5.0, 4.0, 0.0, 12.0], [2.0, 3.0, 1.5707963267948966, 3.0, 3.0, 1.5707963267948966, 1.0], [2.0, 5.0, 3.141592653589793, 3.0, 4.0, 0.0, 2.0], [2.0, 5.0, 3.141592653589793, 3.0, 4.0, 0.0, 3.0], [2.0, 5.0, 3.141592653589793, 3.0, 4.0, 4.71238898038469, 4.0], [2.0, 5.0, 1.5707963267948966, 3.0, 3.0, 3.141592653589793, 5.0], [2.0, 5.0, 1.5707963267948966, 3.0, 3.0, 1.5707963267948966, 6.0], [2.0, 5.0, 1.5707963267948966, 3.0, 3.0, 0.0, 7.0], [2.0, 5.0, 1.5707963267948966, 4.0, 3.0, 0.0, 8.0], [2.0, 5.0, 0.0, 5.0, 3.0, 0.0, 9.0], [3.0, 5.0, 0.0, 5.0, 3.0, 1.5707963267948966, 10.0], [4.0, 5.0, 1.5707963267948966, 5.0, 4.0, 1.5707963267948966, 11.0], [4.0, 5.0, 0.0, 5.0, 4.0, 0.0, 12.0]], "penalty_distance_0": [-0.2943035529371539, -0.19449338754737136, -0.19449338754737136, -0.19449338754737136, -0.0855023405283086, -0.0855023405283086, -0.0855023405283086, -0.047284597249564984, -0.02173796893778845, -0.047284597249564984, -0.19449338754737136, -0.2943035529371539, -0.2943035529371539, -0.19449338754737136, -0.19449338754737136, -0.19449338754737136, -0.0855023405283086, -0.0855023405283086, -0.0855023405283086, -0.047284597249564984, -0.02173796893778845, -0.047284597249564984, -0.19449338754737136, -0.19449338754737136, -0.2943035529371539, -0.19449338754737136, -0.19449338754737136, -0.19449338754737136, -0.0855023405283086, -0.0855023405283086, -0.0855023405283086, -0.047284597249564984, -0.02173796893778845, -0.047284597249564984, -0.19449338754737136, -0.19449338754737136], "penalty_distance_1": [-0.2943035529371539, -0.19449338754737136, -0.19449338754737136, -0.19449338754737136, -0.0855023405283086, -0.0855023405283086, -0.0855023405283086, -0.047284597249564984, -0.02173796893778845, -0.047284597249564984, -0.19449338754737136, -0.2943035529371539, -0.2943035529371539, -0.19449338754737136, -0.19449338754737136, -0.19449338754737136, -0.0855023405283086, -0.0855023405283086, -0.0855023405283086, -0.047284597249564984, -0.02173796893778845, -0.047284597249564984, -0.19449338754737136, -0.19449338754737136, -0.2943035529371539, -0.19449338754737136, -0.19449338754737136, -0.19449338754737136, -0.0855023405283086, -0.0855023405283086, -0.0855023405283086, -0.047284597249564984, -0.02173796893778845, -0.047284597249564984, -0.19449338754737136, -0.19449338754737136], "reward_progress_0": [0.0, 0.0, 0.0, 0.0, 0.0, 0.0, 0.0, 0.0, 0.0, 0.0, 0.0, 0.0, 0.0, 0.0, 0.0, 0.0, 0.0, 0.0, 0.0, 0.0, 0.0, 0.0, 0.0, 0.0, 0.0, 0.0, 0.0, 0.0, 0.0, 0.0, 0.0, 0.0, 0.0, 0.0, 0.0, 0.0], "reward_progress_1": [0.0, 0.0, 0.0, 0.0, 0.0, 0.0, 0.0, 0.0, 0.0, 0.0, 0.0, 0.0, 0.0, 0.0, 0.0, 0.0, 0.0, 0.0, 0.0, 0.0, 0.0, 0.0, 0.0, 0.0, 0.0, 0.0, 0.0, 0.0, 0.0, 0.0, 0.0, 0.0, 0.0, 0.0, 0.0, 0.0], "penalty_agressor_0": [0.0, 0.0, 0.0, 0.0, 0.0, 0.0, 0.0, 0.0, 0.0, 0.0, 0.0, 0.0, 0.0, 0.0, 0.0, 0.0, 0.0, 0.0, 0.0, 0.0, 0.0, 0.0, 0.0, 0.0, 0.0, 0.0, 0.0, 0.0, 0.0, 0.0, 0.0, 0.0, 0.0, 0.0, 0.0, 0.0], "penalty_agressor_1": [0.0, 0.0, 0.0, 0.0, 0.0, 0.0, 0.0, 0.0, 0.0, 0.0, 0.0, 0.0, 0.0, 0.0, 0.0, 0.0, 0.0, 0.0, 0.0, 0.0, 0.0, 0.0, 0.0, 0.0, 0.0, 0.0, 0.0, 0.0, 0.0, 0.0, 0.0, 0.0, 0.0, 0.0, 0.0, 0.0], "penalty_timestep_0": [0.0, 0.0, 0.0], "penalty_timestep_1": [0.0, 0.0, 0.0], "reward_lead_0": [-1.0, -1.0, -1.0], "reward_lead_1": [1.0, 1.0, 1.0], "payoff_total0": [-0.2943035529371539, -0.48879694048452527, -0.6832903280318966, -0.8777837155792679, -0.9632860561075766, -1.048788396635885, -1.1342907371641937, -1.1815753344137587, -1.203313303351547, -1.250597900601112, -1.4450912881484834, -1.7393948410856372, -2.7393948410856375, -3.033698394022791, -3.2281917815701626, -3.422685169117534, -3.6171785566649057, -3.7026808971932144, -3.788183237721523, -3.8736855782498316, -3.9209701754993964, -3.942708144437185, -3.9899927416867498, -4.184486129234122, -4.378979516781493, -5.378979516781493, -5.6732830697186465, -5.867776457266018, -6.06226984481339, -6.256763232360761, -6.34226557288907, -6.427767913417378, -6.513270253945687, -6.560554851195252, -6.58229282013304, -6.629577417382605, -6.824070804929977, -7.018564192477348, -8.01856419247735], "payoff_total1": [-0.2943035529371539, -0.48879694048452527, -0.6832903280318966, -0.8777837155792679, -0.9632860561075766, -1.048788396635885, -1.1342907371641937, -1.1815753344137587, -1.203313303351547, -1.250597900601112, -1.4450912881484834, -1.7393948410856372, -0.7393948410856372, -1.033698394022791, -1.2281917815701626, -1.4226851691175342, -1.6171785566649057, -1.7026808971932144, -1.788183237721523, -1.8736855782498316, -1.9209701754993964, -1.942708144437185, -1.9899927416867498, -2.1844861292341213, -2.378979516781493, -1.3789795167814929, -1.673283069718647, -1.8677764572660185, -2.0622698448133896, -2.256763232360761, -2.34226557288907, -2.4277679134173784, -2.513270253945687, -2.560554851195252, -2.5822928201330404, -2.629577417382605, -2.8240708049299768, -3.0185641924773483, -2.0185641924773483]}