{"2": {"0": {"[0.0, 0]": {"num_count": 1413, "sum_payoffs": 4.1399999990685, "action": [0.0, 0]}, "[1.0, 0]": {"num_count": 1687, "sum_payoffs": 6.186315788081763, "action": [1.0, 0]}}, "1": {"[1.0, 0]": {"num_count": 1710, "sum_payoffs": 6.186315788081763, "action": [1.0, 0]}, "[0.0, 0]": {"num_count": 1390, "sum_payoffs": 4.1399999990685, "action": [0.0, 0]}}}, "1": {"0": {"[0.0, 0]": {"num_count": 1506, "sum_payoffs": 0.8999999997975, "action": [0.0, 0]}, "[1.0, 0]": {"num_count": 1594, "sum_payoffs": 1.799999999595, "action": [1.0, 0]}}, "1": {"[0.0, 0]": {"num_count": 1469, "sum_payoffs": 0.8999999997975, "action": [0.0, 0]}, "[1.0, 0]": {"num_count": 1631, "sum_payoffs": 1.799999999595, "action": [1.0, 0]}}}}