{"alphat_eff_gamelength_2": [1.0, 1.0, 1.0, 1.0, 1.0, 1.0, 1.0, 1.0, 1.0, 1.0], "runtime_gamelength_2": [0.12130522727966309, 0.1367943286895752, 0.12425661087036133, 0.15768671035766602, 0.14174389839172363, 0.1374340057373047, 0.12452983856201172, 0.15027093887329102, 0.126356840133667, 0.1279313564300537], "max_timestep": [1, 1, 1, 1, 1, 1, 1, 1, 1, 1], "alphat_eff_gamelength_1": [0.5, 0.5, 1.0, 1.0, 1.0, 0.5, 1.0, 0.5, 1.0, 1.0], "runtime_gamelength_1": [0.08179402351379395, 0.07811260223388672, 0.0808873176574707, 0.07559537887573242, 0.07784008979797363, 0.0818934440612793, 0.0817112922668457, 0.07581353187561035, 0.07683777809143066, 0.0921781063079834], "winner": [[0, 0], [0, 1], [0, 0], [0, 0], [0, 0], [1, 0], [0, 0], [0, 1], [0, 0], [0, 0]], "runtime": [0.20333456993103027, 0.21515822410583496, 0.20534944534301758, 0.2335360050201416, 0.21991539001464844, 0.21954727172851562, 0.20650982856750488, 0.22629761695861816, 0.2034146785736084, 0.2204275131225586], "T_terminal": [2, 2, 2, 2, 2, 2, 2, 2, 2, 2], "trajectory_0": [[[1.0, 0.0, 1.5707963267948966, 0], [1.0, 0.0, 1.5707963267948966, 1], [1.0, 0.0, 1.5707963267948966, 2]], [[1.0, 0.0, 1.5707963267948966, 0], [1.0, 0.0, 1.5707963267948966, 1], [1.0, 0.0, 1.5707963267948966, 2]], [[1.0, 0.0, 1.5707963267948966, 0], [1.0, 1.0, 1.5707963267948966, 1], [1.0, 2.0, 1.5707963267948966, 2]], [[1.0, 0.0, 1.5707963267948966, 0], [1.0, 1.0, 1.5707963267948966, 1], [1.0, 2.0, 1.5707963267948966, 2]], [[1.0, 0.0, 1.5707963267948966, 0], [1.0, 1.0, 1.5707963267948966, 1], [1.0, 2.0, 1.5707963267948966, 2]], [[1.0, 0.0, 1.5707963267948966, 0], [1.0, 1.0, 1.5707963267948966, 1], [1.0, 2.0, 1.5707963267948966, 2]], [[1.0, 0.0, 1.5707963267948966, 0], [1.0, 1.0, 1.5707963267948966, 1], [1.0, 2.0, 1.5707963267948966, 2]], [[1.0, 0.0, 1.5707963267948966, 0], [1.0, 0.0, 1.5707963267948966, 1], [1.0, 0.0, 1.5707963267948966, 2]], [[1.0, 0.0, 1.5707963267948966, 0], [1.0, 1.0, 1.5707963267948966, 1], [1.0, 2.0, 1.5707963267948966, 2]], [[1.0, 0.0, 1.5707963267948966, 0], [1.0, 1.0, 1.5707963267948966, 1], [1.0, 2.0, 1.5707963267948966, 2]]], "trajectory_1": [[[0.0, 1.0, 0.0, 0], [0.0, 1.0, 0.0, 1], [0.0, 1.0, 0.0, 2]], [[0.0, 1.0, 0.0, 0], [1.0, 1.0, 0.0, 1], [2.0, 1.0, 0.0, 2]], [[0.0, 1.0, 0.0, 0], [1.0, 1.0, 0.0, 1], [2.0, 1.0, 0.0, 2]], [[0.0, 1.0, 0.0, 0], [1.0, 1.0, 0.0, 1], [2.0, 1.0, 0.0, 2]], [[0.0, 1.0, 0.0, 0], [1.0, 1.0, 0.0, 1], [2.0, 1.0, 0.0, 2]], [[0.0, 1.0, 0.0, 0], [0.0, 1.0, 0.0, 1], [0.0, 1.0, 0.0, 2]], [[0.0, 1.0, 0.0, 0], [1.0, 1.0, 0.0, 1], [2.0, 1.0, 0.0, 2]], [[0.0, 1.0, 0.0, 0], [1.0, 1.0, 0.0, 1], [2.0, 1.0, 0.0, 2]], [[0.0, 1.0, 0.0, 0], [1.0, 1.0, 0.0, 1], [2.0, 1.0, 0.0, 2]], [[0.0, 1.0, 0.0, 0], [1.0, 1.0, 0.0, 1], [2.0, 1.0, 0.0, 2]]], "coll_payoff_0": [[1.0, 1.0], [1.0, 1.0], [0.0, 0.0], [0.0, 0.0], [0.0, 0.0], [1.0, 1.0], [0.0, 0.0], [1.0, 1.0], [0.0, 0.0], [0.0, 0.0]], "coll_payoff_1": [[1.0, 1.0], [1.0, 1.0], [0.0, 0.0], [0.0, 0.0], [0.0, 0.0], [1.0, 1.0], [0.0, 0.0], [1.0, 1.0], [0.0, 0.0], [0.0, 0.0]], "payoff_total": [[[0.9999999994, 0.9999999994], [1.0526315783157894, 1.0526315783157894]], [[0.9999999994, 0.9999999994], [1.0526315783157894, 1.0526315783157894]], [[0.0, 0.0], [0.0, 0.0]], [[0.0, 0.0], [0.0, 0.0]], [[0.0, 0.0], [0.0, 0.0]], [[0.9999999994, 0.9999999994], [1.0526315783157894, 1.0526315783157894]], [[0.0, 0.0], [0.0, 0.0]], [[0.9999999994, 0.9999999994], [1.0526315783157894, 1.0526315783157894]], [[0.0, 0.0], [0.0, 0.0]], [[0.0, 0.0], [0.0, 0.0]]], "final_lead_payoff_0": [[0.5], [0.0], [0.5], [0.5], [0.5], [1.0], [0.5], [0.0], [0.5], [0.5]], "final_lead_payoff_1": [[0.5], [1.0], [0.5], [0.5], [0.5], [0.0], [0.5], [1.0], [0.5], [0.5]]}