{"13": {"0": {"[2.0, 1.5707963267948966]": {"num_count": 122, "sum_payoffs": 26.062515595328875, "action": [2.0, 1.5707963267948966]}, "[2.0, -1.5707963267948966]": {"num_count": 126, "sum_payoffs": 27.590840592066122, "action": [2.0, -1.5707963267948966]}, "[1.0, -1.5707963267948966]": {"num_count": 124, "sum_payoffs": 26.814992010269606, "action": [1.0, -1.5707963267948966]}, "[0.0, 0.0]": {"num_count": 121, "sum_payoffs": 25.662325431615354, "action": [0.0, 0.0]}, "[1.0, 1.5707963267948966]": {"num_count": 121, "sum_payoffs": 25.6924737046746, "action": [1.0, 1.5707963267948966]}, "[0.0, -1.5707963267948966]": {"num_count": 120, "sum_payoffs": 25.311835041538878, "action": [0.0, -1.5707963267948966]}, "[2.0, 0.0]": {"num_count": 123, "sum_payoffs": 26.41949369675528, "action": [2.0, 0.0]}, "[1.0, 0.0]": {"num_count": 123, "sum_payoffs": 26.441145680781037, "action": [1.0, 0.0]}, "[0.0, 1.5707963267948966]": {"num_count": 120, "sum_payoffs": 25.289885019490814, "action": [0.0, 1.5707963267948966]}}, "1": {"[0.0, 1.5707963267948966]": {"num_count": 115, "sum_payoffs": 28.24066411923871, "action": [0.0, 1.5707963267948966]}, "[2.0, 1.5707963267948966]": {"num_count": 119, "sum_payoffs": 29.975945408114356, "action": [2.0, 1.5707963267948966]}, "[1.0, -1.5707963267948966]": {"num_count": 120, "sum_payoffs": 30.27756776363453, "action": [1.0, -1.5707963267948966]}, "[0.0, -1.5707963267948966]": {"num_count": 109, "sum_payoffs": 25.7432138082371, "action": [0.0, -1.5707963267948966]}, "[1.0, 1.5707963267948966]": {"num_count": 122, "sum_payoffs": 31.214709403575103, "action": [1.0, 1.5707963267948966]}, "[2.0, -1.5707963267948966]": {"num_count": 128, "sum_payoffs": 33.67503122551632, "action": [2.0, -1.5707963267948966]}, "[1.0, 0.0]": {"num_count": 126, "sum_payoffs": 32.820274317815695, "action": [1.0, 0.0]}, "[2.0, 0.0]": {"num_count": 143, "sum_payoffs": 40.350601641830764, "action": [2.0, 0.0]}, "[0.0, 0.0]": {"num_count": 118, "sum_payoffs": 29.435556144872262, "action": [0.0, 0.0]}}}}