{"runtime_game_length_10": 15.303104400634766, "runtime_game_length_9": 12.831312417984009, "runtime_game_length_8": 12.512934446334839, "runtime_game_length_7": 10.420346736907959, "runtime_game_length_6": 9.837030172348022, "runtime_game_length_5": 7.73761510848999, "runtime_game_length_4": 4.368683815002441, "runtime": 73.01139903068542, "winner": [1, 0], "T_terminal": 7, "trajectories": [[4.0, 1.0, 1.5707963267948966, 1.0, 4.0, 0.0, 0.0], [4.0, 2.0, 0.0, 1.0, 4.0, 1.5707963267948966, 1.0], [5.0, 2.0, 0.0, 1.0, 4.0, 0.0, 2.0], [6.0, 2.0, 0.0, 2.0, 4.0, 4.71238898038469, 3.0], [7.0, 2.0, 0.0, 2.0, 4.0, 0.0, 4.0], [8.0, 2.0, 0.0, 3.0, 4.0, 0.0, 5.0], [9.0, 2.0, 0.0, 4.0, 4.0, 0.0, 6.0], [10.0, 2.0, 1.5707963267948966, 5.0, 4.0, 0.0, 7.0]], "penalty_distance_0": [-0.05434492234447112, -0.02284578198693388, -0.02284578198693388, -0.009168169540213468, -0.009168169540213468, -0.009168169540213468, -0.009168169540213468], "penalty_distance_1": [-0.2173796893778845, -0.09138312794773552, -0.09138312794773552, -0.03667267816085387, -0.03667267816085387, -0.03667267816085387, -0.03667267816085387], "reward_progress_0": [0.0, 0.09000000000000001, 0.08100000000000002, 0.0729, 0.06561, 0.05904900000000001, 0.05314410000000001], "reward_progress_1": [0.0, 0.0, 0.08100000000000002, 0.0, 0.06561, 0.05904900000000001, 0.05314410000000001], "penalty_timestep_0": [-0.7000000000000001], "penalty_timestep_1": [-0.7000000000000001], "reward_lead_0": [5.0], "reward_lead_1": [-5.0], "payoff_total_0": [-0.05434492234447112, 0.012809295668595011, 0.07096351368166116, 0.1346953441414477, 0.19113717460123425, 0.2410180050610208, 0.2849939355208074, 4.584993935520807], "payoff_total_1": [-0.2173796893778845, -0.30876281732562, -0.3191459452733555, -0.3558186234342094, -0.32688130159506323, -0.30450497975591706, -0.2880335579167709, -5.988033557916771]}