{"2": {"0": {"[1.0, 0]": {"num_count": 3294, "sum_payoffs": 643.3976248820785, "action": [1.0, 0]}, "[0.0, 0]": {"num_count": 1306, "sum_payoffs": 200.1194999633105, "action": [0.0, 0]}}, "1": {"[0.0, 0]": {"num_count": 1323, "sum_payoffs": 204.22012496255866, "action": [0.0, 0]}, "[1.0, 0]": {"num_count": 3277, "sum_payoffs": 640.7549998825613, "action": [1.0, 0]}}}, "1": {"0": {"[1.0, 0]": {"num_count": 2921, "sum_payoffs": 618.1199998866923, "action": [1.0, 0]}, "[0.0, 0]": {"num_count": 1679, "sum_payoffs": 314.52749994233335, "action": [0.0, 0]}}, "1": {"[1.0, 0]": {"num_count": 2920, "sum_payoffs": 618.2212498866738, "action": [1.0, 0]}, "[0.0, 0]": {"num_count": 1680, "sum_payoffs": 315.0337499422405, "action": [0.0, 0]}}}}