{"2": {"0": {"[1.0, 0]": {"num_count": 58, "sum_payoffs": 17.800105258411207, "action": [1.0, 0]}, "[0.0, 0]": {"num_count": 42, "sum_payoffs": 9.638999997429604, "action": [0.0, 0]}}, "1": {"[0.0, 0]": {"num_count": 43, "sum_payoffs": 10.732499997138003, "action": [0.0, 0]}, "[1.0, 0]": {"num_count": 57, "sum_payoffs": 17.678605258443607, "action": [1.0, 0]}}}, "1": {"0": {"[1.0, 0]": {"num_count": 58, "sum_payoffs": 17.609999995304012, "action": [1.0, 0]}, "[0.0, 0]": {"num_count": 42, "sum_payoffs": 9.884999997364005, "action": [0.0, 0]}}, "1": {"[0.0, 0]": {"num_count": 42, "sum_payoffs": 10.019999997328005, "action": [0.0, 0]}, "[1.0, 0]": {"num_count": 58, "sum_payoffs": 18.014999995196007, "action": [1.0, 0]}}}}