{"2": {"0": {"[0.0, 0]": {"num_count": 916, "sum_payoffs": 295.4272499212198, "action": [0.0, 0]}, "[1.0, 0]": {"num_count": 2684, "sum_payoffs": 1015.4969997292371, "action": [1.0, 0]}}, "1": {"[1.0, 0]": {"num_count": 2696, "sum_payoffs": 1022.6047497273421, "action": [1.0, 0]}, "[0.0, 0]": {"num_count": 904, "sum_payoffs": 291.5999999222407, "action": [0.0, 0]}}}, "1": {"0": {"[0.0, 0]": {"num_count": 1232, "sum_payoffs": 472.6349998739768, "action": [0.0, 0]}, "[1.0, 0]": {"num_count": 2368, "sum_payoffs": 984.5549997374329, "action": [1.0, 0]}}, "1": {"[0.0, 0]": {"num_count": 1237, "sum_payoffs": 475.26749987327497, "action": [0.0, 0]}, "[1.0, 0]": {"num_count": 2363, "sum_payoffs": 983.137499737811, "action": [1.0, 0]}}}}