{"6": {"0": {"[1.0, 0.0]": {"num_count": 122, "sum_payoffs": 37.90791290360331, "action": [1.0, 0.0]}, "[0.0, -1.5707963267948966]": {"num_count": 118, "sum_payoffs": 36.074547011131756, "action": [0.0, -1.5707963267948966]}, "[2.0, -1.5707963267948966]": {"num_count": 124, "sum_payoffs": 38.85159194153406, "action": [2.0, -1.5707963267948966]}, "[1.0, -1.5707963267948966]": {"num_count": 127, "sum_payoffs": 40.4931012213339, "action": [1.0, -1.5707963267948966]}, "[0.0, 1.5707963267948966]": {"num_count": 120, "sum_payoffs": 36.94365210714209, "action": [0.0, 1.5707963267948966]}, "[1.0, 1.5707963267948966]": {"num_count": 124, "sum_payoffs": 38.93036387910617, "action": [1.0, 1.5707963267948966]}, "[2.0, 0.0]": {"num_count": 125, "sum_payoffs": 39.33233285869447, "action": [2.0, 0.0]}, "[0.0, 0.0]": {"num_count": 116, "sum_payoffs": 35.125576313117755, "action": [0.0, 0.0]}, "[2.0, 1.5707963267948966]": {"num_count": 124, "sum_payoffs": 38.9893367841968, "action": [2.0, 1.5707963267948966]}}, "1": {"[1.0, 0.0]": {"num_count": 192, "sum_payoffs": 60.33086351152745, "action": [1.0, 0.0]}, "[1.0, 1.5707963267948966]": {"num_count": 189, "sum_payoffs": 59.06726033823544, "action": [1.0, 1.5707963267948966]}, "[1.0, -1.5707963267948966]": {"num_count": 193, "sum_payoffs": 60.68410243587192, "action": [1.0, -1.5707963267948966]}, "[0.0, 1.5707963267948966]": {"num_count": 179, "sum_payoffs": 54.50613997997431, "action": [0.0, 1.5707963267948966]}, "[0.0, -1.5707963267948966]": {"num_count": 171, "sum_payoffs": 50.9283647395315, "action": [0.0, -1.5707963267948966]}, "[0.0, 0.0]": {"num_count": 176, "sum_payoffs": 53.241396234919705, "action": [0.0, 0.0]}}}}