{"4": {"0": {"[2.0, 0.0]": {"num_count": 191, "sum_payoffs": 63.657725591389074, "action": [2.0, 0.0]}, "[1.0, -1.5707963267948966]": {"num_count": 174, "sum_payoffs": 55.690553233388485, "action": [1.0, -1.5707963267948966]}, "[0.0, 0.0]": {"num_count": 183, "sum_payoffs": 59.860367825131874, "action": [0.0, 0.0]}, "[2.0, -1.5707963267948966]": {"num_count": 189, "sum_payoffs": 62.76856689999357, "action": [2.0, -1.5707963267948966]}, "[1.0, 1.5707963267948966]": {"num_count": 171, "sum_payoffs": 54.280273470763355, "action": [1.0, 1.5707963267948966]}, "[1.0, 0.0]": {"num_count": 179, "sum_payoffs": 57.89602501221928, "action": [1.0, 0.0]}, "[2.0, 1.5707963267948966]": {"num_count": 174, "sum_payoffs": 55.7489103095866, "action": [2.0, 1.5707963267948966]}, "[0.0, 1.5707963267948966]": {"num_count": 167, "sum_payoffs": 52.393414202362976, "action": [0.0, 1.5707963267948966]}, "[0.0, -1.5707963267948966]": {"num_count": 172, "sum_payoffs": 54.64132267248264, "action": [0.0, -1.5707963267948966]}}, "1": {"[1.0, 1.5707963267948966]": {"num_count": 170, "sum_payoffs": 66.67687656935693, "action": [1.0, 1.5707963267948966]}, "[2.0, -1.5707963267948966]": {"num_count": 192, "sum_payoffs": 78.75057940776446, "action": [2.0, -1.5707963267948966]}, "[0.0, 0.0]": {"num_count": 155, "sum_payoffs": 58.49171903008039, "action": [0.0, 0.0]}, "[2.0, 0.0]": {"num_count": 225, "sum_payoffs": 97.07583696527006, "action": [2.0, 0.0]}, "[0.0, 1.5707963267948966]": {"num_count": 154, "sum_payoffs": 58.10913623023891, "action": [0.0, 1.5707963267948966]}, "[2.0, 1.5707963267948966]": {"num_count": 184, "sum_payoffs": 74.37861388622377, "action": [2.0, 1.5707963267948966]}, "[0.0, -1.5707963267948966]": {"num_count": 147, "sum_payoffs": 54.469365795940796, "action": [0.0, -1.5707963267948966]}, "[1.0, 0.0]": {"num_count": 203, "sum_payoffs": 84.69779768303547, "action": [1.0, 0.0]}, "[1.0, -1.5707963267948966]": {"num_count": 170, "sum_payoffs": 66.68733450675215, "action": [1.0, -1.5707963267948966]}}}}