{"2": {"0": {"[1.0, 0]": {"num_count": 2562, "sum_payoffs": 504.46290771818997, "action": [1.0, 0]}, "[0.0, 0]": {"num_count": 1038, "sum_payoffs": 156.85484205036408, "action": [0.0, 0]}}, "1": {"[0.0, 0]": {"num_count": 1042, "sum_payoffs": 157.8977170499992, "action": [0.0, 0]}, "[1.0, 0]": {"num_count": 2558, "sum_payoffs": 503.60228271849115, "action": [1.0, 0]}}}, "1": {"0": {"[1.0, 0]": {"num_count": 2159, "sum_payoffs": 454.7024998408391, "action": [1.0, 0]}, "[0.0, 0]": {"num_count": 1441, "sum_payoffs": 275.3437499036317, "action": [0.0, 0]}}, "1": {"[0.0, 0]": {"num_count": 1442, "sum_payoffs": 275.7487499034899, "action": [0.0, 0]}, "[1.0, 0]": {"num_count": 2158, "sum_payoffs": 454.70249984083915, "action": [1.0, 0]}}}}