{"13": {"0": {"[1.0, 0.0]": {"num_count": 294, "sum_payoffs": 69.40722188665761, "action": [1.0, 0.0]}, "[2.0, -1.5707963267948966]": {"num_count": 282, "sum_payoffs": 65.21510412862287, "action": [2.0, -1.5707963267948966]}, "[0.0, -1.5707963267948966]": {"num_count": 278, "sum_payoffs": 63.73293552569189, "action": [0.0, -1.5707963267948966]}, "[1.0, 1.5707963267948966]": {"num_count": 293, "sum_payoffs": 69.04009303986221, "action": [1.0, 1.5707963267948966]}, "[2.0, 1.5707963267948966]": {"num_count": 298, "sum_payoffs": 70.67617351170635, "action": [2.0, 1.5707963267948966]}, "[1.0, -1.5707963267948966]": {"num_count": 296, "sum_payoffs": 70.03086626880652, "action": [1.0, -1.5707963267948966]}, "[2.0, 0.0]": {"num_count": 298, "sum_payoffs": 70.74885520839, "action": [2.0, 0.0]}, "[0.0, 0.0]": {"num_count": 280, "sum_payoffs": 64.43629302274358, "action": [0.0, 0.0]}, "[0.0, 1.5707963267948966]": {"num_count": 281, "sum_payoffs": 64.8224850790475, "action": [0.0, 1.5707963267948966]}}, "1": {"[1.0, 1.5707963267948966]": {"num_count": 444, "sum_payoffs": 95.59889964762127, "action": [1.0, 1.5707963267948966]}, "[1.0, -1.5707963267948966]": {"num_count": 446, "sum_payoffs": 96.2524122539713, "action": [1.0, -1.5707963267948966]}, "[0.0, 1.5707963267948966]": {"num_count": 406, "sum_payoffs": 83.97213005372379, "action": [0.0, 1.5707963267948966]}, "[0.0, -1.5707963267948966]": {"num_count": 417, "sum_payoffs": 87.30160805592261, "action": [0.0, -1.5707963267948966]}, "[1.0, 0.0]": {"num_count": 453, "sum_payoffs": 98.37785690252662, "action": [1.0, 0.0]}, "[0.0, 0.0]": {"num_count": 434, "sum_payoffs": 92.40320365186784, "action": [0.0, 0.0]}}}}