{"8": {"0": {"[0.0, 0.0]": {"num_count": 11, "sum_payoffs": 2.943574583570329, "action": [0.0, 0.0]}, "[2.0, 0.0]": {"num_count": 12, "sum_payoffs": 3.3983348626927308, "action": [2.0, 0.0]}, "[2.0, 1.5707963267948966]": {"num_count": 11, "sum_payoffs": 2.9811395197959922, "action": [2.0, 1.5707963267948966]}, "[1.0, 0.0]": {"num_count": 11, "sum_payoffs": 2.8969111037320276, "action": [1.0, 0.0]}, "[2.0, -1.5707963267948966]": {"num_count": 11, "sum_payoffs": 2.949053849815846, "action": [2.0, -1.5707963267948966]}, "[0.0, 1.5707963267948966]": {"num_count": 11, "sum_payoffs": 2.9868016255015317, "action": [0.0, 1.5707963267948966]}, "[1.0, 1.5707963267948966]": {"num_count": 11, "sum_payoffs": 3.053880558362012, "action": [1.0, 1.5707963267948966]}, "[1.0, -1.5707963267948966]": {"num_count": 11, "sum_payoffs": 2.9957988039610295, "action": [1.0, -1.5707963267948966]}, "[0.0, -1.5707963267948966]": {"num_count": 11, "sum_payoffs": 2.904009195977273, "action": [0.0, -1.5707963267948966]}}, "1": {"[2.0, 1.5707963267948966]": {"num_count": 12, "sum_payoffs": 4.028227620293982, "action": [2.0, 1.5707963267948966]}, "[1.0, 0.0]": {"num_count": 12, "sum_payoffs": 4.170493770172209, "action": [1.0, 0.0]}, "[0.0, -1.5707963267948966]": {"num_count": 10, "sum_payoffs": 2.7470239939028147, "action": [0.0, -1.5707963267948966]}, "[1.0, 1.5707963267948966]": {"num_count": 11, "sum_payoffs": 3.557405555763647, "action": [1.0, 1.5707963267948966]}, "[2.0, 0.0]": {"num_count": 11, "sum_payoffs": 3.6871506695739416, "action": [2.0, 0.0]}, "[2.0, -1.5707963267948966]": {"num_count": 11, "sum_payoffs": 3.6391434398657214, "action": [2.0, -1.5707963267948966]}, "[1.0, -1.5707963267948966]": {"num_count": 11, "sum_payoffs": 3.5751959323130817, "action": [1.0, -1.5707963267948966]}, "[0.0, 1.5707963267948966]": {"num_count": 11, "sum_payoffs": 3.358520800516198, "action": [0.0, 1.5707963267948966]}, "[0.0, 0.0]": {"num_count": 11, "sum_payoffs": 3.278756501439416, "action": [0.0, 0.0]}}}}