{"2": {"0": {"[1.0, 0]": {"num_count": 644, "sum_payoffs": 71.16018748398949, "action": [1.0, 0]}, "[0.0, 0]": {"num_count": 456, "sum_payoffs": 37.64812499152921, "action": [0.0, 0]}}, "1": {"[1.0, 0]": {"num_count": 642, "sum_payoffs": 71.06906248401, "action": [1.0, 0]}, "[0.0, 0]": {"num_count": 458, "sum_payoffs": 38.10374999142669, "action": [0.0, 0]}}}, "1": {"0": {"[1.0, 0]": {"num_count": 555, "sum_payoffs": 57.59437498704187, "action": [1.0, 0]}, "[0.0, 0]": {"num_count": 545, "sum_payoffs": 55.80562498744431, "action": [0.0, 0]}}, "1": {"[1.0, 0]": {"num_count": 555, "sum_payoffs": 57.59437498704187, "action": [1.0, 0]}, "[0.0, 0]": {"num_count": 545, "sum_payoffs": 55.80562498744431, "action": [0.0, 0]}}}}