{"13": {"0": {"[1.0, 1.5707963267948966]": {"num_count": 66, "sum_payoffs": 13.957484266771862, "action": [1.0, 1.5707963267948966]}, "[0.0, 0.0]": {"num_count": 67, "sum_payoffs": 14.321139762676019, "action": [0.0, 0.0]}, "[2.0, 0.0]": {"num_count": 67, "sum_payoffs": 14.326721131704312, "action": [2.0, 0.0]}, "[1.0, 0.0]": {"num_count": 67, "sum_payoffs": 14.363013983128216, "action": [1.0, 0.0]}, "[1.0, -1.5707963267948966]": {"num_count": 67, "sum_payoffs": 14.204967921345425, "action": [1.0, -1.5707963267948966]}, "[2.0, -1.5707963267948966]": {"num_count": 68, "sum_payoffs": 14.752076539955429, "action": [2.0, -1.5707963267948966]}, "[2.0, 1.5707963267948966]": {"num_count": 66, "sum_payoffs": 14.018649451517815, "action": [2.0, 1.5707963267948966]}, "[0.0, 1.5707963267948966]": {"num_count": 66, "sum_payoffs": 13.969433232073998, "action": [0.0, 1.5707963267948966]}, "[0.0, -1.5707963267948966]": {"num_count": 66, "sum_payoffs": 13.902320110908382, "action": [0.0, -1.5707963267948966]}}, "1": {"[1.0, 1.5707963267948966]": {"num_count": 60, "sum_payoffs": 14.027844250656399, "action": [1.0, 1.5707963267948966]}, "[2.0, 1.5707963267948966]": {"num_count": 69, "sum_payoffs": 18.126874056397103, "action": [2.0, 1.5707963267948966]}, "[0.0, 0.0]": {"num_count": 64, "sum_payoffs": 15.781331292601394, "action": [0.0, 0.0]}, "[2.0, 0.0]": {"num_count": 75, "sum_payoffs": 21.06684777795242, "action": [2.0, 0.0]}, "[0.0, 1.5707963267948966]": {"num_count": 62, "sum_payoffs": 14.87800569109345, "action": [0.0, 1.5707963267948966]}, "[1.0, -1.5707963267948966]": {"num_count": 66, "sum_payoffs": 16.841898880622892, "action": [1.0, -1.5707963267948966]}, "[2.0, -1.5707963267948966]": {"num_count": 70, "sum_payoffs": 18.70935316431632, "action": [2.0, -1.5707963267948966]}, "[0.0, -1.5707963267948966]": {"num_count": 63, "sum_payoffs": 15.324684138377755, "action": [0.0, -1.5707963267948966]}, "[1.0, 0.0]": {"num_count": 71, "sum_payoffs": 19.121090449355226, "action": [1.0, 0.0]}}}}