{"runtime_game_length_10": 7.979095697402954, "runtime_game_length_9": 6.909963369369507, "runtime_game_length_8": 6.339890480041504, "runtime_game_length_7": 5.838521242141724, "runtime_game_length_6": 4.886721134185791, "runtime_game_length_5": 3.7923948764801025, "runtime_game_length_4": 2.786198377609253, "runtime_game_length_3": 1.8344027996063232, "runtime_game_length_2": 0.962165355682373, "runtime_game_length_1": 0.8911066055297852, "runtime": 42.22127437591553, "winner": [0, 0], "T_terminal": 10, "trajectories": [[4.0, 1.0, 0.0, 1.0, 4.0, 0.0, 0.0], [4.0, 1.0, 4.71238898038469, 1.0, 4.0, 4.71238898038469, 1.0], [4.0, 1.0, 3.141592653589793, 1.0, 4.0, 4.71238898038469, 2.0], [4.0, 1.0, 1.5707963267948966, 1.0, 4.0, 0.0, 3.0], [4.0, 2.0, 3.141592653589793, 2.0, 4.0, 0.0, 4.0], [4.0, 2.0, 3.141592653589793, 3.0, 4.0, 0.0, 5.0], [4.0, 2.0, 4.71238898038469, 4.0, 4.0, 0.0, 6.0], [4.0, 2.0, 3.141592653589793, 4.0, 4.0, 1.5707963267948966, 7.0], [4.0, 2.0, 3.141592653589793, 4.0, 5.0, 1.5707963267948966, 8.0], [4.0, 2.0, 3.141592653589793, 4.0, 5.0, 3.141592653589793, 9.0], [4.0, 2.0, 4.71238898038469, 4.0, 5.0, 1.5707963267948966, 10.0]], "penalty_distance_0": [0.0, 0.0, 0.0, 0.0, 0.0, 0.0, 0.0, 0.0, 0.0, 0.0], "penalty_distance_1": [-0.01436959609043909, -0.01436959609043909, -0.01436959609043909, -0.059105746561956225, -0.10687792566038574, -0.1353352832366127, -0.1353352832366127, -0.049787068367863944, -0.049787068367863944, -0.049787068367863944], "reward_progress_0": [0.0, 0.0, 0.0, 0.0, 0.0, 0.0, 0.0, 0.0, 0.0, 0.0], "reward_progress_1": [0.0, 0.0, 0.0, 1.25, 1.0, 0.8333333333333334, 0.0, 0.0, 0.0, 0.0], "penalty_agressor_0": [0.0, 0.0, 0.0, 0.0, 0.0, 0.0, 0.0, 0.0, 0.0, 0.0], "penalty_agressor_1": [0.0, 0.0, 0.0, 0.0, 0.0, 0.0, 0.0, 0.0, 0.0, 0.0], "penalty_timestep_0": [-1.0], "penalty_timestep_1": [-1.0], "reward_lead_0": [0.0], "reward_lead_1": [0.0], "payoff_total_0": [0.0, 0.0, 0.0, 0.0, 0.0, 0.0, 0.0, 0.0, 0.0, 0.0, -1.0], "payoff_total_1": [-0.01436959609043909, -0.02873919218087818, -0.04310878827131727, 1.1477854651667265, 2.0409075395063407, 2.7389055896030614, 2.603570306366449, 2.553783237998585, 2.503996169630721, 2.454209101262857, 1.4542091012628569]}