{"runtime_game_length_10": 24.956984519958496, "runtime_game_length_9": 22.066657066345215, "runtime_game_length_8": 19.77153730392456, "runtime_game_length_7": 18.36941933631897, "runtime_game_length_6": 16.306518077850342, "runtime_game_length_5": 11.925366163253784, "runtime_game_length_4": 7.368316888809204, "runtime": 120.76521348953247, "winner": [1, 0], "T_terminal": 7, "trajectories": [[4.0, 1.0, 1.5707963267948966, 1.0, 4.0, 0.0, 0.0], [4.0, 2.0, 0.0, 2.0, 4.0, 0.0, 1.0], [5.0, 2.0, 0.0, 3.0, 4.0, 0.0, 2.0], [6.0, 2.0, 0.0, 4.0, 4.0, 0.0, 3.0], [7.0, 2.0, 0.0, 5.0, 4.0, 0.0, 4.0], [8.0, 2.0, 0.0, 6.0, 4.0, 0.0, 5.0], [9.0, 2.0, 0.0, 7.0, 4.0, 0.0, 6.0], [10.0, 2.0, 0.0, 8.0, 4.0, 0.0, 7.0]], "penalty_distance_0": [0.0, 0.0, 0.0, 0.0, 0.0, 0.0, 0.0], "penalty_distance_1": [-0.059105746561956225, -0.059105746561956225, -0.059105746561956225, -0.059105746561956225, -0.059105746561956225, -0.059105746561956225, -0.059105746561956225], "reward_progress_0": [0.0, 2.5, 1.6666666666666667, 1.25, 1.0, 0.8333333333333334, 0.7142857142857143], "reward_progress_1": [5.0, 2.5, 1.6666666666666667, 1.25, 1.0, 0.8333333333333334, 0.7142857142857143], "penalty_agressor_0": [0.0, 0.0, 0.0, 0.0, 0.0, 0.0, 0.0], "penalty_agressor_1": [0.0, 0.0, 0.0, 0.0, 0.0, 0.0, 0.0], "penalty_timestep_0": [-0.7000000000000001], "penalty_timestep_1": [-0.7000000000000001], "reward_lead_0": [2.0], "reward_lead_1": [-2.0], "payoff_total_0": [0.0, 2.5, 4.166666666666667, 5.416666666666667, 6.416666666666667, 7.25, 7.964285714285714, 9.264285714285714], "payoff_total_1": [4.940894253438044, 7.381788506876087, 8.989349426980798, 10.18024368041884, 11.121137933856884, 11.895365520628262, 12.55054548835202, 9.850545488352019]}