{"2": {"0": {"[0.0, 0]": {"num_count": 535, "sum_payoffs": 81.66262498672963, "action": [0.0, 0]}, "[1.0, 0]": {"num_count": 1065, "sum_payoffs": 214.2956249651781, "action": [1.0, 0]}}, "1": {"[1.0, 0]": {"num_count": 1069, "sum_payoffs": 216.0213749648976, "action": [1.0, 0]}, "[0.0, 0]": {"num_count": 531, "sum_payoffs": 81.21262498680274, "action": [0.0, 0]}}}, "1": {"0": {"[1.0, 0]": {"num_count": 1004, "sum_payoffs": 217.57499996464605, "action": [1.0, 0]}, "[0.0, 0]": {"num_count": 596, "sum_payoffs": 107.67374998250258, "action": [0.0, 0]}}, "1": {"[1.0, 0]": {"num_count": 1003, "sum_payoffs": 217.57499996464603, "action": [1.0, 0]}, "[0.0, 0]": {"num_count": 597, "sum_payoffs": 108.07874998243678, "action": [0.0, 0]}}}}