{"2": {"0": {"[0.0, 0]": {"num_count": 42, "sum_payoffs": 8.578285712815154, "action": [0.0, 0]}, "[1.0, 0]": {"num_count": 58, "sum_payoffs": 15.804135335636591, "action": [1.0, 0]}}, "1": {"[0.0, 0]": {"num_count": 41, "sum_payoffs": 8.504999998542, "action": [0.0, 0]}, "[1.0, 0]": {"num_count": 59, "sum_payoffs": 17.335421049659796, "action": [1.0, 0]}}}, "1": {"0": {"[1.0, 0]": {"num_count": 58, "sum_payoffs": 15.69857142588025, "action": [1.0, 0]}, "[0.0, 0]": {"num_count": 42, "sum_payoffs": 8.485714284259597, "action": [0.0, 0]}}, "1": {"[0.0, 0]": {"num_count": 42, "sum_payoffs": 8.369999998565147, "action": [0.0, 0]}, "[1.0, 0]": {"num_count": 58, "sum_payoffs": 15.814285711574698, "action": [1.0, 0]}}}}