{"2": {"0": {"[0.0, 0]": {"num_count": 36, "sum_payoffs": 10.023749997327005, "action": [0.0, 0]}, "[1.0, 0]": {"num_count": 64, "sum_payoffs": 25.87949999309881, "action": [1.0, 0]}}, "1": {"[0.0, 0]": {"num_count": 36, "sum_payoffs": 10.205999997278404, "action": [0.0, 0]}, "[1.0, 0]": {"num_count": 64, "sum_payoffs": 26.79074999285581, "action": [1.0, 0]}}}, "1": {"0": {"[0.0, 0]": {"num_count": 45, "sum_payoffs": 17.212499995410003, "action": [0.0, 0]}, "[1.0, 0]": {"num_count": 55, "sum_payoffs": 23.287499993789993, "action": [1.0, 0]}}, "1": {"[1.0, 0]": {"num_count": 55, "sum_payoffs": 23.28749999378999, "action": [1.0, 0]}, "[0.0, 0]": {"num_count": 45, "sum_payoffs": 17.21249999541, "action": [0.0, 0]}}}}