{"2": {"0": {"[0.0, 0]": {"num_count": 588, "sum_payoffs": 59.985749989002294, "action": [0.0, 0]}, "[1.0, 0]": {"num_count": 1012, "sum_payoffs": 141.2977105004112, "action": [1.0, 0]}}, "1": {"[1.0, 0]": {"num_count": 1011, "sum_payoffs": 141.1762105004336, "action": [1.0, 0]}, "[0.0, 0]": {"num_count": 589, "sum_payoffs": 60.1072499889801, "action": [0.0, 0]}}}, "1": {"0": {"[0.0, 0]": {"num_count": 695, "sum_payoffs": 87.47249998396333, "action": [0.0, 0]}, "[1.0, 0]": {"num_count": 905, "sum_payoffs": 130.25999997611916, "action": [1.0, 0]}}, "1": {"[1.0, 0]": {"num_count": 904, "sum_payoffs": 130.1249999761439, "action": [1.0, 0]}, "[0.0, 0]": {"num_count": 696, "sum_payoffs": 87.74249998391383, "action": [0.0, 0]}}}}