{"alphat_eff_gamelength_2": {"mean": 1.0, "variance": 0.0}, "runtime_gamelength_2": {"mean": 0.3888096809387207, "variance": 0.00018747071831057838}, "max_timestep": {"mean": 1.0, "variance": 0.0}, "alphat_eff_gamelength_1": {"mean": 0.85, "variance": 0.052500000000000005}, "runtime_gamelength_1": {"mean": 0.28858137130737305, "variance": 9.38669300694528e-05}, "winner": {"mean": [0.0, 0.1], "variance": [0.0, 0.09000000000000001]}, "runtime": {"mean": 0.6776247024536133, "variance": 0.0003207963348813792}, "T_terminal": {"mean": 2.0, "variance": 0.0}, "trajectory_0": {"mean": [[1.0, 0.0, 1.5707963267948966, 0.0], [1.0, 0.7, 1.5707963267948966, 1.0], [1.0, 1.4, 1.5707963267948966, 2.0]], "variance": [[0.0, 0.0, 0.0, 0.0], [0.0, 0.21000000000000002, 0.0, 0.0], [0.0, 0.8400000000000001, 0.0, 0.0]]}, "trajectory_1": {"mean": [[0.0, 1.0, 0.0, 0.0], [0.8, 1.0, 0.0, 1.0], [1.8, 1.0, 0.0, 2.0]], "variance": [[0.0, 0.0, 0.0, 0.0], [0.16000000000000003, 0.0, 0.0, 0.0], [0.16000000000000003, 0.0, 0.0, 0.0]]}, "coll_payoff_0": {"mean": [0.3, 0.3], "variance": [0.21000000000000002, 0.21000000000000002]}, "coll_payoff_1": {"mean": [0.3, 0.3], "variance": [0.21000000000000002, 0.21000000000000002]}, "payoff_total": {"mean": [[0.2999999999325, 0.2999999999325], [0.31578947361315785, 0.31578947361315785]], "variance": [[0.20999999990549995, 0.20999999990549995], [0.23268698050470915, 0.23268698050470915]]}, "final_lead_payoff_0": {"mean": [0.4], "variance": [0.027500000000000004]}, "final_lead_payoff_1": {"mean": [0.6], "variance": [0.027500000000000004]}}