{"2": {"0": {"[0.0, 0]": {"num_count": 209, "sum_payoffs": 35.61543608412007, "action": [0.0, 0]}, "[1.0, 0]": {"num_count": 391, "sum_payoffs": 92.76570675101485, "action": [1.0, 0]}}, "1": {"[0.0, 0]": {"num_count": 208, "sum_payoffs": 35.95872179834693, "action": [0.0, 0]}, "[1.0, 0]": {"num_count": 392, "sum_payoffs": 94.08870675078802, "action": [1.0, 0]}}}, "1": {"0": {"[0.0, 0]": {"num_count": 258, "sum_payoffs": 55.81285713328917, "action": [0.0, 0]}, "[1.0, 0]": {"num_count": 342, "sum_payoffs": 83.96999998560521, "action": [1.0, 0]}}, "1": {"[0.0, 0]": {"num_count": 260, "sum_payoffs": 56.62285713315032, "action": [0.0, 0]}, "[1.0, 0]": {"num_count": 340, "sum_payoffs": 83.62285712852187, "action": [1.0, 0]}}}}