{"2": {"0": {"[0.0, 0]": {"num_count": 1156, "sum_payoffs": 293.4989999412984, "action": [0.0, 0]}, "[1.0, 0]": {"num_count": 3444, "sum_payoffs": 1049.3934629480377, "action": [1.0, 0]}}, "1": {"[0.0, 0]": {"num_count": 1182, "sum_payoffs": 302.39279993952, "action": [0.0, 0]}, "[1.0, 0]": {"num_count": 3418, "sum_payoffs": 1042.5408629494111, "action": [1.0, 0]}}}, "1": {"0": {"[1.0, 0]": {"num_count": 2308, "sum_payoffs": 748.475999850283, "action": [1.0, 0]}, "[0.0, 0]": {"num_count": 2292, "sum_payoffs": 742.6259998514538, "action": [0.0, 0]}}, "1": {"[1.0, 0]": {"num_count": 2308, "sum_payoffs": 748.475999850283, "action": [1.0, 0]}, "[0.0, 0]": {"num_count": 2292, "sum_payoffs": 742.6259998514538, "action": [0.0, 0]}}}}