{"2": {"0": {"[1.0, 0]": {"num_count": 2725, "sum_payoffs": 344.8777104343607, "action": [1.0, 0]}, "[0.0, 0]": {"num_count": 375, "sum_payoffs": 37.265999990062184, "action": [0.0, 0]}}, "1": {"[0.0, 0]": {"num_count": 255, "sum_payoffs": 25.061999993316743, "action": [0.0, 0]}, "[1.0, 0]": {"num_count": 2845, "sum_payoffs": 358.661210430688, "action": [1.0, 0]}}}, "1": {"0": {"[0.0, 0]": {"num_count": 259, "sum_payoffs": 30.299999991919915, "action": [0.0, 0]}, "[1.0, 0]": {"num_count": 2841, "sum_payoffs": 391.34999989565506, "action": [1.0, 0]}}, "1": {"[1.0, 0]": {"num_count": 2745, "sum_payoffs": 377.24249989941603, "action": [1.0, 0]}, "[0.0, 0]": {"num_count": 355, "sum_payoffs": 41.707499988877935, "action": [0.0, 0]}}}}