{"2": {"0": {"[0.0, 0]": {"num_count": 414, "sum_payoffs": 33.01593749257141, "action": [0.0, 0]}, "[1.0, 0]": {"num_count": 3686, "sum_payoffs": 353.967424262464, "action": [1.0, 0]}}, "1": {"[0.0, 0]": {"num_count": 477, "sum_payoffs": 38.02781249144386, "action": [0.0, 0]}, "[1.0, 0]": {"num_count": 3623, "sum_payoffs": 341.66554926523025, "action": [1.0, 0]}}}, "1": {"0": {"[1.0, 0]": {"num_count": 3781, "sum_payoffs": 391.97249991178853, "action": [1.0, 0]}, "[0.0, 0]": {"num_count": 319, "sum_payoffs": 27.15187499389101, "action": [0.0, 0]}}, "1": {"[1.0, 0]": {"num_count": 3725, "sum_payoffs": 384.2268749135327, "action": [1.0, 0]}, "[0.0, 0]": {"num_count": 375, "sum_payoffs": 30.94874999303677, "action": [0.0, 0]}}}}