{"2": {"0": {"[1.0, 0]": {"num_count": 2695, "sum_payoffs": 1019.8709997280713, "action": [1.0, 0]}, "[0.0, 0]": {"num_count": 905, "sum_payoffs": 291.0532499223854, "action": [0.0, 0]}}, "1": {"[0.0, 0]": {"num_count": 923, "sum_payoffs": 298.889999920296, "action": [0.0, 0]}, "[1.0, 0]": {"num_count": 2677, "sum_payoffs": 1014.2212497295776, "action": [1.0, 0]}}}, "1": {"0": {"[0.0, 0]": {"num_count": 1281, "sum_payoffs": 494.70749986809176, "action": [0.0, 0]}, "[1.0, 0]": {"num_count": 2319, "sum_payoffs": 962.8874997432125, "action": [1.0, 0]}}, "1": {"[0.0, 0]": {"num_count": 1295, "sum_payoffs": 501.3899998663101, "action": [0.0, 0]}, "[1.0, 0]": {"num_count": 2305, "sum_payoffs": 957.4199997446709, "action": [1.0, 0]}}}}