{"2": {"0": {"[1.0, 0]": {"num_count": 888, "sum_payoffs": 5.376315786247895, "action": [1.0, 0]}, "[0.0, 0]": {"num_count": 712, "sum_payoffs": 3.329999998002, "action": [0.0, 0]}}, "1": {"[1.0, 0]": {"num_count": 914, "sum_payoffs": 6.186315785761895, "action": [1.0, 0]}, "[0.0, 0]": {"num_count": 686, "sum_payoffs": 2.519999998488, "action": [0.0, 0]}}}, "1": {"0": {"[0.0, 0]": {"num_count": 736, "sum_payoffs": 0.89999999946, "action": [0.0, 0]}, "[1.0, 0]": {"num_count": 864, "sum_payoffs": 1.79999999892, "action": [1.0, 0]}}, "1": {"[1.0, 0]": {"num_count": 854, "sum_payoffs": 1.79999999892, "action": [1.0, 0]}, "[0.0, 0]": {"num_count": 746, "sum_payoffs": 0.89999999946, "action": [0.0, 0]}}}}