{"2": {"0": {"[1.0, 1.5707963267948966]": {"num_count": 220, "sum_payoffs": 49.66842664800964, "action": [1.0, 1.5707963267948966]}, "[2.0, 1.5707963267948966]": {"num_count": 250, "sum_payoffs": 60.57862372153748, "action": [2.0, 1.5707963267948966]}, "[1.0, 0.0]": {"num_count": 253, "sum_payoffs": 61.6941529132919, "action": [1.0, 0.0]}, "[1.0, -1.5707963267948966]": {"num_count": 221, "sum_payoffs": 50.08278468631994, "action": [1.0, -1.5707963267948966]}, "[0.0, 0.0]": {"num_count": 220, "sum_payoffs": 49.73209046825558, "action": [0.0, 0.0]}, "[2.0, 0.0]": {"num_count": 292, "sum_payoffs": 76.09202643792138, "action": [2.0, 0.0]}, "[2.0, -1.5707963267948966]": {"num_count": 252, "sum_payoffs": 61.320426732966034, "action": [2.0, -1.5707963267948966]}, "[0.0, -1.5707963267948966]": {"num_count": 197, "sum_payoffs": 41.472524600400256, "action": [0.0, -1.5707963267948966]}, "[0.0, 1.5707963267948966]": {"num_count": 195, "sum_payoffs": 40.7365882208794, "action": [0.0, 1.5707963267948966]}}, "1": {"[0.0, 1.5707963267948966]": {"num_count": 307, "sum_payoffs": 80.8730417265644, "action": [0.0, 1.5707963267948966]}, "[1.0, -1.5707963267948966]": {"num_count": 367, "sum_payoffs": 103.60971686348752, "action": [1.0, -1.5707963267948966]}, "[1.0, 0.0]": {"num_count": 407, "sum_payoffs": 119.14434085328631, "action": [1.0, 0.0]}, "[0.0, -1.5707963267948966]": {"num_count": 307, "sum_payoffs": 80.87304172656445, "action": [0.0, -1.5707963267948966]}, "[1.0, 1.5707963267948966]": {"num_count": 371, "sum_payoffs": 105.2089172630211, "action": [1.0, 1.5707963267948966]}, "[0.0, 0.0]": {"num_count": 341, "sum_payoffs": 93.6804061581794, "action": [0.0, 0.0]}}}}