{"2": {"0": {"[0.0, 0]": {"num_count": 212, "sum_payoffs": 43.8104999883172, "action": [0.0, 0]}, "[1.0, 0]": {"num_count": 388, "sum_payoffs": 105.09410523513216, "action": [1.0, 0]}}, "1": {"[0.0, 0]": {"num_count": 217, "sum_payoffs": 45.75449998779882, "action": [0.0, 0]}, "[1.0, 0]": {"num_count": 383, "sum_payoffs": 104.1221052353914, "action": [1.0, 0]}}}, "1": {"0": {"[0.0, 0]": {"num_count": 258, "sum_payoffs": 65.6399999824958, "action": [0.0, 0]}, "[1.0, 0]": {"num_count": 342, "sum_payoffs": 97.12499997410004, "action": [1.0, 0]}}, "1": {"[0.0, 0]": {"num_count": 259, "sum_payoffs": 66.31499998231578, "action": [0.0, 0]}, "[1.0, 0]": {"num_count": 341, "sum_payoffs": 96.98999997413603, "action": [1.0, 0]}}}}