{"10": {"0": {"[1.0, 0.0]": {"num_count": 11, "sum_payoffs": 2.6802594097673786, "action": [1.0, 0.0]}, "[1.0, 1.5707963267948966]": {"num_count": 12, "sum_payoffs": 3.159156926371091, "action": [1.0, 1.5707963267948966]}, "[2.0, -1.5707963267948966]": {"num_count": 11, "sum_payoffs": 2.775880988065418, "action": [2.0, -1.5707963267948966]}, "[0.0, 1.5707963267948966]": {"num_count": 11, "sum_payoffs": 2.8294523548808983, "action": [0.0, 1.5707963267948966]}, "[2.0, 0.0]": {"num_count": 11, "sum_payoffs": 2.617629132034858, "action": [2.0, 0.0]}, "[1.0, -1.5707963267948966]": {"num_count": 11, "sum_payoffs": 2.8475713664283377, "action": [1.0, -1.5707963267948966]}, "[0.0, -1.5707963267948966]": {"num_count": 11, "sum_payoffs": 2.7267806966233477, "action": [0.0, -1.5707963267948966]}, "[0.0, 0.0]": {"num_count": 11, "sum_payoffs": 2.5921131286807353, "action": [0.0, 0.0]}, "[2.0, 1.5707963267948966]": {"num_count": 11, "sum_payoffs": 2.762392046630403, "action": [2.0, 1.5707963267948966]}}, "1": {"[2.0, 0.0]": {"num_count": 12, "sum_payoffs": 3.777233212901515, "action": [2.0, 0.0]}, "[1.0, -1.5707963267948966]": {"num_count": 11, "sum_payoffs": 3.218756676061526, "action": [1.0, -1.5707963267948966]}, "[1.0, 1.5707963267948966]": {"num_count": 11, "sum_payoffs": 3.201746012281741, "action": [1.0, 1.5707963267948966]}, "[2.0, -1.5707963267948966]": {"num_count": 12, "sum_payoffs": 3.7251491094697013, "action": [2.0, -1.5707963267948966]}, "[0.0, 0.0]": {"num_count": 11, "sum_payoffs": 3.2746507292154097, "action": [0.0, 0.0]}, "[2.0, 1.5707963267948966]": {"num_count": 12, "sum_payoffs": 3.956692671124999, "action": [2.0, 1.5707963267948966]}, "[0.0, -1.5707963267948966]": {"num_count": 10, "sum_payoffs": 2.674885013114577, "action": [0.0, -1.5707963267948966]}, "[1.0, 0.0]": {"num_count": 11, "sum_payoffs": 3.3382624418134927, "action": [1.0, 0.0]}, "[0.0, 1.5707963267948966]": {"num_count": 10, "sum_payoffs": 2.530832582733019, "action": [0.0, 1.5707963267948966]}}}}