{"alphat_eff_gamelength_12": {"mean": 1.8461538461538463, "variance": 0.0}, "runtime_gamelength_12": {"mean": 14.834617018699646, "variance": 0.15221586751501093}, "max_timestep": {"mean": 12.0, "variance": 0.0}, "winner": {"mean": [0.0, 0.0], "variance": [0.0, 0.0]}, "runtime": {"mean": 14.834886813163758, "variance": 0.15221198054575152}, "T_terminal": {"mean": 1.0, "variance": 0.0}, "trajectory_0": {"mean": [[1.0, 3.0, 0.0, 0.0], [2.8, 3.0, -0.15707963267948966, 1.0]], "variance": [[0.0, 0.0, 0.0, 0.0], [0.15999999999999998, 0.0, 1.7025067591879144, 0.0]]}, "trajectory_1": {"mean": [[3.0, 3.0, 0.0, 0.0], [4.0, 3.0, -0.3141592653589793, 1.0]], "variance": [[0.0, 0.0, 0.0, 0.0], [0.0, 0.0, 0.3947841760435743, 0.0]]}, "coll_payoff_0": {"mean": [1.0], "variance": [0.0]}, "lead_payoff_0": {"mean": [0.6], "variance": [0.017777777777777778]}, "coll_payoff_1": {"mean": [1.0], "variance": [0.0]}, "lead_payoff_1": {"mean": [0.4], "variance": [0.017777777777777774]}, "payoff_total": {"mean": [[0.5724137930213793, 0.5942528734758429]], "variance": [[0.0009870671302879101, 0.0009870671302879073]]}, "final_lead_payoff_0": {"mean": [0.45862068965517244], "variance": [0.00019024970273483964]}, "final_lead_payoff_1": {"mean": [0.5413793103448274], "variance": [0.0001902497027348402]}}