{"4": {"0": {"[0.0, -1.5707963267948966]": {"num_count": 112, "sum_payoffs": 36.86620270332445, "action": [0.0, -1.5707963267948966]}, "[0.0, 0.0]": {"num_count": 121, "sum_payoffs": 41.588707318273755, "action": [0.0, 0.0]}, "[2.0, -1.5707963267948966]": {"num_count": 130, "sum_payoffs": 46.34517198524312, "action": [2.0, -1.5707963267948966]}, "[1.0, -1.5707963267948966]": {"num_count": 132, "sum_payoffs": 47.286589492324595, "action": [1.0, -1.5707963267948966]}, "[1.0, 0.0]": {"num_count": 117, "sum_payoffs": 39.56709013114669, "action": [1.0, 0.0]}, "[2.0, 1.5707963267948966]": {"num_count": 122, "sum_payoffs": 42.08502760253213, "action": [2.0, 1.5707963267948966]}, "[0.0, 1.5707963267948966]": {"num_count": 115, "sum_payoffs": 38.429884979866834, "action": [0.0, 1.5707963267948966]}, "[1.0, 1.5707963267948966]": {"num_count": 119, "sum_payoffs": 40.42708784480658, "action": [1.0, 1.5707963267948966]}, "[2.0, 0.0]": {"num_count": 132, "sum_payoffs": 47.20714154357938, "action": [2.0, 0.0]}}, "1": {"[0.0, -1.5707963267948966]": {"num_count": 167, "sum_payoffs": 58.467584391451126, "action": [0.0, -1.5707963267948966]}, "[1.0, 0.0]": {"num_count": 210, "sum_payoffs": 80.25710141263295, "action": [1.0, 0.0]}, "[0.0, 0.0]": {"num_count": 170, "sum_payoffs": 60.17161686095649, "action": [0.0, 0.0]}, "[1.0, -1.5707963267948966]": {"num_count": 194, "sum_payoffs": 72.26812832091632, "action": [1.0, -1.5707963267948966]}, "[0.0, 1.5707963267948966]": {"num_count": 168, "sum_payoffs": 59.079707001011336, "action": [0.0, 1.5707963267948966]}, "[1.0, 1.5707963267948966]": {"num_count": 191, "sum_payoffs": 70.69652792823132, "action": [1.0, 1.5707963267948966]}}}}