{"2": {"0": {"[1.0, 0]": {"num_count": 1556, "sum_payoffs": 594.1349997920524, "action": [1.0, 0]}, "[0.0, 0]": {"num_count": 544, "sum_payoffs": 170.40374994035903, "action": [0.0, 0]}}, "1": {"[0.0, 0]": {"num_count": 564, "sum_payoffs": 179.1517499372972, "action": [0.0, 0]}, "[1.0, 0]": {"num_count": 1536, "sum_payoffs": 587.5739997943481, "action": [1.0, 0]}}}, "1": {"0": {"[0.0, 0]": {"num_count": 740, "sum_payoffs": 281.2724999015581, "action": [0.0, 0]}, "[1.0, 0]": {"num_count": 1360, "sum_payoffs": 568.6199998009866, "action": [1.0, 0]}}, "1": {"[1.0, 0]": {"num_count": 1357, "sum_payoffs": 567.8099998012702, "action": [1.0, 0]}, "[0.0, 0]": {"num_count": 743, "sum_payoffs": 283.29749990084946, "action": [0.0, 0]}}}}