{"12": {"0": {"[2.0, -1.5707963267948966]": {"num_count": 11, "sum_payoffs": 2.696577808839223, "action": [2.0, -1.5707963267948966]}, "[2.0, 0.0]": {"num_count": 12, "sum_payoffs": 3.031021402694201, "action": [2.0, 0.0]}, "[1.0, 0.0]": {"num_count": 11, "sum_payoffs": 2.6483868438686864, "action": [1.0, 0.0]}, "[1.0, 1.5707963267948966]": {"num_count": 11, "sum_payoffs": 2.773414853937176, "action": [1.0, 1.5707963267948966]}, "[1.0, -1.5707963267948966]": {"num_count": 11, "sum_payoffs": 2.7665338721625417, "action": [1.0, -1.5707963267948966]}, "[0.0, -1.5707963267948966]": {"num_count": 11, "sum_payoffs": 2.5758533478642667, "action": [0.0, -1.5707963267948966]}, "[0.0, 0.0]": {"num_count": 11, "sum_payoffs": 2.645311430495177, "action": [0.0, 0.0]}, "[0.0, 1.5707963267948966]": {"num_count": 11, "sum_payoffs": 2.766123274241286, "action": [0.0, 1.5707963267948966]}, "[2.0, 1.5707963267948966]": {"num_count": 11, "sum_payoffs": 2.673251267171451, "action": [2.0, 1.5707963267948966]}}, "1": {"[1.0, 1.5707963267948966]": {"num_count": 17, "sum_payoffs": 3.9009324164208667, "action": [1.0, 1.5707963267948966]}, "[0.0, -1.5707963267948966]": {"num_count": 16, "sum_payoffs": 3.4501839539236023, "action": [0.0, -1.5707963267948966]}, "[0.0, 1.5707963267948966]": {"num_count": 16, "sum_payoffs": 3.5172391734501085, "action": [0.0, 1.5707963267948966]}, "[0.0, 0.0]": {"num_count": 17, "sum_payoffs": 4.133168995893403, "action": [0.0, 0.0]}, "[1.0, -1.5707963267948966]": {"num_count": 17, "sum_payoffs": 4.0547131819244875, "action": [1.0, -1.5707963267948966]}, "[1.0, 0.0]": {"num_count": 17, "sum_payoffs": 4.072314156919426, "action": [1.0, 0.0]}}}}