{"2": {"0": {"[0.0, 1.5707963267948966]": {"num_count": 109, "sum_payoffs": 23.60319839691648, "action": [0.0, 1.5707963267948966]}, "[1.0, 0.0]": {"num_count": 131, "sum_payoffs": 32.57758801221979, "action": [1.0, 0.0]}, "[1.0, 1.5707963267948966]": {"num_count": 117, "sum_payoffs": 26.923277487252406, "action": [1.0, 1.5707963267948966]}, "[2.0, 1.5707963267948966]": {"num_count": 130, "sum_payoffs": 32.111770196532596, "action": [2.0, 1.5707963267948966]}, "[1.0, -1.5707963267948966]": {"num_count": 116, "sum_payoffs": 26.52630206198052, "action": [1.0, -1.5707963267948966]}, "[0.0, 0.0]": {"num_count": 120, "sum_payoffs": 28.044673310914476, "action": [0.0, 0.0]}, "[2.0, 0.0]": {"num_count": 143, "sum_payoffs": 37.545864742566, "action": [2.0, 0.0]}, "[2.0, -1.5707963267948966]": {"num_count": 126, "sum_payoffs": 30.558851004206538, "action": [2.0, -1.5707963267948966]}, "[0.0, -1.5707963267948966]": {"num_count": 108, "sum_payoffs": 23.24685482962909, "action": [0.0, -1.5707963267948966]}}, "1": {"[1.0, 1.5707963267948966]": {"num_count": 192, "sum_payoffs": 55.42228884640774, "action": [1.0, 1.5707963267948966]}, "[0.0, 1.5707963267948966]": {"num_count": 165, "sum_payoffs": 44.09729916919986, "action": [0.0, 1.5707963267948966]}, "[1.0, -1.5707963267948966]": {"num_count": 190, "sum_payoffs": 54.489277091556666, "action": [1.0, -1.5707963267948966]}, "[0.0, 0.0]": {"num_count": 181, "sum_payoffs": 50.6604668596492, "action": [0.0, 0.0]}, "[0.0, -1.5707963267948966]": {"num_count": 167, "sum_payoffs": 44.772287761743925, "action": [0.0, -1.5707963267948966]}, "[1.0, 0.0]": {"num_count": 205, "sum_payoffs": 60.97444030601782, "action": [1.0, 0.0]}}}}