{"2": {"0": {"[1.0, 0]": {"num_count": 2738, "sum_payoffs": 367.3484604589713, "action": [1.0, 0]}, "[0.0, 0]": {"num_count": 1362, "sum_payoffs": 138.3472499746358, "action": [0.0, 0]}}, "1": {"[1.0, 0]": {"num_count": 2745, "sum_payoffs": 368.44196045877095, "action": [1.0, 0]}, "[0.0, 0]": {"num_count": 1355, "sum_payoffs": 137.1322499748586, "action": [0.0, 0]}}}, "1": {"0": {"[0.0, 0]": {"num_count": 1601, "sum_payoffs": 196.88999996391078, "action": [0.0, 0]}, "[1.0, 0]": {"num_count": 2499, "sum_payoffs": 358.2749999343348, "action": [1.0, 0]}}, "1": {"[0.0, 0]": {"num_count": 1604, "sum_payoffs": 197.56499996378707, "action": [0.0, 0]}, "[1.0, 0]": {"num_count": 2496, "sum_payoffs": 357.869999934409, "action": [1.0, 0]}}}}