{"13": {"0": {"[1.0, 0.0]": {"num_count": 237, "sum_payoffs": 50.87207883674741, "action": [1.0, 0.0]}, "[2.0, 1.5707963267948966]": {"num_count": 238, "sum_payoffs": 51.117629659085885, "action": [2.0, 1.5707963267948966]}, "[0.0, 1.5707963267948966]": {"num_count": 223, "sum_payoffs": 46.09075244748974, "action": [0.0, 1.5707963267948966]}, "[0.0, 0.0]": {"num_count": 229, "sum_payoffs": 48.07974412305668, "action": [0.0, 0.0]}, "[2.0, 0.0]": {"num_count": 238, "sum_payoffs": 51.15079247416514, "action": [2.0, 0.0]}, "[2.0, -1.5707963267948966]": {"num_count": 242, "sum_payoffs": 52.41228644100236, "action": [2.0, -1.5707963267948966]}, "[0.0, -1.5707963267948966]": {"num_count": 224, "sum_payoffs": 46.44405422966527, "action": [0.0, -1.5707963267948966]}, "[1.0, -1.5707963267948966]": {"num_count": 234, "sum_payoffs": 49.82255385160388, "action": [1.0, -1.5707963267948966]}, "[1.0, 1.5707963267948966]": {"num_count": 235, "sum_payoffs": 50.16715882852076, "action": [1.0, 1.5707963267948966]}}, "1": {"[0.0, 1.5707963267948966]": {"num_count": 215, "sum_payoffs": 52.152655599851784, "action": [0.0, 1.5707963267948966]}, "[1.0, -1.5707963267948966]": {"num_count": 231, "sum_payoffs": 58.265643811722136, "action": [1.0, -1.5707963267948966]}, "[1.0, 1.5707963267948966]": {"num_count": 227, "sum_payoffs": 56.737865127112904, "action": [1.0, 1.5707963267948966]}, "[2.0, 1.5707963267948966]": {"num_count": 244, "sum_payoffs": 63.249380827934104, "action": [2.0, 1.5707963267948966]}, "[2.0, -1.5707963267948966]": {"num_count": 243, "sum_payoffs": 62.67341192776352, "action": [2.0, -1.5707963267948966]}, "[0.0, 0.0]": {"num_count": 226, "sum_payoffs": 56.28719261850271, "action": [0.0, 0.0]}, "[0.0, -1.5707963267948966]": {"num_count": 205, "sum_payoffs": 48.45847454320351, "action": [0.0, -1.5707963267948966]}, "[2.0, 0.0]": {"num_count": 260, "sum_payoffs": 69.33647009854593, "action": [2.0, 0.0]}, "[1.0, 0.0]": {"num_count": 249, "sum_payoffs": 65.08779475106464, "action": [1.0, 0.0]}}}}