{"2": {"0": {"[1.0, 0]": {"num_count": 2094, "sum_payoffs": 4.94999999868, "action": [1.0, 0]}, "[0.0, 0]": {"num_count": 2006, "sum_payoffs": 5.0399999986560005, "action": [0.0, 0]}}, "1": {"[0.0, 0]": {"num_count": 1900, "sum_payoffs": 4.2299999988720005, "action": [0.0, 0]}, "[1.0, 0]": {"num_count": 2200, "sum_payoffs": 5.759999998464, "action": [1.0, 0]}}}, "1": {"0": {"[1.0, 0]": {"num_count": 2100, "sum_payoffs": 1.79999999952, "action": [1.0, 0]}, "[0.0, 0]": {"num_count": 2000, "sum_payoffs": 0.89999999976, "action": [0.0, 0]}}, "1": {"[1.0, 0]": {"num_count": 2140, "sum_payoffs": 1.79999999952, "action": [1.0, 0]}, "[0.0, 0]": {"num_count": 1960, "sum_payoffs": 0.89999999976, "action": [0.0, 0]}}}}