{"runtime_game_length_8": 12.51521372795105, "runtime_game_length_7": 8.179487228393555, "runtime_game_length_6": 2.810178518295288, "runtime_game_length_5": 2.330615997314453, "runtime_game_length_4": 2.430338144302368, "runtime_game_length_3": 2.5463340282440186, "runtime_game_length_2": 1.1886494159698486, "runtime_game_length_1": 0.27482104301452637, "runtime": 32.27607703208923, "winner": [1, 0], "T_terminal": 8, "trajectory_0": [[1.0, 3.0, 0.0, 0], [1.0, 3.0, 4.71238898038469, 1], [0.9999999999999998, 2.0, 3.141592653589793, 2], [0.9999999999999998, 2.0, 4.71238898038469, 3], [0.9999999999999996, 1.0, 4.71238898038469, 4], [0.9999999999999996, 1.0, 0.0, 5], [2.9999999999999996, 1.0, 0.0, 6], [5.0, 1.0, 0.0, 7], [7.0, 1.0, 1.5707963267948966, 8]], "trajectory_1": [[3.0, 3.0, 0.0, 0], [4.0, 3.0, 0.0, 1], [4.0, 3.0, 0.0, 2], [5.0, 3.0, 1.5707963267948966, 3], [5.0, 3.0, 3.141592653589793, 4], [4.0, 3.0, 4.71238898038469, 5], [4.0, 3.0, 0.0, 6], [5.0, 3.0, 0.0, 7], [6.0, 3.0, 1.5707963267948966, 8]], "penalty_distance_0": [-0.024893534183931972, -0.019048148830442247, -0.006558628044260838, -0.0041636437671187, -0.008913925887551872, -0.03155517316160059, -0.035961359129274346, -0.02555969026089648], "penalty_distance_1": [-0.024893534183931972, -0.019048148830442247, -0.006558628044260838, -0.0041636437671187, -0.008913925887551872, -0.03155517316160059, -0.035961359129274346, -0.02555969026089648], "reward_progress_0": [0.0, -1.998401444325282e-17, 0.0, -1.6187051699034784e-17, 0.0, 0.11809800000000002, 0.10628820000000004, 0.09565938000000002], "reward_progress_1": [0.1, 0.0, 0.08100000000000002, 0.0, -0.06561, 0.0, 0.05314410000000001, 0.04782969000000001], "penalty_timestep_0": [-0.8], "penalty_timestep_1": [-0.8], "reward_lead_0": [1.0], "reward_lead_1": [-1.0], "payoff_total_0": [-0.024893534183931972, -0.04394168301437424, -0.05050031105863508, -0.05466395482575379, -0.06357788071330567, 0.022964946125093755, 0.09329178699581947, 0.163391476734923, 0.36339147673492295], "payoff_total_1": [0.07510646581606803, 0.056058316985625786, 0.13049968894136496, 0.12633604517424626, 0.051812119286694394, 0.020256946125093794, 0.037439686995819454, 0.05970968673492297, -1.740290313265077]}