{"alphat_eff_gamelength_4": [0.6153846153846154, 0.6153846153846154, 0.6153846153846154, 0.6153846153846154, 0.6153846153846154, 0.6153846153846154, 0.6153846153846154, 0.6153846153846154, 0.6153846153846154, 0.6153846153846154], "runtime_gamelength_4": [10.480888843536377, 10.545737504959106, 10.404361724853516, 10.46861481666565, 10.467452764511108, 10.53036642074585, 10.474252223968506, 10.525583744049072, 10.461259365081787, 10.478270053863525], "max_timestep": [4, 4, 4, 4, 4, 4, 4, 4, 4, 4], "winner": [[0, 0], [0, 0], [0, 0], [0, 0], [0, 0], [0, 0], [0, 0], [0, 0], [0, 0], [0, 0]], "runtime": [10.481147289276123, 10.545985221862793, 10.404608488082886, 10.468859195709229, 10.467713832855225, 10.530610799789429, 10.47450304031372, 10.525821685791016, 10.461497783660889, 10.478514194488525], "T_terminal": [1, 1, 1, 1, 1, 1, 1, 1, 1, 1], "trajectory_0": [[[1.0, 3.0, 0.0, 0], [3.0, 3.0, -1.5707963267948966, 1]], [[1.0, 3.0, 0.0, 0], [3.0, 3.0, 0.0, 1]], [[1.0, 3.0, 0.0, 0], [3.0, 3.0, 0.0, 1]], [[1.0, 3.0, 0.0, 0], [3.0, 3.0, 1.5707963267948966, 1]], [[1.0, 3.0, 0.0, 0], [3.0, 3.0, 0.0, 1]], [[1.0, 3.0, 0.0, 0], [3.0, 3.0, 0.0, 1]], [[1.0, 3.0, 0.0, 0], [3.0, 3.0, -1.5707963267948966, 1]], [[1.0, 3.0, 0.0, 0], [3.0, 3.0, 0.0, 1]], [[1.0, 3.0, 0.0, 0], [3.0, 3.0, 0.0, 1]], [[1.0, 3.0, 0.0, 0], [3.0, 3.0, -1.5707963267948966, 1]]], "trajectory_1": [[[3.0, 3.0, 0.0, 0], [5.0, 3.0, 0.0, 1]], [[3.0, 3.0, 0.0, 0], [5.0, 3.0, 0.0, 1]], [[3.0, 3.0, 0.0, 0], [5.0, 3.0, 0.0, 1]], [[3.0, 3.0, 0.0, 0], [5.0, 3.0, 0.0, 1]], [[3.0, 3.0, 0.0, 0], [5.0, 3.0, 0.0, 1]], [[3.0, 3.0, 0.0, 0], [5.0, 3.0, 0.0, 1]], [[3.0, 3.0, 0.0, 0], [5.0, 3.0, 0.0, 1]], [[3.0, 3.0, 0.0, 0], [5.0, 3.0, 0.0, 1]], [[3.0, 3.0, 0.0, 0], [5.0, 3.0, 0.0, 1]], [[3.0, 3.0, 0.0, 0], [5.0, 3.0, 0.0, 1]]], "coll_payoff_0": [[1.0], [1.0], [1.0], [1.0], [1.0], [1.0], [1.0], [1.0], [1.0], [1.0]], "lead_payoff_0": [[0.5], [0.5], [0.5], [0.5], [0.5], [0.5], [0.5], [0.5], [0.5], [0.5]], "coll_payoff_1": [[1.0], [1.0], [1.0], [1.0], [1.0], [1.0], [1.0], [1.0], [1.0], [1.0]], "lead_payoff_1": [[0.5], [0.5], [0.5], [0.5], [0.5], [0.5], [0.5], [0.5], [0.5], [0.5]], "payoff_total": [[[0.537356321762021, 0.6293103447352011]], [[0.537356321762021, 0.6293103447352011]], [[0.537356321762021, 0.6293103447352011]], [[0.537356321762021, 0.6293103447352011]], [[0.537356321762021, 0.6293103447352011]], [[0.537356321762021, 0.6293103447352011]], [[0.537356321762021, 0.6293103447352011]], [[0.537356321762021, 0.6293103447352011]], [[0.537356321762021, 0.6293103447352011]], [[0.537356321762021, 0.6293103447352011]]], "final_lead_payoff_0": [[0.43103448275862066], [0.43103448275862066], [0.43103448275862066], [0.43103448275862066], [0.43103448275862066], [0.43103448275862066], [0.43103448275862066], [0.43103448275862066], [0.43103448275862066], [0.43103448275862066]], "final_lead_payoff_1": [[0.5689655172413793], [0.5689655172413793], [0.5689655172413793], [0.5689655172413793], [0.5689655172413793], [0.5689655172413793], [0.5689655172413793], [0.5689655172413793], [0.5689655172413793], [0.5689655172413793]]}