{"alphat_eff_gamelength_2": [1.0, 1.0, 1.0, 1.0, 1.0, 1.0, 1.0, 1.0, 1.0, 1.0], "runtime_gamelength_2": [0.8766584396362305, 0.9784958362579346, 0.8941340446472168, 0.9274706840515137, 0.9950423240661621, 0.9322824478149414, 0.9813611507415771, 0.9605629444122314, 0.8873081207275391, 0.9090673923492432], "max_timestep": [1, 1, 1, 1, 1, 1, 1, 1, 1, 1], "alphat_eff_gamelength_1": [0.5, 0.5, 0.5, 1.0, 0.5, 0.5, 1.0, 0.5, 1.0, 0.5], "runtime_gamelength_1": [0.6065919399261475, 0.7102255821228027, 0.5889744758605957, 0.6787288188934326, 0.6432285308837891, 0.7017292976379395, 0.6550142765045166, 0.6932129859924316, 0.6301944255828857, 0.699596643447876], "winner": [[1, 0], [0, 1], [0, 0], [0, 0], [1, 0], [0, 1], [0, 0], [0, 1], [0, 0], [0, 0]], "runtime": [1.4834480285644531, 1.688934326171875, 1.4833810329437256, 1.6064229011535645, 1.638535499572754, 1.634310245513916, 1.636589765548706, 1.6542541980743408, 1.517728328704834, 1.6089098453521729], "T_terminal": [2, 2, 2, 2, 2, 2, 2, 2, 2, 2], "trajectory_0": [[[1.0, 0.0, 1.5707963267948966, 0], [1.0, 1.0, 1.5707963267948966, 1], [1.0, 2.0, 1.5707963267948966, 2]], [[1.0, 0.0, 1.5707963267948966, 0], [1.0, 0.0, 1.5707963267948966, 1], [1.0, 0.0, 1.5707963267948966, 2]], [[1.0, 0.0, 1.5707963267948966, 0], [1.0, 0.0, 1.5707963267948966, 1], [1.0, 1.0, 1.5707963267948966, 2]], [[1.0, 0.0, 1.5707963267948966, 0], [1.0, 1.0, 1.5707963267948966, 1], [1.0, 2.0, 1.5707963267948966, 2]], [[1.0, 0.0, 1.5707963267948966, 0], [1.0, 1.0, 1.5707963267948966, 1], [1.0, 2.0, 1.5707963267948966, 2]], [[1.0, 0.0, 1.5707963267948966, 0], [1.0, 0.0, 1.5707963267948966, 1], [1.0, 0.0, 1.5707963267948966, 2]], [[1.0, 0.0, 1.5707963267948966, 0], [1.0, 1.0, 1.5707963267948966, 1], [1.0, 2.0, 1.5707963267948966, 2]], [[1.0, 0.0, 1.5707963267948966, 0], [1.0, 0.0, 1.5707963267948966, 1], [1.0, 0.0, 1.5707963267948966, 2]], [[1.0, 0.0, 1.5707963267948966, 0], [1.0, 1.0, 1.5707963267948966, 1], [1.0, 2.0, 1.5707963267948966, 2]], [[1.0, 0.0, 1.5707963267948966, 0], [1.0, 0.0, 1.5707963267948966, 1], [1.0, 0.0, 1.5707963267948966, 2]]], "trajectory_1": [[[0.0, 1.0, 0.0, 0], [0.0, 1.0, 0.0, 1], [0.0, 1.0, 0.0, 2]], [[0.0, 1.0, 0.0, 0], [1.0, 1.0, 0.0, 1], [2.0, 1.0, 0.0, 2]], [[0.0, 1.0, 0.0, 0], [0.0, 1.0, 0.0, 1], [0.0, 1.0, 0.0, 2]], [[0.0, 1.0, 0.0, 0], [1.0, 1.0, 0.0, 1], [2.0, 1.0, 0.0, 2]], [[0.0, 1.0, 0.0, 0], [0.0, 1.0, 0.0, 1], [0.0, 1.0, 0.0, 2]], [[0.0, 1.0, 0.0, 0], [1.0, 1.0, 0.0, 1], [2.0, 1.0, 0.0, 2]], [[0.0, 1.0, 0.0, 0], [1.0, 1.0, 0.0, 1], [2.0, 1.0, 0.0, 2]], [[0.0, 1.0, 0.0, 0], [1.0, 1.0, 0.0, 1], [2.0, 1.0, 0.0, 2]], [[0.0, 1.0, 0.0, 0], [1.0, 1.0, 0.0, 1], [2.0, 1.0, 0.0, 2]], [[0.0, 1.0, 0.0, 0], [0.0, 1.0, 0.0, 1], [0.0, 1.0, 0.0, 2]]], "coll_payoff_0": [[1.0, 1.0], [1.0, 1.0], [1.0, 1.0], [0.0, 0.0], [1.0, 1.0], [1.0, 1.0], [0.0, 0.0], [1.0, 1.0], [0.0, 0.0], [1.0, 1.0]], "coll_payoff_1": [[1.0, 1.0], [1.0, 1.0], [1.0, 1.0], [0.0, 0.0], [1.0, 1.0], [1.0, 1.0], [0.0, 0.0], [1.0, 1.0], [0.0, 0.0], [1.0, 1.0]], "payoff_total": [[[0.999999999775, 0.999999999775], [1.0526315787105263, 1.0526315787105263]], [[0.999999999775, 0.999999999775], [1.0526315787105263, 1.0526315787105263]], [[0.999999999775, 0.999999999775], [1.0526315787105263, 1.0526315787105263]], [[0.0, 0.0], [0.0, 0.0]], [[0.999999999775, 0.999999999775], [1.0526315787105263, 1.0526315787105263]], [[0.999999999775, 0.999999999775], [1.0526315787105263, 1.0526315787105263]], [[0.0, 0.0], [0.0, 0.0]], [[0.999999999775, 0.999999999775], [1.0526315787105263, 1.0526315787105263]], [[0.0, 0.0], [0.0, 0.0]], [[0.999999999775, 0.999999999775], [1.0526315787105263, 1.0526315787105263]]], "final_lead_payoff_0": [[1.0], [0.0], [0.75], [0.5], [1.0], [0.0], [0.5], [0.0], [0.5], [0.5]], "final_lead_payoff_1": [[0.0], [1.0], [0.25], [0.5], [0.0], [1.0], [0.5], [1.0], [0.5], [0.5]]}