{"2": {"0": {"[1.0, 0]": {"num_count": 4358, "sum_payoffs": 1610.1787495706858, "action": [1.0, 0]}, "[0.0, 0]": {"num_count": 242, "sum_payoffs": 67.25024998206652, "action": [0.0, 0]}}, "1": {"[0.0, 0]": {"num_count": 316, "sum_payoffs": 91.48949997560285, "action": [0.0, 0]}, "[1.0, 0]": {"num_count": 4284, "sum_payoffs": 1584.1169995776338, "action": [1.0, 0]}}}, "1": {"0": {"[1.0, 0]": {"num_count": 4318, "sum_payoffs": 1759.5224995307185, "action": [1.0, 0]}, "[0.0, 0]": {"num_count": 282, "sum_payoffs": 107.32499997137971, "action": [0.0, 0]}}, "1": {"[0.0, 0]": {"num_count": 237, "sum_payoffs": 85.25249997726577, "action": [0.0, 0]}, "[1.0, 0]": {"num_count": 4363, "sum_payoffs": 1774.3049995267754, "action": [1.0, 0]}}}}