{"2": {"0": {"[1.0, 0]": {"num_count": 3432, "sum_payoffs": 1293.792749708884, "action": [1.0, 0]}, "[0.0, 0]": {"num_count": 1168, "sum_payoffs": 381.81374991409456, "action": [0.0, 0]}}, "1": {"[1.0, 0]": {"num_count": 3433, "sum_payoffs": 1295.7974997084323, "action": [1.0, 0]}, "[0.0, 0]": {"num_count": 1167, "sum_payoffs": 381.9959999140544, "action": [0.0, 0]}}}, "1": {"0": {"[0.0, 0]": {"num_count": 1622, "sum_payoffs": 628.5599998585724, "action": [0.0, 0]}, "[1.0, 0]": {"num_count": 2978, "sum_payoffs": 1233.6299997224262, "action": [1.0, 0]}}, "1": {"[1.0, 0]": {"num_count": 2950, "sum_payoffs": 1222.2899997249795, "action": [1.0, 0]}, "[0.0, 0]": {"num_count": 1650, "sum_payoffs": 641.5199998556571, "action": [0.0, 0]}}}}