{"7": {"0": {"[2.0, 1.5707963267948966]": {"num_count": 459, "sum_payoffs": 122.49364789495108, "action": [2.0, 1.5707963267948966]}, "[1.0, 0.0]": {"num_count": 465, "sum_payoffs": 124.6761348804363, "action": [1.0, 0.0]}, "[2.0, 0.0]": {"num_count": 511, "sum_payoffs": 141.52057382702162, "action": [2.0, 0.0]}, "[0.0, 1.5707963267948966]": {"num_count": 403, "sum_payoffs": 102.4316146216092, "action": [0.0, 1.5707963267948966]}, "[1.0, -1.5707963267948966]": {"num_count": 462, "sum_payoffs": 123.603045370697, "action": [1.0, -1.5707963267948966]}, "[0.0, 0.0]": {"num_count": 449, "sum_payoffs": 118.89457157432783, "action": [0.0, 0.0]}, "[2.0, -1.5707963267948966]": {"num_count": 486, "sum_payoffs": 132.38825919021954, "action": [2.0, -1.5707963267948966]}, "[0.0, -1.5707963267948966]": {"num_count": 417, "sum_payoffs": 107.29535647483605, "action": [0.0, -1.5707963267948966]}, "[1.0, 1.5707963267948966]": {"num_count": 448, "sum_payoffs": 118.58961622228941, "action": [1.0, 1.5707963267948966]}}, "1": {"[1.0, -1.5707963267948966]": {"num_count": 432, "sum_payoffs": 138.28321131662136, "action": [1.0, -1.5707963267948966]}, "[0.0, 0.0]": {"num_count": 434, "sum_payoffs": 139.11219691590978, "action": [0.0, 0.0]}, "[1.0, 1.5707963267948966]": {"num_count": 434, "sum_payoffs": 139.11803375127408, "action": [1.0, 1.5707963267948966]}, "[2.0, 0.0]": {"num_count": 545, "sum_payoffs": 186.20166146946022, "action": [2.0, 0.0]}, "[1.0, 0.0]": {"num_count": 490, "sum_payoffs": 162.66092501767037, "action": [1.0, 0.0]}, "[2.0, -1.5707963267948966]": {"num_count": 488, "sum_payoffs": 161.85679899205851, "action": [2.0, -1.5707963267948966]}, "[2.0, 1.5707963267948966]": {"num_count": 494, "sum_payoffs": 164.41294684386006, "action": [2.0, 1.5707963267948966]}, "[0.0, 1.5707963267948966]": {"num_count": 389, "sum_payoffs": 120.30241865258876, "action": [0.0, 1.5707963267948966]}, "[0.0, -1.5707963267948966]": {"num_count": 394, "sum_payoffs": 122.45124065855902, "action": [0.0, -1.5707963267948966]}}}}