{"2": {"0": {"[0.0, 0]": {"num_count": 673, "sum_payoffs": 102.74737497688258, "action": [0.0, 0]}, "[1.0, 0]": {"num_count": 1427, "sum_payoffs": 285.22178283056047, "action": [1.0, 0]}}, "1": {"[1.0, 0]": {"num_count": 1433, "sum_payoffs": 287.76765782998757, "action": [1.0, 0]}, "[0.0, 0]": {"num_count": 667, "sum_payoffs": 101.84174997708638, "action": [0.0, 0]}}}, "1": {"0": {"[0.0, 0]": {"num_count": 800, "sum_payoffs": 147.66749996677467, "action": [0.0, 0]}, "[1.0, 0]": {"num_count": 1300, "sum_payoffs": 278.7299999372823, "action": [1.0, 0]}}, "1": {"[0.0, 0]": {"num_count": 803, "sum_payoffs": 148.6799999665468, "action": [0.0, 0]}, "[1.0, 0]": {"num_count": 1297, "sum_payoffs": 278.32499993737343, "action": [1.0, 0]}}}}