{"12": {"0": {"[1.0, -1.5707963267948966]": {"num_count": 238, "sum_payoffs": 51.87490724955116, "action": [1.0, -1.5707963267948966]}, "[0.0, -1.5707963267948966]": {"num_count": 226, "sum_payoffs": 47.809968060793416, "action": [0.0, -1.5707963267948966]}, "[1.0, 1.5707963267948966]": {"num_count": 235, "sum_payoffs": 50.8323345948501, "action": [1.0, 1.5707963267948966]}, "[0.0, 1.5707963267948966]": {"num_count": 221, "sum_payoffs": 46.045384149352465, "action": [0.0, 1.5707963267948966]}, "[2.0, 0.0]": {"num_count": 238, "sum_payoffs": 51.893523727709294, "action": [2.0, 0.0]}, "[2.0, 1.5707963267948966]": {"num_count": 229, "sum_payoffs": 48.716397597977604, "action": [2.0, 1.5707963267948966]}, "[1.0, 0.0]": {"num_count": 237, "sum_payoffs": 51.48631429025939, "action": [1.0, 0.0]}, "[2.0, -1.5707963267948966]": {"num_count": 241, "sum_payoffs": 52.87306791808394, "action": [2.0, -1.5707963267948966]}, "[0.0, 0.0]": {"num_count": 235, "sum_payoffs": 50.74437515773264, "action": [0.0, 0.0]}}, "1": {"[0.0, 1.5707963267948966]": {"num_count": 204, "sum_payoffs": 49.62708470630406, "action": [0.0, 1.5707963267948966]}, "[0.0, -1.5707963267948966]": {"num_count": 213, "sum_payoffs": 53.2224027112325, "action": [0.0, -1.5707963267948966]}, "[0.0, 0.0]": {"num_count": 219, "sum_payoffs": 55.535996082995155, "action": [0.0, 0.0]}, "[2.0, 1.5707963267948966]": {"num_count": 243, "sum_payoffs": 64.72686032770797, "action": [2.0, 1.5707963267948966]}, "[2.0, 0.0]": {"num_count": 279, "sum_payoffs": 79.07808199042208, "action": [2.0, 0.0]}, "[2.0, -1.5707963267948966]": {"num_count": 238, "sum_payoffs": 62.879249347143976, "action": [2.0, -1.5707963267948966]}, "[1.0, 0.0]": {"num_count": 241, "sum_payoffs": 64.07934700135755, "action": [1.0, 0.0]}, "[1.0, 1.5707963267948966]": {"num_count": 232, "sum_payoffs": 60.46571119997243, "action": [1.0, 1.5707963267948966]}, "[1.0, -1.5707963267948966]": {"num_count": 231, "sum_payoffs": 60.06601050595276, "action": [1.0, -1.5707963267948966]}}}}