{"2": {"0": {"[0.0, 0]": {"num_count": 210, "sum_payoffs": 60.87149997869469, "action": [0.0, 0]}, "[1.0, 0]": {"num_count": 2890, "sum_payoffs": 1106.075249612898, "action": [1.0, 0]}}, "1": {"[1.0, 0]": {"num_count": 2865, "sum_payoffs": 1031.3527496390664, "action": [1.0, 0]}, "[0.0, 0]": {"num_count": 235, "sum_payoffs": 61.96499997831196, "action": [0.0, 0]}}}, "1": {"0": {"[0.0, 0]": {"num_count": 175, "sum_payoffs": 61.35749997852474, "action": [0.0, 0]}, "[1.0, 0]": {"num_count": 2925, "sum_payoffs": 1197.7874995807588, "action": [1.0, 0]}}, "1": {"[0.0, 0]": {"num_count": 213, "sum_payoffs": 74.11499997405957, "action": [0.0, 0]}, "[1.0, 0]": {"num_count": 2887, "sum_payoffs": 1177.7399995877718, "action": [1.0, 0]}}}}