{"alphat_eff_gamelength_10": {"mean": 1.5384615384615385, "variance": 0.0}, "runtime_gamelength_10": {"mean": 2.5141515493392945, "variance": 0.014113316188643806}, "max_timestep": {"mean": 10.0, "variance": 0.0}, "winner": {"mean": [0.0, 0.0], "variance": [0.0, 0.0]}, "runtime": {"mean": 2.5144036769866944, "variance": 0.014116884391128223}, "T_terminal": {"mean": 1.0, "variance": 0.0}, "trajectory_0": {"mean": [[1.0, 3.0, 0.0, 0.0], [1.8, 3.0, 0.0, 1.0]], "variance": [[0.0, 0.0, 0.0, 0.0], [0.36, 0.0, 1.480440660163404, 0.0]]}, "trajectory_1": {"mean": [[3.0, 3.0, 0.0, 0.0], [4.9, 3.0, 0.15707963267948966, 1.0]], "variance": [[0.0, 0.0, 0.0, 0.0], [0.09, 0.0, 0.22206609902451047, 0.0]]}, "coll_payoff_0": {"mean": [1.0], "variance": [0.0]}, "lead_payoff_0": {"mean": [0.225], "variance": [0.018125]}, "coll_payoff_1": {"mean": [1.0], "variance": [0.0]}, "lead_payoff_1": {"mean": [0.775], "variance": [0.018125]}, "payoff_total": {"mean": [[0.4662356321164104, 0.7004310343808118]], "variance": [[0.0012122844824326508, 0.001212284482432654]]}, "final_lead_payoff_0": {"mean": [0.3931034482758621], "variance": [0.00034482758620689636]}, "final_lead_payoff_1": {"mean": [0.6068965517241379], "variance": [0.00034482758620689707]}}