{"14": {"0": {"[1.0, 1.5707963267948966]": {"num_count": 173, "sum_payoffs": 38.58746514905297, "action": [1.0, 1.5707963267948966]}, "[2.0, 1.5707963267948966]": {"num_count": 172, "sum_payoffs": 38.23496831007357, "action": [2.0, 1.5707963267948966]}, "[0.0, 1.5707963267948966]": {"num_count": 172, "sum_payoffs": 38.19880882097813, "action": [0.0, 1.5707963267948966]}, "[1.0, 0.0]": {"num_count": 179, "sum_payoffs": 40.758931758986044, "action": [1.0, 0.0]}, "[0.0, -1.5707963267948966]": {"num_count": 177, "sum_payoffs": 40.05845508587979, "action": [0.0, -1.5707963267948966]}, "[2.0, 0.0]": {"num_count": 194, "sum_payoffs": 46.31338193342415, "action": [2.0, 0.0]}, "[0.0, 0.0]": {"num_count": 172, "sum_payoffs": 38.22524863292256, "action": [0.0, 0.0]}, "[1.0, -1.5707963267948966]": {"num_count": 180, "sum_payoffs": 41.1156249930072, "action": [1.0, -1.5707963267948966]}, "[2.0, -1.5707963267948966]": {"num_count": 181, "sum_payoffs": 41.56643683238358, "action": [2.0, -1.5707963267948966]}}, "1": {"[0.0, 1.5707963267948966]": {"num_count": 264, "sum_payoffs": 54.21151272457097, "action": [0.0, 1.5707963267948966]}, "[1.0, 0.0]": {"num_count": 270, "sum_payoffs": 56.095875870299274, "action": [1.0, 0.0]}, "[1.0, -1.5707963267948966]": {"num_count": 280, "sum_payoffs": 59.36032688790568, "action": [1.0, -1.5707963267948966]}, "[1.0, 1.5707963267948966]": {"num_count": 267, "sum_payoffs": 55.213394101399125, "action": [1.0, 1.5707963267948966]}, "[0.0, 0.0]": {"num_count": 258, "sum_payoffs": 52.30268016022979, "action": [0.0, 0.0]}, "[0.0, -1.5707963267948966]": {"num_count": 261, "sum_payoffs": 53.1947833316379, "action": [0.0, -1.5707963267948966]}}}}