{"2": {"0": {"[0.0, 0]": {"num_count": 285, "sum_payoffs": 55.13699998529678, "action": [0.0, 0]}, "[1.0, 0]": {"num_count": 3815, "sum_payoffs": 946.4546050108454, "action": [1.0, 0]}}, "1": {"[1.0, 0]": {"num_count": 3865, "sum_payoffs": 952.2566050092993, "action": [1.0, 0]}, "[0.0, 0]": {"num_count": 235, "sum_payoffs": 46.17599998768638, "action": [0.0, 0]}}}, "1": {"0": {"[0.0, 0]": {"num_count": 255, "sum_payoffs": 63.34499998310774, "action": [0.0, 0]}, "[1.0, 0]": {"num_count": 3845, "sum_payoffs": 1069.7999997147465, "action": [1.0, 0]}}, "1": {"[0.0, 0]": {"num_count": 3792, "sum_payoffs": 997.0049997341714, "action": [0.0, 0]}, "[1.0, 0]": {"num_count": 308, "sum_payoffs": 85.64999997715994, "action": [1.0, 0]}}}}