{"7": {"0": {"[2.0, 1.5707963267948966]": {"num_count": 301, "sum_payoffs": 81.58564919373389, "action": [2.0, 1.5707963267948966]}, "[0.0, -1.5707963267948966]": {"num_count": 269, "sum_payoffs": 69.27254740623381, "action": [0.0, -1.5707963267948966]}, "[2.0, 0.0]": {"num_count": 298, "sum_payoffs": 80.45856921710961, "action": [2.0, 0.0]}, "[0.0, 1.5707963267948966]": {"num_count": 259, "sum_payoffs": 65.51375843744927, "action": [0.0, 1.5707963267948966]}, "[1.0, -1.5707963267948966]": {"num_count": 292, "sum_payoffs": 78.11569456378385, "action": [1.0, -1.5707963267948966]}, "[0.0, 0.0]": {"num_count": 289, "sum_payoffs": 76.97777665245329, "action": [0.0, 0.0]}, "[1.0, 1.5707963267948966]": {"num_count": 289, "sum_payoffs": 76.94758534729807, "action": [1.0, 1.5707963267948966]}, "[1.0, 0.0]": {"num_count": 303, "sum_payoffs": 82.34971343989966, "action": [1.0, 0.0]}, "[2.0, -1.5707963267948966]": {"num_count": 300, "sum_payoffs": 81.22583941504519, "action": [2.0, -1.5707963267948966]}}, "1": {"[2.0, -1.5707963267948966]": {"num_count": 303, "sum_payoffs": 100.29624540290972, "action": [2.0, -1.5707963267948966]}, "[0.0, 0.0]": {"num_count": 270, "sum_payoffs": 85.74537701803104, "action": [0.0, 0.0]}, "[1.0, 1.5707963267948966]": {"num_count": 272, "sum_payoffs": 86.62678464515264, "action": [1.0, 1.5707963267948966]}, "[2.0, 1.5707963267948966]": {"num_count": 309, "sum_payoffs": 103.02207456339782, "action": [2.0, 1.5707963267948966]}, "[1.0, -1.5707963267948966]": {"num_count": 280, "sum_payoffs": 90.20341661638146, "action": [1.0, -1.5707963267948966]}, "[0.0, 1.5707963267948966]": {"num_count": 260, "sum_payoffs": 81.24958928584142, "action": [0.0, 1.5707963267948966]}, "[0.0, -1.5707963267948966]": {"num_count": 251, "sum_payoffs": 77.49745317566736, "action": [0.0, -1.5707963267948966]}, "[2.0, 0.0]": {"num_count": 340, "sum_payoffs": 116.94484026061373, "action": [2.0, 0.0]}, "[1.0, 0.0]": {"num_count": 315, "sum_payoffs": 105.63012529945104, "action": [1.0, 0.0]}}}}