{"alphat_eff_gamelength_2": {"mean": 1.0, "variance": 0.0}, "runtime_gamelength_2": {"mean": 0.28474724292755127, "variance": 0.00024230885743747876}, "max_timestep": {"mean": 1.0, "variance": 0.0}, "alphat_eff_gamelength_1": {"mean": 0.85, "variance": 0.052500000000000005}, "runtime_gamelength_1": {"mean": 0.19696106910705566, "variance": 0.00010084567144531321}, "winner": {"mean": [0.1, 0.1], "variance": [0.09000000000000001, 0.09000000000000001]}, "runtime": {"mean": 0.481943941116333, "variance": 0.0003359353046698743}, "T_terminal": {"mean": 2.0, "variance": 0.0}, "trajectory_0": {"mean": [[1.0, 0.0, 1.5707963267948966, 0.0], [1.0, 0.8, 1.5707963267948966, 1.0], [1.0, 1.6, 1.5707963267948966, 2.0]], "variance": [[0.0, 0.0, 0.0, 0.0], [0.0, 0.16000000000000006, 0.0, 0.0], [0.0, 0.6400000000000002, 0.0, 0.0]]}, "trajectory_1": {"mean": [[0.0, 1.0, 0.0, 0.0], [0.8, 1.0, 0.0, 1.0], [1.7, 1.0, 0.0, 2.0]], "variance": [[0.0, 0.0, 0.0, 0.0], [0.16000000000000003, 0.0, 0.0, 0.0], [0.41, 0.0, 0.0, 0.0]]}, "coll_payoff_0": {"mean": [0.3, 0.3], "variance": [0.20999999999999996, 0.20999999999999996]}, "coll_payoff_1": {"mean": [0.3, 0.3], "variance": [0.20999999999999996, 0.20999999999999996]}, "payoff_total": {"mean": [[0.299999999895, 0.299999999895], [0.3157894735736842, 0.3157894735736842]], "variance": [[0.209999999853, 0.209999999853], [0.2326869804465374, 0.2326869804465374]]}, "final_lead_payoff_0": {"mean": [0.475], "variance": [0.055625]}, "final_lead_payoff_1": {"mean": [0.525], "variance": [0.055625]}}