{"10": {"0": {"[1.0, -1.5707963267948966]": {"num_count": 522, "sum_payoffs": 120.58038511644438, "action": [1.0, -1.5707963267948966]}, "[1.0, 1.5707963267948966]": {"num_count": 515, "sum_payoffs": 118.36343355066626, "action": [1.0, 1.5707963267948966]}, "[2.0, -1.5707963267948966]": {"num_count": 526, "sum_payoffs": 121.88597871047614, "action": [2.0, -1.5707963267948966]}, "[0.0, 1.5707963267948966]": {"num_count": 498, "sum_payoffs": 112.8970050533815, "action": [0.0, 1.5707963267948966]}, "[2.0, 1.5707963267948966]": {"num_count": 515, "sum_payoffs": 118.34918992490016, "action": [2.0, 1.5707963267948966]}, "[2.0, 0.0]": {"num_count": 526, "sum_payoffs": 121.83656446863391, "action": [2.0, 0.0]}, "[0.0, -1.5707963267948966]": {"num_count": 483, "sum_payoffs": 108.07364533380286, "action": [0.0, -1.5707963267948966]}, "[0.0, 0.0]": {"num_count": 502, "sum_payoffs": 114.18533881754725, "action": [0.0, 0.0]}, "[1.0, 0.0]": {"num_count": 513, "sum_payoffs": 117.72896333638546, "action": [1.0, 0.0]}}, "1": {"[1.0, -1.5707963267948966]": {"num_count": 498, "sum_payoffs": 137.9636006872657, "action": [1.0, -1.5707963267948966]}, "[0.0, 0.0]": {"num_count": 482, "sum_payoffs": 132.0651551366916, "action": [0.0, 0.0]}, "[1.0, 1.5707963267948966]": {"num_count": 486, "sum_payoffs": 133.58917872682613, "action": [1.0, 1.5707963267948966]}, "[0.0, 1.5707963267948966]": {"num_count": 438, "sum_payoffs": 115.9868566304038, "action": [0.0, 1.5707963267948966]}, "[2.0, 1.5707963267948966]": {"num_count": 527, "sum_payoffs": 148.73273654447786, "action": [2.0, 1.5707963267948966]}, "[1.0, 0.0]": {"num_count": 555, "sum_payoffs": 159.0975842566612, "action": [1.0, 0.0]}, "[2.0, -1.5707963267948966]": {"num_count": 558, "sum_payoffs": 160.3146967846334, "action": [2.0, -1.5707963267948966]}, "[0.0, -1.5707963267948966]": {"num_count": 453, "sum_payoffs": 121.49867890511128, "action": [0.0, -1.5707963267948966]}, "[2.0, 0.0]": {"num_count": 603, "sum_payoffs": 177.21132681781071, "action": [2.0, 0.0]}}}}