{"2": {"0": {"[0.0, 0]": {"num_count": 877, "sum_payoffs": 160.75619996784965, "action": [0.0, 0]}, "[1.0, 0]": {"num_count": 2223, "sum_payoffs": 519.6721262118399, "action": [1.0, 0]}}, "1": {"[1.0, 0]": {"num_count": 2223, "sum_payoffs": 521.4496262114833, "action": [1.0, 0]}, "[0.0, 0]": {"num_count": 877, "sum_payoffs": 161.60309996768012, "action": [0.0, 0]}}}, "1": {"0": {"[0.0, 0]": {"num_count": 1546, "sum_payoffs": 376.03799992478474, "action": [0.0, 0]}, "[1.0, 0]": {"num_count": 1554, "sum_payoffs": 378.3419999243239, "action": [1.0, 0]}}, "1": {"[0.0, 0]": {"num_count": 1546, "sum_payoffs": 376.03799992478474, "action": [0.0, 0]}, "[1.0, 0]": {"num_count": 1554, "sum_payoffs": 378.3419999243239, "action": [1.0, 0]}}}}