{"2": {"0": {"[1.0, 0]": {"num_count": 1812, "sum_payoffs": 6.186315785761895, "action": [1.0, 0]}, "[0.0, 0]": {"num_count": 1788, "sum_payoffs": 4.94999999703, "action": [0.0, 0]}}, "1": {"[0.0, 0]": {"num_count": 1806, "sum_payoffs": 5.84999999649, "action": [0.0, 0]}, "[1.0, 0]": {"num_count": 1794, "sum_payoffs": 5.286315786301895, "action": [1.0, 0]}}}, "1": {"0": {"[0.0, 0]": {"num_count": 1781, "sum_payoffs": 0.0, "action": [0.0, 0]}, "[1.0, 0]": {"num_count": 1819, "sum_payoffs": 1.79999999892, "action": [1.0, 0]}}, "1": {"[0.0, 0]": {"num_count": 1800, "sum_payoffs": 0.89999999946, "action": [0.0, 0]}, "[1.0, 0]": {"num_count": 1800, "sum_payoffs": 0.89999999946, "action": [1.0, 0]}}}}