{"2": {"0": {"[0.0, 0]": {"num_count": 625, "sum_payoffs": 48.2574374891424, "action": [0.0, 0]}, "[1.0, 0]": {"num_count": 975, "sum_payoffs": 105.1961743184371, "action": [1.0, 0]}}, "1": {"[0.0, 0]": {"num_count": 621, "sum_payoffs": 47.665124989275654, "action": [0.0, 0]}, "[1.0, 0]": {"num_count": 979, "sum_payoffs": 105.78848681830382, "action": [1.0, 0]}}}, "1": {"0": {"[0.0, 0]": {"num_count": 756, "sum_payoffs": 74.48624998324094, "action": [0.0, 0]}, "[1.0, 0]": {"num_count": 844, "sum_payoffs": 89.48812497986457, "action": [1.0, 0]}}, "1": {"[1.0, 0]": {"num_count": 843, "sum_payoffs": 89.38687497988735, "action": [1.0, 0]}, "[0.0, 0]": {"num_count": 757, "sum_payoffs": 74.68874998319536, "action": [0.0, 0]}}}}