{"4": {"0": {"[2.0, 0.0]": {"num_count": 12, "sum_payoffs": 4.559414227092814, "action": [2.0, 0.0]}, "[2.0, 1.5707963267948966]": {"num_count": 10, "sum_payoffs": 3.1796635349475255, "action": [2.0, 1.5707963267948966]}, "[0.0, 0.0]": {"num_count": 11, "sum_payoffs": 3.7967093913657757, "action": [0.0, 0.0]}, "[2.0, -1.5707963267948966]": {"num_count": 11, "sum_payoffs": 3.8735731322787736, "action": [2.0, -1.5707963267948966]}, "[1.0, -1.5707963267948966]": {"num_count": 12, "sum_payoffs": 4.732606083299497, "action": [1.0, -1.5707963267948966]}, "[0.0, 1.5707963267948966]": {"num_count": 11, "sum_payoffs": 3.6415894470241317, "action": [0.0, 1.5707963267948966]}, "[0.0, -1.5707963267948966]": {"num_count": 11, "sum_payoffs": 3.963586649089117, "action": [0.0, -1.5707963267948966]}, "[1.0, 1.5707963267948966]": {"num_count": 11, "sum_payoffs": 3.6768555799725067, "action": [1.0, 1.5707963267948966]}, "[1.0, 0.0]": {"num_count": 11, "sum_payoffs": 3.734259570216181, "action": [1.0, 0.0]}}, "1": {"[1.0, 0.0]": {"num_count": 17, "sum_payoffs": 6.475398209876001, "action": [1.0, 0.0]}, "[0.0, 0.0]": {"num_count": 16, "sum_payoffs": 5.732327964848594, "action": [0.0, 0.0]}, "[0.0, 1.5707963267948966]": {"num_count": 16, "sum_payoffs": 5.5587158749568175, "action": [0.0, 1.5707963267948966]}, "[0.0, -1.5707963267948966]": {"num_count": 16, "sum_payoffs": 5.519230709944301, "action": [0.0, -1.5707963267948966]}, "[1.0, 1.5707963267948966]": {"num_count": 17, "sum_payoffs": 6.568239083374802, "action": [1.0, 1.5707963267948966]}, "[1.0, -1.5707963267948966]": {"num_count": 18, "sum_payoffs": 7.067547791732312, "action": [1.0, -1.5707963267948966]}}}}