{"8": {"0": {"[0.0, 0.0]": {"num_count": 335, "sum_payoffs": 92.71557230438857, "action": [0.0, 0.0]}, "[2.0, 0.0]": {"num_count": 371, "sum_payoffs": 106.68284637128819, "action": [2.0, 0.0]}, "[2.0, 1.5707963267948966]": {"num_count": 345, "sum_payoffs": 96.61798213683645, "action": [2.0, 1.5707963267948966]}, "[1.0, 0.0]": {"num_count": 351, "sum_payoffs": 98.95780293483267, "action": [1.0, 0.0]}, "[0.0, -1.5707963267948966]": {"num_count": 323, "sum_payoffs": 88.02277170891965, "action": [0.0, -1.5707963267948966]}, "[0.0, 1.5707963267948966]": {"num_count": 331, "sum_payoffs": 91.08838111206919, "action": [0.0, 1.5707963267948966]}, "[2.0, -1.5707963267948966]": {"num_count": 361, "sum_payoffs": 102.84985559268351, "action": [2.0, -1.5707963267948966]}, "[1.0, -1.5707963267948966]": {"num_count": 346, "sum_payoffs": 97.01658611132265, "action": [1.0, -1.5707963267948966]}, "[1.0, 1.5707963267948966]": {"num_count": 337, "sum_payoffs": 93.52556775793087, "action": [1.0, 1.5707963267948966]}}, "1": {"[0.0, 1.5707963267948966]": {"num_count": 475, "sum_payoffs": 124.05622814827049, "action": [0.0, 1.5707963267948966]}, "[1.0, 1.5707963267948966]": {"num_count": 540, "sum_payoffs": 147.18800951194314, "action": [1.0, 1.5707963267948966]}, "[0.0, 0.0]": {"num_count": 498, "sum_payoffs": 132.14471909289188, "action": [0.0, 0.0]}, "[1.0, -1.5707963267948966]": {"num_count": 532, "sum_payoffs": 144.30915651059172, "action": [1.0, -1.5707963267948966]}, "[1.0, 0.0]": {"num_count": 569, "sum_payoffs": 157.6844434035276, "action": [1.0, 0.0]}, "[0.0, -1.5707963267948966]": {"num_count": 486, "sum_payoffs": 127.96298271380438, "action": [0.0, -1.5707963267948966]}}}}