{"alphat_eff_gamelength_9": {"mean": 1.3846153846153848, "variance": 4.930380657631324e-32}, "runtime_gamelength_9": {"mean": 35.337038397789, "variance": 0.0459736930615378}, "max_timestep": {"mean": 9.0, "variance": 0.0}, "winner": {"mean": [0.0, 0.0], "variance": [0.0, 0.0]}, "runtime": {"mean": 35.33731644153595, "variance": 0.045972161019438434}, "T_terminal": {"mean": 1.0, "variance": 0.0}, "trajectory_0": {"mean": [[1.0, 3.0, 0.0, 0.0], [2.9, 3.0, -0.15707963267948966, 1.0]], "variance": [[0.0, 0.0, 0.0, 0.0], [0.09, 0.0, 1.2090265391334463, 0.0]]}, "trajectory_1": {"mean": [[3.0, 3.0, 0.0, 0.0], [4.0, 3.0, 0.15707963267948966, 1.0]], "variance": [[0.0, 0.0, 0.0, 0.0], [0.0, 0.0, 0.7155463190789784, 0.0]]}, "coll_payoff_0": {"mean": [1.0], "variance": [0.0]}, "lead_payoff_0": {"mean": [0.6333333333333333], "variance": [0.009999999999999998]}, "coll_payoff_1": {"mean": [1.0], "variance": [0.0]}, "lead_payoff_1": {"mean": [0.36666666666666664], "variance": [0.009999999999999998]}, "payoff_total": {"mean": [[0.5802681991506162, 0.586398467346606]], "variance": [[0.0005552252607869494, 0.0005552252607869478]]}, "final_lead_payoff_0": {"mean": [0.46206896551724147], "variance": [0.00010701545778834729]}, "final_lead_payoff_1": {"mean": [0.5379310344827586], "variance": [0.00010701545778834764]}}