{"3": {"0": {"[1.0, 0.0]": {"num_count": 466, "sum_payoffs": 157.57209838509795, "action": [1.0, 0.0]}, "[1.0, 1.5707963267948966]": {"num_count": 540, "sum_payoffs": 189.86168901247066, "action": [1.0, 1.5707963267948966]}, "[2.0, -1.5707963267948966]": {"num_count": 607, "sum_payoffs": 219.67017828766313, "action": [2.0, -1.5707963267948966]}, "[2.0, 1.5707963267948966]": {"num_count": 552, "sum_payoffs": 195.26029131042313, "action": [2.0, 1.5707963267948966]}, "[2.0, 0.0]": {"num_count": 510, "sum_payoffs": 176.67599968898756, "action": [2.0, 0.0]}, "[0.0, 1.5707963267948966]": {"num_count": 452, "sum_payoffs": 151.55292107524758, "action": [0.0, 1.5707963267948966]}, "[0.0, 0.0]": {"num_count": 437, "sum_payoffs": 145.14867294992538, "action": [0.0, 0.0]}, "[1.0, -1.5707963267948966]": {"num_count": 565, "sum_payoffs": 200.94059959299932, "action": [1.0, -1.5707963267948966]}, "[0.0, -1.5707963267948966]": {"num_count": 471, "sum_payoffs": 159.83281572473493, "action": [0.0, -1.5707963267948966]}}, "1": {"[1.0, 1.5707963267948966]": {"num_count": 531, "sum_payoffs": 229.37395303060828, "action": [1.0, 1.5707963267948966]}, "[0.0, 1.5707963267948966]": {"num_count": 397, "sum_payoffs": 160.32958115998804, "action": [0.0, 1.5707963267948966]}, "[2.0, -1.5707963267948966]": {"num_count": 646, "sum_payoffs": 289.7827020622471, "action": [2.0, -1.5707963267948966]}, "[1.0, 0.0]": {"num_count": 492, "sum_payoffs": 208.99714553261902, "action": [1.0, 0.0]}, "[2.0, 1.5707963267948966]": {"num_count": 632, "sum_payoffs": 282.37999480628116, "action": [2.0, 1.5707963267948966]}, "[1.0, -1.5707963267948966]": {"num_count": 507, "sum_payoffs": 216.81520185455534, "action": [1.0, -1.5707963267948966]}, "[0.0, -1.5707963267948966]": {"num_count": 407, "sum_payoffs": 165.35235094698092, "action": [0.0, -1.5707963267948966]}, "[2.0, 0.0]": {"num_count": 614, "sum_payoffs": 272.70903327802756, "action": [2.0, 0.0]}, "[0.0, 0.0]": {"num_count": 374, "sum_payoffs": 148.7841110950632, "action": [0.0, 0.0]}}}}