{"alphat_eff_gamelength_8": {"mean": 1.2307692307692306, "variance": 4.930380657631324e-32}, "runtime_gamelength_8": {"mean": 44.26518318653107, "variance": 0.03012619912572575}, "max_timestep": {"mean": 8.0, "variance": 0.0}, "winner": {"mean": [0.0, 0.0], "variance": [0.0, 0.0]}, "runtime": {"mean": 44.26545386314392, "variance": 0.030124828334701304}, "T_terminal": {"mean": 1.0, "variance": 0.0}, "trajectory_0": {"mean": [[1.0, 3.0, 0.0, 0.0], [2.7, 3.0, -0.15707963267948966, 1.0]], "variance": [[0.0, 0.0, 0.0, 0.0], [0.21000000000000002, 0.0, 0.22206609902451052, 0.0]]}, "trajectory_1": {"mean": [[3.0, 3.0, 0.0, 0.0], [5.0, 3.0, 0.0, 1.0]], "variance": [[0.0, 0.0, 0.0, 0.0], [0.0, 0.0, 0.0, 0.0]]}, "coll_payoff_0": {"mean": [1.0], "variance": [0.0]}, "lead_payoff_0": {"mean": [0.425], "variance": [0.013125000000000001]}, "coll_payoff_1": {"mean": [1.0], "variance": [0.0]}, "lead_payoff_1": {"mean": [0.575], "variance": [0.013125000000000001]}, "payoff_total": {"mean": [[0.5179597700404909, 0.6487068964567311]], "variance": [[0.0008778611769339849, 0.000877861176933991]]}, "final_lead_payoff_0": {"mean": [0.4206896551724137], "variance": [0.00024970273483947614]}, "final_lead_payoff_1": {"mean": [0.5793103448275861], "variance": [0.00024970273483947614]}}