{"2": {"0": {"[0.0, 0]": {"num_count": 50, "sum_payoffs": 7.409013156227717, "action": [0.0, 0]}, "[1.0, 0]": {"num_count": 50, "sum_payoffs": 7.510174340415486, "action": [1.0, 0]}}, "1": {"[0.0, 0]": {"num_count": 50, "sum_payoffs": 7.317888156248219, "action": [0.0, 0]}, "[1.0, 0]": {"num_count": 50, "sum_payoffs": 7.419049340435988, "action": [1.0, 0]}}}, "1": {"0": {"[0.0, 0]": {"num_count": 49, "sum_payoffs": 5.433749998777407, "action": [0.0, 0]}, "[1.0, 0]": {"num_count": 51, "sum_payoffs": 6.193124998606545, "action": [1.0, 0]}}, "1": {"[1.0, 0]": {"num_count": 51, "sum_payoffs": 6.193124998606546, "action": [1.0, 0]}, "[0.0, 0]": {"num_count": 49, "sum_payoffs": 5.332499998800188, "action": [0.0, 0]}}}}