{"6": {"0": {"[2.0, 1.5707963267948966]": {"num_count": 67, "sum_payoffs": 20.67055502946394, "action": [2.0, 1.5707963267948966]}, "[0.0, -1.5707963267948966]": {"num_count": 67, "sum_payoffs": 20.746352248650368, "action": [0.0, -1.5707963267948966]}, "[2.0, -1.5707963267948966]": {"num_count": 68, "sum_payoffs": 21.282174442465426, "action": [2.0, -1.5707963267948966]}, "[1.0, 1.5707963267948966]": {"num_count": 67, "sum_payoffs": 20.747489530033743, "action": [1.0, 1.5707963267948966]}, "[1.0, 0.0]": {"num_count": 67, "sum_payoffs": 20.80541216833761, "action": [1.0, 0.0]}, "[2.0, 0.0]": {"num_count": 68, "sum_payoffs": 21.22913229573276, "action": [2.0, 0.0]}, "[0.0, 0.0]": {"num_count": 66, "sum_payoffs": 20.160532453977243, "action": [0.0, 0.0]}, "[0.0, 1.5707963267948966]": {"num_count": 63, "sum_payoffs": 18.67694672763883, "action": [0.0, 1.5707963267948966]}, "[1.0, -1.5707963267948966]": {"num_count": 67, "sum_payoffs": 20.800531888581514, "action": [1.0, -1.5707963267948966]}}, "1": {"[1.0, -1.5707963267948966]": {"num_count": 99, "sum_payoffs": 30.732576441649766, "action": [1.0, -1.5707963267948966]}, "[1.0, 0.0]": {"num_count": 109, "sum_payoffs": 35.51988682308103, "action": [1.0, 0.0]}, "[0.0, -1.5707963267948966]": {"num_count": 95, "sum_payoffs": 28.663894134466798, "action": [0.0, -1.5707963267948966]}, "[0.0, 0.0]": {"num_count": 98, "sum_payoffs": 30.238740996859224, "action": [0.0, 0.0]}, "[1.0, 1.5707963267948966]": {"num_count": 105, "sum_payoffs": 33.75670099970279, "action": [1.0, 1.5707963267948966]}, "[0.0, 1.5707963267948966]": {"num_count": 94, "sum_payoffs": 28.26870755138926, "action": [0.0, 1.5707963267948966]}}}}