{"9": {"0": {"[2.0, 1.5707963267948966]": {"num_count": 11, "sum_payoffs": 3.047549099845025, "action": [2.0, 1.5707963267948966]}, "[0.0, 0.0]": {"num_count": 11, "sum_payoffs": 3.1540368707345157, "action": [0.0, 0.0]}, "[2.0, -1.5707963267948966]": {"num_count": 11, "sum_payoffs": 2.8659455490752106, "action": [2.0, -1.5707963267948966]}, "[1.0, -1.5707963267948966]": {"num_count": 11, "sum_payoffs": 3.105400450273668, "action": [1.0, -1.5707963267948966]}, "[0.0, 1.5707963267948966]": {"num_count": 11, "sum_payoffs": 2.937848452430311, "action": [0.0, 1.5707963267948966]}, "[1.0, 1.5707963267948966]": {"num_count": 11, "sum_payoffs": 2.958003345071836, "action": [1.0, 1.5707963267948966]}, "[1.0, 0.0]": {"num_count": 12, "sum_payoffs": 3.6196401199255943, "action": [1.0, 0.0]}, "[0.0, -1.5707963267948966]": {"num_count": 11, "sum_payoffs": 3.0283689171033705, "action": [0.0, -1.5707963267948966]}, "[2.0, 0.0]": {"num_count": 11, "sum_payoffs": 2.9038130370288147, "action": [2.0, 0.0]}}, "1": {"[0.0, 0.0]": {"num_count": 16, "sum_payoffs": 3.815288718913246, "action": [0.0, 0.0]}, "[1.0, 0.0]": {"num_count": 18, "sum_payoffs": 5.228173626907403, "action": [1.0, 0.0]}, "[0.0, 1.5707963267948966]": {"num_count": 16, "sum_payoffs": 3.9227502201501947, "action": [0.0, 1.5707963267948966]}, "[1.0, 1.5707963267948966]": {"num_count": 17, "sum_payoffs": 4.567133129706249, "action": [1.0, 1.5707963267948966]}, "[1.0, -1.5707963267948966]": {"num_count": 16, "sum_payoffs": 3.8082571983792968, "action": [1.0, -1.5707963267948966]}, "[0.0, -1.5707963267948966]": {"num_count": 17, "sum_payoffs": 4.442423538206982, "action": [0.0, -1.5707963267948966]}}}}