{"2": {"0": {"[0.0, 0]": {"num_count": 2082, "sum_payoffs": 5.759999996544, "action": [0.0, 0]}, "[1.0, 0]": {"num_count": 2018, "sum_payoffs": 6.186315785761895, "action": [1.0, 0]}}, "1": {"[0.0, 0]": {"num_count": 2148, "sum_payoffs": 6.659999996004, "action": [0.0, 0]}, "[1.0, 0]": {"num_count": 1952, "sum_payoffs": 5.286315786301895, "action": [1.0, 0]}}}, "1": {"0": {"[1.0, 0]": {"num_count": 1857, "sum_payoffs": 0.0, "action": [1.0, 0]}, "[0.0, 0]": {"num_count": 2243, "sum_payoffs": 1.79999999892, "action": [0.0, 0]}}, "1": {"[0.0, 0]": {"num_count": 2069, "sum_payoffs": 0.89999999946, "action": [0.0, 0]}, "[1.0, 0]": {"num_count": 2031, "sum_payoffs": 0.89999999946, "action": [1.0, 0]}}}}