{"2": {"0": {"[1.0, 0]": {"num_count": 4155, "sum_payoffs": 313.1063525689475, "action": [1.0, 0]}, "[0.0, 0]": {"num_count": 445, "sum_payoffs": 27.725399994454808, "action": [0.0, 0]}}, "1": {"[1.0, 0]": {"num_count": 4212, "sum_payoffs": 322.42855256708043, "action": [1.0, 0]}, "[0.0, 0]": {"num_count": 388, "sum_payoffs": 23.797799995240382, "action": [0.0, 0]}}}, "1": {"0": {"[0.0, 0]": {"num_count": 444, "sum_payoffs": 30.4469999939105, "action": [0.0, 0]}, "[1.0, 0]": {"num_count": 4156, "sum_payoffs": 343.50299993130227, "action": [1.0, 0]}}, "1": {"[1.0, 0]": {"num_count": 4174, "sum_payoffs": 345.48749993090564, "action": [1.0, 0]}, "[0.0, 0]": {"num_count": 426, "sum_payoffs": 30.00149999399962, "action": [0.0, 0]}}}}