{"2": {"0": {"[1.0, 0]": {"num_count": 361, "sum_payoffs": 66.18275186835356, "action": [1.0, 0]}, "[0.0, 0]": {"num_count": 239, "sum_payoffs": 33.518892851396856, "action": [0.0, 0]}}, "1": {"[0.0, 0]": {"num_count": 235, "sum_payoffs": 32.82171428008782, "action": [0.0, 0]}, "[1.0, 0]": {"num_count": 365, "sum_payoffs": 67.81721615378773, "action": [1.0, 0]}}}, "1": {"0": {"[1.0, 0]": {"num_count": 353, "sum_payoffs": 67.5064285598557, "action": [1.0, 0]}, "[0.0, 0]": {"num_count": 247, "sum_payoffs": 38.092499993469815, "action": [0.0, 0]}}, "1": {"[1.0, 0]": {"num_count": 352, "sum_payoffs": 67.33285713131403, "action": [1.0, 0]}, "[0.0, 0]": {"num_count": 248, "sum_payoffs": 38.43964285055315, "action": [0.0, 0]}}}}