{"4": {"0": {"[0.0, 0.0]": {"num_count": 12, "sum_payoffs": 4.341738241733843, "action": [0.0, 0.0]}, "[1.0, 0.0]": {"num_count": 11, "sum_payoffs": 3.686423290127412, "action": [1.0, 0.0]}, "[0.0, 1.5707963267948966]": {"num_count": 11, "sum_payoffs": 3.5445734714881665, "action": [0.0, 1.5707963267948966]}, "[1.0, 1.5707963267948966]": {"num_count": 11, "sum_payoffs": 3.6830363796490886, "action": [1.0, 1.5707963267948966]}, "[1.0, -1.5707963267948966]": {"num_count": 11, "sum_payoffs": 3.794905843692044, "action": [1.0, -1.5707963267948966]}, "[2.0, 0.0]": {"num_count": 11, "sum_payoffs": 3.504116593784654, "action": [2.0, 0.0]}, "[2.0, 1.5707963267948966]": {"num_count": 11, "sum_payoffs": 3.469666428023816, "action": [2.0, 1.5707963267948966]}, "[2.0, -1.5707963267948966]": {"num_count": 11, "sum_payoffs": 3.7554924728237644, "action": [2.0, -1.5707963267948966]}, "[0.0, -1.5707963267948966]": {"num_count": 11, "sum_payoffs": 3.790364649859668, "action": [0.0, -1.5707963267948966]}}, "1": {"[2.0, 0.0]": {"num_count": 12, "sum_payoffs": 5.018483949312892, "action": [2.0, 0.0]}, "[0.0, 1.5707963267948966]": {"num_count": 10, "sum_payoffs": 3.4553273118842625, "action": [0.0, 1.5707963267948966]}, "[0.0, 0.0]": {"num_count": 11, "sum_payoffs": 4.619104712503656, "action": [0.0, 0.0]}, "[1.0, 1.5707963267948966]": {"num_count": 11, "sum_payoffs": 4.148835608343616, "action": [1.0, 1.5707963267948966]}, "[2.0, 1.5707963267948966]": {"num_count": 11, "sum_payoffs": 4.653174598777087, "action": [2.0, 1.5707963267948966]}, "[0.0, -1.5707963267948966]": {"num_count": 10, "sum_payoffs": 3.6755814588139923, "action": [0.0, -1.5707963267948966]}, "[2.0, -1.5707963267948966]": {"num_count": 11, "sum_payoffs": 4.640073347674412, "action": [2.0, -1.5707963267948966]}, "[1.0, -1.5707963267948966]": {"num_count": 11, "sum_payoffs": 4.294244798165174, "action": [1.0, -1.5707963267948966]}, "[1.0, 0.0]": {"num_count": 13, "sum_payoffs": 6.134287633019334, "action": [1.0, 0.0]}}}}