{"alphat_eff_gamelength_12": {"mean": 1.8461538461538463, "variance": 0.0}, "runtime_gamelength_12": {"mean": 17.15215048789978, "variance": 0.5602027998831909}, "max_timestep": {"mean": 12.0, "variance": 0.0}, "winner": {"mean": [0.0, 0.0], "variance": [0.0, 0.0]}, "runtime": {"mean": 17.15248215198517, "variance": 0.5602156011665699}, "T_terminal": {"mean": 1.0, "variance": 0.0}, "trajectory_0": {"mean": [[1.0, 3.0, 0.0, 0.0], [2.3, 3.0, -0.15707963267948966, 1.0]], "variance": [[0.0, 0.0, 0.0, 0.0], [0.61, 0.0, 0.22206609902451052, 0.0]]}, "trajectory_1": {"mean": [[3.0, 3.0, 0.0, 0.0], [4.8, 3.0, 0.0, 1.0]], "variance": [[0.0, 0.0, 0.0, 0.0], [0.15999999999999998, 0.0, 0.0, 0.0]]}, "coll_payoff_0": {"mean": [1.0], "variance": [0.0]}, "lead_payoff_0": {"mean": [0.375], "variance": [0.065625]}, "coll_payoff_1": {"mean": [1.0], "variance": [0.0]}, "lead_payoff_1": {"mean": [0.625], "variance": [0.065625]}, "payoff_total": {"mean": [[0.5050287355594707, 0.6616379309377514]], "variance": [[0.004389305884669946, 0.00438930588466995]]}, "final_lead_payoff_0": {"mean": [0.4137931034482759], "variance": [0.0012485136741973834]}, "final_lead_payoff_1": {"mean": [0.5862068965517241], "variance": [0.0012485136741973856]}}