{"2": {"0": {"[1.0, 0]": {"num_count": 1947, "sum_payoffs": 740.663999833331, "action": [1.0, 0]}, "[0.0, 0]": {"num_count": 653, "sum_payoffs": 205.76024995370528, "action": [0.0, 0]}}, "1": {"[1.0, 0]": {"num_count": 1918, "sum_payoffs": 731.186999835465, "action": [1.0, 0]}, "[0.0, 0]": {"num_count": 682, "sum_payoffs": 218.15324995091706, "action": [0.0, 0]}}}, "1": {"0": {"[1.0, 0]": {"num_count": 1311, "sum_payoffs": 531.5624998803888, "action": [1.0, 0]}, "[0.0, 0]": {"num_count": 1289, "sum_payoffs": 521.4374998826661, "action": [0.0, 0]}}, "1": {"[1.0, 0]": {"num_count": 1311, "sum_payoffs": 531.5624998803888, "action": [1.0, 0]}, "[0.0, 0]": {"num_count": 1289, "sum_payoffs": 521.4374998826661, "action": [0.0, 0]}}}}