{"2": {"0": {"[0.0, 0.0]": {"num_count": 283, "sum_payoffs": 62.00622513806066, "action": [0.0, 0.0]}, "[0.0, -1.5707963267948966]": {"num_count": 241, "sum_payoffs": 48.09845076667241, "action": [0.0, -1.5707963267948966]}, "[1.0, -1.5707963267948966]": {"num_count": 271, "sum_payoffs": 58.020989495649665, "action": [1.0, -1.5707963267948966]}, "[1.0, 0.0]": {"num_count": 312, "sum_payoffs": 71.88237401848812, "action": [1.0, 0.0]}, "[2.0, -1.5707963267948966]": {"num_count": 304, "sum_payoffs": 69.1861677741883, "action": [2.0, -1.5707963267948966]}, "[2.0, 0.0]": {"num_count": 369, "sum_payoffs": 91.65341240901631, "action": [2.0, 0.0]}, "[0.0, 1.5707963267948966]": {"num_count": 238, "sum_payoffs": 47.09895051696394, "action": [0.0, 1.5707963267948966]}, "[2.0, 1.5707963267948966]": {"num_count": 308, "sum_payoffs": 70.59709274625331, "action": [2.0, 1.5707963267948966]}, "[1.0, 1.5707963267948966]": {"num_count": 274, "sum_payoffs": 59.04080567435037, "action": [1.0, 1.5707963267948966]}}, "1": {"[1.0, 0.0]": {"num_count": 322, "sum_payoffs": 98.13327030512343, "action": [1.0, 0.0]}, "[0.0, -1.5707963267948966]": {"num_count": 234, "sum_payoffs": 62.25343848781743, "action": [0.0, -1.5707963267948966]}, "[0.0, 0.0]": {"num_count": 278, "sum_payoffs": 79.9305238552714, "action": [0.0, 0.0]}, "[1.0, 1.5707963267948966]": {"num_count": 270, "sum_payoffs": 76.68980725755816, "action": [1.0, 1.5707963267948966]}, "[1.0, -1.5707963267948966]": {"num_count": 273, "sum_payoffs": 77.94146403766588, "action": [1.0, -1.5707963267948966]}, "[2.0, 0.0]": {"num_count": 376, "sum_payoffs": 120.65673682896968, "action": [2.0, 0.0]}, "[2.0, -1.5707963267948966]": {"num_count": 306, "sum_payoffs": 91.49121090110516, "action": [2.0, -1.5707963267948966]}, "[0.0, 1.5707963267948966]": {"num_count": 235, "sum_payoffs": 62.70256175220445, "action": [0.0, 1.5707963267948966]}, "[2.0, 1.5707963267948966]": {"num_count": 306, "sum_payoffs": 91.49121090110515, "action": [2.0, 1.5707963267948966]}}}}