{"13": {"0": {"[1.0, -1.5707963267948966]": {"num_count": 175, "sum_payoffs": 40.29586053068949, "action": [1.0, -1.5707963267948966]}, "[2.0, 1.5707963267948966]": {"num_count": 181, "sum_payoffs": 42.496639767482584, "action": [2.0, 1.5707963267948966]}, "[2.0, 0.0]": {"num_count": 185, "sum_payoffs": 43.89844435486395, "action": [2.0, 0.0]}, "[0.0, 1.5707963267948966]": {"num_count": 175, "sum_payoffs": 40.32411781068671, "action": [0.0, 1.5707963267948966]}, "[0.0, -1.5707963267948966]": {"num_count": 174, "sum_payoffs": 39.81315971450055, "action": [0.0, -1.5707963267948966]}, "[0.0, 0.0]": {"num_count": 175, "sum_payoffs": 40.32003251563438, "action": [0.0, 0.0]}, "[2.0, -1.5707963267948966]": {"num_count": 178, "sum_payoffs": 41.35000948441169, "action": [2.0, -1.5707963267948966]}, "[1.0, 1.5707963267948966]": {"num_count": 178, "sum_payoffs": 41.453553534811284, "action": [1.0, 1.5707963267948966]}, "[1.0, 0.0]": {"num_count": 179, "sum_payoffs": 41.79797898321423, "action": [1.0, 0.0]}}, "1": {"[1.0, 1.5707963267948966]": {"num_count": 273, "sum_payoffs": 59.04345351910429, "action": [1.0, 1.5707963267948966]}, "[1.0, -1.5707963267948966]": {"num_count": 271, "sum_payoffs": 58.53387961841157, "action": [1.0, -1.5707963267948966]}, "[0.0, 0.0]": {"num_count": 256, "sum_payoffs": 53.51464300233329, "action": [0.0, 0.0]}, "[1.0, 0.0]": {"num_count": 275, "sum_payoffs": 59.81205420089259, "action": [1.0, 0.0]}, "[0.0, -1.5707963267948966]": {"num_count": 262, "sum_payoffs": 55.550607608754795, "action": [0.0, -1.5707963267948966]}, "[0.0, 1.5707963267948966]": {"num_count": 263, "sum_payoffs": 55.81227319170418, "action": [0.0, 1.5707963267948966]}}}}