{"2": {"0": {"[0.0, 0]": {"num_count": 46, "sum_payoffs": 7.510539471681403, "action": [0.0, 0]}, "[1.0, 0]": {"num_count": 54, "sum_payoffs": 11.543210523237608, "action": [1.0, 0]}}, "1": {"[0.0, 0]": {"num_count": 48, "sum_payoffs": 7.376999998032804, "action": [0.0, 0]}, "[1.0, 0]": {"num_count": 52, "sum_payoffs": 11.190749997015807, "action": [1.0, 0]}}}, "1": {"0": {"[0.0, 0]": {"num_count": 44, "sum_payoffs": 5.527499998526003, "action": [0.0, 0]}, "[1.0, 0]": {"num_count": 56, "sum_payoffs": 9.502499997466005, "action": [1.0, 0]}}, "1": {"[0.0, 0]": {"num_count": 52, "sum_payoffs": 6.877499998166004, "action": [0.0, 0]}, "[1.0, 0]": {"num_count": 48, "sum_payoffs": 8.557499997718004, "action": [1.0, 0]}}}}