{"13": {"0": {"[1.0, 1.5707963267948966]": {"num_count": 288, "sum_payoffs": 66.7699860353582, "action": [1.0, 1.5707963267948966]}, "[1.0, -1.5707963267948966]": {"num_count": 297, "sum_payoffs": 69.92315119454477, "action": [1.0, -1.5707963267948966]}, "[0.0, 1.5707963267948966]": {"num_count": 284, "sum_payoffs": 65.46275809009774, "action": [0.0, 1.5707963267948966]}, "[0.0, -1.5707963267948966]": {"num_count": 281, "sum_payoffs": 64.32456125034982, "action": [0.0, -1.5707963267948966]}, "[2.0, 1.5707963267948966]": {"num_count": 286, "sum_payoffs": 66.03451765945624, "action": [2.0, 1.5707963267948966]}, "[1.0, 0.0]": {"num_count": 289, "sum_payoffs": 67.14168812840518, "action": [1.0, 0.0]}, "[2.0, 0.0]": {"num_count": 300, "sum_payoffs": 71.06589171725629, "action": [2.0, 0.0]}, "[0.0, 0.0]": {"num_count": 281, "sum_payoffs": 64.37184357166984, "action": [0.0, 0.0]}, "[2.0, -1.5707963267948966]": {"num_count": 294, "sum_payoffs": 68.8502996985141, "action": [2.0, -1.5707963267948966]}}, "1": {"[1.0, -1.5707963267948966]": {"num_count": 460, "sum_payoffs": 100.61765231485626, "action": [1.0, -1.5707963267948966]}, "[1.0, 1.5707963267948966]": {"num_count": 443, "sum_payoffs": 95.3420449108332, "action": [1.0, 1.5707963267948966]}, "[0.0, -1.5707963267948966]": {"num_count": 427, "sum_payoffs": 90.3751878165801, "action": [0.0, -1.5707963267948966]}, "[0.0, 0.0]": {"num_count": 420, "sum_payoffs": 88.24707960892786, "action": [0.0, 0.0]}, "[0.0, 1.5707963267948966]": {"num_count": 417, "sum_payoffs": 87.37241141225034, "action": [0.0, 1.5707963267948966]}, "[1.0, 0.0]": {"num_count": 433, "sum_payoffs": 92.20907133055942, "action": [1.0, 0.0]}}}}