{"10": {"0": {"[0.0, 0.0]": {"num_count": 334, "sum_payoffs": 84.70669729439821, "action": [0.0, 0.0]}, "[1.0, 0.0]": {"num_count": 336, "sum_payoffs": 85.41750040624932, "action": [1.0, 0.0]}, "[1.0, 1.5707963267948966]": {"num_count": 352, "sum_payoffs": 91.18565549796818, "action": [1.0, 1.5707963267948966]}, "[0.0, 1.5707963267948966]": {"num_count": 329, "sum_payoffs": 82.86423354145471, "action": [0.0, 1.5707963267948966]}, "[0.0, -1.5707963267948966]": {"num_count": 336, "sum_payoffs": 85.37951167583996, "action": [0.0, -1.5707963267948966]}, "[1.0, -1.5707963267948966]": {"num_count": 350, "sum_payoffs": 90.570894568098, "action": [1.0, -1.5707963267948966]}, "[2.0, 0.0]": {"num_count": 352, "sum_payoffs": 91.26723059830084, "action": [2.0, 0.0]}, "[2.0, 1.5707963267948966]": {"num_count": 350, "sum_payoffs": 90.54773217478879, "action": [2.0, 1.5707963267948966]}, "[2.0, -1.5707963267948966]": {"num_count": 361, "sum_payoffs": 94.5514371997872, "action": [2.0, -1.5707963267948966]}}, "1": {"[0.0, -1.5707963267948966]": {"num_count": 486, "sum_payoffs": 113.52087532136633, "action": [0.0, -1.5707963267948966]}, "[1.0, -1.5707963267948966]": {"num_count": 543, "sum_payoffs": 132.14768961055213, "action": [1.0, -1.5707963267948966]}, "[1.0, 1.5707963267948966]": {"num_count": 530, "sum_payoffs": 127.86415454966995, "action": [1.0, 1.5707963267948966]}, "[0.0, 0.0]": {"num_count": 504, "sum_payoffs": 119.43385134528205, "action": [0.0, 0.0]}, "[1.0, 0.0]": {"num_count": 549, "sum_payoffs": 134.15971650551938, "action": [1.0, 0.0]}, "[0.0, 1.5707963267948966]": {"num_count": 488, "sum_payoffs": 114.12054298074605, "action": [0.0, 1.5707963267948966]}}}}