{"2": {"0": {"[1.0, 0]": {"num_count": 1070, "sum_payoffs": 6.186315785761895, "action": [1.0, 0]}, "[0.0, 0]": {"num_count": 1030, "sum_payoffs": 5.84999999649, "action": [0.0, 0]}}, "1": {"[0.0, 0]": {"num_count": 1021, "sum_payoffs": 5.84999999649, "action": [0.0, 0]}, "[1.0, 0]": {"num_count": 1079, "sum_payoffs": 6.186315785761895, "action": [1.0, 0]}}}, "1": {"0": {"[1.0, 0]": {"num_count": 1084, "sum_payoffs": 1.79999999892, "action": [1.0, 0]}, "[0.0, 0]": {"num_count": 1016, "sum_payoffs": 0.89999999946, "action": [0.0, 0]}}, "1": {"[0.0, 0]": {"num_count": 1005, "sum_payoffs": 0.89999999946, "action": [0.0, 0]}, "[1.0, 0]": {"num_count": 1095, "sum_payoffs": 1.79999999892, "action": [1.0, 0]}}}}