{"6": {"0": {"[0.0, -1.5707963267948966]": {"num_count": 218, "sum_payoffs": 59.46700211781856, "action": [0.0, -1.5707963267948966]}, "[1.0, -1.5707963267948966]": {"num_count": 236, "sum_payoffs": 66.76545348916358, "action": [1.0, -1.5707963267948966]}, "[1.0, 0.0]": {"num_count": 238, "sum_payoffs": 67.65870360814095, "action": [1.0, 0.0]}, "[2.0, -1.5707963267948966]": {"num_count": 239, "sum_payoffs": 67.86806740407505, "action": [2.0, -1.5707963267948966]}, "[2.0, 0.0]": {"num_count": 250, "sum_payoffs": 72.60630899169549, "action": [2.0, 0.0]}, "[0.0, 0.0]": {"num_count": 227, "sum_payoffs": 63.16393415202117, "action": [0.0, 0.0]}, "[2.0, 1.5707963267948966]": {"num_count": 243, "sum_payoffs": 69.64576753174946, "action": [2.0, 1.5707963267948966]}, "[1.0, 1.5707963267948966]": {"num_count": 230, "sum_payoffs": 64.3649572802781, "action": [1.0, 1.5707963267948966]}, "[0.0, 1.5707963267948966]": {"num_count": 219, "sum_payoffs": 59.765621019234736, "action": [0.0, 1.5707963267948966]}}, "1": {"[1.0, 0.0]": {"num_count": 243, "sum_payoffs": 85.54062873933812, "action": [1.0, 0.0]}, "[2.0, 1.5707963267948966]": {"num_count": 250, "sum_payoffs": 88.94320819409039, "action": [2.0, 1.5707963267948966]}, "[0.0, 1.5707963267948966]": {"num_count": 209, "sum_payoffs": 69.49463362743093, "action": [0.0, 1.5707963267948966]}, "[1.0, -1.5707963267948966]": {"num_count": 220, "sum_payoffs": 74.72342882469842, "action": [1.0, -1.5707963267948966]}, "[0.0, 0.0]": {"num_count": 214, "sum_payoffs": 71.84192763291938, "action": [0.0, 0.0]}, "[0.0, -1.5707963267948966]": {"num_count": 203, "sum_payoffs": 66.63972615960633, "action": [0.0, -1.5707963267948966]}, "[2.0, 0.0]": {"num_count": 279, "sum_payoffs": 103.00909662597027, "action": [2.0, 0.0]}, "[1.0, 1.5707963267948966]": {"num_count": 229, "sum_payoffs": 78.8724480956178, "action": [1.0, 1.5707963267948966]}, "[2.0, -1.5707963267948966]": {"num_count": 253, "sum_payoffs": 90.40523700258187, "action": [2.0, -1.5707963267948966]}}}}