{"2": {"0": {"[2.0, 1.5707963267948966]": {"num_count": 572, "sum_payoffs": 131.10303541699986, "action": [2.0, 1.5707963267948966]}, "[1.0, -1.5707963267948966]": {"num_count": 469, "sum_payoffs": 99.12793601553143, "action": [1.0, -1.5707963267948966]}, "[0.0, 1.5707963267948966]": {"num_count": 401, "sum_payoffs": 78.56723810704814, "action": [0.0, 1.5707963267948966]}, "[1.0, 0.0]": {"num_count": 573, "sum_payoffs": 131.43091495548722, "action": [1.0, 0.0]}, "[2.0, -1.5707963267948966]": {"num_count": 549, "sum_payoffs": 123.92977422270253, "action": [2.0, -1.5707963267948966]}, "[1.0, 1.5707963267948966]": {"num_count": 474, "sum_payoffs": 100.61708274626915, "action": [1.0, 1.5707963267948966]}, "[0.0, -1.5707963267948966]": {"num_count": 396, "sum_payoffs": 76.97379569808, "action": [0.0, -1.5707963267948966]}, "[2.0, 0.0]": {"num_count": 694, "sum_payoffs": 170.10983635787238, "action": [2.0, 0.0]}, "[0.0, 0.0]": {"num_count": 472, "sum_payoffs": 100.01037523058662, "action": [0.0, 0.0]}}, "1": {"[2.0, 1.5707963267948966]": {"num_count": 563, "sum_payoffs": 167.54883425066072, "action": [2.0, 1.5707963267948966]}, "[0.0, -1.5707963267948966]": {"num_count": 389, "sum_payoffs": 102.07396300151518, "action": [0.0, -1.5707963267948966]}, "[2.0, -1.5707963267948966]": {"num_count": 561, "sum_payoffs": 166.80996455518604, "action": [2.0, -1.5707963267948966]}, "[0.0, 1.5707963267948966]": {"num_count": 388, "sum_payoffs": 101.73500204726625, "action": [0.0, 1.5707963267948966]}, "[1.0, -1.5707963267948966]": {"num_count": 475, "sum_payoffs": 134.02928968070222, "action": [1.0, -1.5707963267948966]}, "[1.0, 1.5707963267948966]": {"num_count": 465, "sum_payoffs": 130.23401340642158, "action": [1.0, 1.5707963267948966]}, "[1.0, 0.0]": {"num_count": 575, "sum_payoffs": 172.14539466537, "action": [1.0, 0.0]}, "[2.0, 0.0]": {"num_count": 706, "sum_payoffs": 223.14755661937954, "action": [2.0, 0.0]}, "[0.0, 0.0]": {"num_count": 478, "sum_payoffs": 135.20576665943327, "action": [0.0, 0.0]}}}}