{"2": {"0": {"[1.0, 0]": {"num_count": 2877, "sum_payoffs": 716.9111051317371, "action": [1.0, 0]}, "[0.0, 0]": {"num_count": 223, "sum_payoffs": 45.089999991733514, "action": [0.0, 0]}}, "1": {"[1.0, 0]": {"num_count": 2919, "sum_payoffs": 720.3131051311127, "action": [1.0, 0]}, "[0.0, 0]": {"num_count": 181, "sum_payoffs": 30.26699999445111, "action": [0.0, 0]}}}, "1": {"0": {"[1.0, 0]": {"num_count": 2908, "sum_payoffs": 793.3199998546123, "action": [1.0, 0]}, "[0.0, 0]": {"num_count": 192, "sum_payoffs": 47.00999999138144, "action": [0.0, 0]}}, "1": {"[0.0, 0]": {"num_count": 237, "sum_payoffs": 56.59499998962418, "action": [0.0, 0]}, "[1.0, 0]": {"num_count": 2863, "sum_payoffs": 779.1449998572099, "action": [1.0, 0]}}}}