{"6": {"0": {"[1.0, 0.0]": {"num_count": 286, "sum_payoffs": 88.21953762511109, "action": [1.0, 0.0]}, "[0.0, 0.0]": {"num_count": 271, "sum_payoffs": 81.84262666450725, "action": [0.0, 0.0]}, "[1.0, 1.5707963267948966]": {"num_count": 292, "sum_payoffs": 90.76688928685152, "action": [1.0, 1.5707963267948966]}, "[2.0, -1.5707963267948966]": {"num_count": 303, "sum_payoffs": 95.53469730669494, "action": [2.0, -1.5707963267948966]}, "[0.0, 1.5707963267948966]": {"num_count": 271, "sum_payoffs": 81.92757393236913, "action": [0.0, 1.5707963267948966]}, "[2.0, 1.5707963267948966]": {"num_count": 305, "sum_payoffs": 96.42747982474012, "action": [2.0, 1.5707963267948966]}, "[1.0, -1.5707963267948966]": {"num_count": 292, "sum_payoffs": 90.72936978187761, "action": [1.0, -1.5707963267948966]}, "[0.0, -1.5707963267948966]": {"num_count": 272, "sum_payoffs": 82.28069411952877, "action": [0.0, -1.5707963267948966]}, "[2.0, 0.0]": {"num_count": 308, "sum_payoffs": 97.63624310666079, "action": [2.0, 0.0]}}, "1": {"[1.0, -1.5707963267948966]": {"num_count": 454, "sum_payoffs": 141.78229448128778, "action": [1.0, -1.5707963267948966]}, "[1.0, 0.0]": {"num_count": 471, "sum_payoffs": 148.74499759014213, "action": [1.0, 0.0]}, "[1.0, 1.5707963267948966]": {"num_count": 461, "sum_payoffs": 144.62243625799383, "action": [1.0, 1.5707963267948966]}, "[0.0, -1.5707963267948966]": {"num_count": 393, "sum_payoffs": 117.2513044406686, "action": [0.0, -1.5707963267948966]}, "[0.0, 0.0]": {"num_count": 412, "sum_payoffs": 124.84904438814404, "action": [0.0, 0.0]}, "[0.0, 1.5707963267948966]": {"num_count": 409, "sum_payoffs": 123.68102488303565, "action": [0.0, 1.5707963267948966]}}}}