{"2": {"0": {"[1.0, 0]": {"num_count": 1973, "sum_payoffs": 205.66148679582656, "action": [1.0, 0]}, "[0.0, 0]": {"num_count": 1127, "sum_payoffs": 84.57074998097197, "action": [0.0, 0]}}, "1": {"[1.0, 0]": {"num_count": 1980, "sum_payoffs": 206.6182992956106, "action": [1.0, 0]}, "[0.0, 0]": {"num_count": 1120, "sum_payoffs": 83.61393748118701, "action": [0.0, 0]}}}, "1": {"0": {"[1.0, 0]": {"num_count": 1841, "sum_payoffs": 202.17937495451247, "action": [1.0, 0]}, "[0.0, 0]": {"num_count": 1259, "sum_payoffs": 113.61937497443455, "action": [0.0, 0]}}, "1": {"[0.0, 0]": {"num_count": 1262, "sum_payoffs": 114.12562497432062, "action": [0.0, 0]}, "[1.0, 0]": {"num_count": 1838, "sum_payoffs": 201.8756249545808, "action": [1.0, 0]}}}}