{"2": {"0": {"[0.0, 1.5707963267948966]": {"num_count": 318, "sum_payoffs": 66.01394953602136, "action": [0.0, 1.5707963267948966]}, "[0.0, 0.0]": {"num_count": 377, "sum_payoffs": 85.24103888668952, "action": [0.0, 0.0]}, "[1.0, 0.0]": {"num_count": 439, "sum_payoffs": 105.97940158593416, "action": [1.0, 0.0]}, "[1.0, 1.5707963267948966]": {"num_count": 375, "sum_payoffs": 84.55250634148405, "action": [1.0, 1.5707963267948966]}, "[2.0, -1.5707963267948966]": {"num_count": 440, "sum_payoffs": 106.33552787053681, "action": [2.0, -1.5707963267948966]}, "[2.0, 1.5707963267948966]": {"num_count": 438, "sum_payoffs": 105.65760596203884, "action": [2.0, 1.5707963267948966]}, "[1.0, -1.5707963267948966]": {"num_count": 370, "sum_payoffs": 82.96764659769268, "action": [1.0, -1.5707963267948966]}, "[0.0, -1.5707963267948966]": {"num_count": 318, "sum_payoffs": 65.96745104612914, "action": [0.0, -1.5707963267948966]}, "[2.0, 0.0]": {"num_count": 525, "sum_payoffs": 135.4052321440059, "action": [2.0, 0.0]}}, "1": {"[1.0, 1.5707963267948966]": {"num_count": 637, "sum_payoffs": 178.5258457430734, "action": [1.0, 1.5707963267948966]}, "[0.0, -1.5707963267948966]": {"num_count": 511, "sum_payoffs": 133.7335679763647, "action": [0.0, -1.5707963267948966]}, "[1.0, 0.0]": {"num_count": 714, "sum_payoffs": 206.57584247918328, "action": [1.0, 0.0]}, "[0.0, 0.0]": {"num_count": 580, "sum_payoffs": 158.19800242176265, "action": [0.0, 0.0]}, "[0.0, 1.5707963267948966]": {"num_count": 521, "sum_payoffs": 137.22747319708478, "action": [0.0, 1.5707963267948966]}, "[1.0, -1.5707963267948966]": {"num_count": 637, "sum_payoffs": 178.6186254401732, "action": [1.0, -1.5707963267948966]}}}}