{"2": {"0": {"[1.0, 0]": {"num_count": 3401, "sum_payoffs": 1261.3522497161791, "action": [1.0, 0]}, "[0.0, 0]": {"num_count": 199, "sum_payoffs": 55.22174998757516, "action": [0.0, 0]}}, "1": {"[0.0, 0]": {"num_count": 210, "sum_payoffs": 52.85249998810818, "action": [0.0, 0]}, "[1.0, 0]": {"num_count": 3390, "sum_payoffs": 1255.3379997175307, "action": [1.0, 0]}}}, "1": {"0": {"[0.0, 0]": {"num_count": 200, "sum_payoffs": 70.67249998409874, "action": [0.0, 0]}, "[1.0, 0]": {"num_count": 3400, "sum_payoffs": 1384.2899996884971, "action": [1.0, 0]}}, "1": {"[0.0, 0]": {"num_count": 235, "sum_payoffs": 88.69499998004393, "action": [0.0, 0]}, "[1.0, 0]": {"num_count": 3365, "sum_payoffs": 1372.342499691187, "action": [1.0, 0]}}}}