{"2": {"0": {"[1.0, 0]": {"num_count": 557, "sum_payoffs": 5.286315786301895, "action": [1.0, 0]}, "[0.0, 0]": {"num_count": 543, "sum_payoffs": 4.859999997084, "action": [0.0, 0]}}, "1": {"[1.0, 0]": {"num_count": 574, "sum_payoffs": 5.286315786301895, "action": [1.0, 0]}, "[0.0, 0]": {"num_count": 526, "sum_payoffs": 4.859999997084, "action": [0.0, 0]}}}, "1": {"0": {"[0.0, 0]": {"num_count": 516, "sum_payoffs": 0.89999999946, "action": [0.0, 0]}, "[1.0, 0]": {"num_count": 584, "sum_payoffs": 1.79999999892, "action": [1.0, 0]}}, "1": {"[0.0, 0]": {"num_count": 547, "sum_payoffs": 0.89999999946, "action": [0.0, 0]}, "[1.0, 0]": {"num_count": 553, "sum_payoffs": 1.79999999892, "action": [1.0, 0]}}}}