{"2": {"0": {"[0.0, 0]": {"num_count": 201, "sum_payoffs": 28.662749994745113, "action": [0.0, 0]}, "[1.0, 0]": {"num_count": 1899, "sum_payoffs": 353.92440782984966, "action": [1.0, 0]}}, "1": {"[0.0, 0]": {"num_count": 147, "sum_payoffs": 22.557374995864453, "action": [0.0, 0]}, "[1.0, 0]": {"num_count": 1953, "sum_payoffs": 373.15178282632473, "action": [1.0, 0]}}}, "1": {"0": {"[1.0, 0]": {"num_count": 1857, "sum_payoffs": 383.5237499296804, "action": [1.0, 0]}, "[0.0, 0]": {"num_count": 243, "sum_payoffs": 41.15249999245537, "action": [0.0, 0]}}, "1": {"[0.0, 0]": {"num_count": 199, "sum_payoffs": 35.17874999355055, "action": [0.0, 0]}, "[1.0, 0]": {"num_count": 1901, "sum_payoffs": 393.34499992787926, "action": [1.0, 0]}}}}