{"2": {"0": {"[1.0, 0]": {"num_count": 1462, "sum_payoffs": 410.65226635496487, "action": [1.0, 0]}, "[0.0, 0]": {"num_count": 138, "sum_payoffs": 30.3744374931657, "action": [0.0, 0]}}, "1": {"[0.0, 0]": {"num_count": 140, "sum_payoffs": 27.979874993704474, "action": [0.0, 0]}, "[1.0, 0]": {"num_count": 1460, "sum_payoffs": 411.13320385485656, "action": [1.0, 0]}}}, "1": {"0": {"[0.0, 0]": {"num_count": 133, "sum_payoffs": 34.700624992192346, "action": [0.0, 0]}, "[1.0, 0]": {"num_count": 1467, "sum_payoffs": 452.73374989813186, "action": [1.0, 0]}}, "1": {"[1.0, 0]": {"num_count": 1474, "sum_payoffs": 454.25249989778996, "action": [1.0, 0]}, "[0.0, 0]": {"num_count": 126, "sum_payoffs": 31.359374992944147, "action": [0.0, 0]}}}}