{"alphat_eff_gamelength_2": {"mean": 1.0, "variance": 0.0}, "runtime_gamelength_2": {"mean": 0.08963978290557861, "variance": 0.0002541720468713038}, "max_timestep": {"mean": 1.0, "variance": 0.0}, "alphat_eff_gamelength_1": {"mean": 0.8, "variance": 0.06000000000000001}, "runtime_gamelength_1": {"mean": 0.047513794898986814, "variance": 6.428975701169292e-06}, "winner": {"mean": [0.1, 0.1], "variance": [0.09000000000000001, 0.09000000000000001]}, "runtime": {"mean": 0.13743894100189208, "variance": 0.0003064718768433749}, "T_terminal": {"mean": 2.0, "variance": 0.0}, "trajectory_0": {"mean": [[1.0, 0.0, 1.5707963267948966, 0.0], [1.0, 0.7, 1.5707963267948966, 1.0], [1.0, 1.4, 1.5707963267948966, 2.0]], "variance": [[0.0, 0.0, 0.0, 0.0], [0.0, 0.21000000000000002, 0.0, 0.0], [0.0, 0.8400000000000001, 0.0, 0.0]]}, "trajectory_1": {"mean": [[0.0, 1.0, 0.0, 0.0], [0.7, 1.0, 0.0, 1.0], [1.6, 1.0, 0.0, 2.0]], "variance": [[0.0, 0.0, 0.0, 0.0], [0.21000000000000002, 0.0, 0.0, 0.0], [0.4400000000000002, 0.0, 0.0, 0.0]]}, "coll_payoff_0": {"mean": [0.4, 0.4], "variance": [0.24000000000000005, 0.24000000000000005]}, "coll_payoff_1": {"mean": [0.4, 0.4], "variance": [0.24000000000000005, 0.24000000000000005]}, "payoff_total": {"mean": [[0.39999999989333335, 0.39999999989333335], [0.42105263146666666, 0.42105263146666666]], "variance": [[0.239999999872, 0.239999999872], [0.26592797769750687, 0.26592797769750687]]}, "final_lead_payoff_0": {"mean": [0.45], "variance": [0.035]}, "final_lead_payoff_1": {"mean": [0.55], "variance": [0.034999999999999996]}}