{"6": {"0": {"[2.0, 1.5707963267948966]": {"num_count": 493, "sum_payoffs": 143.03112736300037, "action": [2.0, 1.5707963267948966]}, "[0.0, 1.5707963267948966]": {"num_count": 412, "sum_payoffs": 112.38774071556914, "action": [0.0, 1.5707963267948966]}, "[1.0, 0.0]": {"num_count": 465, "sum_payoffs": 132.3999562602071, "action": [1.0, 0.0]}, "[1.0, -1.5707963267948966]": {"num_count": 451, "sum_payoffs": 127.06976629786624, "action": [1.0, -1.5707963267948966]}, "[2.0, 0.0]": {"num_count": 495, "sum_payoffs": 143.8080940023661, "action": [2.0, 0.0]}, "[1.0, 1.5707963267948966]": {"num_count": 439, "sum_payoffs": 122.53192690514763, "action": [1.0, 1.5707963267948966]}, "[0.0, 0.0]": {"num_count": 443, "sum_payoffs": 123.97521966236351, "action": [0.0, 0.0]}, "[2.0, -1.5707963267948966]": {"num_count": 487, "sum_payoffs": 140.74868117522277, "action": [2.0, -1.5707963267948966]}, "[0.0, -1.5707963267948966]": {"num_count": 415, "sum_payoffs": 113.47027435782657, "action": [0.0, -1.5707963267948966]}}, "1": {"[0.0, 0.0]": {"num_count": 425, "sum_payoffs": 143.27698807263033, "action": [0.0, 0.0]}, "[1.0, -1.5707963267948966]": {"num_count": 450, "sum_payoffs": 154.11100937599457, "action": [1.0, -1.5707963267948966]}, "[1.0, 0.0]": {"num_count": 498, "sum_payoffs": 175.44312068671522, "action": [1.0, 0.0]}, "[2.0, 0.0]": {"num_count": 557, "sum_payoffs": 201.65890224615748, "action": [2.0, 0.0]}, "[0.0, -1.5707963267948966]": {"num_count": 372, "sum_payoffs": 120.27112863475632, "action": [0.0, -1.5707963267948966]}, "[2.0, 1.5707963267948966]": {"num_count": 499, "sum_payoffs": 175.82493857571546, "action": [2.0, 1.5707963267948966]}, "[0.0, 1.5707963267948966]": {"num_count": 363, "sum_payoffs": 116.51761303467387, "action": [0.0, 1.5707963267948966]}, "[1.0, 1.5707963267948966]": {"num_count": 417, "sum_payoffs": 139.73117811545282, "action": [1.0, 1.5707963267948966]}, "[2.0, -1.5707963267948966]": {"num_count": 519, "sum_payoffs": 184.6263507185234, "action": [2.0, -1.5707963267948966]}}}}