{"2": {"0": {"[1.0, 0]": {"num_count": 58, "sum_payoffs": 15.395032891914433, "action": [1.0, 0]}, "[0.0, 0]": {"num_count": 42, "sum_payoffs": 8.08424999851789, "action": [0.0, 0]}}, "1": {"[1.0, 0]": {"num_count": 62, "sum_payoffs": 15.674032891863288, "action": [1.0, 0]}, "[0.0, 0]": {"num_count": 38, "sum_payoffs": 7.440749998635866, "action": [0.0, 0]}}}, "1": {"0": {"[0.0, 0]": {"num_count": 57, "sum_payoffs": 10.372499998098366, "action": [0.0, 0]}, "[1.0, 0]": {"num_count": 43, "sum_payoffs": 10.822499998015866, "action": [1.0, 0]}}, "1": {"[0.0, 0]": {"num_count": 50, "sum_payoffs": 9.866249998191181, "action": [0.0, 0]}, "[1.0, 0]": {"num_count": 50, "sum_payoffs": 12.138749997774553, "action": [1.0, 0]}}}}