{"8": {"0": {"[1.0, -1.5707963267948966]": {"num_count": 66, "sum_payoffs": 18.67000489929192, "action": [1.0, -1.5707963267948966]}, "[1.0, 1.5707963267948966]": {"num_count": 66, "sum_payoffs": 18.603939623811094, "action": [1.0, 1.5707963267948966]}, "[0.0, -1.5707963267948966]": {"num_count": 65, "sum_payoffs": 18.138121348866072, "action": [0.0, -1.5707963267948966]}, "[1.0, 0.0]": {"num_count": 67, "sum_payoffs": 18.933208431427037, "action": [1.0, 0.0]}, "[0.0, 1.5707963267948966]": {"num_count": 65, "sum_payoffs": 18.12950546862359, "action": [0.0, 1.5707963267948966]}, "[2.0, 1.5707963267948966]": {"num_count": 67, "sum_payoffs": 19.242841318804373, "action": [2.0, 1.5707963267948966]}, "[0.0, 0.0]": {"num_count": 65, "sum_payoffs": 18.168703133036736, "action": [0.0, 0.0]}, "[2.0, -1.5707963267948966]": {"num_count": 68, "sum_payoffs": 19.64047796353519, "action": [2.0, -1.5707963267948966]}, "[2.0, 0.0]": {"num_count": 71, "sum_payoffs": 21.094575473726263, "action": [2.0, 0.0]}}, "1": {"[0.0, 1.5707963267948966]": {"num_count": 95, "sum_payoffs": 24.70555083821967, "action": [0.0, 1.5707963267948966]}, "[0.0, -1.5707963267948966]": {"num_count": 99, "sum_payoffs": 26.504824164185354, "action": [0.0, -1.5707963267948966]}, "[0.0, 0.0]": {"num_count": 95, "sum_payoffs": 24.665192924017443, "action": [0.0, 0.0]}, "[1.0, 1.5707963267948966]": {"num_count": 101, "sum_payoffs": 27.477062884294156, "action": [1.0, 1.5707963267948966]}, "[1.0, 0.0]": {"num_count": 109, "sum_payoffs": 31.267894724761383, "action": [1.0, 0.0]}, "[1.0, -1.5707963267948966]": {"num_count": 101, "sum_payoffs": 27.531449797083994, "action": [1.0, -1.5707963267948966]}}}}