{"2": {"0": {"[0.0, 0]": {"num_count": 959, "sum_payoffs": 147.9959999728667, "action": [0.0, 0]}, "[1.0, 0]": {"num_count": 2141, "sum_payoffs": 422.09153281735655, "action": [1.0, 0]}}, "1": {"[1.0, 0]": {"num_count": 2153, "sum_payoffs": 425.5486578167224, "action": [1.0, 0]}, "[0.0, 0]": {"num_count": 947, "sum_payoffs": 145.63237497330007, "action": [0.0, 0]}}}, "1": {"0": {"[1.0, 0]": {"num_count": 1889, "sum_payoffs": 400.2299999266177, "action": [1.0, 0]}, "[0.0, 0]": {"num_count": 1211, "sum_payoffs": 228.76874995805684, "action": [0.0, 0]}}, "1": {"[1.0, 0]": {"num_count": 1886, "sum_payoffs": 399.6224999267291, "action": [1.0, 0]}, "[0.0, 0]": {"num_count": 1214, "sum_payoffs": 229.57874995790831, "action": [0.0, 0]}}}}