{"3": {"0": {"[0.0, 1.5707963267948966]": {"num_count": 352, "sum_payoffs": 118.36573102582703, "action": [0.0, 1.5707963267948966]}, "[2.0, -1.5707963267948966]": {"num_count": 467, "sum_payoffs": 170.2670160916763, "action": [2.0, -1.5707963267948966]}, "[1.0, 1.5707963267948966]": {"num_count": 404, "sum_payoffs": 141.5346264548627, "action": [1.0, 1.5707963267948966]}, "[0.0, -1.5707963267948966]": {"num_count": 372, "sum_payoffs": 127.24218914082493, "action": [0.0, -1.5707963267948966]}, "[0.0, 0.0]": {"num_count": 350, "sum_payoffs": 117.45375151108404, "action": [0.0, 0.0]}, "[2.0, 0.0]": {"num_count": 397, "sum_payoffs": 138.52271855175195, "action": [2.0, 0.0]}, "[2.0, 1.5707963267948966]": {"num_count": 466, "sum_payoffs": 169.9285871393778, "action": [2.0, 1.5707963267948966]}, "[1.0, -1.5707963267948966]": {"num_count": 417, "sum_payoffs": 147.46872648976222, "action": [1.0, -1.5707963267948966]}, "[1.0, 0.0]": {"num_count": 375, "sum_payoffs": 128.6556023906525, "action": [1.0, 0.0]}}, "1": {"[1.0, 1.5707963267948966]": {"num_count": 403, "sum_payoffs": 172.514664705577, "action": [1.0, 1.5707963267948966]}, "[0.0, 1.5707963267948966]": {"num_count": 340, "sum_payoffs": 139.52264022176706, "action": [0.0, 1.5707963267948966]}, "[2.0, 0.0]": {"num_count": 469, "sum_payoffs": 207.74750165621725, "action": [2.0, 0.0]}, "[1.0, 0.0]": {"num_count": 385, "sum_payoffs": 162.9939805761172, "action": [1.0, 0.0]}, "[1.0, -1.5707963267948966]": {"num_count": 406, "sum_payoffs": 174.16866914609025, "action": [1.0, -1.5707963267948966]}, "[0.0, 0.0]": {"num_count": 291, "sum_payoffs": 114.17722181241074, "action": [0.0, 0.0]}, "[2.0, -1.5707963267948966]": {"num_count": 507, "sum_payoffs": 228.03169062487282, "action": [2.0, -1.5707963267948966]}, "[2.0, 1.5707963267948966]": {"num_count": 485, "sum_payoffs": 216.29740782146615, "action": [2.0, 1.5707963267948966]}, "[0.0, -1.5707963267948966]": {"num_count": 314, "sum_payoffs": 125.99111035256453, "action": [0.0, -1.5707963267948966]}}}}