{"14": {"0": {"[1.0, -1.5707963267948966]": {"num_count": 349, "sum_payoffs": 79.27722301283377, "action": [1.0, -1.5707963267948966]}, "[0.0, 0.0]": {"num_count": 330, "sum_payoffs": 72.9271419594877, "action": [0.0, 0.0]}, "[0.0, -1.5707963267948966]": {"num_count": 337, "sum_payoffs": 75.17775969880351, "action": [0.0, -1.5707963267948966]}, "[2.0, -1.5707963267948966]": {"num_count": 353, "sum_payoffs": 80.53023028645063, "action": [2.0, -1.5707963267948966]}, "[1.0, 1.5707963267948966]": {"num_count": 346, "sum_payoffs": 78.27054071539118, "action": [1.0, 1.5707963267948966]}, "[1.0, 0.0]": {"num_count": 334, "sum_payoffs": 74.13361132522623, "action": [1.0, 0.0]}, "[2.0, 1.5707963267948966]": {"num_count": 344, "sum_payoffs": 77.57014660422507, "action": [2.0, 1.5707963267948966]}, "[0.0, 1.5707963267948966]": {"num_count": 341, "sum_payoffs": 76.47776926932198, "action": [0.0, 1.5707963267948966]}, "[2.0, 0.0]": {"num_count": 366, "sum_payoffs": 84.9493968736303, "action": [2.0, 0.0]}}, "1": {"[0.0, -1.5707963267948966]": {"num_count": 511, "sum_payoffs": 103.48301674891358, "action": [0.0, -1.5707963267948966]}, "[0.0, 1.5707963267948966]": {"num_count": 505, "sum_payoffs": 101.65952766196108, "action": [0.0, 1.5707963267948966]}, "[1.0, 1.5707963267948966]": {"num_count": 527, "sum_payoffs": 108.13738574410782, "action": [1.0, 1.5707963267948966]}, "[1.0, 0.0]": {"num_count": 537, "sum_payoffs": 111.07836433530561, "action": [1.0, 0.0]}, "[1.0, -1.5707963267948966]": {"num_count": 525, "sum_payoffs": 107.56248746153918, "action": [1.0, -1.5707963267948966]}, "[0.0, 0.0]": {"num_count": 495, "sum_payoffs": 98.75090960596845, "action": [0.0, 0.0]}}}}