{"5": {"0": {"[1.0, -1.5707963267948966]": {"num_count": 455, "sum_payoffs": 136.22557284675668, "action": [1.0, -1.5707963267948966]}, "[1.0, 1.5707963267948966]": {"num_count": 443, "sum_payoffs": 131.5493692244737, "action": [1.0, 1.5707963267948966]}, "[0.0, -1.5707963267948966]": {"num_count": 435, "sum_payoffs": 128.40817060700104, "action": [0.0, -1.5707963267948966]}, "[1.0, 0.0]": {"num_count": 471, "sum_payoffs": 142.59496463612192, "action": [1.0, 0.0]}, "[2.0, 0.0]": {"num_count": 498, "sum_payoffs": 153.34220112802723, "action": [2.0, 0.0]}, "[0.0, 1.5707963267948966]": {"num_count": 396, "sum_payoffs": 113.06966514221767, "action": [0.0, 1.5707963267948966]}, "[0.0, 0.0]": {"num_count": 447, "sum_payoffs": 133.0293382048369, "action": [0.0, 0.0]}, "[2.0, -1.5707963267948966]": {"num_count": 484, "sum_payoffs": 147.6609640715723, "action": [2.0, -1.5707963267948966]}, "[2.0, 1.5707963267948966]": {"num_count": 471, "sum_payoffs": 142.58453178922983, "action": [2.0, 1.5707963267948966]}}, "1": {"[1.0, 1.5707963267948966]": {"num_count": 438, "sum_payoffs": 160.71686980111826, "action": [1.0, 1.5707963267948966]}, "[0.0, -1.5707963267948966]": {"num_count": 365, "sum_payoffs": 127.10594692460047, "action": [0.0, -1.5707963267948966]}, "[2.0, 1.5707963267948966]": {"num_count": 516, "sum_payoffs": 197.34798633743765, "action": [2.0, 1.5707963267948966]}, "[0.0, 0.0]": {"num_count": 412, "sum_payoffs": 148.76630529328182, "action": [0.0, 0.0]}, "[2.0, 0.0]": {"num_count": 555, "sum_payoffs": 215.84963333649785, "action": [2.0, 0.0]}, "[0.0, 1.5707963267948966]": {"num_count": 376, "sum_payoffs": 132.242093907852, "action": [0.0, 1.5707963267948966]}, "[1.0, 0.0]": {"num_count": 478, "sum_payoffs": 179.44730797629458, "action": [1.0, 0.0]}, "[2.0, -1.5707963267948966]": {"num_count": 498, "sum_payoffs": 188.8975283677312, "action": [2.0, -1.5707963267948966]}, "[1.0, -1.5707963267948966]": {"num_count": 462, "sum_payoffs": 171.7712635494714, "action": [1.0, -1.5707963267948966]}}}}