{"2": {"0": {"[0.0, 0]": {"num_count": 873, "sum_payoffs": 115.89524998013329, "action": [0.0, 0]}, "[1.0, 0]": {"num_count": 1727, "sum_payoffs": 296.42753566346124, "action": [1.0, 0]}}, "1": {"[0.0, 0]": {"num_count": 871, "sum_payoffs": 115.96406952899373, "action": [0.0, 0]}, "[1.0, 0]": {"num_count": 1729, "sum_payoffs": 297.60843040010093, "action": [1.0, 0]}}}, "1": {"0": {"[1.0, 0]": {"num_count": 1681, "sum_payoffs": 312.8496428035039, "action": [1.0, 0]}, "[0.0, 0]": {"num_count": 919, "sum_payoffs": 139.71857140461958, "action": [0.0, 0]}}, "1": {"[0.0, 0]": {"num_count": 919, "sum_payoffs": 139.8053571188904, "action": [0.0, 0]}, "[1.0, 0]": {"num_count": 1681, "sum_payoffs": 313.1099999463164, "action": [1.0, 0]}}}}