{"2": {"0": {"[2.0, -1.5707963267948966]": {"num_count": 10, "sum_payoffs": 3.2365339064672423, "action": [2.0, -1.5707963267948966]}, "[2.0, 0.0]": {"num_count": 11, "sum_payoffs": 3.8305847070693404, "action": [2.0, 0.0]}, "[0.0, 1.5707963267948966]": {"num_count": 11, "sum_payoffs": 3.648175911508413, "action": [0.0, 1.5707963267948966]}, "[0.0, 0.0]": {"num_count": 12, "sum_payoffs": 4.563913694663424, "action": [0.0, 0.0]}, "[1.0, 1.5707963267948966]": {"num_count": 11, "sum_payoffs": 3.5901614404854794, "action": [1.0, 1.5707963267948966]}, "[1.0, -1.5707963267948966]": {"num_count": 11, "sum_payoffs": 3.7843034998618252, "action": [1.0, -1.5707963267948966]}, "[1.0, 0.0]": {"num_count": 12, "sum_payoffs": 4.558047062755715, "action": [1.0, 0.0]}, "[0.0, -1.5707963267948966]": {"num_count": 11, "sum_payoffs": 3.738022292654309, "action": [0.0, -1.5707963267948966]}, "[2.0, 1.5707963267948966]": {"num_count": 11, "sum_payoffs": 3.720422396931181, "action": [2.0, 1.5707963267948966]}}, "1": {"[2.0, 1.5707963267948966]": {"num_count": 11, "sum_payoffs": 4.688199377859059, "action": [2.0, 1.5707963267948966]}, "[1.0, -1.5707963267948966]": {"num_count": 10, "sum_payoffs": 3.9232557628267326, "action": [1.0, -1.5707963267948966]}, "[1.0, 1.5707963267948966]": {"num_count": 11, "sum_payoffs": 4.624535557613135, "action": [1.0, 1.5707963267948966]}, "[2.0, 0.0]": {"num_count": 14, "sum_payoffs": 7.035395344755982, "action": [2.0, 0.0]}, "[0.0, -1.5707963267948966]": {"num_count": 10, "sum_payoffs": 3.818960084596282, "action": [0.0, -1.5707963267948966]}, "[0.0, 0.0]": {"num_count": 11, "sum_payoffs": 4.695532667743695, "action": [0.0, 0.0]}, "[0.0, 1.5707963267948966]": {"num_count": 10, "sum_payoffs": 3.621884709266081, "action": [0.0, 1.5707963267948966]}, "[1.0, 0.0]": {"num_count": 12, "sum_payoffs": 5.718499445083012, "action": [1.0, 0.0]}, "[2.0, -1.5707963267948966]": {"num_count": 11, "sum_payoffs": 4.546205157597938, "action": [2.0, -1.5707963267948966]}}}}