{"4": {"0": {"[2.0, 0.0]": {"num_count": 510, "sum_payoffs": 169.86424986937982, "action": [2.0, 0.0]}, "[0.0, 0.0]": {"num_count": 422, "sum_payoffs": 132.9450004185805, "action": [0.0, 0.0]}, "[1.0, 0.0]": {"num_count": 474, "sum_payoffs": 154.68335689668962, "action": [1.0, 0.0]}, "[2.0, 1.5707963267948966]": {"num_count": 474, "sum_payoffs": 154.63630674991492, "action": [2.0, 1.5707963267948966]}, "[1.0, 1.5707963267948966]": {"num_count": 451, "sum_payoffs": 145.12337889882056, "action": [1.0, 1.5707963267948966]}, "[2.0, -1.5707963267948966]": {"num_count": 508, "sum_payoffs": 169.04868600962243, "action": [2.0, -1.5707963267948966]}, "[1.0, -1.5707963267948966]": {"num_count": 471, "sum_payoffs": 153.45763826337713, "action": [1.0, -1.5707963267948966]}, "[0.0, -1.5707963267948966]": {"num_count": 405, "sum_payoffs": 125.87046887910829, "action": [0.0, -1.5707963267948966]}, "[0.0, 1.5707963267948966]": {"num_count": 385, "sum_payoffs": 117.77504199807808, "action": [0.0, 1.5707963267948966]}}, "1": {"[0.0, 0.0]": {"num_count": 398, "sum_payoffs": 152.16758735538426, "action": [0.0, 0.0]}, "[1.0, 1.5707963267948966]": {"num_count": 449, "sum_payoffs": 177.07300770141947, "action": [1.0, 1.5707963267948966]}, "[1.0, 0.0]": {"num_count": 505, "sum_payoffs": 204.66840920450466, "action": [1.0, 0.0]}, "[2.0, 1.5707963267948966]": {"num_count": 522, "sum_payoffs": 213.18731085408075, "action": [2.0, 1.5707963267948966]}, "[2.0, -1.5707963267948966]": {"num_count": 512, "sum_payoffs": 208.11655452422153, "action": [2.0, -1.5707963267948966]}, "[0.0, 1.5707963267948966]": {"num_count": 352, "sum_payoffs": 130.02612104986505, "action": [0.0, 1.5707963267948966]}, "[1.0, -1.5707963267948966]": {"num_count": 430, "sum_payoffs": 167.8003371520399, "action": [1.0, -1.5707963267948966]}, "[0.0, -1.5707963267948966]": {"num_count": 345, "sum_payoffs": 126.67806478860162, "action": [0.0, -1.5707963267948966]}, "[2.0, 0.0]": {"num_count": 587, "sum_payoffs": 245.5994332597059, "action": [2.0, 0.0]}}}}