{"2": {"0": {"[1.0, 0]": {"num_count": 758, "sum_payoffs": 223.80045389701166, "action": [1.0, 0]}, "[0.0, 0]": {"num_count": 342, "sum_payoffs": 78.24599998239478, "action": [0.0, 0]}}, "1": {"[0.0, 0]": {"num_count": 355, "sum_payoffs": 83.3208749812531, "action": [0.0, 0]}, "[1.0, 0]": {"num_count": 745, "sum_payoffs": 220.63920389772312, "action": [1.0, 0]}}}, "1": {"0": {"[1.0, 0]": {"num_count": 704, "sum_payoffs": 225.98437494915206, "action": [1.0, 0]}, "[0.0, 0]": {"num_count": 396, "sum_payoffs": 108.51187497558426, "action": [0.0, 0]}}, "1": {"[1.0, 0]": {"num_count": 703, "sum_payoffs": 225.83249994918623, "action": [1.0, 0]}, "[0.0, 0]": {"num_count": 397, "sum_payoffs": 108.96749997548174, "action": [0.0, 0]}}}}