{"11": {"0": {"[0.0, 0.0]": {"num_count": 118, "sum_payoffs": 29.110607597268057, "action": [0.0, 0.0]}, "[1.0, 1.5707963267948966]": {"num_count": 121, "sum_payoffs": 30.479088165319798, "action": [1.0, 1.5707963267948966]}, "[1.0, 0.0]": {"num_count": 124, "sum_payoffs": 31.756151673272818, "action": [1.0, 0.0]}, "[0.0, 1.5707963267948966]": {"num_count": 121, "sum_payoffs": 30.35980007801658, "action": [0.0, 1.5707963267948966]}, "[2.0, 0.0]": {"num_count": 127, "sum_payoffs": 32.86637646181562, "action": [2.0, 0.0]}, "[0.0, -1.5707963267948966]": {"num_count": 121, "sum_payoffs": 30.3081973035903, "action": [0.0, -1.5707963267948966]}, "[2.0, -1.5707963267948966]": {"num_count": 123, "sum_payoffs": 31.25132794365564, "action": [2.0, -1.5707963267948966]}, "[1.0, -1.5707963267948966]": {"num_count": 121, "sum_payoffs": 30.466418405558397, "action": [1.0, -1.5707963267948966]}, "[2.0, 1.5707963267948966]": {"num_count": 124, "sum_payoffs": 31.648369813846962, "action": [2.0, 1.5707963267948966]}}, "1": {"[0.0, 0.0]": {"num_count": 178, "sum_payoffs": 39.734479529246485, "action": [0.0, 0.0]}, "[1.0, 0.0]": {"num_count": 187, "sum_payoffs": 43.00890364397341, "action": [1.0, 0.0]}, "[0.0, -1.5707963267948966]": {"num_count": 173, "sum_payoffs": 37.97855699867433, "action": [0.0, -1.5707963267948966]}, "[1.0, -1.5707963267948966]": {"num_count": 186, "sum_payoffs": 42.70372111206296, "action": [1.0, -1.5707963267948966]}, "[1.0, 1.5707963267948966]": {"num_count": 195, "sum_payoffs": 45.88576690930408, "action": [1.0, 1.5707963267948966]}, "[0.0, 1.5707963267948966]": {"num_count": 181, "sum_payoffs": 40.848186422177086, "action": [0.0, 1.5707963267948966]}}}}