{"15": {"0": {"[0.0, 1.5707963267948966]": {"num_count": 121, "sum_payoffs": 26.89632047732901, "action": [0.0, 1.5707963267948966]}, "[2.0, 1.5707963267948966]": {"num_count": 123, "sum_payoffs": 27.74677900020874, "action": [2.0, 1.5707963267948966]}, "[0.0, 0.0]": {"num_count": 120, "sum_payoffs": 26.518329539848313, "action": [0.0, 0.0]}, "[2.0, -1.5707963267948966]": {"num_count": 125, "sum_payoffs": 28.597349762907537, "action": [2.0, -1.5707963267948966]}, "[0.0, -1.5707963267948966]": {"num_count": 123, "sum_payoffs": 27.73481416231201, "action": [0.0, -1.5707963267948966]}, "[1.0, -1.5707963267948966]": {"num_count": 124, "sum_payoffs": 28.117149185369282, "action": [1.0, -1.5707963267948966]}, "[2.0, 0.0]": {"num_count": 123, "sum_payoffs": 27.662875047691568, "action": [2.0, 0.0]}, "[1.0, 1.5707963267948966]": {"num_count": 121, "sum_payoffs": 26.989779073051857, "action": [1.0, 1.5707963267948966]}, "[1.0, 0.0]": {"num_count": 120, "sum_payoffs": 26.496811893496716, "action": [1.0, 0.0]}}, "1": {"[0.0, -1.5707963267948966]": {"num_count": 178, "sum_payoffs": 34.79732916512855, "action": [0.0, -1.5707963267948966]}, "[0.0, 0.0]": {"num_count": 185, "sum_payoffs": 37.170355993796655, "action": [0.0, 0.0]}, "[1.0, 1.5707963267948966]": {"num_count": 183, "sum_payoffs": 36.525996463483466, "action": [1.0, 1.5707963267948966]}, "[1.0, 0.0]": {"num_count": 184, "sum_payoffs": 36.80697511198405, "action": [1.0, 0.0]}, "[1.0, -1.5707963267948966]": {"num_count": 190, "sum_payoffs": 38.794001225703106, "action": [1.0, -1.5707963267948966]}, "[0.0, 1.5707963267948966]": {"num_count": 180, "sum_payoffs": 35.52388791012714, "action": [0.0, 1.5707963267948966]}}}}