{"2": {"0": {"[1.0, 0]": {"num_count": 991, "sum_payoffs": 248.82860521754156, "action": [1.0, 0]}, "[0.0, 0]": {"num_count": 109, "sum_payoffs": 18.997499996517135, "action": [0.0, 0]}}, "1": {"[0.0, 0]": {"num_count": 87, "sum_payoffs": 16.445999996984902, "action": [0.0, 0]}, "[1.0, 0]": {"num_count": 1013, "sum_payoffs": 257.45510521596, "action": [1.0, 0]}}}, "1": {"0": {"[1.0, 0]": {"num_count": 997, "sum_payoffs": 275.3249999495256, "action": [1.0, 0]}, "[0.0, 0]": {"num_count": 103, "sum_payoffs": 23.924999995613724, "action": [0.0, 0]}}, "1": {"[0.0, 0]": {"num_count": 127, "sum_payoffs": 29.324999994623717, "action": [0.0, 0]}, "[1.0, 0]": {"num_count": 973, "sum_payoffs": 266.9549999510591, "action": [1.0, 0]}}}}