{"11": {"0": {"[0.0, 1.5707963267948966]": {"num_count": 119, "sum_payoffs": 25.897419155225787, "action": [0.0, 1.5707963267948966]}, "[2.0, 1.5707963267948966]": {"num_count": 118, "sum_payoffs": 25.541924330874892, "action": [2.0, 1.5707963267948966]}, "[2.0, 0.0]": {"num_count": 127, "sum_payoffs": 29.14680882954744, "action": [2.0, 0.0]}, "[1.0, 1.5707963267948966]": {"num_count": 123, "sum_payoffs": 27.46807850907506, "action": [1.0, 1.5707963267948966]}, "[1.0, 0.0]": {"num_count": 121, "sum_payoffs": 26.781480232542112, "action": [1.0, 0.0]}, "[2.0, -1.5707963267948966]": {"num_count": 126, "sum_payoffs": 28.735597750448086, "action": [2.0, -1.5707963267948966]}, "[0.0, 0.0]": {"num_count": 119, "sum_payoffs": 25.91141238443945, "action": [0.0, 0.0]}, "[0.0, -1.5707963267948966]": {"num_count": 124, "sum_payoffs": 27.892307638461222, "action": [0.0, -1.5707963267948966]}, "[1.0, -1.5707963267948966]": {"num_count": 123, "sum_payoffs": 27.59622069679027, "action": [1.0, -1.5707963267948966]}}, "1": {"[1.0, 0.0]": {"num_count": 125, "sum_payoffs": 34.27342136385404, "action": [1.0, 0.0]}, "[1.0, -1.5707963267948966]": {"num_count": 121, "sum_payoffs": 32.45363087253132, "action": [1.0, -1.5707963267948966]}, "[0.0, 0.0]": {"num_count": 119, "sum_payoffs": 31.616820961620924, "action": [0.0, 0.0]}, "[0.0, 1.5707963267948966]": {"num_count": 109, "sum_payoffs": 27.240488893233568, "action": [0.0, 1.5707963267948966]}, "[2.0, 1.5707963267948966]": {"num_count": 126, "sum_payoffs": 34.536317409678546, "action": [2.0, 1.5707963267948966]}, "[2.0, -1.5707963267948966]": {"num_count": 126, "sum_payoffs": 34.68999560690397, "action": [2.0, -1.5707963267948966]}, "[2.0, 0.0]": {"num_count": 138, "sum_payoffs": 39.89516059179084, "action": [2.0, 0.0]}, "[1.0, 1.5707963267948966]": {"num_count": 122, "sum_payoffs": 32.930987191158316, "action": [1.0, 1.5707963267948966]}, "[0.0, -1.5707963267948966]": {"num_count": 114, "sum_payoffs": 29.396124201392993, "action": [0.0, -1.5707963267948966]}}}}