{"2": {"0": {"[0.0, 0]": {"num_count": 284, "sum_payoffs": 45.9787499908041, "action": [0.0, 0]}, "[1.0, 0]": {"num_count": 2316, "sum_payoffs": 517.3757762122998, "action": [1.0, 0]}}, "1": {"[0.0, 0]": {"num_count": 171, "sum_payoffs": 29.220299994155937, "action": [0.0, 0]}, "[1.0, 0]": {"num_count": 2429, "sum_payoffs": 551.848926205403, "action": [1.0, 0]}}}, "1": {"0": {"[0.0, 0]": {"num_count": 246, "sum_payoffs": 54.18449998916318, "action": [0.0, 0]}, "[1.0, 0]": {"num_count": 2354, "sum_payoffs": 577.3589998845157, "action": [1.0, 0]}}, "1": {"[0.0, 0]": {"num_count": 207, "sum_payoffs": 46.04399999079127, "action": [0.0, 0]}, "[1.0, 0]": {"num_count": 2393, "sum_payoffs": 588.415499882304, "action": [1.0, 0]}}}}