{"5": {"0": {"[0.0, 0.0]": {"num_count": 453, "sum_payoffs": 135.96933484785106, "action": [0.0, 0.0]}, "[0.0, -1.5707963267948966]": {"num_count": 412, "sum_payoffs": 119.74025255964666, "action": [0.0, -1.5707963267948966]}, "[2.0, 1.5707963267948966]": {"num_count": 474, "sum_payoffs": 144.28221583259926, "action": [2.0, 1.5707963267948966]}, "[2.0, -1.5707963267948966]": {"num_count": 476, "sum_payoffs": 144.94884783204438, "action": [2.0, -1.5707963267948966]}, "[0.0, 1.5707963267948966]": {"num_count": 392, "sum_payoffs": 111.97236671594402, "action": [0.0, 1.5707963267948966]}, "[2.0, 0.0]": {"num_count": 506, "sum_payoffs": 157.0580167292283, "action": [2.0, 0.0]}, "[1.0, -1.5707963267948966]": {"num_count": 465, "sum_payoffs": 140.68212637119677, "action": [1.0, -1.5707963267948966]}, "[1.0, 1.5707963267948966]": {"num_count": 457, "sum_payoffs": 137.40216582898984, "action": [1.0, 1.5707963267948966]}, "[1.0, 0.0]": {"num_count": 465, "sum_payoffs": 140.70265760624375, "action": [1.0, 0.0]}}, "1": {"[1.0, 1.5707963267948966]": {"num_count": 442, "sum_payoffs": 162.0395023443562, "action": [1.0, 1.5707963267948966]}, "[2.0, 1.5707963267948966]": {"num_count": 482, "sum_payoffs": 180.65200214302382, "action": [2.0, 1.5707963267948966]}, "[1.0, -1.5707963267948966]": {"num_count": 431, "sum_payoffs": 157.01297620252078, "action": [1.0, -1.5707963267948966]}, "[0.0, 1.5707963267948966]": {"num_count": 374, "sum_payoffs": 130.72339438366177, "action": [0.0, 1.5707963267948966]}, "[0.0, -1.5707963267948966]": {"num_count": 372, "sum_payoffs": 129.82632692334343, "action": [0.0, -1.5707963267948966]}, "[2.0, -1.5707963267948966]": {"num_count": 530, "sum_payoffs": 203.3096143385459, "action": [2.0, -1.5707963267948966]}, "[0.0, 0.0]": {"num_count": 404, "sum_payoffs": 144.51351027179274, "action": [0.0, 0.0]}, "[2.0, 0.0]": {"num_count": 565, "sum_payoffs": 219.87054426400633, "action": [2.0, 0.0]}, "[1.0, 0.0]": {"num_count": 500, "sum_payoffs": 189.03919602357138, "action": [1.0, 0.0]}}}}