{"8": {"0": {"[0.0, 1.5707963267948966]": {"num_count": 116, "sum_payoffs": 31.63899404080361, "action": [0.0, 1.5707963267948966]}, "[0.0, 0.0]": {"num_count": 121, "sum_payoffs": 33.76072592931303, "action": [0.0, 0.0]}, "[2.0, 1.5707963267948966]": {"num_count": 127, "sum_payoffs": 36.608531010594334, "action": [2.0, 1.5707963267948966]}, "[0.0, -1.5707963267948966]": {"num_count": 116, "sum_payoffs": 31.63475088077075, "action": [0.0, -1.5707963267948966]}, "[1.0, -1.5707963267948966]": {"num_count": 123, "sum_payoffs": 34.67982198916716, "action": [1.0, -1.5707963267948966]}, "[2.0, 0.0]": {"num_count": 122, "sum_payoffs": 34.289609116418696, "action": [2.0, 0.0]}, "[1.0, 0.0]": {"num_count": 123, "sum_payoffs": 34.80473575455141, "action": [1.0, 0.0]}, "[2.0, -1.5707963267948966]": {"num_count": 130, "sum_payoffs": 37.734054927355075, "action": [2.0, -1.5707963267948966]}, "[1.0, 1.5707963267948966]": {"num_count": 122, "sum_payoffs": 34.32413259519408, "action": [1.0, 1.5707963267948966]}}, "1": {"[0.0, -1.5707963267948966]": {"num_count": 181, "sum_payoffs": 48.339155388045896, "action": [0.0, -1.5707963267948966]}, "[1.0, 0.0]": {"num_count": 197, "sum_payoffs": 54.94787993453703, "action": [1.0, 0.0]}, "[0.0, 1.5707963267948966]": {"num_count": 172, "sum_payoffs": 44.76436381589597, "action": [0.0, 1.5707963267948966]}, "[1.0, -1.5707963267948966]": {"num_count": 188, "sum_payoffs": 51.1952178826366, "action": [1.0, -1.5707963267948966]}, "[0.0, 0.0]": {"num_count": 176, "sum_payoffs": 46.31403336458842, "action": [0.0, 0.0]}, "[1.0, 1.5707963267948966]": {"num_count": 186, "sum_payoffs": 50.39570983086428, "action": [1.0, 1.5707963267948966]}}}}