{"alphat_eff_gamelength_10": {"mean": 1.5384615384615385, "variance": 0.0}, "runtime_gamelength_10": {"mean": 41.29846842288971, "variance": 15.026338331837488}, "max_timestep": {"mean": 10.0, "variance": 0.0}, "winner": {"mean": [0.0, 0.0], "variance": [0.0, 0.0]}, "runtime": {"mean": 41.29878795146942, "variance": 15.026765496168608}, "T_terminal": {"mean": 1.0, "variance": 0.0}, "trajectory_0": {"mean": [[1.0, 3.0, 0.0, 0.0], [2.6, 3.0, -0.3141592653589793, 1.0]], "variance": [[0.0, 0.0, 0.0, 0.0], [0.44000000000000006, 0.0, 0.8882643960980422, 0.0]]}, "trajectory_1": {"mean": [[3.0, 3.0, 0.0, 0.0], [5.0, 3.0, 0.0, 1.0]], "variance": [[0.0, 0.0, 0.0, 0.0], [0.0, 0.0, 0.0, 0.0]]}, "coll_payoff_0": {"mean": [1.0], "variance": [0.0]}, "lead_payoff_0": {"mean": [0.4], "variance": [0.027500000000000004]}, "coll_payoff_1": {"mean": [1.0], "variance": [0.0]}, "lead_payoff_1": {"mean": [0.6], "variance": [0.027500000000000004]}, "payoff_total": {"mean": [[0.5114942527999806, 0.6551724136972412]], "variance": [[0.001839328180242639, 0.0018393281802426473]]}, "final_lead_payoff_0": {"mean": [0.41724137931034483], "variance": [0.0005231866825208079]}, "final_lead_payoff_1": {"mean": [0.5827586206896551], "variance": [0.0005231866825208085]}}