{"8": {"0": {"[1.0, 1.5707963267948966]": {"num_count": 500, "sum_payoffs": 136.19450953867639, "action": [1.0, 1.5707963267948966]}, "[2.0, 0.0]": {"num_count": 561, "sum_payoffs": 158.67217916456298, "action": [2.0, 0.0]}, "[0.0, 0.0]": {"num_count": 484, "sum_payoffs": 130.4541678527543, "action": [0.0, 0.0]}, "[0.0, -1.5707963267948966]": {"num_count": 490, "sum_payoffs": 132.60763243070102, "action": [0.0, -1.5707963267948966]}, "[2.0, 1.5707963267948966]": {"num_count": 519, "sum_payoffs": 143.17255781566828, "action": [2.0, 1.5707963267948966]}, "[2.0, -1.5707963267948966]": {"num_count": 541, "sum_payoffs": 151.24762550754312, "action": [2.0, -1.5707963267948966]}, "[1.0, 0.0]": {"num_count": 518, "sum_payoffs": 142.87185072383946, "action": [1.0, 0.0]}, "[1.0, -1.5707963267948966]": {"num_count": 512, "sum_payoffs": 140.6416256621173, "action": [1.0, -1.5707963267948966]}, "[0.0, 1.5707963267948966]": {"num_count": 475, "sum_payoffs": 127.21440989999387, "action": [0.0, 1.5707963267948966]}}, "1": {"[0.0, 1.5707963267948966]": {"num_count": 708, "sum_payoffs": 180.98960182671183, "action": [0.0, 1.5707963267948966]}, "[0.0, -1.5707963267948966]": {"num_count": 710, "sum_payoffs": 181.61689591998797, "action": [0.0, -1.5707963267948966]}, "[1.0, 0.0]": {"num_count": 839, "sum_payoffs": 225.10101928171326, "action": [1.0, 0.0]}, "[1.0, -1.5707963267948966]": {"num_count": 792, "sum_payoffs": 209.10072956536442, "action": [1.0, -1.5707963267948966]}, "[1.0, 1.5707963267948966]": {"num_count": 801, "sum_payoffs": 212.2126203336142, "action": [1.0, 1.5707963267948966]}, "[0.0, 0.0]": {"num_count": 750, "sum_payoffs": 195.0271138950949, "action": [0.0, 0.0]}}}}