{"8": {"0": {"[0.0, 1.5707963267948966]": {"num_count": 229, "sum_payoffs": 57.012452396521084, "action": [0.0, 1.5707963267948966]}, "[2.0, 0.0]": {"num_count": 244, "sum_payoffs": 62.772801608223595, "action": [2.0, 0.0]}, "[1.0, 1.5707963267948966]": {"num_count": 219, "sum_payoffs": 53.192828384333026, "action": [1.0, 1.5707963267948966]}, "[0.0, 0.0]": {"num_count": 228, "sum_payoffs": 56.658939599962665, "action": [0.0, 0.0]}, "[2.0, -1.5707963267948966]": {"num_count": 235, "sum_payoffs": 59.2280369278719, "action": [2.0, -1.5707963267948966]}, "[1.0, 0.0]": {"num_count": 248, "sum_payoffs": 64.30720287928622, "action": [1.0, 0.0]}, "[0.0, -1.5707963267948966]": {"num_count": 225, "sum_payoffs": 55.55127477385794, "action": [0.0, -1.5707963267948966]}, "[1.0, -1.5707963267948966]": {"num_count": 238, "sum_payoffs": 60.38477630203656, "action": [1.0, -1.5707963267948966]}, "[2.0, 1.5707963267948966]": {"num_count": 234, "sum_payoffs": 58.84935084641546, "action": [2.0, 1.5707963267948966]}}, "1": {"[0.0, 1.5707963267948966]": {"num_count": 199, "sum_payoffs": 56.977052683013724, "action": [0.0, 1.5707963267948966]}, "[2.0, -1.5707963267948966]": {"num_count": 248, "sum_payoffs": 78.22443481823886, "action": [2.0, -1.5707963267948966]}, "[0.0, 0.0]": {"num_count": 215, "sum_payoffs": 63.776941534449755, "action": [0.0, 0.0]}, "[1.0, 0.0]": {"num_count": 257, "sum_payoffs": 82.1966619621956, "action": [1.0, 0.0]}, "[1.0, -1.5707963267948966]": {"num_count": 237, "sum_payoffs": 73.3990495634887, "action": [1.0, -1.5707963267948966]}, "[2.0, 0.0]": {"num_count": 265, "sum_payoffs": 85.67841655055616, "action": [2.0, 0.0]}, "[2.0, 1.5707963267948966]": {"num_count": 243, "sum_payoffs": 75.95775844733848, "action": [2.0, 1.5707963267948966]}, "[0.0, -1.5707963267948966]": {"num_count": 209, "sum_payoffs": 61.27696875831219, "action": [0.0, -1.5707963267948966]}, "[1.0, 1.5707963267948966]": {"num_count": 227, "sum_payoffs": 68.91797544033594, "action": [1.0, 1.5707963267948966]}}}}