{"2": {"0": {"[0.0, 0]": {"num_count": 1030, "sum_payoffs": 102.24749997273229, "action": [0.0, 0]}, "[1.0, 0]": {"num_count": 2070, "sum_payoffs": 281.57696045123043, "action": [1.0, 0]}}, "1": {"[0.0, 0]": {"num_count": 1024, "sum_payoffs": 101.6474999728923, "action": [0.0, 0]}, "[1.0, 0]": {"num_count": 2076, "sum_payoffs": 283.5134604507143, "action": [1.0, 0]}}}, "1": {"0": {"[0.0, 0]": {"num_count": 1203, "sum_payoffs": 145.72499996114033, "action": [0.0, 0]}, "[1.0, 0]": {"num_count": 1897, "sum_payoffs": 274.43999992682336, "action": [1.0, 0]}}, "1": {"[1.0, 0]": {"num_count": 1893, "sum_payoffs": 273.8999999269673, "action": [1.0, 0]}, "[0.0, 0]": {"num_count": 1207, "sum_payoffs": 146.53499996092438, "action": [0.0, 0]}}}}