{"14": {"0": {"[2.0, 0.0]": {"num_count": 240, "sum_payoffs": 55.284573523307834, "action": [2.0, 0.0]}, "[0.0, -1.5707963267948966]": {"num_count": 234, "sum_payoffs": 53.135614347500734, "action": [0.0, -1.5707963267948966]}, "[1.0, 0.0]": {"num_count": 225, "sum_payoffs": 49.93415930160668, "action": [1.0, 0.0]}, "[2.0, -1.5707963267948966]": {"num_count": 231, "sum_payoffs": 52.11771730789223, "action": [2.0, -1.5707963267948966]}, "[0.0, 0.0]": {"num_count": 232, "sum_payoffs": 52.36273039263866, "action": [0.0, 0.0]}, "[0.0, 1.5707963267948966]": {"num_count": 227, "sum_payoffs": 50.70153681305257, "action": [0.0, 1.5707963267948966]}, "[1.0, 1.5707963267948966]": {"num_count": 239, "sum_payoffs": 55.02421853794508, "action": [1.0, 1.5707963267948966]}, "[2.0, 1.5707963267948966]": {"num_count": 236, "sum_payoffs": 53.898687758935154, "action": [2.0, 1.5707963267948966]}, "[1.0, -1.5707963267948966]": {"num_count": 236, "sum_payoffs": 53.94891027064061, "action": [1.0, -1.5707963267948966]}}, "1": {"[0.0, -1.5707963267948966]": {"num_count": 343, "sum_payoffs": 69.89911385802489, "action": [0.0, -1.5707963267948966]}, "[1.0, 0.0]": {"num_count": 363, "sum_payoffs": 76.18856161873576, "action": [1.0, 0.0]}, "[0.0, 1.5707963267948966]": {"num_count": 330, "sum_payoffs": 65.93883846531106, "action": [0.0, 1.5707963267948966]}, "[0.0, 0.0]": {"num_count": 343, "sum_payoffs": 69.88179582247669, "action": [0.0, 0.0]}, "[1.0, 1.5707963267948966]": {"num_count": 356, "sum_payoffs": 73.91102006967625, "action": [1.0, 1.5707963267948966]}, "[1.0, -1.5707963267948966]": {"num_count": 365, "sum_payoffs": 76.70671487236014, "action": [1.0, -1.5707963267948966]}}}}