{"6": {"0": {"[0.0, 0.0]": {"num_count": 173, "sum_payoffs": 48.0945413210406, "action": [0.0, 0.0]}, "[1.0, 1.5707963267948966]": {"num_count": 173, "sum_payoffs": 48.100535523312146, "action": [1.0, 1.5707963267948966]}, "[0.0, 1.5707963267948966]": {"num_count": 164, "sum_payoffs": 44.350972125330124, "action": [0.0, 1.5707963267948966]}, "[0.0, -1.5707963267948966]": {"num_count": 161, "sum_payoffs": 42.946350558609176, "action": [0.0, -1.5707963267948966]}, "[2.0, 1.5707963267948966]": {"num_count": 187, "sum_payoffs": 54.06995032026331, "action": [2.0, 1.5707963267948966]}, "[1.0, -1.5707963267948966]": {"num_count": 176, "sum_payoffs": 49.43408641232492, "action": [1.0, -1.5707963267948966]}, "[1.0, 0.0]": {"num_count": 188, "sum_payoffs": 54.48246512116116, "action": [1.0, 0.0]}, "[2.0, 0.0]": {"num_count": 192, "sum_payoffs": 56.25754025671874, "action": [2.0, 0.0]}, "[2.0, -1.5707963267948966]": {"num_count": 186, "sum_payoffs": 53.64245058162836, "action": [2.0, -1.5707963267948966]}}, "1": {"[1.0, -1.5707963267948966]": {"num_count": 177, "sum_payoffs": 61.43086146507116, "action": [1.0, -1.5707963267948966]}, "[2.0, 1.5707963267948966]": {"num_count": 184, "sum_payoffs": 64.79357996262067, "action": [2.0, 1.5707963267948966]}, "[0.0, 1.5707963267948966]": {"num_count": 163, "sum_payoffs": 54.5414456829138, "action": [0.0, 1.5707963267948966]}, "[2.0, -1.5707963267948966]": {"num_count": 183, "sum_payoffs": 64.3887256017562, "action": [2.0, -1.5707963267948966]}, "[2.0, 0.0]": {"num_count": 209, "sum_payoffs": 77.22753736226106, "action": [2.0, 0.0]}, "[1.0, 1.5707963267948966]": {"num_count": 166, "sum_payoffs": 55.97972316938248, "action": [1.0, 1.5707963267948966]}, "[1.0, 0.0]": {"num_count": 195, "sum_payoffs": 70.26871081062451, "action": [1.0, 0.0]}, "[0.0, 0.0]": {"num_count": 167, "sum_payoffs": 56.520272130626765, "action": [0.0, 0.0]}, "[0.0, -1.5707963267948966]": {"num_count": 156, "sum_payoffs": 51.184116958242264, "action": [0.0, -1.5707963267948966]}}}}