{"2": {"0": {"[0.0, 0]": {"num_count": 1625, "sum_payoffs": 4.049999998920001, "action": [0.0, 0]}, "[1.0, 0]": {"num_count": 1975, "sum_payoffs": 6.186315787824, "action": [1.0, 0]}}, "1": {"[1.0, 0]": {"num_count": 1800, "sum_payoffs": 5.286315788064, "action": [1.0, 0]}, "[0.0, 0]": {"num_count": 1800, "sum_payoffs": 4.94999999868, "action": [0.0, 0]}}}, "1": {"0": {"[1.0, 0]": {"num_count": 1843, "sum_payoffs": 1.79999999952, "action": [1.0, 0]}, "[0.0, 0]": {"num_count": 1757, "sum_payoffs": 0.89999999976, "action": [0.0, 0]}}, "1": {"[1.0, 0]": {"num_count": 1888, "sum_payoffs": 1.79999999952, "action": [1.0, 0]}, "[0.0, 0]": {"num_count": 1712, "sum_payoffs": 0.89999999976, "action": [0.0, 0]}}}}