{"2": {"0": {"[1.0, 0]": {"num_count": 1014, "sum_payoffs": 365.77574991770445, "action": [1.0, 0]}, "[0.0, 0]": {"num_count": 86, "sum_payoffs": 21.687749995120274, "action": [0.0, 0]}}, "1": {"[0.0, 0]": {"num_count": 115, "sum_payoffs": 35.53874999200379, "action": [0.0, 0]}, "[1.0, 0]": {"num_count": 985, "sum_payoffs": 378.16874991491613, "action": [1.0, 0]}}}, "1": {"0": {"[1.0, 0]": {"num_count": 1026, "sum_payoffs": 419.7824999055427, "action": [1.0, 0]}, "[0.0, 0]": {"num_count": 74, "sum_payoffs": 26.122499994122425, "action": [0.0, 0]}}, "1": {"[1.0, 0]": {"num_count": 1015, "sum_payoffs": 415.32749990654537, "action": [1.0, 0]}, "[0.0, 0]": {"num_count": 85, "sum_payoffs": 29.76749999330229, "action": [0.0, 0]}}}}