{"runtime": 50.240816593170166, "winner": [1, 0], "collision_count": 0, "T_terminal": 7, "trajectories": [[1.0, 3.0, 0.0, 3.0, 3.0, 0.0, 0.0], [3.0, 3.0, 0.0, 4.0, 3.0, 0.0, 1.0], [5.0, 3.0, 4.71238898038469, 4.0, 3.0, 0.0, 2.0], [5.0, 2.0, 0.0, 5.0, 3.0, 0.0, 3.0], [7.0, 2.0, 0.0, 6.0, 3.0, 4.71238898038469, 4.0], [9.0, 2.0, 0.0, 6.0, 3.0, 0.0, 5.0], [11.0, 2.0, 0.0, 6.0, 3.0, 0.0, 6.0], [13.0, 2.0, 1.5707963267948966, 7.0, 3.0, 0.0, 7.0]], "penalty_distance_0": [-0.18393972058572117, -0.18393972058572117, -0.18393972058572117, -0.1215583672171071, -0.021164609811602494, -0.0030513636370870017, -0.0011409321093753023], "penalty_distance_1": [-0.18393972058572117, -0.18393972058572117, -0.18393972058572117, -0.1215583672171071, -0.021164609811602494, -0.0030513636370870017, -0.0011409321093753023], "reward_progress_0": [0.0, 0.0, 0.0, 0.0, 0.0, 0.0, 0.0], "reward_progress_1": [0.0, 0.0, 0.0, 0.0, 0.0, 0.0, 0.0], "penalty_agressor_0": [0.0, 0.0, 0.0, 0.0, 0.0, 0.0, 0.0], "penalty_agressor_1": [0.0, 0.0, 0.0, 0.0, 0.0, 0.0, 0.0], "penalty_timestep_0": [-7.0], "penalty_timestep_1": [-7.0], "reward_lead_0": [6.0], "reward_lead_1": [-6.0], "payoff_total0": [-0.18393972058572117, -0.36787944117144233, -0.5518191617571635, -0.6733775289742706, -0.6945421387858731, -0.6975935024229601, -0.6987344345323354, -1.6987344345323354], "payoff_total1": [-0.18393972058572117, -0.36787944117144233, -0.5518191617571635, -0.6733775289742706, -0.6945421387858731, -0.6975935024229601, -0.6987344345323354, -13.698734434532335]}