{"8": {"0": {"[1.0, -1.5707963267948966]": {"num_count": 398, "sum_payoffs": 100.41816093505547, "action": [1.0, -1.5707963267948966]}, "[0.0, 1.5707963267948966]": {"num_count": 379, "sum_payoffs": 93.61290439423233, "action": [0.0, 1.5707963267948966]}, "[2.0, -1.5707963267948966]": {"num_count": 422, "sum_payoffs": 108.97000718098275, "action": [2.0, -1.5707963267948966]}, "[1.0, 0.0]": {"num_count": 400, "sum_payoffs": 101.14245283343293, "action": [1.0, 0.0]}, "[0.0, 0.0]": {"num_count": 391, "sum_payoffs": 97.87728277049042, "action": [0.0, 0.0]}, "[1.0, 1.5707963267948966]": {"num_count": 405, "sum_payoffs": 102.86242489913242, "action": [1.0, 1.5707963267948966]}, "[2.0, 0.0]": {"num_count": 413, "sum_payoffs": 105.68766876574362, "action": [2.0, 0.0]}, "[0.0, -1.5707963267948966]": {"num_count": 380, "sum_payoffs": 94.00719420677449, "action": [0.0, -1.5707963267948966]}, "[2.0, 1.5707963267948966]": {"num_count": 412, "sum_payoffs": 105.3095158501269, "action": [2.0, 1.5707963267948966]}}, "1": {"[0.0, 0.0]": {"num_count": 386, "sum_payoffs": 116.776745219694, "action": [0.0, 0.0]}, "[2.0, 1.5707963267948966]": {"num_count": 421, "sum_payoffs": 130.88961767365257, "action": [2.0, 1.5707963267948966]}, "[0.0, 1.5707963267948966]": {"num_count": 344, "sum_payoffs": 99.78603469522515, "action": [0.0, 1.5707963267948966]}, "[2.0, 0.0]": {"num_count": 474, "sum_payoffs": 152.9268597994719, "action": [2.0, 0.0]}, "[2.0, -1.5707963267948966]": {"num_count": 431, "sum_payoffs": 135.10083652289794, "action": [2.0, -1.5707963267948966]}, "[1.0, -1.5707963267948966]": {"num_count": 377, "sum_payoffs": 113.01756122259174, "action": [1.0, -1.5707963267948966]}, "[0.0, -1.5707963267948966]": {"num_count": 354, "sum_payoffs": 103.8384770489455, "action": [0.0, -1.5707963267948966]}, "[1.0, 0.0]": {"num_count": 420, "sum_payoffs": 130.61292056584261, "action": [1.0, 0.0]}, "[1.0, 1.5707963267948966]": {"num_count": 393, "sum_payoffs": 119.55409941227195, "action": [1.0, 1.5707963267948966]}}}}