{"2": {"0": {"[0.0, 0]": {"num_count": 503, "sum_payoffs": 87.17528569934156, "action": [0.0, 0]}, "[1.0, 0]": {"num_count": 1097, "sum_payoffs": 250.71956386679048, "action": [1.0, 0]}}, "1": {"[0.0, 0]": {"num_count": 513, "sum_payoffs": 90.12599998454995, "action": [0.0, 0]}, "[1.0, 0]": {"num_count": 1087, "sum_payoffs": 248.6019924385821, "action": [1.0, 0]}}}, "1": {"0": {"[0.0, 0]": {"num_count": 611, "sum_payoffs": 129.17571426357097, "action": [0.0, 0]}, "[1.0, 0]": {"num_count": 989, "sum_payoffs": 242.03571424422594, "action": [1.0, 0]}}, "1": {"[0.0, 0]": {"num_count": 615, "sum_payoffs": 130.5642856919044, "action": [0.0, 0]}, "[1.0, 0]": {"num_count": 985, "sum_payoffs": 241.10999995867033, "action": [1.0, 0]}}}}