{"3": {"0": {"[2.0, -1.5707963267948966]": {"num_count": 68, "sum_payoffs": 24.250062176932598, "action": [2.0, -1.5707963267948966]}, "[2.0, 0.0]": {"num_count": 62, "sum_payoffs": 20.92365052711325, "action": [2.0, 0.0]}, "[1.0, 0.0]": {"num_count": 69, "sum_payoffs": 24.91099572287209, "action": [1.0, 0.0]}, "[1.0, 1.5707963267948966]": {"num_count": 68, "sum_payoffs": 24.220030812905982, "action": [1.0, 1.5707963267948966]}, "[0.0, -1.5707963267948966]": {"num_count": 65, "sum_payoffs": 22.679612074535548, "action": [0.0, -1.5707963267948966]}, "[2.0, 1.5707963267948966]": {"num_count": 69, "sum_payoffs": 24.790707469441617, "action": [2.0, 1.5707963267948966]}, "[0.0, 0.0]": {"num_count": 63, "sum_payoffs": 21.387606683755845, "action": [0.0, 0.0]}, "[0.0, 1.5707963267948966]": {"num_count": 63, "sum_payoffs": 21.462600674476388, "action": [0.0, 1.5707963267948966]}, "[1.0, -1.5707963267948966]": {"num_count": 73, "sum_payoffs": 27.175403809614462, "action": [1.0, -1.5707963267948966]}}, "1": {"[0.0, -1.5707963267948966]": {"num_count": 62, "sum_payoffs": 25.70818010853295, "action": [0.0, -1.5707963267948966]}, "[1.0, 1.5707963267948966]": {"num_count": 72, "sum_payoffs": 32.08229558793743, "action": [1.0, 1.5707963267948966]}, "[0.0, 1.5707963267948966]": {"num_count": 59, "sum_payoffs": 23.680519095753418, "action": [0.0, 1.5707963267948966]}, "[2.0, 0.0]": {"num_count": 69, "sum_payoffs": 30.100471861437214, "action": [2.0, 0.0]}, "[2.0, 1.5707963267948966]": {"num_count": 74, "sum_payoffs": 33.313721938705996, "action": [2.0, 1.5707963267948966]}, "[1.0, 0.0]": {"num_count": 67, "sum_payoffs": 28.9361254178745, "action": [1.0, 0.0]}, "[2.0, -1.5707963267948966]": {"num_count": 71, "sum_payoffs": 31.543869661662907, "action": [2.0, -1.5707963267948966]}, "[0.0, 0.0]": {"num_count": 62, "sum_payoffs": 25.644442194618946, "action": [0.0, 0.0]}, "[1.0, -1.5707963267948966]": {"num_count": 64, "sum_payoffs": 27.022481816517818, "action": [1.0, -1.5707963267948966]}}}}