{"runtime": 62.30065584182739, "winner": [1, 0], "collision_count": 0, "T_terminal": 10, "trajectories": [[1.0, 3.0, 0.0, 3.0, 3.0, 0.0, 0.0], [1.0, 3.0, 1.5707963267948966, 4.0, 3.0, 0.0, 1.0], [1.0, 4.0, 1.5707963267948966, 5.0, 3.0, 0.0, 2.0], [1.0, 4.0, 0.0, 6.0, 3.0, 0.0, 3.0], [3.0, 4.0, 0.0, 7.0, 3.0, 4.71238898038469, 4.0], [5.0, 4.0, 0.0, 7.0, 3.0, 4.71238898038469, 5.0], [7.0, 4.0, 1.5707963267948966, 7.0, 3.0, 0.0, 6.0], [7.0, 4.0, 0.0, 8.0, 3.0, 0.0, 7.0], [9.0, 4.0, 0.0, 9.0, 3.0, 4.71238898038469, 8.0], [11.0, 4.0, 0.0, 9.0, 3.0, 4.71238898038469, 9.0], [13.0, 4.0, 0.0, 9.0, 2.0, 3.141592653589793, 10.0]], "penalty_distance_0": [-0.01991482734714558, -0.006477657327665025, -0.0024410909096696017, -0.006477657327665025, -0.0427511702641543, -0.14715177646857694, -0.09724669377368568, -0.14715177646857694, -0.0427511702641543, -0.004569156397386777], "penalty_distance_1": [-0.01991482734714558, -0.006477657327665025, -0.0024410909096696017, -0.006477657327665025, -0.0427511702641543, -0.14715177646857694, -0.09724669377368568, -0.14715177646857694, -0.0427511702641543, -0.004569156397386777], "reward_progress_0": [0.0, 0.0, 0.0, 0.0, 0.0, 0.0, 0.0, 0.0, 0.0, 0.0], "reward_progress_1": [0.0, 0.0, 0.0, 0.0, 0.0, 0.0, 0.0, 0.0, 0.0, 0.0], "penalty_agressor_0": [0.0, 0.0, 0.0, 0.0, 0.0, 0.0, 0.0, 0.0, 0.0, 0.0], "penalty_agressor_1": [0.0, 0.0, 0.0, 0.0, 0.0, 0.0, 0.0, 0.0, 0.0, 0.0], "penalty_timestep_0": [-9.0], "penalty_timestep_1": [-9.0], "reward_lead_0": [4.0], "reward_lead_1": [-4.0], "payoff_total0": [-0.01991482734714558, -0.026392484674810604, -0.028833575584480207, -0.03531123291214523, -0.07806240317629953, -0.22521417964487647, -0.32246087341856217, -0.46961264988713913, -0.5123638201512934, -0.5169329765486802, -5.51693297654868], "payoff_total1": [-0.01991482734714558, -0.026392484674810604, -0.028833575584480207, -0.03531123291214523, -0.07806240317629953, -0.22521417964487647, -0.32246087341856217, -0.46961264988713913, -0.5123638201512934, -0.5169329765486802, -13.51693297654868]}