{"2": {"0": {"[0.0, 0]": {"num_count": 986, "sum_payoffs": 118.24919997634889, "action": [0.0, 0]}, "[1.0, 0]": {"num_count": 2114, "sum_payoffs": 339.1678894058548, "action": [1.0, 0]}}, "1": {"[1.0, 0]": {"num_count": 2110, "sum_payoffs": 338.78448940593125, "action": [1.0, 0]}, "[0.0, 0]": {"num_count": 990, "sum_payoffs": 119.21579997615525, "action": [0.0, 0]}}}, "1": {"0": {"[0.0, 0]": {"num_count": 1230, "sum_payoffs": 183.8429999632325, "action": [0.0, 0]}, "[1.0, 0]": {"num_count": 1870, "sum_payoffs": 319.8959999360171, "action": [1.0, 0]}}, "1": {"[1.0, 0]": {"num_count": 1868, "sum_payoffs": 319.57199993608197, "action": [1.0, 0]}, "[0.0, 0]": {"num_count": 1232, "sum_payoffs": 184.32899996313532, "action": [0.0, 0]}}}}