{"10": {"0": {"[2.0, 0.0]": {"num_count": 524, "sum_payoffs": 121.20120514256924, "action": [2.0, 0.0]}, "[1.0, -1.5707963267948966]": {"num_count": 524, "sum_payoffs": 121.21890239649052, "action": [1.0, -1.5707963267948966]}, "[0.0, 0.0]": {"num_count": 511, "sum_payoffs": 117.02901258957216, "action": [0.0, 0.0]}, "[2.0, 1.5707963267948966]": {"num_count": 518, "sum_payoffs": 119.31660621378964, "action": [2.0, 1.5707963267948966]}, "[0.0, 1.5707963267948966]": {"num_count": 483, "sum_payoffs": 108.10063813692322, "action": [0.0, 1.5707963267948966]}, "[1.0, 0.0]": {"num_count": 519, "sum_payoffs": 119.63801486995993, "action": [1.0, 0.0]}, "[0.0, -1.5707963267948966]": {"num_count": 491, "sum_payoffs": 110.67940169996358, "action": [0.0, -1.5707963267948966]}, "[2.0, -1.5707963267948966]": {"num_count": 526, "sum_payoffs": 121.86158538631526, "action": [2.0, -1.5707963267948966]}, "[1.0, 1.5707963267948966]": {"num_count": 504, "sum_payoffs": 114.78340687406417, "action": [1.0, 1.5707963267948966]}}, "1": {"[1.0, -1.5707963267948966]": {"num_count": 499, "sum_payoffs": 138.3727140364448, "action": [1.0, -1.5707963267948966]}, "[0.0, 0.0]": {"num_count": 489, "sum_payoffs": 134.5884222339018, "action": [0.0, 0.0]}, "[2.0, 0.0]": {"num_count": 611, "sum_payoffs": 180.26501033603398, "action": [2.0, 0.0]}, "[0.0, 1.5707963267948966]": {"num_count": 441, "sum_payoffs": 117.12743583714366, "action": [0.0, 1.5707963267948966]}, "[1.0, 1.5707963267948966]": {"num_count": 476, "sum_payoffs": 129.80387413834168, "action": [1.0, 1.5707963267948966]}, "[0.0, -1.5707963267948966]": {"num_count": 450, "sum_payoffs": 120.30244897111072, "action": [0.0, -1.5707963267948966]}, "[1.0, 0.0]": {"num_count": 550, "sum_payoffs": 157.26716374244867, "action": [1.0, 0.0]}, "[2.0, 1.5707963267948966]": {"num_count": 535, "sum_payoffs": 151.66484120308476, "action": [2.0, 1.5707963267948966]}, "[2.0, -1.5707963267948966]": {"num_count": 549, "sum_payoffs": 156.93729198063053, "action": [2.0, -1.5707963267948966]}}}}