{"2": {"0": {"[0.0, 0]": {"num_count": 189, "sum_payoffs": 52.487999981628995, "action": [0.0, 0]}, "[1.0, 0]": {"num_count": 2411, "sum_payoffs": 895.0297496867693, "action": [1.0, 0]}}, "1": {"[0.0, 0]": {"num_count": 163, "sum_payoffs": 45.92699998392544, "action": [0.0, 0]}, "[1.0, 0]": {"num_count": 2437, "sum_payoffs": 901.9552496843467, "action": [1.0, 0]}}}, "1": {"0": {"[1.0, 0]": {"num_count": 2449, "sum_payoffs": 1018.1699996435973, "action": [1.0, 0]}, "[0.0, 0]": {"num_count": 151, "sum_payoffs": 60.74999997873737, "action": [0.0, 0]}}, "1": {"[1.0, 0]": {"num_count": 274, "sum_payoffs": 112.9949999604514, "action": [1.0, 0]}, "[0.0, 0]": {"num_count": 2326, "sum_payoffs": 914.084999680039, "action": [0.0, 0]}}}}