{"2": {"0": {"[1.0, 0]": {"num_count": 2503, "sum_payoffs": 491.52315778412, "action": [1.0, 0]}, "[0.0, 0]": {"num_count": 1097, "sum_payoffs": 170.00324996175024, "action": [0.0, 0]}}, "1": {"[1.0, 0]": {"num_count": 2498, "sum_payoffs": 491.15865778420203, "action": [1.0, 0]}, "[0.0, 0]": {"num_count": 1102, "sum_payoffs": 171.46124996142217, "action": [0.0, 0]}}}, "1": {"0": {"[1.0, 0]": {"num_count": 2214, "sum_payoffs": 468.47249989460533, "action": [1.0, 0]}, "[0.0, 0]": {"num_count": 1386, "sum_payoffs": 261.67499994111876, "action": [0.0, 0]}}, "1": {"[0.0, 0]": {"num_count": 1387, "sum_payoffs": 262.07999994102767, "action": [0.0, 0]}, "[1.0, 0]": {"num_count": 2213, "sum_payoffs": 468.4724998946054, "action": [1.0, 0]}}}}