{"7": {"0": {"[0.0, 0.0]": {"num_count": 64, "sum_payoffs": 18.355695922199505, "action": [0.0, 0.0]}, "[2.0, -1.5707963267948966]": {"num_count": 68, "sum_payoffs": 20.276584707273543, "action": [2.0, -1.5707963267948966]}, "[0.0, 1.5707963267948966]": {"num_count": 64, "sum_payoffs": 18.22322676023378, "action": [0.0, 1.5707963267948966]}, "[1.0, -1.5707963267948966]": {"num_count": 68, "sum_payoffs": 20.218936348165375, "action": [1.0, -1.5707963267948966]}, "[1.0, 0.0]": {"num_count": 69, "sum_payoffs": 20.70907219025606, "action": [1.0, 0.0]}, "[0.0, -1.5707963267948966]": {"num_count": 65, "sum_payoffs": 18.645511098925642, "action": [0.0, -1.5707963267948966]}, "[1.0, 1.5707963267948966]": {"num_count": 65, "sum_payoffs": 18.767900645094123, "action": [1.0, 1.5707963267948966]}, "[2.0, 0.0]": {"num_count": 71, "sum_payoffs": 21.85211134573305, "action": [2.0, 0.0]}, "[2.0, 1.5707963267948966]": {"num_count": 66, "sum_payoffs": 19.152170988446144, "action": [2.0, 1.5707963267948966]}}, "1": {"[0.0, 0.0]": {"num_count": 96, "sum_payoffs": 27.106799692145188, "action": [0.0, 0.0]}, "[0.0, 1.5707963267948966]": {"num_count": 98, "sum_payoffs": 28.085154561273036, "action": [0.0, 1.5707963267948966]}, "[0.0, -1.5707963267948966]": {"num_count": 95, "sum_payoffs": 26.659041957882344, "action": [0.0, -1.5707963267948966]}, "[1.0, 0.0]": {"num_count": 102, "sum_payoffs": 29.907897845851696, "action": [1.0, 0.0]}, "[1.0, 1.5707963267948966]": {"num_count": 106, "sum_payoffs": 31.762004896675982, "action": [1.0, 1.5707963267948966]}, "[1.0, -1.5707963267948966]": {"num_count": 103, "sum_payoffs": 30.43309084130624, "action": [1.0, -1.5707963267948966]}}}}