{"1": {"0": {"[0.0, -1.5707963267948966]": {"num_count": 295, "sum_payoffs": 68.57571213249902, "action": [0.0, -1.5707963267948966]}, "[1.0, -1.5707963267948966]": {"num_count": 342, "sum_payoffs": 85.21739129014546, "action": [1.0, -1.5707963267948966]}, "[0.0, 1.5707963267948966]": {"num_count": 304, "sum_payoffs": 71.68415790909245, "action": [0.0, 1.5707963267948966]}, "[1.0, 1.5707963267948966]": {"num_count": 343, "sum_payoffs": 85.46726635257257, "action": [1.0, 1.5707963267948966]}, "[2.0, 0.0]": {"num_count": 391, "sum_payoffs": 102.87856070249438, "action": [2.0, 0.0]}, "[1.0, 0.0]": {"num_count": 341, "sum_payoffs": 84.78760618277079, "action": [1.0, 0.0]}, "[2.0, -1.5707963267948966]": {"num_count": 390, "sum_payoffs": 102.56871562508476, "action": [2.0, -1.5707963267948966]}, "[0.0, 0.0]": {"num_count": 302, "sum_payoffs": 70.9845077342965, "action": [0.0, 0.0]}, "[2.0, 1.5707963267948966]": {"num_count": 392, "sum_payoffs": 103.28835580487484, "action": [2.0, 1.5707963267948966]}}, "1": {"[1.0, 0.0]": {"num_count": 346, "sum_payoffs": 114.1629185217032, "action": [1.0, 0.0]}, "[1.0, -1.5707963267948966]": {"num_count": 340, "sum_payoffs": 111.56421787246109, "action": [1.0, -1.5707963267948966]}, "[0.0, 0.0]": {"num_count": 301, "sum_payoffs": 94.64267864489614, "action": [0.0, 0.0]}, "[2.0, -1.5707963267948966]": {"num_count": 393, "sum_payoffs": 134.92253870814812, "action": [2.0, -1.5707963267948966]}, "[0.0, -1.5707963267948966]": {"num_count": 302, "sum_payoffs": 95.03248374228245, "action": [0.0, -1.5707963267948966]}, "[2.0, 1.5707963267948966]": {"num_count": 395, "sum_payoffs": 135.80209892789142, "action": [2.0, 1.5707963267948966]}, "[1.0, 1.5707963267948966]": {"num_count": 342, "sum_payoffs": 112.44377809220458, "action": [1.0, 1.5707963267948966]}, "[0.0, 1.5707963267948966]": {"num_count": 296, "sum_payoffs": 92.5337331180112, "action": [0.0, 1.5707963267948966]}, "[2.0, 0.0]": {"num_count": 385, "sum_payoffs": 131.42428783416852, "action": [2.0, 0.0]}}}}