{"runtime": 0.6457669734954834, "winner": [1, 0], "T_terminal": 12, "trajectories": [[1.0, 3.0, 0.0, 3.0, 3.0, 0.0, 0.0], [1.0, 3.0, 4.71238898038469, 3.0, 3.0, 1.5707963267948966, 1.0], [1.0, 3.0, 0.0, 3.0, 4.0, 1.5707963267948966, 2.0], [2.0, 3.0, 1.5707963267948966, 3.0, 5.0, 0.0, 3.0], [2.0, 3.0, 3.141592653589793, 3.0, 5.0, 4.71238898038469, 4.0], [2.0, 3.0, 4.71238898038469, 3.0, 4.0, 4.71238898038469, 5.0], [1.9999999999999998, 2.0, 4.71238898038469, 3.0, 4.0, 0.0, 6.0], [1.9999999999999998, 2.0, 0.0, 4.0, 4.0, 1.5707963267948966, 7.0], [3.0, 2.0, 1.5707963267948966, 4.0, 4.0, 3.141592653589793, 8.0], [3.0, 4.0, 0.0, 4.0, 4.0, 3.141592653589793, 9.0], [3.0, 4.0, 0.0, 4.0, 4.0, 4.71238898038469, 10.0], [3.0, 4.0, 0.0, 4.0, 3.0, 3.141592653589793, 11.0], [5.0, 4.0, 0.0, 4.0, 3.0, 3.141592653589793, 12.0], [1.0, 3.0, 4.71238898038469, 3.0, 3.0, 1.5707963267948966, 1.0], [1.0, 3.0, 0.0, 3.0, 4.0, 1.5707963267948966, 2.0], [2.0, 3.0, 1.5707963267948966, 3.0, 5.0, 0.0, 3.0], [2.0, 3.0, 3.141592653589793, 3.0, 5.0, 4.71238898038469, 4.0], [2.0, 3.0, 4.71238898038469, 3.0, 4.0, 4.71238898038469, 5.0], [1.9999999999999998, 2.0, 4.71238898038469, 3.0, 4.0, 0.0, 6.0], [1.9999999999999998, 2.0, 0.0, 4.0, 4.0, 1.5707963267948966, 7.0], [3.0, 2.0, 1.5707963267948966, 4.0, 4.0, 3.141592653589793, 8.0], [3.0, 4.0, 0.0, 4.0, 4.0, 3.141592653589793, 9.0], [3.0, 4.0, 0.0, 4.0, 4.0, 4.71238898038469, 10.0], [3.0, 4.0, 0.0, 4.0, 3.0, 3.141592653589793, 11.0], [5.0, 4.0, 0.0, 4.0, 3.0, 3.141592653589793, 12.0], [1.0, 3.0, 4.71238898038469, 3.0, 3.0, 1.5707963267948966, 1.0], [1.0, 3.0, 0.0, 3.0, 4.0, 1.5707963267948966, 2.0], [2.0, 3.0, 1.5707963267948966, 3.0, 5.0, 0.0, 3.0], [2.0, 3.0, 3.141592653589793, 3.0, 5.0, 4.71238898038469, 4.0], [2.0, 3.0, 4.71238898038469, 3.0, 4.0, 4.71238898038469, 5.0], [1.9999999999999998, 2.0, 4.71238898038469, 3.0, 4.0, 0.0, 6.0], [1.9999999999999998, 2.0, 0.0, 4.0, 4.0, 1.5707963267948966, 7.0], [3.0, 2.0, 1.5707963267948966, 4.0, 4.0, 3.141592653589793, 8.0], [3.0, 4.0, 0.0, 4.0, 4.0, 3.141592653589793, 9.0], [3.0, 4.0, 0.0, 4.0, 4.0, 4.71238898038469, 10.0], [3.0, 4.0, 0.0, 4.0, 3.0, 3.141592653589793, 11.0], [5.0, 4.0, 0.0, 4.0, 3.0, 3.141592653589793, 12.0], [1.0, 3.0, 4.71238898038469, 3.0, 3.0, 1.5707963267948966, 1.0], [1.0, 3.0, 0.0, 3.0, 4.0, 1.5707963267948966, 2.0], [2.0, 3.0, 1.5707963267948966, 3.0, 5.0, 0.0, 3.0], [2.0, 3.0, 3.141592653589793, 3.0, 5.0, 4.71238898038469, 4.0], [2.0, 3.0, 4.71238898038469, 3.0, 4.0, 4.71238898038469, 5.0], [1.9999999999999998, 2.0, 4.71238898038469, 3.0, 4.0, 0.0, 6.0], [1.9999999999999998, 2.0, 0.0, 4.0, 4.0, 1.5707963267948966, 7.0], [3.0, 2.0, 1.5707963267948966, 4.0, 4.0, 3.141592653589793, 8.0], [3.0, 4.0, 0.0, 4.0, 4.0, 3.141592653589793, 9.0], [3.0, 4.0, 0.0, 4.0, 4.0, 4.71238898038469, 10.0], [3.0, 4.0, 0.0, 4.0, 3.0, 3.141592653589793, 11.0], [5.0, 4.0, 0.0, 4.0, 3.0, 3.141592653589793, 12.0], [1.0, 3.0, 4.71238898038469, 3.0, 3.0, 1.5707963267948966, 1.0], [1.0, 3.0, 0.0, 3.0, 4.0, 1.5707963267948966, 2.0], [2.0, 3.0, 1.5707963267948966, 3.0, 5.0, 0.0, 3.0], [2.0, 3.0, 3.141592653589793, 3.0, 5.0, 4.71238898038469, 4.0], [2.0, 3.0, 4.71238898038469, 3.0, 4.0, 4.71238898038469, 5.0], [1.9999999999999998, 2.0, 4.71238898038469, 3.0, 4.0, 0.0, 6.0], [1.9999999999999998, 2.0, 0.0, 4.0, 4.0, 1.5707963267948966, 7.0], [3.0, 2.0, 1.5707963267948966, 4.0, 4.0, 3.141592653589793, 8.0], [3.0, 4.0, 0.0, 4.0, 4.0, 3.141592653589793, 9.0], [3.0, 4.0, 0.0, 4.0, 4.0, 4.71238898038469, 10.0], [3.0, 4.0, 0.0, 4.0, 3.0, 3.141592653589793, 11.0], [5.0, 4.0, 0.0, 4.0, 3.0, 3.141592653589793, 12.0]], "penalty_distance_0": [-0.027067056647322542, -0.02137558513207715, -0.02137558513207715, -0.02137558513207715, -0.04862334688684284, -0.02137558513207715, -0.011821149312391246, -0.02137558513207715, -0.07357588823428847, -0.07357588823428847, -0.04862334688684284, -0.04862334688684284, -0.027067056647322542, -0.02137558513207715, -0.02137558513207715, -0.02137558513207715, -0.04862334688684284, -0.02137558513207715, -0.011821149312391246, -0.02137558513207715, -0.07357588823428847, -0.07357588823428847, -0.04862334688684284, -0.04862334688684284, -0.027067056647322542, -0.02137558513207715, -0.02137558513207715, -0.02137558513207715, -0.04862334688684284, -0.02137558513207715, -0.011821149312391246, -0.02137558513207715, -0.07357588823428847, -0.07357588823428847, -0.04862334688684284, -0.04862334688684284, -0.027067056647322542, -0.02137558513207715, -0.02137558513207715, -0.02137558513207715, -0.04862334688684284, -0.02137558513207715, -0.011821149312391246, -0.02137558513207715, -0.07357588823428847, -0.07357588823428847, -0.04862334688684284, -0.04862334688684284, -0.027067056647322542, -0.02137558513207715, -0.02137558513207715, -0.02137558513207715, -0.04862334688684284, -0.02137558513207715, -0.011821149312391246, -0.02137558513207715, -0.07357588823428847, -0.07357588823428847, -0.04862334688684284, -0.04862334688684284], "penalty_distance_1": [-0.027067056647322542, -0.02137558513207715, -0.02137558513207715, -0.02137558513207715, -0.04862334688684284, -0.02137558513207715, -0.011821149312391246, -0.02137558513207715, -0.07357588823428847, -0.07357588823428847, -0.04862334688684284, -0.04862334688684284, -0.027067056647322542, -0.02137558513207715, -0.02137558513207715, -0.02137558513207715, -0.04862334688684284, -0.02137558513207715, -0.011821149312391246, -0.02137558513207715, -0.07357588823428847, -0.07357588823428847, -0.04862334688684284, -0.04862334688684284, -0.027067056647322542, -0.02137558513207715, -0.02137558513207715, -0.02137558513207715, -0.04862334688684284, -0.02137558513207715, -0.011821149312391246, -0.02137558513207715, -0.07357588823428847, -0.07357588823428847, -0.04862334688684284, -0.04862334688684284, -0.027067056647322542, -0.02137558513207715, -0.02137558513207715, -0.02137558513207715, -0.04862334688684284, -0.02137558513207715, -0.011821149312391246, -0.02137558513207715, -0.07357588823428847, -0.07357588823428847, -0.04862334688684284, -0.04862334688684284, -0.027067056647322542, -0.02137558513207715, -0.02137558513207715, -0.02137558513207715, -0.04862334688684284, -0.02137558513207715, -0.011821149312391246, -0.02137558513207715, -0.07357588823428847, -0.07357588823428847, -0.04862334688684284, -0.04862334688684284], "reward_progress_0": [0.0, 0.0, 0.0, 0.0, 0.0, -0.0, 0.0, 0.0, 0.0, 0.0, 0.0, 0.0, 0.0, 0.0, 0.0, 0.0, 0.0, -0.0, 0.0, 0.0, 0.0, 0.0, 0.0, 0.0, 0.0, 0.0, 0.0, 0.0, 0.0, -0.0, 0.0, 0.0, 0.0, 0.0, 0.0, 0.0, 0.0, 0.0, 0.0, 0.0, 0.0, -0.0, 0.0, 0.0, 0.0, 0.0, 0.0, 0.0, 0.0, 0.0, 0.0, 0.0, 0.0, -0.0, 0.0, 0.0, 0.0, 0.0, 0.0, 0.0], "reward_progress_1": [0.0, 0.0, 0.0, 0.0, 0.0, 0.0, 0.0, 0.0, 0.0, 0.0, 0.0, 0.0, 0.0, 0.0, 0.0, 0.0, 0.0, 0.0, 0.0, 0.0, 0.0, 0.0, 0.0, 0.0, 0.0, 0.0, 0.0, 0.0, 0.0, 0.0, 0.0, 0.0, 0.0, 0.0, 0.0, 0.0, 0.0, 0.0, 0.0, 0.0, 0.0, 0.0, 0.0, 0.0, 0.0, 0.0, 0.0, 0.0, 0.0, 0.0, 0.0, 0.0, 0.0, 0.0, 0.0, 0.0, 0.0, 0.0, 0.0, 0.0], "penalty_agressor_0": [0.0, 0.0, 0.0, 0.0, 0.0, 0.0, 0.0, 0.0, 0.0, 0.0, 0.0, 0.0, 0.0, 0.0, 0.0, 0.0, 0.0, 0.0, 0.0, 0.0, 0.0, 0.0, 0.0, 0.0, 0.0, 0.0, 0.0, 0.0, 0.0, 0.0, 0.0, 0.0, 0.0, 0.0, 0.0, 0.0, 0.0, 0.0, 0.0, 0.0, 0.0, 0.0, 0.0, 0.0, 0.0, 0.0, 0.0, 0.0, 0.0, 0.0, 0.0, 0.0, 0.0, 0.0, 0.0, 0.0, 0.0, 0.0, 0.0, 0.0], "penalty_agressor_1": [0.0, 0.0, 0.0, 0.0, 0.0, 0.0, 0.0, 0.0, 0.0, 0.0, 0.0, 0.0, 0.0, 0.0, 0.0, 0.0, 0.0, 0.0, 0.0, 0.0, 0.0, 0.0, 0.0, 0.0, 0.0, 0.0, 0.0, 0.0, 0.0, 0.0, 0.0, 0.0, 0.0, 0.0, 0.0, 0.0, 0.0, 0.0, 0.0, 0.0, 0.0, 0.0, 0.0, 0.0, 0.0, 0.0, 0.0, 0.0, 0.0, 0.0, 0.0, 0.0, 0.0, 0.0, 0.0, 0.0, 0.0, 0.0, 0.0, 0.0], "penalty_timestep_0": [-9.600000000000001, -9.600000000000001, -9.600000000000001, -9.600000000000001, -9.600000000000001], "penalty_timestep_1": [-9.600000000000001, -9.600000000000001, -9.600000000000001, -9.600000000000001, -9.600000000000001], "reward_lead_0": [1.0, 1.0, 1.0, 1.0, 1.0], "reward_lead_1": [-1.0, -1.0, -1.0, -1.0, -1.0],