{"5": {"0": {"[2.0, -1.5707963267948966]": {"num_count": 11, "sum_payoffs": 3.474954862244735, "action": [2.0, -1.5707963267948966]}, "[2.0, 0.0]": {"num_count": 11, "sum_payoffs": 3.4589104970222766, "action": [2.0, 0.0]}, "[0.0, -1.5707963267948966]": {"num_count": 11, "sum_payoffs": 3.3943527262321447, "action": [0.0, -1.5707963267948966]}, "[0.0, 1.5707963267948966]": {"num_count": 11, "sum_payoffs": 3.1537480651215692, "action": [0.0, 1.5707963267948966]}, "[1.0, -1.5707963267948966]": {"num_count": 11, "sum_payoffs": 3.627499825027885, "action": [1.0, -1.5707963267948966]}, "[1.0, 1.5707963267948966]": {"num_count": 12, "sum_payoffs": 4.094278432634634, "action": [1.0, 1.5707963267948966]}, "[2.0, 1.5707963267948966]": {"num_count": 11, "sum_payoffs": 3.4190901700647505, "action": [2.0, 1.5707963267948966]}, "[1.0, 0.0]": {"num_count": 11, "sum_payoffs": 3.300680387995901, "action": [1.0, 0.0]}, "[0.0, 0.0]": {"num_count": 11, "sum_payoffs": 3.3893359344255893, "action": [0.0, 0.0]}}, "1": {"[2.0, 0.0]": {"num_count": 12, "sum_payoffs": 5.1841092709166645, "action": [2.0, 0.0]}, "[1.0, -1.5707963267948966]": {"num_count": 11, "sum_payoffs": 3.9348811345631614, "action": [1.0, -1.5707963267948966]}, "[0.0, 1.5707963267948966]": {"num_count": 10, "sum_payoffs": 3.186492930725023, "action": [0.0, 1.5707963267948966]}, "[0.0, 0.0]": {"num_count": 12, "sum_payoffs": 4.82338434226353, "action": [0.0, 0.0]}, "[2.0, -1.5707963267948966]": {"num_count": 12, "sum_payoffs": 4.870504854425922, "action": [2.0, -1.5707963267948966]}, "[2.0, 1.5707963267948966]": {"num_count": 11, "sum_payoffs": 4.06382571672514, "action": [2.0, 1.5707963267948966]}, "[1.0, 0.0]": {"num_count": 11, "sum_payoffs": 4.23081317291911, "action": [1.0, 0.0]}, "[0.0, -1.5707963267948966]": {"num_count": 10, "sum_payoffs": 3.367483691428869, "action": [0.0, -1.5707963267948966]}, "[1.0, 1.5707963267948966]": {"num_count": 11, "sum_payoffs": 4.035988449522066, "action": [1.0, 1.5707963267948966]}}}}