{"2": {"0": {"[0.0, 0]": {"num_count": 189, "sum_payoffs": 40.254536834054456, "action": [0.0, 0]}, "[1.0, 0]": {"num_count": 2911, "sum_payoffs": 869.8794629839438, "action": [1.0, 0]}}, "1": {"[0.0, 0]": {"num_count": 212, "sum_payoffs": 41.71253683376286, "action": [0.0, 0]}, "[1.0, 0]": {"num_count": 2888, "sum_payoffs": 859.673462985984, "action": [1.0, 0]}}}, "1": {"0": {"[1.0, 0]": {"num_count": 2904, "sum_payoffs": 949.8419998099811, "action": [1.0, 0]}, "[0.0, 0]": {"num_count": 196, "sum_payoffs": 56.39399998872093, "action": [0.0, 0]}}, "1": {"[1.0, 0]": {"num_count": 2891, "sum_payoffs": 945.1439998109213, "action": [1.0, 0]}, "[0.0, 0]": {"num_count": 209, "sum_payoffs": 58.823999988234895, "action": [0.0, 0]}}}}