{"2": {"0": {"[1.0, 0]": {"num_count": 4223, "sum_payoffs": 398.98317425234205, "action": [1.0, 0]}, "[0.0, 0]": {"num_count": 377, "sum_payoffs": 28.771075651421196, "action": [0.0, 0]}}, "1": {"[1.0, 0]": {"num_count": 4235, "sum_payoffs": 400.1669999099712, "action": [1.0, 0]}, "[0.0, 0]": {"num_count": 365, "sum_payoffs": 26.493749994038904, "action": [0.0, 0]}}}, "1": {"0": {"[0.0, 0]": {"num_count": 398, "sum_payoffs": 35.555624992000254, "action": [0.0, 0]}, "[1.0, 0]": {"num_count": 4202, "sum_payoffs": 432.0168749027706, "action": [1.0, 0]}}, "1": {"[0.0, 0]": {"num_count": 352, "sum_payoffs": 30.999374993025373, "action": [0.0, 0]}, "[1.0, 0]": {"num_count": 4248, "sum_payoffs": 436.97812490165353, "action": [1.0, 0]}}}}