{"2": {"0": {"[1.0, 0]": {"num_count": 3795, "sum_payoffs": 707.5496247523399, "action": [1.0, 0]}, "[0.0, 0]": {"num_count": 305, "sum_payoffs": 47.12062498350776, "action": [0.0, 0]}}, "1": {"[1.0, 0]": {"num_count": 3758, "sum_payoffs": 697.2524997559459, "action": [1.0, 0]}, "[0.0, 0]": {"num_count": 342, "sum_payoffs": 54.50174998092434, "action": [0.0, 0]}}}, "1": {"0": {"[0.0, 0]": {"num_count": 277, "sum_payoffs": 50.66999998226538, "action": [0.0, 0]}, "[1.0, 0]": {"num_count": 3823, "sum_payoffs": 780.4237497268748, "action": [1.0, 0]}}, "1": {"[0.0, 0]": {"num_count": 300, "sum_payoffs": 54.82124998081241, "action": [0.0, 0]}, "[1.0, 0]": {"num_count": 3800, "sum_payoffs": 777.0824997280439, "action": [1.0, 0]}}}}