{"3": {"0": {"[1.0, 1.5707963267948966]": {"num_count": 418, "sum_payoffs": 148.1693448796618, "action": [1.0, 1.5707963267948966]}, "[0.0, -1.5707963267948966]": {"num_count": 362, "sum_payoffs": 122.97525961622027, "action": [0.0, -1.5707963267948966]}, "[0.0, 1.5707963267948966]": {"num_count": 354, "sum_payoffs": 119.2594332198953, "action": [0.0, 1.5707963267948966]}, "[2.0, 1.5707963267948966]": {"num_count": 461, "sum_payoffs": 167.73990524641874, "action": [2.0, 1.5707963267948966]}, "[2.0, 0.0]": {"num_count": 386, "sum_payoffs": 133.68123960183752, "action": [2.0, 0.0]}, "[1.0, 0.0]": {"num_count": 368, "sum_payoffs": 125.64173158436884, "action": [1.0, 0.0]}, "[1.0, -1.5707963267948966]": {"num_count": 427, "sum_payoffs": 152.18060220818407, "action": [1.0, -1.5707963267948966]}, "[2.0, -1.5707963267948966]": {"num_count": 471, "sum_payoffs": 172.2182393411367, "action": [2.0, -1.5707963267948966]}, "[0.0, 0.0]": {"num_count": 353, "sum_payoffs": 118.83268386298366, "action": [0.0, 0.0]}}, "1": {"[1.0, 1.5707963267948966]": {"num_count": 386, "sum_payoffs": 163.34904891713805, "action": [1.0, 1.5707963267948966]}, "[1.0, 0.0]": {"num_count": 363, "sum_payoffs": 151.01318096138172, "action": [1.0, 0.0]}, "[2.0, 1.5707963267948966]": {"num_count": 511, "sum_payoffs": 230.06193072498777, "action": [2.0, 1.5707963267948966]}, "[0.0, 0.0]": {"num_count": 305, "sum_payoffs": 121.15264402980804, "action": [0.0, 0.0]}, "[2.0, 0.0]": {"num_count": 479, "sum_payoffs": 212.83887287832144, "action": [2.0, 0.0]}, "[0.0, -1.5707963267948966]": {"num_count": 324, "sum_payoffs": 130.88878281370003, "action": [0.0, -1.5707963267948966]}, "[2.0, -1.5707963267948966]": {"num_count": 492, "sum_payoffs": 219.82966991338233, "action": [2.0, -1.5707963267948966]}, "[0.0, 1.5707963267948966]": {"num_count": 316, "sum_payoffs": 126.86553275645393, "action": [0.0, 1.5707963267948966]}, "[1.0, -1.5707963267948966]": {"num_count": 424, "sum_payoffs": 183.44864192781512, "action": [1.0, -1.5707963267948966]}}}}