{"2": {"0": {"[0.0, 0]": {"num_count": 219, "sum_payoffs": 45.79089472463121, "action": [0.0, 0]}, "[1.0, 0]": {"num_count": 3381, "sum_payoffs": 838.4111050396369, "action": [1.0, 0]}}, "1": {"[0.0, 0]": {"num_count": 227, "sum_payoffs": 43.54689472522961, "action": [0.0, 0]}, "[1.0, 0]": {"num_count": 3373, "sum_payoffs": 828.9911050421465, "action": [1.0, 0]}}}, "1": {"0": {"[1.0, 0]": {"num_count": 3390, "sum_payoffs": 925.6199997532078, "action": [1.0, 0]}, "[0.0, 0]": {"num_count": 210, "sum_payoffs": 47.54999998731987, "action": [0.0, 0]}}, "1": {"[0.0, 0]": {"num_count": 239, "sum_payoffs": 54.43499998548377, "action": [0.0, 0]}, "[1.0, 0]": {"num_count": 3361, "sum_payoffs": 917.9249997552587, "action": [1.0, 0]}}}}