{"10": {"0": {"[0.0, -1.5707963267948966]": {"num_count": 274, "sum_payoffs": 61.57606116890417, "action": [0.0, -1.5707963267948966]}, "[2.0, 0.0]": {"num_count": 300, "sum_payoffs": 70.66908264653962, "action": [2.0, 0.0]}, "[1.0, -1.5707963267948966]": {"num_count": 291, "sum_payoffs": 67.54728832067266, "action": [1.0, -1.5707963267948966]}, "[1.0, 1.5707963267948966]": {"num_count": 287, "sum_payoffs": 66.19079557529442, "action": [1.0, 1.5707963267948966]}, "[0.0, 0.0]": {"num_count": 287, "sum_payoffs": 66.08731603687299, "action": [0.0, 0.0]}, "[1.0, 0.0]": {"num_count": 293, "sum_payoffs": 68.2744920831372, "action": [1.0, 0.0]}, "[2.0, -1.5707963267948966]": {"num_count": 295, "sum_payoffs": 68.9574675056203, "action": [2.0, -1.5707963267948966]}, "[2.0, 1.5707963267948966]": {"num_count": 296, "sum_payoffs": 69.35098074425753, "action": [2.0, 1.5707963267948966]}, "[0.0, 1.5707963267948966]": {"num_count": 277, "sum_payoffs": 62.72315816532489, "action": [0.0, 1.5707963267948966]}}, "1": {"[1.0, 0.0]": {"num_count": 301, "sum_payoffs": 85.27215985656613, "action": [1.0, 0.0]}, "[0.0, 1.5707963267948966]": {"num_count": 254, "sum_payoffs": 66.7982920159553, "action": [0.0, 1.5707963267948966]}, "[1.0, 1.5707963267948966]": {"num_count": 281, "sum_payoffs": 77.36038991377211, "action": [1.0, 1.5707963267948966]}, "[2.0, 1.5707963267948966]": {"num_count": 296, "sum_payoffs": 83.19402506665551, "action": [2.0, 1.5707963267948966]}, "[1.0, -1.5707963267948966]": {"num_count": 277, "sum_payoffs": 75.76498607468278, "action": [1.0, -1.5707963267948966]}, "[2.0, -1.5707963267948966]": {"num_count": 303, "sum_payoffs": 86.03209056127766, "action": [2.0, -1.5707963267948966]}, "[0.0, 0.0]": {"num_count": 285, "sum_payoffs": 78.86575849334011, "action": [0.0, 0.0]}, "[0.0, -1.5707963267948966]": {"num_count": 266, "sum_payoffs": 71.40492641957559, "action": [0.0, -1.5707963267948966]}, "[2.0, 0.0]": {"num_count": 337, "sum_payoffs": 99.68978806459947, "action": [2.0, 0.0]}}}}