{"2": {"0": {"[0.0, 0]": {"num_count": 231, "sum_payoffs": 31.62937499486016, "action": [0.0, 0]}, "[1.0, 0]": {"num_count": 3369, "sum_payoffs": 629.036407792544, "action": [1.0, 0]}}, "1": {"[0.0, 0]": {"num_count": 229, "sum_payoffs": 34.00424999447426, "action": [0.0, 0]}, "[1.0, 0]": {"num_count": 3371, "sum_payoffs": 629.0307827925445, "action": [1.0, 0]}}}, "1": {"0": {"[1.0, 0]": {"num_count": 3367, "sum_payoffs": 689.1974998880172, "action": [1.0, 0]}, "[0.0, 0]": {"num_count": 233, "sum_payoffs": 39.32999999360903, "action": [0.0, 0]}}, "1": {"[1.0, 0]": {"num_count": 3313, "sum_payoffs": 679.6799998895624, "action": [1.0, 0]}, "[0.0, 0]": {"num_count": 287, "sum_payoffs": 52.492499991470176, "action": [0.0, 0]}}}}