{"10": {"0": {"[0.0, -1.5707963267948966]": {"num_count": 66, "sum_payoffs": 15.36229167639526, "action": [0.0, -1.5707963267948966]}, "[0.0, 1.5707963267948966]": {"num_count": 66, "sum_payoffs": 15.410590428475166, "action": [0.0, 1.5707963267948966]}, "[2.0, -1.5707963267948966]": {"num_count": 66, "sum_payoffs": 15.321604460422689, "action": [2.0, -1.5707963267948966]}, "[2.0, 0.0]": {"num_count": 68, "sum_payoffs": 16.372229890079375, "action": [2.0, 0.0]}, "[1.0, 0.0]": {"num_count": 69, "sum_payoffs": 16.699684450620907, "action": [1.0, 0.0]}, "[1.0, 1.5707963267948966]": {"num_count": 65, "sum_payoffs": 15.072452322043777, "action": [1.0, 1.5707963267948966]}, "[1.0, -1.5707963267948966]": {"num_count": 68, "sum_payoffs": 16.222163154368666, "action": [1.0, -1.5707963267948966]}, "[2.0, 1.5707963267948966]": {"num_count": 67, "sum_payoffs": 15.863531445307709, "action": [2.0, 1.5707963267948966]}, "[0.0, 0.0]": {"num_count": 65, "sum_payoffs": 14.967883367756963, "action": [0.0, 0.0]}}, "1": {"[0.0, 0.0]": {"num_count": 65, "sum_payoffs": 17.703109587306876, "action": [0.0, 0.0]}, "[0.0, 1.5707963267948966]": {"num_count": 64, "sum_payoffs": 17.336007126167292, "action": [0.0, 1.5707963267948966]}, "[1.0, 0.0]": {"num_count": 66, "sum_payoffs": 18.348677515084596, "action": [1.0, 0.0]}, "[2.0, 1.5707963267948966]": {"num_count": 67, "sum_payoffs": 18.749930340837363, "action": [2.0, 1.5707963267948966]}, "[0.0, -1.5707963267948966]": {"num_count": 63, "sum_payoffs": 16.926535016485932, "action": [0.0, -1.5707963267948966]}, "[2.0, -1.5707963267948966]": {"num_count": 68, "sum_payoffs": 19.389100704974865, "action": [2.0, -1.5707963267948966]}, "[2.0, 0.0]": {"num_count": 74, "sum_payoffs": 22.359449965928853, "action": [2.0, 0.0]}, "[1.0, -1.5707963267948966]": {"num_count": 67, "sum_payoffs": 18.799416392994114, "action": [1.0, -1.5707963267948966]}, "[1.0, 1.5707963267948966]": {"num_count": 66, "sum_payoffs": 18.441286802419, "action": [1.0, 1.5707963267948966]}}}}