{"2": {"0": {"[0.0, 0]": {"num_count": 52, "sum_payoffs": 9.425926690113451, "action": [0.0, 0]}, "[1.0, 0]": {"num_count": 48, "sum_payoffs": 11.534430449150486, "action": [1.0, 0]}}, "1": {"[0.0, 0]": {"num_count": 50, "sum_payoffs": 9.45839097582217, "action": [0.0, 0]}, "[1.0, 0]": {"num_count": 50, "sum_payoffs": 13.064109020316831, "action": [1.0, 0]}}}, "1": {"0": {"[0.0, 0]": {"num_count": 51, "sum_payoffs": 8.071071427187816, "action": [0.0, 0]}, "[1.0, 0]": {"num_count": 49, "sum_payoffs": 10.841785712427132, "action": [1.0, 0]}}, "1": {"[1.0, 0]": {"num_count": 45, "sum_payoffs": 9.286071426979532, "action": [1.0, 0]}, "[0.0, 0]": {"num_count": 55, "sum_payoffs": 7.54392857013533, "action": [0.0, 0]}}}}