{"3": {"0": {"[2.0, -1.5707963267948966]": {"num_count": 542, "sum_payoffs": 198.31150518522946, "action": [2.0, -1.5707963267948966]}, "[1.0, -1.5707963267948966]": {"num_count": 504, "sum_payoffs": 181.13418449763708, "action": [1.0, -1.5707963267948966]}, "[2.0, 0.0]": {"num_count": 441, "sum_payoffs": 152.89278562628513, "action": [2.0, 0.0]}, "[1.0, 0.0]": {"num_count": 408, "sum_payoffs": 138.3788361255684, "action": [1.0, 0.0]}, "[0.0, 1.5707963267948966]": {"num_count": 410, "sum_payoffs": 139.32989438896809, "action": [0.0, 1.5707963267948966]}, "[1.0, 1.5707963267948966]": {"num_count": 466, "sum_payoffs": 164.19048243800145, "action": [1.0, 1.5707963267948966]}, "[0.0, -1.5707963267948966]": {"num_count": 432, "sum_payoffs": 148.93248304215817, "action": [0.0, -1.5707963267948966]}, "[2.0, 1.5707963267948966]": {"num_count": 494, "sum_payoffs": 176.7099490621437, "action": [2.0, 1.5707963267948966]}, "[0.0, 0.0]": {"num_count": 403, "sum_payoffs": 136.2138552895334, "action": [0.0, 0.0]}}, "1": {"[0.0, 1.5707963267948966]": {"num_count": 361, "sum_payoffs": 145.8695487554075, "action": [0.0, 1.5707963267948966]}, "[2.0, 0.0]": {"num_count": 515, "sum_payoffs": 226.13181483090844, "action": [2.0, 0.0]}, "[2.0, 1.5707963267948966]": {"num_count": 572, "sum_payoffs": 256.46157039662324, "action": [2.0, 1.5707963267948966]}, "[1.0, 1.5707963267948966]": {"num_count": 487, "sum_payoffs": 211.298821990483, "action": [1.0, 1.5707963267948966]}, "[0.0, -1.5707963267948966]": {"num_count": 359, "sum_payoffs": 144.7987096348459, "action": [0.0, -1.5707963267948966]}, "[0.0, 0.0]": {"num_count": 372, "sum_payoffs": 151.3343042137579, "action": [0.0, 0.0]}, "[2.0, -1.5707963267948966]": {"num_count": 542, "sum_payoffs": 240.50224309168217, "action": [2.0, -1.5707963267948966]}, "[1.0, -1.5707963267948966]": {"num_count": 457, "sum_payoffs": 195.53450810915072, "action": [1.0, -1.5707963267948966]}, "[1.0, 0.0]": {"num_count": 435, "sum_payoffs": 184.16942406781112, "action": [1.0, 0.0]}}}}