{"runtime": 0.6578159332275391, "winner": [0, 1], "T_terminal": 12, "trajectories": [[1.0, 3.0, 0.0, 3.0, 3.0, 0.0, 0.0], [2.0, 3.0, 4.71238898038469, 4.0, 3.0, 4.71238898038469, 1.0], [1.9999999999999998, 2.0, 0.0, 4.0, 3.0, 4.71238898038469, 2.0], [1.9999999999999998, 2.0, 1.5707963267948966, 4.0, 2.0, 0.0, 3.0], [1.9999999999999998, 3.0, 1.5707963267948966, 5.0, 2.0, 4.71238898038469, 4.0], [2.0, 5.0, 0.0, 5.0, 2.0, 4.71238898038469, 5.0], [2.0, 5.0, 0.0, 5.0, 1.0, 4.71238898038469, 6.0], [3.0, 5.0, 0.0, 5.0, 1.0, 0.0, 7.0], [5.0, 5.0, 4.71238898038469, 6.0, 1.0, 4.71238898038469, 8.0], [5.0, 4.0, 3.141592653589793, 6.0, 1.0, 0.0, 9.0], [4.0, 4.0, 1.5707963267948966, 6.0, 1.0, 0.0, 10.0], [4.0, 5.0, 3.141592653589793, 7.0, 1.0, 1.5707963267948966, 11.0], [4.0, 5.0, 3.141592653589793, 7.0, 2.0, 3.141592653589793, 12.0], [2.0, 3.0, 4.71238898038469, 4.0, 3.0, 4.71238898038469, 1.0], [1.9999999999999998, 2.0, 0.0, 4.0, 3.0, 4.71238898038469, 2.0], [1.9999999999999998, 2.0, 1.5707963267948966, 4.0, 2.0, 0.0, 3.0], [1.9999999999999998, 3.0, 1.5707963267948966, 5.0, 2.0, 4.71238898038469, 4.0], [2.0, 5.0, 0.0, 5.0, 2.0, 4.71238898038469, 5.0], [2.0, 5.0, 0.0, 5.0, 1.0, 4.71238898038469, 6.0], [3.0, 5.0, 0.0, 5.0, 1.0, 0.0, 7.0], [5.0, 5.0, 4.71238898038469, 6.0, 1.0, 4.71238898038469, 8.0], [5.0, 4.0, 3.141592653589793, 6.0, 1.0, 0.0, 9.0], [4.0, 4.0, 1.5707963267948966, 6.0, 1.0, 0.0, 10.0], [4.0, 5.0, 3.141592653589793, 7.0, 1.0, 1.5707963267948966, 11.0], [4.0, 5.0, 3.141592653589793, 7.0, 2.0, 3.141592653589793, 12.0], [2.0, 3.0, 4.71238898038469, 4.0, 3.0, 4.71238898038469, 1.0], [1.9999999999999998, 2.0, 0.0, 4.0, 3.0, 4.71238898038469, 2.0], [1.9999999999999998, 2.0, 1.5707963267948966, 4.0, 2.0, 0.0, 3.0], [1.9999999999999998, 3.0, 1.5707963267948966, 5.0, 2.0, 4.71238898038469, 4.0], [2.0, 5.0, 0.0, 5.0, 2.0, 4.71238898038469, 5.0], [2.0, 5.0, 0.0, 5.0, 1.0, 4.71238898038469, 6.0], [3.0, 5.0, 0.0, 5.0, 1.0, 0.0, 7.0], [5.0, 5.0, 4.71238898038469, 6.0, 1.0, 4.71238898038469, 8.0], [5.0, 4.0, 3.141592653589793, 6.0, 1.0, 0.0, 9.0], [4.0, 4.0, 1.5707963267948966, 6.0, 1.0, 0.0, 10.0], [4.0, 5.0, 3.141592653589793, 7.0, 1.0, 1.5707963267948966, 11.0], [4.0, 5.0, 3.141592653589793, 7.0, 2.0, 3.141592653589793, 12.0], [2.0, 3.0, 4.71238898038469, 4.0, 3.0, 4.71238898038469, 1.0], [1.9999999999999998, 2.0, 0.0, 4.0, 3.0, 4.71238898038469, 2.0], [1.9999999999999998, 2.0, 1.5707963267948966, 4.0, 2.0, 0.0, 3.0], [1.9999999999999998, 3.0, 1.5707963267948966, 5.0, 2.0, 4.71238898038469, 4.0], [2.0, 5.0, 0.0, 5.0, 2.0, 4.71238898038469, 5.0], [2.0, 5.0, 0.0, 5.0, 1.0, 4.71238898038469, 6.0], [3.0, 5.0, 0.0, 5.0, 1.0, 0.0, 7.0], [5.0, 5.0, 4.71238898038469, 6.0, 1.0, 4.71238898038469, 8.0], [5.0, 4.0, 3.141592653589793, 6.0, 1.0, 0.0, 9.0], [4.0, 4.0, 1.5707963267948966, 6.0, 1.0, 0.0, 10.0], [4.0, 5.0, 3.141592653589793, 7.0, 1.0, 1.5707963267948966, 11.0], [4.0, 5.0, 3.141592653589793, 7.0, 2.0, 3.141592653589793, 12.0], [2.0, 3.0, 4.71238898038469, 4.0, 3.0, 4.71238898038469, 1.0], [1.9999999999999998, 2.0, 0.0, 4.0, 3.0, 4.71238898038469, 2.0], [1.9999999999999998, 2.0, 1.5707963267948966, 4.0, 2.0, 0.0, 3.0], [1.9999999999999998, 3.0, 1.5707963267948966, 5.0, 2.0, 4.71238898038469, 4.0], [2.0, 5.0, 0.0, 5.0, 2.0, 4.71238898038469, 5.0], [2.0, 5.0, 0.0, 5.0, 1.0, 4.71238898038469, 6.0], [3.0, 5.0, 0.0, 5.0, 1.0, 0.0, 7.0], [5.0, 5.0, 4.71238898038469, 6.0, 1.0, 4.71238898038469, 8.0], [5.0, 4.0, 3.141592653589793, 6.0, 1.0, 0.0, 9.0], [4.0, 4.0, 1.5707963267948966, 6.0, 1.0, 0.0, 10.0], [4.0, 5.0, 3.141592653589793, 7.0, 1.0, 1.5707963267948966, 11.0], [4.0, 5.0, 3.141592653589793, 7.0, 2.0, 3.141592653589793, 12.0]], "penalty_distance_0": [-0.054134113294645084, -0.0427511702641543, -0.054134113294645084, -0.016931687849281996, -0.005747838436175636, -0.002695178799634187, -0.004569156397386777, -0.006477657327665025, -0.016931687849281996, -0.010868984468894225, -0.002695178799634187, -0.005747838436175636, -0.054134113294645084, -0.0427511702641543, -0.054134113294645084, -0.016931687849281996, -0.005747838436175636, -0.002695178799634187, -0.004569156397386777, -0.006477657327665025, -0.016931687849281996, -0.010868984468894225, -0.002695178799634187, -0.005747838436175636, -0.054134113294645084, -0.0427511702641543, -0.054134113294645084, -0.016931687849281996, -0.005747838436175636, -0.002695178799634187, -0.004569156397386777, -0.006477657327665025, -0.016931687849281996, -0.010868984468894225, -0.002695178799634187, -0.005747838436175636, -0.054134113294645084, -0.0427511702641543, -0.054134113294645084, -0.016931687849281996, -0.005747838436175636, -0.002695178799634187, -0.004569156397386777, -0.006477657327665025, -0.016931687849281996, -0.010868984468894225, -0.002695178799634187, -0.005747838436175636, -0.054134113294645084, -0.0427511702641543, -0.054134113294645084, -0.016931687849281996, -0.005747838436175636, -0.002695178799634187, -0.004569156397386777, -0.006477657327665025, -0.016931687849281996, -0.010868984468894225, -0.002695178799634187, -0.005747838436175636], "penalty_distance_1": [-0.054134113294645084, -0.0427511702641543, -0.054134113294645084, -0.016931687849281996, -0.005747838436175636, -0.002695178799634187, -0.004569156397386777, -0.006477657327665025, -0.016931687849281996, -0.010868984468894225, -0.002695178799634187, -0.005747838436175636, -0.054134113294645084, -0.0427511702641543, -0.054134113294645084, -0.016931687849281996, -0.005747838436175636, -0.002695178799634187, -0.004569156397386777, -0.006477657327665025, -0.016931687849281996, -0.010868984468894225, -0.002695178799634187, -0.005747838436175636, -0.054134113294645084, -0.0427511702641543, -0.054134113294645084, -0.016931687849281996, -0.005747838436175636, -0.002695178799634187, -0.004569156397386777, -0.006477657327665025, -0.016931687849281996, -0.010868984468894225, -0.002695178799634187, -0.005747838436175636, -0.054134113294645084, -0.0427511702641543, -0.054134113294645084, -0.016931687849281996, -0.005747838436175636, -0.002695178799634187, -0.004569156397386777, -0.006477657327665025, -0.016931687849281996, -0.010868984468894225, -0.002695178799634187, -0.005747838436175636, -0.054134113294645084, -0.0427511702641543, -0.054134113294645084, -0.016931687849281996, -0.005747838436175636, -0.002695178799634187, -0.004569156397386777, -0.006477657327665025, -0.016931687849281996, -0.010868984468894225, -0.002695178799634187, -0.005747838436175636], "reward_progress_0": [0.0, -0.0, 0.0, 0.0, 0.0, 0.0, 0.0, 0.0, 0.0, -0.0, 0.0, 0.0, 0.0, -0.0, 0.0, 0.0, 0.0, 0.0, 0.0, 0.0, 0.0, -0.0, 0.0, 0.0, 0.0, -0.0, 0.0, 0.0, 0.0, 0.0, 0.0, 0.0, 0.0, -0.0, 0.0, 0.0, 0.0, -0.0, 0.0, 0.0, 0.0, 0.0, 0.0, 0.0, 0.0, -0.0, 0.0, 0.0, 0.0, -0.0, 0.0, 0.0, 0.0, 0.0, 0.0, 0.0, 0.0, -0.0, 0.0, 0.0], "reward_progress_1": [0.0, 0.0, 0.0, 0.0, 0.0, 0.0, 0.0, 0.0, 0.0, 0.0, 0.0, 0.0, 0.0, 0.0, 0.0, 0.0, 0.0, 0.0, 0.0, 0.0, 0.0, 0.0, 0.0, 0.0, 0.0, 0.0, 0.0, 0.0, 0.0, 0.0, 0.0, 0.0, 0.0, 0.0, 0.0, 0.0, 0.0, 0.0, 0.0, 0.0, 0.0, 0.0, 0.0, 0.0, 0.0, 0.0, 0.0, 0.0, 0.0, 0.0, 0.0, 0.0, 0.0, 0.0, 0.0, 0.0, 0.0, 0.0, 0.0, 0.0], "penalty_agressor_0": [0.0, 0.0, 0.0, 0.0, 0.0, 0.0, 0.0, 0.0, 0.0, 0.0, 0.0, 0.0, 0.0, 0.0, 0.0, 0.0, 0.0, 0.0, 0.0, 0.0, 0.0, 0.0, 0.0, 0.0, 0.0, 0.0, 0.0, 0.0, 0.0, 0.0, 0.0, 0.0, 0.0, 0.0, 0.0, 0.0, 0.0, 0.0, 0.0, 0.0, 0.0, 0.0, 0.0, 0.0, 0.0, 0.0, 0.0, 0.0, 0.0, 0.0, 0.0, 0.0, 0.0, 0.0, 0.0, 0.0, 0.0, 0.0, 0.0, 0.0], "penalty_agressor_1": [0.0, 0.0, 0.0, 0.0, 0.0, 0.0, 0.0, 0.0, 0.0, 0.0, 0.0, 0.0, 0.0, 0.0, 0.0, 0.0, 0.0, 0.0, 0.0, 0.0, 0.0, 0.0, 0.0, 0.0, 0.0, 0.0, 0.0, 0.0, 0.0, 0.0, 0.0, 0.0, 0.0, 0.0, 0.0, 0.0, 0.0, 0.0, 0.0, 0.0, 0.0, 0.0, 0.0, 0.0, 0.0, 0.0, 0.0, 0.0, 0.0, 0.0, 0.0, 0.0, 0.0, 0.0, 0.0, 0.0, 0.0, 0.0, 0.0, 0.0], "penalty_timestep_0": [-6.0, -6.0, -6.0, -6.0, -6.0], "penalty_timestep_1": [-6.0, -6.0, -6.0, -6.0, -6.0], "reward_lead_0": [-3.0, -3.0, -3.0, -3.0, -3.0], "reward_lead_1": [3.0, 3.0, 3.0, 3.0, 3.0],