{"2": {"0": {"[1.0, 0]": {"num_count": 537, "sum_payoffs": 4.47631578828, "action": [1.0, 0]}, "[0.0, 0]": {"num_count": 563, "sum_payoffs": 5.84999999844, "action": [0.0, 0]}}, "1": {"[1.0, 0]": {"num_count": 608, "sum_payoffs": 6.186315787824, "action": [1.0, 0]}, "[0.0, 0]": {"num_count": 492, "sum_payoffs": 4.139999998896, "action": [0.0, 0]}}}, "1": {"0": {"[1.0, 0]": {"num_count": 560, "sum_payoffs": 0.89999999976, "action": [1.0, 0]}, "[0.0, 0]": {"num_count": 540, "sum_payoffs": 0.89999999976, "action": [0.0, 0]}}, "1": {"[0.0, 0]": {"num_count": 472, "sum_payoffs": 0.0, "action": [0.0, 0]}, "[1.0, 0]": {"num_count": 628, "sum_payoffs": 1.79999999952, "action": [1.0, 0]}}}}