{"11": {"0": {"[2.0, -1.5707963267948966]": {"num_count": 181, "sum_payoffs": 40.95035290876816, "action": [2.0, -1.5707963267948966]}, "[1.0, 1.5707963267948966]": {"num_count": 172, "sum_payoffs": 37.602552648315964, "action": [1.0, 1.5707963267948966]}, "[1.0, 0.0]": {"num_count": 183, "sum_payoffs": 41.69153973211884, "action": [1.0, 0.0]}, "[0.0, 0.0]": {"num_count": 178, "sum_payoffs": 39.85940641711888, "action": [0.0, 0.0]}, "[0.0, 1.5707963267948966]": {"num_count": 173, "sum_payoffs": 37.93544759815116, "action": [0.0, 1.5707963267948966]}, "[1.0, -1.5707963267948966]": {"num_count": 177, "sum_payoffs": 39.512278972510686, "action": [1.0, -1.5707963267948966]}, "[2.0, 1.5707963267948966]": {"num_count": 180, "sum_payoffs": 40.63931874000455, "action": [2.0, 1.5707963267948966]}, "[2.0, 0.0]": {"num_count": 182, "sum_payoffs": 41.334867139276376, "action": [2.0, 0.0]}, "[0.0, -1.5707963267948966]": {"num_count": 174, "sum_payoffs": 38.402199011468795, "action": [0.0, -1.5707963267948966]}}, "1": {"[0.0, 1.5707963267948966]": {"num_count": 165, "sum_payoffs": 42.54282812261005, "action": [0.0, 1.5707963267948966]}, "[0.0, 0.0]": {"num_count": 170, "sum_payoffs": 44.57402686275294, "action": [0.0, 0.0]}, "[2.0, 0.0]": {"num_count": 206, "sum_payoffs": 59.53640314036811, "action": [2.0, 0.0]}, "[1.0, -1.5707963267948966]": {"num_count": 180, "sum_payoffs": 48.68605642133749, "action": [1.0, -1.5707963267948966]}, "[2.0, -1.5707963267948966]": {"num_count": 180, "sum_payoffs": 48.62976639647843, "action": [2.0, -1.5707963267948966]}, "[1.0, 1.5707963267948966]": {"num_count": 169, "sum_payoffs": 44.05284074959739, "action": [1.0, 1.5707963267948966]}, "[0.0, -1.5707963267948966]": {"num_count": 164, "sum_payoffs": 41.98584096899027, "action": [0.0, -1.5707963267948966]}, "[1.0, 0.0]": {"num_count": 186, "sum_payoffs": 51.10877534372623, "action": [1.0, 0.0]}, "[2.0, 1.5707963267948966]": {"num_count": 180, "sum_payoffs": 48.59194444506029, "action": [2.0, 1.5707963267948966]}}}}