{"8": {"0": {"[1.0, 0.0]": {"num_count": 285, "sum_payoffs": 79.48473741014435, "action": [1.0, 0.0]}, "[0.0, 0.0]": {"num_count": 271, "sum_payoffs": 73.91698443913025, "action": [0.0, 0.0]}, "[0.0, 1.5707963267948966]": {"num_count": 276, "sum_payoffs": 75.95900125389979, "action": [0.0, 1.5707963267948966]}, "[2.0, 1.5707963267948966]": {"num_count": 298, "sum_payoffs": 84.67787327475703, "action": [2.0, 1.5707963267948966]}, "[1.0, -1.5707963267948966]": {"num_count": 297, "sum_payoffs": 84.37348673865549, "action": [1.0, -1.5707963267948966]}, "[1.0, 1.5707963267948966]": {"num_count": 280, "sum_payoffs": 77.56048546977306, "action": [1.0, 1.5707963267948966]}, "[0.0, -1.5707963267948966]": {"num_count": 280, "sum_payoffs": 77.51354638280162, "action": [0.0, -1.5707963267948966]}, "[2.0, 0.0]": {"num_count": 309, "sum_payoffs": 89.16717739175779, "action": [2.0, 0.0]}, "[2.0, -1.5707963267948966]": {"num_count": 304, "sum_payoffs": 87.17210618846488, "action": [2.0, -1.5707963267948966]}}, "1": {"[1.0, 0.0]": {"num_count": 459, "sum_payoffs": 126.43066585096025, "action": [1.0, 0.0]}, "[0.0, 1.5707963267948966]": {"num_count": 416, "sum_payoffs": 110.71388008036648, "action": [0.0, 1.5707963267948966]}, "[0.0, 0.0]": {"num_count": 421, "sum_payoffs": 112.63276840196546, "action": [0.0, 0.0]}, "[0.0, -1.5707963267948966]": {"num_count": 403, "sum_payoffs": 106.10050866062849, "action": [0.0, -1.5707963267948966]}, "[1.0, -1.5707963267948966]": {"num_count": 450, "sum_payoffs": 123.21802316314316, "action": [1.0, -1.5707963267948966]}, "[1.0, 1.5707963267948966]": {"num_count": 451, "sum_payoffs": 123.58603930305833, "action": [1.0, 1.5707963267948966]}}}}