{"2": {"0": {"[1.0, 0]": {"num_count": 1406, "sum_payoffs": 5.759999996544, "action": [1.0, 0]}, "[0.0, 0]": {"num_count": 1194, "sum_payoffs": 4.139999997516, "action": [0.0, 0]}}, "1": {"[0.0, 0]": {"num_count": 1143, "sum_payoffs": 3.713684208298105, "action": [0.0, 0]}, "[1.0, 0]": {"num_count": 1457, "sum_payoffs": 6.186315785761895, "action": [1.0, 0]}}}, "1": {"0": {"[1.0, 0]": {"num_count": 1383, "sum_payoffs": 1.79999999892, "action": [1.0, 0]}, "[0.0, 0]": {"num_count": 1217, "sum_payoffs": 0.89999999946, "action": [0.0, 0]}}, "1": {"[1.0, 0]": {"num_count": 1358, "sum_payoffs": 1.79999999892, "action": [1.0, 0]}, "[0.0, 0]": {"num_count": 1242, "sum_payoffs": 0.89999999946, "action": [0.0, 0]}}}}