{"2": {"0": {"[1.0, 0]": {"num_count": 738, "sum_payoffs": 170.73784959478974, "action": [1.0, 0]}, "[0.0, 0]": {"num_count": 362, "sum_payoffs": 62.414864650954755, "action": [0.0, 0]}}, "1": {"[1.0, 0]": {"num_count": 735, "sum_payoffs": 171.15442102328984, "action": [1.0, 0]}, "[0.0, 0]": {"num_count": 365, "sum_payoffs": 63.872864650704784, "action": [0.0, 0]}}}, "1": {"0": {"[0.0, 0]": {"num_count": 426, "sum_payoffs": 89.25428569898537, "action": [0.0, 0]}, "[1.0, 0]": {"num_count": 674, "sum_payoffs": 166.24285711436005, "action": [1.0, 0]}}, "1": {"[0.0, 0]": {"num_count": 430, "sum_payoffs": 90.64285712731878, "action": [0.0, 0]}, "[1.0, 0]": {"num_count": 670, "sum_payoffs": 165.31714282880444, "action": [1.0, 0]}}}}