{"2": {"0": {"[0.0, 0]": {"num_count": 669, "sum_payoffs": 43.75039735967082, "action": [0.0, 0]}, "[1.0, 0]": {"num_count": 931, "sum_payoffs": 81.93145261519248, "action": [1.0, 0]}}, "1": {"[1.0, 0]": {"num_count": 912, "sum_payoffs": 78.66805261584503, "action": [1.0, 0]}, "[0.0, 0]": {"num_count": 688, "sum_payoffs": 46.13899735919306, "action": [0.0, 0]}}}, "1": {"0": {"[1.0, 0]": {"num_count": 889, "sum_payoffs": 79.19999998416043, "action": [1.0, 0]}, "[0.0, 0]": {"num_count": 711, "sum_payoffs": 52.559999989488595, "action": [0.0, 0]}}, "1": {"[1.0, 0]": {"num_count": 888, "sum_payoffs": 79.07849998418472, "action": [1.0, 0]}, "[0.0, 0]": {"num_count": 712, "sum_payoffs": 52.6814999894643, "action": [0.0, 0]}}}}