{"2": {"0": {"[1.0, 0]": {"num_count": 2050, "sum_payoffs": 278.41046047527004, "action": [1.0, 0]}, "[0.0, 0]": {"num_count": 1050, "sum_payoffs": 105.67578945430999, "action": [0.0, 0]}}, "1": {"[1.0, 0]": {"num_count": 2041, "sum_payoffs": 277.37771047545954, "action": [1.0, 0]}, "[0.0, 0]": {"num_count": 1059, "sum_payoffs": 107.43753945398721, "action": [0.0, 0]}}}, "1": {"0": {"[1.0, 0]": {"num_count": 1846, "sum_payoffs": 265.1249999514054, "action": [1.0, 0]}, "[0.0, 0]": {"num_count": 1254, "sum_payoffs": 155.1749999715549, "action": [0.0, 0]}}, "1": {"[0.0, 0]": {"num_count": 1253, "sum_payoffs": 154.97249997159204, "action": [0.0, 0]}, "[1.0, 0]": {"num_count": 1847, "sum_payoffs": 265.32749995136834, "action": [1.0, 0]}}}}