{"runtime": 0.7113077640533447, "winner": [1, 0], "T_terminal": 12, "trajectories": [[1.0, 3.0, 0.0, 3.0, 3.0, 0.0, 0.0], [1.0, 3.0, 1.5707963267948966, 4.0, 3.0, 1.5707963267948966, 1.0], [1.0, 4.0, 0.0, 4.0, 4.0, 0.0, 2.0], [2.0, 4.0, 1.5707963267948966, 4.0, 4.0, 0.0, 3.0], [2.0, 4.0, 0.0, 5.0, 4.0, 4.71238898038469, 4.0], [4.0, 4.0, 4.71238898038469, 5.0, 3.0, 3.141592653589793, 5.0], [4.0, 3.0, 4.71238898038469, 4.0, 3.0, 1.5707963267948966, 6.0], [4.0, 3.0, 3.141592653589793, 4.0, 3.0, 3.141592653589793, 7.0], [4.0, 3.0, 1.5707963267948966, 4.0, 3.0, 3.141592653589793, 8.0], [4.0, 5.0, 1.5707963267948966, 3.0, 3.0, 1.5707963267948966, 9.0], [4.0, 5.0, 0.0, 3.0, 3.0, 0.0, 10.0], [5.0, 5.0, 1.5707963267948966, 3.0, 3.0, 0.0, 11.0], [5.0, 5.0, 1.5707963267948966, 4.0, 3.0, 0.0, 12.0]], "penalty_distance_0": [-0.024893534183931972, -0.024893534183931972, -0.06766764161830635, -0.024893534183931972, -0.1215583672171071, -0.5, -0.5, -0.5, -0.05343896283019287, -0.05343896283019287, -0.029552873280978113, -0.05343896283019287], "penalty_distance_1": [-0.024893534183931972, -0.024893534183931972, -0.06766764161830635, -0.024893534183931972, -0.1215583672171071, -0.5, -0.5, -0.5, -0.05343896283019287, -0.05343896283019287, -0.029552873280978113, -0.05343896283019287], "reward_progress_0": [0.0, 0.0, 0.0, 0.0, 0.0, 0.0, 0.0, 0.0, 0.0, 0.0, 0.0, 0.0], "reward_progress_1": [0.0, 0.0, 0.0, 0.0, 0.0, -0.0, 0.0, 0.0, -0.0, 0.0, 0.0, 0.0], "penalty_agressor_0": [0.0, 0.0, 0.0, 0.0, 0.0, 0.0, 0.0, 0.0, 0.0, 0.0, 0.0, 0.0], "penalty_agressor_1": [0.0, 0.0, 0.0, 0.0, 0.0, 0.0, 0.0, 0.0, 0.0, 0.0, 0.0, 0.0], "penalty_timestep_0": [-1.2000000000000002], "penalty_timestep_1": [-1.2000000000000002], "reward_lead_0": [1.0], "reward_lead_1": [-1.0], "payoff_total0": [-0.024893534183931972, -0.049787068367863944, -0.1174547099861703, -0.14234824417010228, -0.2639066113872094, -0.7639066113872094, -1.2639066113872093, -1.7639066113872093, -1.817345574217402, -1.8707845370475948, -1.900337410328573, -1.9537763731587658, -2.153776373158766], "payoff_total1": [-0.024893534183931972, -0.049787068367863944, -0.1174547099861703, -0.14234824417010228, -0.2639066113872094, -0.7639066113872094, -1.2639066113872093, -1.7639066113872093, -1.817345574217402, -1.8707845370475948, -1.900337410328573, -1.9537763731587658, -4.153776373158766]}