{"2": {"0": {"[1.0, 0]": {"num_count": 283, "sum_payoffs": 5.376315788264013, "action": [1.0, 0]}, "[0.0, 0]": {"num_count": 317, "sum_payoffs": 5.759999998704, "action": [0.0, 0]}}, "1": {"[1.0, 0]": {"num_count": 328, "sum_payoffs": 6.186315788081763, "action": [1.0, 0]}, "[0.0, 0]": {"num_count": 272, "sum_payoffs": 4.94999999888625, "action": [0.0, 0]}}}, "1": {"0": {"[1.0, 0]": {"num_count": 293, "sum_payoffs": 0.8999999997975, "action": [1.0, 0]}, "[0.0, 0]": {"num_count": 307, "sum_payoffs": 1.799999999595, "action": [0.0, 0]}}, "1": {"[0.0, 0]": {"num_count": 288, "sum_payoffs": 0.8999999997975, "action": [0.0, 0]}, "[1.0, 0]": {"num_count": 312, "sum_payoffs": 1.799999999595, "action": [1.0, 0]}}}}