{"9": {"0": {"[1.0, 1.5707963267948966]": {"num_count": 11, "sum_payoffs": 3.0508016517819074, "action": [1.0, 1.5707963267948966]}, "[2.0, 0.0]": {"num_count": 11, "sum_payoffs": 2.943285186387715, "action": [2.0, 0.0]}, "[2.0, 1.5707963267948966]": {"num_count": 11, "sum_payoffs": 3.2075576174623683, "action": [2.0, 1.5707963267948966]}, "[1.0, 0.0]": {"num_count": 11, "sum_payoffs": 3.3308602088916284, "action": [1.0, 0.0]}, "[2.0, -1.5707963267948966]": {"num_count": 11, "sum_payoffs": 3.1696880979043476, "action": [2.0, -1.5707963267948966]}, "[1.0, -1.5707963267948966]": {"num_count": 12, "sum_payoffs": 3.6786148761035453, "action": [1.0, -1.5707963267948966]}, "[0.0, 0.0]": {"num_count": 11, "sum_payoffs": 2.994429749792296, "action": [0.0, 0.0]}, "[0.0, 1.5707963267948966]": {"num_count": 11, "sum_payoffs": 3.199988933156484, "action": [0.0, 1.5707963267948966]}, "[0.0, -1.5707963267948966]": {"num_count": 11, "sum_payoffs": 2.841616258574192, "action": [0.0, -1.5707963267948966]}}, "1": {"[1.0, -1.5707963267948966]": {"num_count": 17, "sum_payoffs": 4.603915025415636, "action": [1.0, -1.5707963267948966]}, "[1.0, 0.0]": {"num_count": 17, "sum_payoffs": 4.610842871315824, "action": [1.0, 0.0]}, "[1.0, 1.5707963267948966]": {"num_count": 17, "sum_payoffs": 4.316169705652871, "action": [1.0, 1.5707963267948966]}, "[0.0, 0.0]": {"num_count": 17, "sum_payoffs": 4.370092565424283, "action": [0.0, 0.0]}, "[0.0, 1.5707963267948966]": {"num_count": 16, "sum_payoffs": 3.811298942629248, "action": [0.0, 1.5707963267948966]}, "[0.0, -1.5707963267948966]": {"num_count": 16, "sum_payoffs": 4.036009377314757, "action": [0.0, -1.5707963267948966]}}}}