{"6": {"0": {"[0.0, 1.5707963267948966]": {"num_count": 309, "sum_payoffs": 83.21263083472226, "action": [0.0, 1.5707963267948966]}, "[2.0, 1.5707963267948966]": {"num_count": 356, "sum_payoffs": 101.45806547987613, "action": [2.0, 1.5707963267948966]}, "[0.0, -1.5707963267948966]": {"num_count": 315, "sum_payoffs": 85.58117874660485, "action": [0.0, -1.5707963267948966]}, "[1.0, -1.5707963267948966]": {"num_count": 340, "sum_payoffs": 95.2266567203829, "action": [1.0, -1.5707963267948966]}, "[2.0, -1.5707963267948966]": {"num_count": 374, "sum_payoffs": 108.43477734191049, "action": [2.0, -1.5707963267948966]}, "[0.0, 0.0]": {"num_count": 343, "sum_payoffs": 96.24423706987974, "action": [0.0, 0.0]}, "[1.0, 1.5707963267948966]": {"num_count": 338, "sum_payoffs": 94.40982898423371, "action": [1.0, 1.5707963267948966]}, "[1.0, 0.0]": {"num_count": 351, "sum_payoffs": 99.44974485664471, "action": [1.0, 0.0]}, "[2.0, 0.0]": {"num_count": 374, "sum_payoffs": 108.53362126766282, "action": [2.0, 0.0]}}, "1": {"[2.0, -1.5707963267948966]": {"num_count": 360, "sum_payoffs": 126.57660748588225, "action": [2.0, -1.5707963267948966]}, "[1.0, -1.5707963267948966]": {"num_count": 349, "sum_payoffs": 121.58313052433265, "action": [1.0, -1.5707963267948966]}, "[2.0, 0.0]": {"num_count": 409, "sum_payoffs": 149.08235065637484, "action": [2.0, 0.0]}, "[1.0, 0.0]": {"num_count": 372, "sum_payoffs": 132.08770128465133, "action": [1.0, 0.0]}, "[0.0, 1.5707963267948966]": {"num_count": 285, "sum_payoffs": 92.66429770432141, "action": [0.0, 1.5707963267948966]}, "[0.0, -1.5707963267948966]": {"num_count": 301, "sum_payoffs": 99.74700285321848, "action": [0.0, -1.5707963267948966]}, "[0.0, 0.0]": {"num_count": 321, "sum_payoffs": 108.7375280055742, "action": [0.0, 0.0]}, "[2.0, 1.5707963267948966]": {"num_count": 377, "sum_payoffs": 134.3042406352156, "action": [2.0, 1.5707963267948966]}, "[1.0, 1.5707963267948966]": {"num_count": 326, "sum_payoffs": 111.0817300129795, "action": [1.0, 1.5707963267948966]}}}}