{"9": {"0": {"[0.0, -1.5707963267948966]": {"num_count": 68, "sum_payoffs": 18.628283742003074, "action": [0.0, -1.5707963267948966]}, "[1.0, 1.5707963267948966]": {"num_count": 68, "sum_payoffs": 18.60458929384612, "action": [1.0, 1.5707963267948966]}, "[2.0, -1.5707963267948966]": {"num_count": 68, "sum_payoffs": 18.612145478204535, "action": [2.0, -1.5707963267948966]}, "[0.0, 1.5707963267948966]": {"num_count": 63, "sum_payoffs": 16.34976763216935, "action": [0.0, 1.5707963267948966]}, "[0.0, 0.0]": {"num_count": 67, "sum_payoffs": 18.03490396746705, "action": [0.0, 0.0]}, "[1.0, 0.0]": {"num_count": 66, "sum_payoffs": 17.73287175364836, "action": [1.0, 0.0]}, "[1.0, -1.5707963267948966]": {"num_count": 66, "sum_payoffs": 17.62375399726787, "action": [1.0, -1.5707963267948966]}, "[2.0, 0.0]": {"num_count": 67, "sum_payoffs": 18.272120856278192, "action": [2.0, 0.0]}, "[2.0, 1.5707963267948966]": {"num_count": 67, "sum_payoffs": 18.14942978004492, "action": [2.0, 1.5707963267948966]}}, "1": {"[0.0, 1.5707963267948966]": {"num_count": 96, "sum_payoffs": 23.875718279378948, "action": [0.0, 1.5707963267948966]}, "[0.0, -1.5707963267948966]": {"num_count": 98, "sum_payoffs": 24.62434299398154, "action": [0.0, -1.5707963267948966]}, "[1.0, -1.5707963267948966]": {"num_count": 102, "sum_payoffs": 26.463332891117798, "action": [1.0, -1.5707963267948966]}, "[0.0, 0.0]": {"num_count": 102, "sum_payoffs": 26.468891314302223, "action": [0.0, 0.0]}, "[1.0, 0.0]": {"num_count": 101, "sum_payoffs": 25.966482402545104, "action": [1.0, 0.0]}, "[1.0, 1.5707963267948966]": {"num_count": 101, "sum_payoffs": 26.11343944731807, "action": [1.0, 1.5707963267948966]}}}}