{"8": {"0": {"[0.0, 1.5707963267948966]": {"num_count": 11, "sum_payoffs": 3.215577736850536, "action": [0.0, 1.5707963267948966]}, "[1.0, 1.5707963267948966]": {"num_count": 11, "sum_payoffs": 3.3984505784898245, "action": [1.0, 1.5707963267948966]}, "[0.0, 0.0]": {"num_count": 11, "sum_payoffs": 3.1643043480493844, "action": [0.0, 0.0]}, "[1.0, -1.5707963267948966]": {"num_count": 11, "sum_payoffs": 3.1172309350682315, "action": [1.0, -1.5707963267948966]}, "[2.0, 1.5707963267948966]": {"num_count": 11, "sum_payoffs": 3.049459389096326, "action": [2.0, 1.5707963267948966]}, "[2.0, 0.0]": {"num_count": 11, "sum_payoffs": 3.3150802376044632, "action": [2.0, 0.0]}, "[0.0, -1.5707963267948966]": {"num_count": 11, "sum_payoffs": 3.113764021023072, "action": [0.0, -1.5707963267948966]}, "[2.0, -1.5707963267948966]": {"num_count": 11, "sum_payoffs": 3.351502526249024, "action": [2.0, -1.5707963267948966]}, "[1.0, 0.0]": {"num_count": 12, "sum_payoffs": 3.7151295639942945, "action": [1.0, 0.0]}}, "1": {"[1.0, 0.0]": {"num_count": 17, "sum_payoffs": 5.184931299917936, "action": [1.0, 0.0]}, "[0.0, -1.5707963267948966]": {"num_count": 17, "sum_payoffs": 4.884609157835881, "action": [0.0, -1.5707963267948966]}, "[0.0, 0.0]": {"num_count": 17, "sum_payoffs": 4.824926314221699, "action": [0.0, 0.0]}, "[0.0, 1.5707963267948966]": {"num_count": 16, "sum_payoffs": 4.235608445445531, "action": [0.0, 1.5707963267948966]}, "[1.0, 1.5707963267948966]": {"num_count": 16, "sum_payoffs": 4.493183970474687, "action": [1.0, 1.5707963267948966]}, "[1.0, -1.5707963267948966]": {"num_count": 17, "sum_payoffs": 5.016063744888469, "action": [1.0, -1.5707963267948966]}}}}