{"9": {"0": {"[0.0, 0.0]": {"num_count": 390, "sum_payoffs": 102.38412358396634, "action": [0.0, 0.0]}, "[0.0, -1.5707963267948966]": {"num_count": 389, "sum_payoffs": 101.88688531980355, "action": [0.0, -1.5707963267948966]}, "[0.0, 1.5707963267948966]": {"num_count": 378, "sum_payoffs": 97.90113101775401, "action": [0.0, 1.5707963267948966]}, "[1.0, 0.0]": {"num_count": 410, "sum_payoffs": 109.72405176359553, "action": [1.0, 0.0]}, "[2.0, 0.0]": {"num_count": 429, "sum_payoffs": 116.71218393463536, "action": [2.0, 0.0]}, "[2.0, -1.5707963267948966]": {"num_count": 415, "sum_payoffs": 111.55734973870213, "action": [2.0, -1.5707963267948966]}, "[1.0, 1.5707963267948966]": {"num_count": 391, "sum_payoffs": 102.7484385136166, "action": [1.0, 1.5707963267948966]}, "[2.0, 1.5707963267948966]": {"num_count": 397, "sum_payoffs": 104.92158487503835, "action": [2.0, 1.5707963267948966]}, "[1.0, -1.5707963267948966]": {"num_count": 401, "sum_payoffs": 106.41977983669953, "action": [1.0, -1.5707963267948966]}}, "1": {"[1.0, 1.5707963267948966]": {"num_count": 620, "sum_payoffs": 157.16972185739934, "action": [1.0, 1.5707963267948966]}, "[0.0, 1.5707963267948966]": {"num_count": 559, "sum_payoffs": 136.89867159728908, "action": [0.0, 1.5707963267948966]}, "[0.0, 0.0]": {"num_count": 595, "sum_payoffs": 148.8712581192554, "action": [0.0, 0.0]}, "[0.0, -1.5707963267948966]": {"num_count": 562, "sum_payoffs": 137.9543938032646, "action": [0.0, -1.5707963267948966]}, "[1.0, -1.5707963267948966]": {"num_count": 617, "sum_payoffs": 156.22732722906304, "action": [1.0, -1.5707963267948966]}, "[1.0, 0.0]": {"num_count": 647, "sum_payoffs": 166.1812284550253, "action": [1.0, 0.0]}}}}