{"2": {"0": {"[0.0, 0]": {"num_count": 669, "sum_payoffs": 212.13899994342867, "action": [0.0, 0]}, "[1.0, 0]": {"num_count": 1931, "sum_payoffs": 734.1029998042612, "action": [1.0, 0]}}, "1": {"[1.0, 0]": {"num_count": 1913, "sum_payoffs": 728.9999998056219, "action": [1.0, 0]}, "[0.0, 0]": {"num_count": 687, "sum_payoffs": 220.15799994128983, "action": [0.0, 0]}}}, "1": {"0": {"[1.0, 0]": {"num_count": 1671, "sum_payoffs": 695.9924998144041, "action": [1.0, 0]}, "[0.0, 0]": {"num_count": 929, "sum_payoffs": 356.1974999050197, "action": [0.0, 0]}}, "1": {"[0.0, 0]": {"num_count": 937, "sum_payoffs": 360.2474999039399, "action": [0.0, 0]}, "[1.0, 0]": {"num_count": 1663, "sum_payoffs": 693.1574998151602, "action": [1.0, 0]}}}}