{"2": {"0": {"[2.0, 1.5707963267948966]": {"num_count": 314, "sum_payoffs": 76.04914932572112, "action": [2.0, 1.5707963267948966]}, "[1.0, 1.5707963267948966]": {"num_count": 275, "sum_payoffs": 62.383808085605274, "action": [1.0, 1.5707963267948966]}, "[0.0, -1.5707963267948966]": {"num_count": 239, "sum_payoffs": 50.05953544137399, "action": [0.0, -1.5707963267948966]}, "[1.0, 0.0]": {"num_count": 314, "sum_payoffs": 76.0425946320752, "action": [1.0, 0.0]}, "[1.0, -1.5707963267948966]": {"num_count": 269, "sum_payoffs": 60.292027889088594, "action": [1.0, -1.5707963267948966]}, "[0.0, 1.5707963267948966]": {"num_count": 237, "sum_payoffs": 49.39312951400675, "action": [0.0, 1.5707963267948966]}, "[0.0, 0.0]": {"num_count": 275, "sum_payoffs": 62.45152784891283, "action": [0.0, 0.0]}, "[2.0, -1.5707963267948966]": {"num_count": 314, "sum_payoffs": 76.08978118370565, "action": [2.0, -1.5707963267948966]}, "[2.0, 0.0]": {"num_count": 363, "sum_payoffs": 93.6289463808025, "action": [2.0, 0.0]}}, "1": {"[1.0, 0.0]": {"num_count": 508, "sum_payoffs": 148.12014280254743, "action": [1.0, 0.0]}, "[1.0, 1.5707963267948966]": {"num_count": 449, "sum_payoffs": 125.83327899175046, "action": [1.0, 1.5707963267948966]}, "[0.0, 1.5707963267948966]": {"num_count": 379, "sum_payoffs": 99.91580295148339, "action": [0.0, 1.5707963267948966]}, "[1.0, -1.5707963267948966]": {"num_count": 450, "sum_payoffs": 126.28533557209144, "action": [1.0, -1.5707963267948966]}, "[0.0, -1.5707963267948966]": {"num_count": 384, "sum_payoffs": 101.79301651828916, "action": [0.0, -1.5707963267948966]}, "[0.0, 0.0]": {"num_count": 430, "sum_payoffs": 118.71260020193776, "action": [0.0, 0.0]}}}}