{"alphat_eff_gamelength_2": [1.0, 1.0, 1.0, 1.0, 1.0, 1.0, 1.0, 1.0, 1.0, 1.0], "runtime_gamelength_2": [0.6077818870544434, 0.5151007175445557, 0.5127692222595215, 0.48835158348083496, 0.5413455963134766, 0.4998354911804199, 0.574054479598999, 0.5675725936889648, 0.49775052070617676, 0.48159360885620117], "max_timestep": [1, 1, 1, 1, 1, 1, 1, 1, 1, 1], "alphat_eff_gamelength_1": [1.0, 1.0, 0.5, 1.0, 1.0, 1.0, 1.0, 1.0, 1.0, 1.0], "runtime_gamelength_1": [0.34092044830322266, 0.3060119152069092, 0.3093116283416748, 0.31023120880126953, 0.3490793704986572, 0.33797264099121094, 0.3368244171142578, 0.3600339889526367, 0.30950045585632324, 0.30178236961364746], "winner": [[0, 0], [0, 0], [1, 0], [0, 0], [0, 0], [0, 1], [1, 0], [0, 0], [0, 0], [0, 0]], "runtime": [0.9489107131958008, 0.8213105201721191, 0.8223648071289062, 0.7987823486328125, 0.8908987045288086, 0.8380889892578125, 0.9111671447753906, 0.9282248020172119, 0.8074450492858887, 0.7835893630981445], "T_terminal": [2, 2, 2, 2, 2, 2, 2, 2, 2, 2], "trajectory_0": [[[1.0, 0.0, 1.5707963267948966, 0], [1.0, 1.0, 1.5707963267948966, 1], [1.0, 2.0, 1.5707963267948966, 2]], [[1.0, 0.0, 1.5707963267948966, 0], [1.0, 1.0, 1.5707963267948966, 1], [1.0, 2.0, 1.5707963267948966, 2]], [[1.0, 0.0, 1.5707963267948966, 0], [1.0, 1.0, 1.5707963267948966, 1], [1.0, 2.0, 1.5707963267948966, 2]], [[1.0, 0.0, 1.5707963267948966, 0], [1.0, 1.0, 1.5707963267948966, 1], [1.0, 2.0, 1.5707963267948966, 2]], [[1.0, 0.0, 1.5707963267948966, 0], [1.0, 1.0, 1.5707963267948966, 1], [1.0, 2.0, 1.5707963267948966, 2]], [[1.0, 0.0, 1.5707963267948966, 0], [1.0, 1.0, 1.5707963267948966, 1], [1.0, 1.0, 1.5707963267948966, 2]], [[1.0, 0.0, 1.5707963267948966, 0], [1.0, 1.0, 1.5707963267948966, 1], [1.0, 2.0, 1.5707963267948966, 2]], [[1.0, 0.0, 1.5707963267948966, 0], [1.0, 1.0, 1.5707963267948966, 1], [1.0, 2.0, 1.5707963267948966, 2]], [[1.0, 0.0, 1.5707963267948966, 0], [1.0, 1.0, 1.5707963267948966, 1], [1.0, 2.0, 1.5707963267948966, 2]], [[1.0, 0.0, 1.5707963267948966, 0], [1.0, 1.0, 1.5707963267948966, 1], [1.0, 2.0, 1.5707963267948966, 2]]], "trajectory_1": [[[0.0, 1.0, 0.0, 0], [1.0, 1.0, 0.0, 1], [2.0, 1.0, 0.0, 2]], [[0.0, 1.0, 0.0, 0], [1.0, 1.0, 0.0, 1], [2.0, 1.0, 0.0, 2]], [[0.0, 1.0, 0.0, 0], [0.0, 1.0, 0.0, 1], [1.0, 1.0, 0.0, 2]], [[0.0, 1.0, 0.0, 0], [1.0, 1.0, 0.0, 1], [2.0, 1.0, 0.0, 2]], [[0.0, 1.0, 0.0, 0], [1.0, 1.0, 0.0, 1], [2.0, 1.0, 0.0, 2]], [[0.0, 1.0, 0.0, 0], [1.0, 1.0, 0.0, 1], [2.0, 1.0, 0.0, 2]], [[0.0, 1.0, 0.0, 0], [1.0, 1.0, 0.0, 1], [1.0, 1.0, 0.0, 2]], [[0.0, 1.0, 0.0, 0], [1.0, 1.0, 0.0, 1], [2.0, 1.0, 0.0, 2]], [[0.0, 1.0, 0.0, 0], [1.0, 1.0, 0.0, 1], [2.0, 1.0, 0.0, 2]], [[0.0, 1.0, 0.0, 0], [1.0, 1.0, 0.0, 1], [2.0, 1.0, 0.0, 2]]], "coll_payoff_0": [[0.0, 0.0], [0.0, 0.0], [1.0, 1.0], [0.0, 0.0], [0.0, 0.0], [0.0, 0.0], [0.0, 0.0], [0.0, 0.0], [0.0, 0.0], [0.0, 0.0]], "coll_payoff_1": [[0.0, 0.0], [0.0, 0.0], [1.0, 1.0], [0.0, 0.0], [0.0, 0.0], [0.0, 0.0], [0.0, 0.0], [0.0, 0.0], [0.0, 0.0], [0.0, 0.0]], "payoff_total": [[[0.0, 0.0], [0.4999999997, 0.4999999997]], [[0.0, 0.0], [0.4999999997, 0.4999999997]], [[0.0, 0.0], [0.7499999995499999, 0.24999999985]], [[0.0, 0.0], [0.4999999997, 0.4999999997]], [[0.0, 0.0], [0.4999999997, 0.4999999997]], [[0.0, 0.0], [0.24999999985, 0.7499999995499999]], [[0.0, 0.0], [0.7499999995499999, 0.24999999985]], [[0.0, 0.0], [0.4999999997, 0.4999999997]], [[0.0, 0.0], [0.4999999997, 0.4999999997]], [[0.0, 0.0], [0.4999999997, 0.4999999997]]], "final_lead_payoff_0": [[0.5], [0.5], [0.75], [0.5], [0.5], [0.25], [0.75], [0.5], [0.5], [0.5]], "final_lead_payoff_1": [[0.5], [0.5], [0.25], [0.5], [0.5], [0.75], [0.25], [0.5], [0.5], [0.5]]}