{"alphat_eff_gamelength_2": {"mean": 1.0, "variance": 0.0}, "runtime_gamelength_2": {"mean": 0.5286155700683594, "variance": 0.001605865914475544}, "max_timestep": {"mean": 1.0, "variance": 0.0}, "alphat_eff_gamelength_1": {"mean": 0.95, "variance": 0.0225}, "runtime_gamelength_1": {"mean": 0.32616684436798093, "variance": 0.0003959231928598683}, "winner": {"mean": [0.2, 0.1], "variance": [0.16000000000000006, 0.09000000000000001]}, "runtime": {"mean": 0.8550782442092896, "variance": 0.0031631893475429253}, "T_terminal": {"mean": 2.0, "variance": 0.0}, "trajectory_0": {"mean": [[1.0, 0.0, 1.5707963267948966, 0.0], [1.0, 1.0, 1.5707963267948966, 1.0], [1.0, 1.9, 1.5707963267948966, 2.0]], "variance": [[0.0, 0.0, 0.0, 0.0], [0.0, 0.0, 0.0, 0.0], [0.0, 0.09, 0.0, 0.0]]}, "trajectory_1": {"mean": [[0.0, 1.0, 0.0, 0.0], [0.9, 1.0, 0.0, 1.0], [1.8, 1.0, 0.0, 2.0]], "variance": [[0.0, 0.0, 0.0, 0.0], [0.09000000000000001, 0.0, 0.0, 0.0], [0.16000000000000003, 0.0, 0.0, 0.0]]}, "coll_payoff_0": {"mean": [0.1, 0.1], "variance": [0.09000000000000001, 0.09000000000000001]}, "coll_payoff_1": {"mean": [0.1, 0.1], "variance": [0.09000000000000001, 0.09000000000000001]}, "payoff_total": {"mean": [[0.0, 0.0], [0.524999999685, 0.47499999971499995]], "variance": [[0.0, 0.0], [0.01812499997824999, 0.01812499997824999]]}, "final_lead_payoff_0": {"mean": [0.525], "variance": [0.018125000000000006]}, "final_lead_payoff_1": {"mean": [0.475], "variance": [0.018125000000000006]}}