{"2": {"0": {"[0.0, 0]": {"num_count": 48, "sum_payoffs": 9.117749998328417, "action": [0.0, 0]}, "[1.0, 0]": {"num_count": 52, "sum_payoffs": 10.631960524366603, "action": [1.0, 0]}}, "1": {"[1.0, 0]": {"num_count": 54, "sum_payoffs": 11.778710524156368, "action": [1.0, 0]}, "[0.0, 0]": {"num_count": 46, "sum_payoffs": 8.699999998405, "action": [0.0, 0]}}}, "1": {"0": {"[0.0, 0]": {"num_count": 49, "sum_payoffs": 7.214999998677243, "action": [0.0, 0]}, "[1.0, 0]": {"num_count": 51, "sum_payoffs": 8.084999998517741, "action": [1.0, 0]}}, "1": {"[1.0, 0]": {"num_count": 51, "sum_payoffs": 8.084999998517741, "action": [1.0, 0]}, "[0.0, 0]": {"num_count": 49, "sum_payoffs": 7.214999998677243, "action": [0.0, 0]}}}}