{"2": {"0": {"[0.0, 0]": {"num_count": 1297, "sum_payoffs": 4.94999999868, "action": [0.0, 0]}, "[1.0, 0]": {"num_count": 1303, "sum_payoffs": 5.286315788064, "action": [1.0, 0]}}, "1": {"[1.0, 0]": {"num_count": 1318, "sum_payoffs": 6.186315787824, "action": [1.0, 0]}, "[0.0, 0]": {"num_count": 1282, "sum_payoffs": 4.049999998920001, "action": [0.0, 0]}}}, "1": {"0": {"[1.0, 0]": {"num_count": 1308, "sum_payoffs": 1.79999999952, "action": [1.0, 0]}, "[0.0, 0]": {"num_count": 1292, "sum_payoffs": 0.89999999976, "action": [0.0, 0]}}, "1": {"[0.0, 0]": {"num_count": 1292, "sum_payoffs": 0.89999999976, "action": [0.0, 0]}, "[1.0, 0]": {"num_count": 1308, "sum_payoffs": 1.79999999952, "action": [1.0, 0]}}}}