{"alphat_eff_gamelength_4": [0.6153846153846154, 0.6153846153846154, 0.6153846153846154, 0.6153846153846154, 0.6153846153846154, 0.6153846153846154, 0.6153846153846154, 0.6153846153846154, 0.6153846153846154, 0.6153846153846154], "runtime_gamelength_4": [1.020240306854248, 0.972130537033081, 1.0097837448120117, 1.0158741474151611, 0.9917933940887451, 0.998497724533081, 0.9826927185058594, 1.0175507068634033, 0.9954864978790283, 0.9882252216339111], "max_timestep": [4, 4, 4, 4, 4, 4, 4, 4, 4, 4], "winner": [[0, 0], [0, 0], [0, 0], [0, 0], [0, 0], [0, 0], [0, 0], [0, 0], [0, 0], [0, 0]], "runtime": [1.020500898361206, 0.9723997116088867, 1.0100452899932861, 1.0161502361297607, 0.9920668601989746, 0.9987716674804688, 0.9829778671264648, 1.0178165435791016, 0.995764970779419, 0.9884839057922363], "T_terminal": [1, 1, 1, 1, 1, 1, 1, 1, 1, 1], "trajectory_0": [[[1.0, 3.0, 0.0, 0], [1.0, 3.0, 0.0, 1]], [[1.0, 3.0, 0.0, 0], [1.0, 3.0, 0.0, 1]], [[1.0, 3.0, 0.0, 0], [1.0, 3.0, 0.0, 1]], [[1.0, 3.0, 0.0, 0], [2.0, 3.0, 0.0, 1]], [[1.0, 3.0, 0.0, 0], [3.0, 3.0, 0.0, 1]], [[1.0, 3.0, 0.0, 0], [1.0, 3.0, 0.0, 1]], [[1.0, 3.0, 0.0, 0], [2.0, 3.0, 0.0, 1]], [[1.0, 3.0, 0.0, 0], [1.0, 3.0, -1.5707963267948966, 1]], [[1.0, 3.0, 0.0, 0], [2.0, 3.0, 0.0, 1]], [[1.0, 3.0, 0.0, 0], [3.0, 3.0, 0.0, 1]]], "trajectory_1": [[[3.0, 3.0, 0.0, 0], [5.0, 3.0, -1.5707963267948966, 1]], [[3.0, 3.0, 0.0, 0], [4.0, 3.0, 0.0, 1]], [[3.0, 3.0, 0.0, 0], [4.0, 3.0, 0.0, 1]], [[3.0, 3.0, 0.0, 0], [5.0, 3.0, 0.0, 1]], [[3.0, 3.0, 0.0, 0], [5.0, 3.0, 0.0, 1]], [[3.0, 3.0, 0.0, 0], [4.0, 3.0, 0.0, 1]], [[3.0, 3.0, 0.0, 0], [5.0, 3.0, 0.0, 1]], [[3.0, 3.0, 0.0, 0], [5.0, 3.0, 1.5707963267948966, 1]], [[3.0, 3.0, 0.0, 0], [5.0, 3.0, 0.0, 1]], [[3.0, 3.0, 0.0, 0], [5.0, 3.0, 0.0, 1]]], "coll_payoff_0": [[1.0], [1.0], [1.0], [1.0], [1.0], [1.0], [1.0], [1.0], [1.0], [1.0]], "lead_payoff_0": [[0.0], [0.25], [0.25], [0.25], [0.5], [0.25], [0.25], [0.0], [0.25], [0.5]], "coll_payoff_1": [[1.0], [1.0], [1.0], [1.0], [1.0], [1.0], [1.0], [1.0], [1.0], [1.0]], "lead_payoff_1": [[1.0], [0.75], [0.75], [0.75], [0.5], [0.75], [0.75], [1.0], [0.75], [0.5]], "payoff_total": [[[0.4080459769518199, 0.7586206895454024]], [[0.47270114935692054, 0.6939655171403017]], [[0.47270114935692054, 0.6939655171403017]], [[0.47270114935692054, 0.6939655171403017]], [[0.537356321762021, 0.6293103447352011]], [[0.47270114935692054, 0.6939655171403017]], [[0.47270114935692054, 0.6939655171403017]], [[0.4080459769518199, 0.7586206895454024]], [[0.47270114935692054, 0.6939655171403017]], [[0.537356321762021, 0.6293103447352011]]], "final_lead_payoff_0": [[0.3620689655172414], [0.39655172413793105], [0.39655172413793105], [0.39655172413793105], [0.43103448275862066], [0.39655172413793105], [0.39655172413793105], [0.3620689655172414], [0.39655172413793105], [0.43103448275862066]], "final_lead_payoff_1": [[0.6379310344827587], [0.603448275862069], [0.603448275862069], [0.603448275862069], [0.5689655172413793], [0.603448275862069], [0.603448275862069], [0.6379310344827587], [0.603448275862069], [0.5689655172413793]]}