{"11": {"0": {"[2.0, 0.0]": {"num_count": 11, "sum_payoffs": 2.7449147619540013, "action": [2.0, 0.0]}, "[1.0, 1.5707963267948966]": {"num_count": 11, "sum_payoffs": 2.5799862581561217, "action": [1.0, 1.5707963267948966]}, "[0.0, 0.0]": {"num_count": 12, "sum_payoffs": 3.0935356013636888, "action": [0.0, 0.0]}, "[1.0, 0.0]": {"num_count": 11, "sum_payoffs": 2.8263673190382104, "action": [1.0, 0.0]}, "[1.0, -1.5707963267948966]": {"num_count": 11, "sum_payoffs": 2.6664067706407737, "action": [1.0, -1.5707963267948966]}, "[0.0, -1.5707963267948966]": {"num_count": 11, "sum_payoffs": 2.578207443166924, "action": [0.0, -1.5707963267948966]}, "[2.0, -1.5707963267948966]": {"num_count": 11, "sum_payoffs": 2.841771611395932, "action": [2.0, -1.5707963267948966]}, "[2.0, 1.5707963267948966]": {"num_count": 11, "sum_payoffs": 2.463029284191847, "action": [2.0, 1.5707963267948966]}, "[0.0, 1.5707963267948966]": {"num_count": 11, "sum_payoffs": 2.593691011544494, "action": [0.0, 1.5707963267948966]}}, "1": {"[2.0, 0.0]": {"num_count": 12, "sum_payoffs": 3.9773334222395498, "action": [2.0, 0.0]}, "[2.0, -1.5707963267948966]": {"num_count": 11, "sum_payoffs": 3.090040067837397, "action": [2.0, -1.5707963267948966]}, "[0.0, 1.5707963267948966]": {"num_count": 11, "sum_payoffs": 3.0243011420171872, "action": [0.0, 1.5707963267948966]}, "[1.0, 0.0]": {"num_count": 12, "sum_payoffs": 3.602092906363127, "action": [1.0, 0.0]}, "[1.0, -1.5707963267948966]": {"num_count": 11, "sum_payoffs": 2.814996871306552, "action": [1.0, -1.5707963267948966]}, "[0.0, 0.0]": {"num_count": 11, "sum_payoffs": 3.264180582333954, "action": [0.0, 0.0]}, "[1.0, 1.5707963267948966]": {"num_count": 11, "sum_payoffs": 3.2831431046782966, "action": [1.0, 1.5707963267948966]}, "[2.0, 1.5707963267948966]": {"num_count": 11, "sum_payoffs": 3.132802535070887, "action": [2.0, 1.5707963267948966]}, "[0.0, -1.5707963267948966]": {"num_count": 10, "sum_payoffs": 2.4846770705504193, "action": [0.0, -1.5707963267948966]}}}}