{"4": {"0": {"[0.0, -1.5707963267948966]": {"num_count": 219, "sum_payoffs": 73.63090931622055, "action": [0.0, -1.5707963267948966]}, "[1.0, -1.5707963267948966]": {"num_count": 250, "sum_payoffs": 88.2353266009736, "action": [1.0, -1.5707963267948966]}, "[1.0, 0.0]": {"num_count": 218, "sum_payoffs": 73.1302140725387, "action": [1.0, 0.0]}, "[2.0, 1.5707963267948966]": {"num_count": 248, "sum_payoffs": 87.30772195112664, "action": [2.0, 1.5707963267948966]}, "[0.0, 0.0]": {"num_count": 221, "sum_payoffs": 74.49840890838716, "action": [0.0, 0.0]}, "[2.0, 0.0]": {"num_count": 237, "sum_payoffs": 82.11228536000579, "action": [2.0, 0.0]}, "[1.0, 1.5707963267948966]": {"num_count": 237, "sum_payoffs": 82.10945299175143, "action": [1.0, 1.5707963267948966]}, "[2.0, -1.5707963267948966]": {"num_count": 252, "sum_payoffs": 88.99462243611258, "action": [2.0, -1.5707963267948966]}, "[0.0, 1.5707963267948966]": {"num_count": 218, "sum_payoffs": 73.01622593250835, "action": [0.0, 1.5707963267948966]}}, "1": {"[1.0, 0.0]": {"num_count": 382, "sum_payoffs": 142.96630015213285, "action": [1.0, 0.0]}, "[0.0, 1.5707963267948966]": {"num_count": 327, "sum_payoffs": 117.08963448110404, "action": [0.0, 1.5707963267948966]}, "[0.0, -1.5707963267948966]": {"num_count": 310, "sum_payoffs": 109.00716955741751, "action": [0.0, -1.5707963267948966]}, "[0.0, 0.0]": {"num_count": 323, "sum_payoffs": 115.15909171252456, "action": [0.0, 0.0]}, "[1.0, 1.5707963267948966]": {"num_count": 370, "sum_payoffs": 137.17090689314574, "action": [1.0, 1.5707963267948966]}, "[1.0, -1.5707963267948966]": {"num_count": 388, "sum_payoffs": 145.78655469770058, "action": [1.0, -1.5707963267948966]}}}}