{"2": {"0": {"[2.0, 0.0]": {"num_count": 144, "sum_payoffs": 38.011247992883774, "action": [2.0, 0.0]}, "[1.0, -1.5707963267948966]": {"num_count": 118, "sum_payoffs": 27.19270798934773, "action": [1.0, -1.5707963267948966]}, "[0.0, 1.5707963267948966]": {"num_count": 107, "sum_payoffs": 22.925276488418547, "action": [0.0, 1.5707963267948966]}, "[1.0, 1.5707963267948966]": {"num_count": 117, "sum_payoffs": 26.84788040319106, "action": [1.0, 1.5707963267948966]}, "[0.0, 0.0]": {"num_count": 119, "sum_payoffs": 27.655375206396393, "action": [0.0, 0.0]}, "[2.0, 1.5707963267948966]": {"num_count": 128, "sum_payoffs": 31.306303364858113, "action": [2.0, 1.5707963267948966]}, "[0.0, -1.5707963267948966]": {"num_count": 109, "sum_payoffs": 23.62644764186259, "action": [0.0, -1.5707963267948966]}, "[2.0, -1.5707963267948966]": {"num_count": 127, "sum_payoffs": 30.897811958455506, "action": [2.0, -1.5707963267948966]}, "[1.0, 0.0]": {"num_count": 131, "sum_payoffs": 32.600619974481184, "action": [1.0, 0.0]}}, "1": {"[1.0, 0.0]": {"num_count": 206, "sum_payoffs": 61.15290179985951, "action": [1.0, 0.0]}, "[0.0, 0.0]": {"num_count": 179, "sum_payoffs": 49.74483771783651, "action": [0.0, 0.0]}, "[0.0, 1.5707963267948966]": {"num_count": 168, "sum_payoffs": 45.10266605081607, "action": [0.0, 1.5707963267948966]}, "[1.0, -1.5707963267948966]": {"num_count": 194, "sum_payoffs": 55.987332411498365, "action": [1.0, -1.5707963267948966]}, "[0.0, -1.5707963267948966]": {"num_count": 163, "sum_payoffs": 43.028159825995374, "action": [0.0, -1.5707963267948966]}, "[1.0, 1.5707963267948966]": {"num_count": 190, "sum_payoffs": 54.38498141332622, "action": [1.0, 1.5707963267948966]}}}}