{"runtime": 0.6914970874786377, "winner": [0, 1], "T_terminal": 12, "trajectories": [[1.0, 3.0, 0.0, 3.0, 3.0, 0.0, 0.0], [3.0, 3.0, 0.0, 4.0, 3.0, 4.71238898038469, 1.0], [4.0, 3.0, 0.0, 4.0, 3.0, 4.71238898038469, 2.0], [6.0, 3.0, 0.0, 4.0, 2.0, 3.141592653589793, 3.0], [6.0, 3.0, 4.71238898038469, 3.0, 2.0, 3.141592653589793, 4.0], [6.0, 1.0, 4.71238898038469, 2.0, 2.0, 3.141592653589793, 5.0], [6.0, 1.0, 3.141592653589793, 2.0, 2.0, 1.5707963267948966, 6.0], [4.0, 1.0000000000000002, 3.141592653589793, 2.0, 3.0, 0.0, 7.0], [4.0, 1.0000000000000002, 3.141592653589793, 3.0, 3.0, 0.0, 8.0], [2.0, 1.0000000000000004, 4.71238898038469, 3.0, 3.0, 1.5707963267948966, 9.0], [2.0, 1.0000000000000004, 3.141592653589793, 3.0, 3.0, 0.0, 10.0], [1.0, 1.0000000000000007, 3.141592653589793, 3.0, 3.0, 0.0, 11.0], [1.0, 1.0000000000000007, 3.141592653589793, 4.0, 3.0, 4.71238898038469, 12.0], [3.0, 3.0, 0.0, 4.0, 3.0, 4.71238898038469, 1.0], [4.0, 3.0, 0.0, 4.0, 3.0, 4.71238898038469, 2.0], [6.0, 3.0, 0.0, 4.0, 2.0, 3.141592653589793, 3.0], [6.0, 3.0, 4.71238898038469, 3.0, 2.0, 3.141592653589793, 4.0], [6.0, 1.0, 4.71238898038469, 2.0, 2.0, 3.141592653589793, 5.0], [6.0, 1.0, 3.141592653589793, 2.0, 2.0, 1.5707963267948966, 6.0], [4.0, 1.0000000000000002, 3.141592653589793, 2.0, 3.0, 0.0, 7.0], [4.0, 1.0000000000000002, 3.141592653589793, 3.0, 3.0, 0.0, 8.0], [2.0, 1.0000000000000004, 4.71238898038469, 3.0, 3.0, 1.5707963267948966, 9.0], [2.0, 1.0000000000000004, 3.141592653589793, 3.0, 3.0, 0.0, 10.0], [1.0, 1.0000000000000007, 3.141592653589793, 3.0, 3.0, 0.0, 11.0], [1.0, 1.0000000000000007, 1.5707963267948966, 4.0, 3.0, 4.71238898038469, 12.0], [3.0, 3.0, 0.0, 4.0, 3.0, 4.71238898038469, 1.0], [4.0, 3.0, 0.0, 4.0, 3.0, 4.71238898038469, 2.0], [6.0, 3.0, 0.0, 4.0, 2.0, 3.141592653589793, 3.0], [6.0, 3.0, 4.71238898038469, 3.0, 2.0, 3.141592653589793, 4.0], [6.0, 1.0, 4.71238898038469, 2.0, 2.0, 3.141592653589793, 5.0], [6.0, 1.0, 3.141592653589793, 2.0, 2.0, 1.5707963267948966, 6.0], [4.0, 1.0000000000000002, 3.141592653589793, 2.0, 3.0, 0.0, 7.0], [4.0, 1.0000000000000002, 3.141592653589793, 3.0, 3.0, 0.0, 8.0], [2.0, 1.0000000000000004, 4.71238898038469, 3.0, 3.0, 1.5707963267948966, 9.0], [2.0, 1.0000000000000004, 3.141592653589793, 3.0, 3.0, 0.0, 10.0], [1.0, 1.0000000000000007, 3.141592653589793, 3.0, 3.0, 0.0, 11.0], [1.0, 1.0000000000000007, 4.71238898038469, 4.0, 3.0, 1.5707963267948966, 12.0], [3.0, 3.0, 0.0, 4.0, 3.0, 4.71238898038469, 1.0], [4.0, 3.0, 0.0, 4.0, 3.0, 4.71238898038469, 2.0], [6.0, 3.0, 0.0, 4.0, 2.0, 3.141592653589793, 3.0], [6.0, 3.0, 4.71238898038469, 3.0, 2.0, 3.141592653589793, 4.0], [6.0, 1.0, 4.71238898038469, 2.0, 2.0, 3.141592653589793, 5.0], [6.0, 1.0, 3.141592653589793, 2.0, 2.0, 1.5707963267948966, 6.0], [4.0, 1.0000000000000002, 3.141592653589793, 2.0, 3.0, 0.0, 7.0], [4.0, 1.0000000000000002, 3.141592653589793, 3.0, 3.0, 0.0, 8.0], [2.0, 1.0000000000000004, 4.71238898038469, 3.0, 3.0, 1.5707963267948966, 9.0], [2.0, 1.0000000000000004, 3.141592653589793, 3.0, 3.0, 0.0, 10.0], [1.0, 1.0000000000000007, 3.141592653589793, 3.0, 3.0, 0.0, 11.0], [1.0, 1.0000000000000007, 4.71238898038469, 4.0, 3.0, 1.5707963267948966, 12.0]], "penalty_distance_0": [-0.1103638323514327, -0.3, -0.03206337769811572, -0.012698765886961496, -0.004858242995748769, -0.004858242995748769, -0.017731723968586875, -0.032063377698115736, -0.032063377698115736, -0.032063377698115736, -0.017731723968586875, -0.00815173835167067, -0.1103638323514327, -0.3, -0.03206337769811572, -0.012698765886961496, -0.004858242995748769, -0.004858242995748769, -0.017731723968586875, -0.032063377698115736, -0.032063377698115736, -0.032063377698115736, -0.017731723968586875, -0.00815173835167067, -0.1103638323514327, -0.3, -0.03206337769811572, -0.012698765886961496, -0.004858242995748769, -0.004858242995748769, -0.017731723968586875, -0.032063377698115736, -0.032063377698115736, -0.032063377698115736, -0.017731723968586875, -0.00815173835167067, -0.1103638323514327, -0.3, -0.03206337769811572, -0.012698765886961496, -0.004858242995748769, -0.004858242995748769, -0.017731723968586875, -0.032063377698115736, -0.032063377698115736, -0.032063377698115736, -0.017731723968586875, -0.00815173835167067], "penalty_distance_1": [-0.1103638323514327, -0.3, -0.03206337769811572, -0.012698765886961496, -0.004858242995748769, -0.004858242995748769, -0.017731723968586875, -0.032063377698115736, -0.032063377698115736, -0.032063377698115736, -0.017731723968586875, -0.00815173835167067, -0.1103638323514327, -0.3, -0.03206337769811572, -0.012698765886961496, -0.004858242995748769, -0.004858242995748769, -0.017731723968586875, -0.032063377698115736, -0.032063377698115736, -0.032063377698115736, -0.017731723968586875, -0.00815173835167067, -0.1103638323514327, -0.3, -0.03206337769811572, -0.012698765886961496, -0.004858242995748769, -0.004858242995748769, -0.017731723968586875, -0.032063377698115736, -0.032063377698115736, -0.032063377698115736, -0.017731723968586875, -0.00815173835167067, -0.1103638323514327, -0.3, -0.03206337769811572, -0.012698765886961496, -0.004858242995748769, -0.004858242995748769, -0.017731723968586875, -0.032063377698115736, -0.032063377698115736, -0.032063377698115736, -0.017731723968586875, -0.00815173835167067], "reward_progress_0": [0.0, 0.0, 0.0, 0.0, 0.0, 0.0, -0.0, 0.0, -0.0, 0.0, -0.0, 0.0, 0.0, 0.0, 0.0, 0.0, 0.0, 0.0, -0.0, 0.0, -0.0, 0.0, -0.0, 0.0, 0.0, 0.0, 0.0, 0.0, 0.0, 0.0, -0.0, 0.0, -0.0, 0.0, -0.0, 0.0, 0.0, 0.0, 0.0, 0.0, 0.0, 0.0, -0.0, 0.0, -0.0, 0.0, -0.0, 0.0], "reward_progress_1": [0.0, 0.0, 0.0, -0.0, -0.0, 0.0, 0.0, 0.0, 0.0, 0.0, 0.0, 0.0, 0.0, 0.0, 0.0, -0.0, -0.0, 0.0, 0.0, 0.0, 0.0, 0.0, 0.0, 0.0, 0.0, 0.0, 0.0, -0.0, -0.0, 0.0, 0.0, 0.0, 0.0, 0.0, 0.0, 0.0, 0.0, 0.0, 0.0, -0.0, -0.0, 0.0, 0.0, 0.0, 0.0, 0.0, 0.0, 0.0], "penalty_agressor_0": [0.0, 0.0, 0.0, 0.0, 0.0, 0.0, 0.0, 0.0, 0.0, 0.0, 0.0, 0.0, 0.0, 0.0, 0.0, 0.0, 0.0, 0.0, 0.0, 0.0, 0.0, 0.0, 0.0, 0.0, 0.0, 0.0, 0.0, 0.0, 0.0, 0.0, 0.0, 0.0, 0.0, 0.0, 0.0, 0.0, 0.0, 0.0, 0.0, 0.0, 0.0, 0.0, 0.0, 0.0, 0.0, 0.0, 0.0, 0.0], "penalty_agressor_1": [0.0, 0.0, 0.0, 0.0, 0.0, 0.0, 0.0, 0.0, 0.0, 0.0, 0.0, 0.0, 0.0, 0.0, 0.0, 0.0, 0.0, 0.0, 0.0, 0.0, 0.0, 0.0, 0.0, 0.0, 0.0, 0.0, 0.0, 0.0, 0.0, 0.0, 0.0, 0.0, 0.0, 0.0, 0.0, 0.0, 0.0, 0.0, 0.0, 0.0, 0.0, 0.0, 0.0, 0.0, 0.0, 0.0, 0.0, 0.0], "penalty_timestep_0": [-3.5999999999999996, -3.5999999999999996, -3.5999999999999996, -3.5999999999999996], "penalty_timestep_1": [-3.5999999999999996, -3.5999999999999996, -3.5999999999999996, -3.5999999999999996], "reward_lead_0": [-3.0, -3.0, -3.0, -3.0], "reward_lead_1": [3.0, 3.0, 3.0, 3.0], "payoff_total0": [-0.1103638323514327, -0.4103638323514327, -0.44242721004954844, -0.45512597593650994, -0.4599842189322587, -0.4648424619280075, -0.48257418589659434, -0.51463756359471, -0.5467009412928258, -0.5787643189909415, -0.5964960429595284, -0.6046477813111991, -7.204647781311198, -7.315011613662631, -7.615011613662631, -7.647074991360747, -7.6597737572477085, -7.664632000243457, -7.669490243239206, -7.687221967207792, -7.7192853449059085, -7.751348722604025, -7.78341210030214, -7.801143824270727, -7.809295562622397, -14.409295562622397, -14.51965939497383, -14.81965939497383, -14.851722772671945, -14.864421538558908, -14.869279781554656, -14.874138024550405, -14.89186974851899, -14.923933126217108, -14.955996503915223, -14.988059881613339, -15.005791605581926, -15.013943343933596, -21.613943343933595, -21.724307176285027, -22.024307176285028, -22.056370553983143, -22.069069319870103, -22.07392756286585, -22.0787858058616, -22.096517529830187, -22.128580907528303, -22.160644285226418, -22.192707662924537, -22.21043938689312, -22.218591125244792, -28.818591125244794],