{"6": {"0": {"[1.0, 0.0]": {"num_count": 66, "sum_payoffs": 20.633390430863507, "action": [1.0, 0.0]}, "[0.0, 0.0]": {"num_count": 64, "sum_payoffs": 19.325040640219612, "action": [0.0, 0.0]}, "[1.0, 1.5707963267948966]": {"num_count": 66, "sum_payoffs": 20.49191989227179, "action": [1.0, 1.5707963267948966]}, "[0.0, -1.5707963267948966]": {"num_count": 65, "sum_payoffs": 19.868197233377387, "action": [0.0, -1.5707963267948966]}, "[1.0, -1.5707963267948966]": {"num_count": 67, "sum_payoffs": 21.005618902122606, "action": [1.0, -1.5707963267948966]}, "[0.0, 1.5707963267948966]": {"num_count": 63, "sum_payoffs": 18.86852607043695, "action": [0.0, 1.5707963267948966]}, "[2.0, 1.5707963267948966]": {"num_count": 69, "sum_payoffs": 22.132735121418012, "action": [2.0, 1.5707963267948966]}, "[2.0, 0.0]": {"num_count": 70, "sum_payoffs": 22.758561618516456, "action": [2.0, 0.0]}, "[2.0, -1.5707963267948966]": {"num_count": 70, "sum_payoffs": 22.68932919608868, "action": [2.0, -1.5707963267948966]}}, "1": {"[1.0, 0.0]": {"num_count": 104, "sum_payoffs": 32.75007877223182, "action": [1.0, 0.0]}, "[0.0, 1.5707963267948966]": {"num_count": 95, "sum_payoffs": 28.31298964813618, "action": [0.0, 1.5707963267948966]}, "[0.0, 0.0]": {"num_count": 98, "sum_payoffs": 29.686280337428485, "action": [0.0, 0.0]}, "[0.0, -1.5707963267948966]": {"num_count": 94, "sum_payoffs": 27.810411668197247, "action": [0.0, -1.5707963267948966]}, "[1.0, -1.5707963267948966]": {"num_count": 104, "sum_payoffs": 32.73452458725564, "action": [1.0, -1.5707963267948966]}, "[1.0, 1.5707963267948966]": {"num_count": 105, "sum_payoffs": 33.15141346479047, "action": [1.0, 1.5707963267948966]}}}}