{"runtime": 0.6951699256896973, "winner": [0, 0], "T_terminal": 12, "trajectories": [[1.0, 3.0, 0.0, 3.0, 3.0, 0.0, 0.0], [3.0, 3.0, 0.0, 4.0, 3.0, 0.0, 1.0], [5.0, 3.0, 1.5707963267948966, 4.0, 3.0, 0.0, 2.0], [5.0, 3.0, 0.0, 4.0, 3.0, 0.0, 3.0], [6.0, 3.0, 4.71238898038469, 5.0, 3.0, 0.0, 4.0], [6.0, 1.0, 4.71238898038469, 6.0, 3.0, 0.0, 5.0], [6.0, 1.0, 0.0, 6.0, 3.0, 0.0, 6.0], [6.0, 1.0, 4.71238898038469, 7.0, 3.0, 0.0, 7.0], [6.0, 1.0, 3.141592653589793, 7.0, 3.0, 1.5707963267948966, 8.0], [5.0, 1.0000000000000002, 1.5707963267948966, 7.0, 3.0, 1.5707963267948966, 9.0], [5.0, 2.0, 0.0, 7.0, 4.0, 1.5707963267948966, 10.0], [7.0, 2.0, 4.71238898038469, 7.0, 4.0, 1.5707963267948966, 11.0], [7.0, 1.0, 4.71238898038469, 7.0, 4.0, 3.141592653589793, 12.0], [3.0, 3.0, 0.0, 4.0, 3.0, 0.0, 1.0], [5.0, 3.0, 1.5707963267948966, 4.0, 3.0, 0.0, 2.0], [5.0, 3.0, 0.0, 4.0, 3.0, 0.0, 3.0], [6.0, 3.0, 4.71238898038469, 5.0, 3.0, 0.0, 4.0], [6.0, 1.0, 4.71238898038469, 6.0, 3.0, 0.0, 5.0], [6.0, 1.0, 0.0, 6.0, 3.0, 0.0, 6.0], [6.0, 1.0, 4.71238898038469, 7.0, 3.0, 0.0, 7.0], [6.0, 1.0, 3.141592653589793, 7.0, 3.0, 1.5707963267948966, 8.0], [5.0, 1.0000000000000002, 1.5707963267948966, 7.0, 3.0, 1.5707963267948966, 9.0], [5.0, 2.0, 0.0, 7.0, 4.0, 1.5707963267948966, 10.0], [7.0, 2.0, 4.71238898038469, 7.0, 4.0, 1.5707963267948966, 11.0], [7.0, 1.0, 4.71238898038469, 7.0, 4.0, 3.141592653589793, 12.0], [3.0, 3.0, 0.0, 4.0, 3.0, 0.0, 1.0], [5.0, 3.0, 1.5707963267948966, 4.0, 3.0, 0.0, 2.0], [5.0, 3.0, 0.0, 4.0, 3.0, 0.0, 3.0], [6.0, 3.0, 4.71238898038469, 5.0, 3.0, 0.0, 4.0], [6.0, 1.0, 4.71238898038469, 6.0, 3.0, 0.0, 5.0], [6.0, 1.0, 0.0, 6.0, 3.0, 0.0, 6.0], [6.0, 1.0, 4.71238898038469, 7.0, 3.0, 0.0, 7.0], [6.0, 1.0, 3.141592653589793, 7.0, 3.0, 1.5707963267948966, 8.0], [5.0, 1.0000000000000002, 1.5707963267948966, 7.0, 3.0, 1.5707963267948966, 9.0], [5.0, 2.0, 0.0, 7.0, 4.0, 1.5707963267948966, 10.0], [7.0, 2.0, 4.71238898038469, 7.0, 4.0, 1.5707963267948966, 11.0], [7.0, 1.0, 4.71238898038469, 7.0, 4.0, 3.141592653589793, 12.0]], "penalty_distance_0": [-0.2575156088200096, -0.2575156088200096, -0.2575156088200096, -0.2575156088200096, -0.09473469826562889, -0.09473469826562889, -0.07481454796227002, -0.07481454796227002, -0.04137402259336938, -0.04137402259336936, -0.09473469826562889, -0.03485094785750476, -0.2575156088200096, -0.2575156088200096, -0.2575156088200096, -0.2575156088200096, -0.09473469826562889, -0.09473469826562889, -0.07481454796227002, -0.07481454796227002, -0.04137402259336938, -0.04137402259336936, -0.09473469826562889, -0.03485094785750476, -0.2575156088200096, -0.2575156088200096, -0.2575156088200096, -0.2575156088200096, -0.09473469826562889, -0.09473469826562889, -0.07481454796227002, -0.07481454796227002, -0.04137402259336938, -0.04137402259336936, -0.09473469826562889, -0.03485094785750476], "penalty_distance_1": [-0.2575156088200096, -0.2575156088200096, -0.2575156088200096, -0.2575156088200096, -0.09473469826562889, -0.09473469826562889, -0.07481454796227002, -0.07481454796227002, -0.04137402259336938, -0.04137402259336936, -0.09473469826562889, -0.03485094785750476, -0.2575156088200096, -0.2575156088200096, -0.2575156088200096, -0.2575156088200096, -0.09473469826562889, -0.09473469826562889, -0.07481454796227002, -0.07481454796227002, -0.04137402259336938, -0.04137402259336936, -0.09473469826562889, -0.03485094785750476, -0.2575156088200096, -0.2575156088200096, -0.2575156088200096, -0.2575156088200096, -0.09473469826562889, -0.09473469826562889, -0.07481454796227002, -0.07481454796227002, -0.04137402259336938, -0.04137402259336936, -0.09473469826562889, -0.03485094785750476], "reward_progress_0": [0.0, 0.0, 0.0, 0.0, 0.0, 0.0, 0.0, 0.0, -0.0, 0.0, 0.0, 0.0, 0.0, 0.0, 0.0, 0.0, 0.0, 0.0, 0.0, 0.0, -0.0, 0.0, 0.0, 0.0, 0.0, 0.0, 0.0, 0.0, 0.0, 0.0, 0.0, 0.0, -0.0, 0.0, 0.0, 0.0], "reward_progress_1": [0.0, 0.0, 0.0, 0.0, 0.0, 0.0, 0.0, 0.0, 0.0, 0.0, 0.0, 0.0, 0.0, 0.0, 0.0, 0.0, 0.0, 0.0, 0.0, 0.0, 0.0, 0.0, 0.0, 0.0, 0.0, 0.0, 0.0, 0.0, 0.0, 0.0, 0.0, 0.0, 0.0, 0.0, 0.0, 0.0], "penalty_agressor_0": [0.0, 0.0, 0.0, 0.0, 0.0, 0.0, 0.0, 0.0, 0.0, 0.0, 0.0, 0.0, 0.0, 0.0, 0.0, 0.0, 0.0, 0.0, 0.0, 0.0, 0.0, 0.0, 0.0, 0.0, 0.0, 0.0, 0.0, 0.0, 0.0, 0.0, 0.0, 0.0, 0.0, 0.0, 0.0, 0.0], "penalty_agressor_1": [0.0, 0.0, 0.0, 0.0, 0.0, 0.0, 0.0, 0.0, 0.0, 0.0, 0.0, 0.0, 0.0, 0.0, 0.0, 0.0, 0.0, 0.0, 0.0, 0.0, 0.0, 0.0, 0.0, 0.0, 0.0, 0.0, 0.0, 0.0, 0.0, 0.0, 0.0, 0.0, 0.0, 0.0, 0.0, 0.0], "penalty_timestep_0": [-10.8, -10.8, -10.8], "penalty_timestep_1": [-10.8, -10.8, -10.8], "reward_lead_0": [0.0, 0.0, 0.0], "reward_lead_1": [0.0, 0.0, 0.0], "payoff_total0": [-0.2575156088200096, -0.5150312176400192, -0.7725468264600288, -1.0300624352800385, -1.1247971335456675, -1.2195318318112964, -1.2943463797735664, -1.3691609277358363, -1.4105349503292057, -1.4519089729225751, -1.5466436711882041, -1.5814946190457089, -12.381494619045709, -12.63901022786572, -12.89652583668573, -13.154041445505738, -13.411557054325748, -13.506291752591377, -13.601026450857006, -13.675840998819275, -13.750655546781546, -13.792029569374915, -13.833403591968285, -13.928138290233914, -13.962989238091417, -24.762989238091418, -25.02050484691143, -25.278020455731436, -25.535536064551447, -25.79305167337146, -25.887786371637088, -25.982521069902717, -26.057335617864986, -26.132150165827255, -26.173524188420625, -26.214898211013995, -26.309632909279625, -26.344483857137128, -37.14448385713713], "payoff_total1": [-0.2575156088200096, -0.5150312176400192, -0.7725468264600288, -1.0300624352800385, -1.1247971335456675, -1.2195318318112964, -1.2943463797735664, -1.3691609277358363, -1.4105349503292057, -1.4519089729225751, -1.5466436711882041, -1.5814946190457089, -12.381494619045709, -12.63901022786572, -12.89652583668573, -13.154041445505738, -13.411557054325748, -13.506291752591377, -13.601026450857006, -13.675840998819275, -13.750655546781546, -13.792029569374915, -13.833403591968285, -13.928138290233914, -13.962989238091417, -24.762989238091418, -25.02050484691143, -25.278020455731436, -25.535536064551447, -25.79305167337146, -25.887786371637088, -25.982521069902717, -26.057335617864986, -26.132150165827255, -26.173524188420625, -26.214898211013995, -26.309632909279625, -26.344483857137128, -37.14448385713713]}