{"14": {"0": {"[0.0, 1.5707963267948966]": {"num_count": 495, "sum_payoffs": 106.95881560117242, "action": [0.0, 1.5707963267948966]}, "[1.0, -1.5707963267948966]": {"num_count": 518, "sum_payoffs": 114.15246311533795, "action": [1.0, -1.5707963267948966]}, "[2.0, 0.0]": {"num_count": 530, "sum_payoffs": 117.84483090798547, "action": [2.0, 0.0]}, "[0.0, 0.0]": {"num_count": 486, "sum_payoffs": 104.23918625782802, "action": [0.0, 0.0]}, "[2.0, 1.5707963267948966]": {"num_count": 522, "sum_payoffs": 115.41129097370731, "action": [2.0, 1.5707963267948966]}, "[1.0, 0.0]": {"num_count": 515, "sum_payoffs": 113.19912861654356, "action": [1.0, 0.0]}, "[2.0, -1.5707963267948966]": {"num_count": 522, "sum_payoffs": 115.37057486131462, "action": [2.0, -1.5707963267948966]}, "[1.0, 1.5707963267948966]": {"num_count": 514, "sum_payoffs": 112.9062035109447, "action": [1.0, 1.5707963267948966]}, "[0.0, -1.5707963267948966]": {"num_count": 498, "sum_payoffs": 107.98201143759168, "action": [0.0, -1.5707963267948966]}}, "1": {"[0.0, 0.0]": {"num_count": 744, "sum_payoffs": 146.16733004535592, "action": [0.0, 0.0]}, "[1.0, 1.5707963267948966]": {"num_count": 765, "sum_payoffs": 151.8795916904894, "action": [1.0, 1.5707963267948966]}, "[1.0, -1.5707963267948966]": {"num_count": 791, "sum_payoffs": 158.95741067073166, "action": [1.0, -1.5707963267948966]}, "[1.0, 0.0]": {"num_count": 802, "sum_payoffs": 161.95728475895385, "action": [1.0, 0.0]}, "[0.0, -1.5707963267948966]": {"num_count": 748, "sum_payoffs": 147.2507178872171, "action": [0.0, -1.5707963267948966]}, "[0.0, 1.5707963267948966]": {"num_count": 750, "sum_payoffs": 147.73774091332862, "action": [0.0, 1.5707963267948966]}}}}