{"2": {"0": {"[0.0, 0]": {"num_count": 1413, "sum_payoffs": 146.42624997315457, "action": [0.0, 0]}, "[1.0, 0]": {"num_count": 2687, "sum_payoffs": 358.60721046057523, "action": [1.0, 0]}}, "1": {"[1.0, 0]": {"num_count": 2679, "sum_payoffs": 357.45296046078744, "action": [1.0, 0]}, "[0.0, 0]": {"num_count": 1421, "sum_payoffs": 147.82349997289842, "action": [0.0, 0]}}}, "1": {"0": {"[0.0, 0]": {"num_count": 2042, "sum_payoffs": 276.2024999493781, "action": [0.0, 0]}, "[1.0, 0]": {"num_count": 2058, "sum_payoffs": 279.09749994884766, "action": [1.0, 0]}}, "1": {"[0.0, 0]": {"num_count": 2042, "sum_payoffs": 276.2024999493781, "action": [0.0, 0]}, "[1.0, 0]": {"num_count": 2058, "sum_payoffs": 279.09749994884766, "action": [1.0, 0]}}}}