{"2": {"0": {"[1.0, 0]": {"num_count": 2386, "sum_payoffs": 506.90185705593905, "action": [1.0, 0]}, "[0.0, 0]": {"num_count": 214, "sum_payoffs": 32.912999994357754, "action": [0.0, 0]}}, "1": {"[1.0, 0]": {"num_count": 2430, "sum_payoffs": 523.1828570531476, "action": [1.0, 0]}, "[0.0, 0]": {"num_count": 170, "sum_payoffs": 28.295999995149234, "action": [0.0, 0]}}}, "1": {"0": {"[1.0, 0]": {"num_count": 2422, "sum_payoffs": 569.2757141881219, "action": [1.0, 0]}, "[0.0, 0]": {"num_count": 178, "sum_payoffs": 36.71999999370502, "action": [0.0, 0]}}, "1": {"[0.0, 0]": {"num_count": 197, "sum_payoffs": 37.52999999356616, "action": [0.0, 0]}, "[1.0, 0]": {"num_count": 2403, "sum_payoffs": 562.2171427607617, "action": [1.0, 0]}}}}