{"2": {"0": {"[1.0, 0]": {"num_count": 1561, "sum_payoffs": 595.5929996426325, "action": [1.0, 0]}, "[0.0, 0]": {"num_count": 539, "sum_payoffs": 168.2167498990688, "action": [0.0, 0]}}, "1": {"[0.0, 0]": {"num_count": 541, "sum_payoffs": 170.0392498979753, "action": [0.0, 0]}, "[1.0, 0]": {"num_count": 1559, "sum_payoffs": 597.0509996417575, "action": [1.0, 0]}}}, "1": {"0": {"[1.0, 0]": {"num_count": 1368, "sum_payoffs": 572.2649996566558, "action": [1.0, 0]}, "[0.0, 0]": {"num_count": 732, "sum_payoffs": 277.829999833302, "action": [0.0, 0]}}, "1": {"[0.0, 0]": {"num_count": 732, "sum_payoffs": 278.0324998331805, "action": [0.0, 0]}, "[1.0, 0]": {"num_count": 1368, "sum_payoffs": 572.8724996562913, "action": [1.0, 0]}}}}