{"2": {"0": {"[1.0, 0]": {"num_count": 1518, "sum_payoffs": 469.07526306408636, "action": [1.0, 0]}, "[0.0, 0]": {"num_count": 582, "sum_payoffs": 143.71199997125706, "action": [0.0, 0]}}, "1": {"[1.0, 0]": {"num_count": 1519, "sum_payoffs": 471.4260630636163, "action": [1.0, 0]}, "[0.0, 0]": {"num_count": 581, "sum_payoffs": 144.27719997114403, "action": [0.0, 0]}}}, "1": {"0": {"[0.0, 0]": {"num_count": 760, "sum_payoffs": 229.40999995412025, "action": [0.0, 0]}, "[1.0, 0]": {"num_count": 1340, "sum_payoffs": 451.36799990973475, "action": [1.0, 0]}}, "1": {"[1.0, 0]": {"num_count": 1338, "sum_payoffs": 451.0439999097995, "action": [1.0, 0]}, "[0.0, 0]": {"num_count": 762, "sum_payoffs": 230.38199995392586, "action": [0.0, 0]}}}}