{"2": {"0": {"[0.0, 0]": {"num_count": 596, "sum_payoffs": 138.31679602151073, "action": [0.0, 0]}, "[1.0, 0]": {"num_count": 1504, "sum_payoffs": 438.3998288487205, "action": [1.0, 0]}}, "1": {"[1.0, 0]": {"num_count": 1500, "sum_payoffs": 437.92395384882747, "action": [1.0, 0]}, "[0.0, 0]": {"num_count": 600, "sum_payoffs": 139.88617102115754, "action": [0.0, 0]}}}, "1": {"0": {"[1.0, 0]": {"num_count": 1052, "sum_payoffs": 319.99499992799883, "action": [1.0, 0]}, "[0.0, 0]": {"num_count": 1048, "sum_payoffs": 318.55499992832284, "action": [0.0, 0]}}, "1": {"[0.0, 0]": {"num_count": 1048, "sum_payoffs": 318.55499992832284, "action": [0.0, 0]}, "[1.0, 0]": {"num_count": 1052, "sum_payoffs": 319.99499992799883, "action": [1.0, 0]}}}}