{"runtime_game_length_10": 9.111236810684204, "runtime_game_length_9": 7.788738012313843, "runtime_game_length_8": 7.062182188034058, "runtime_game_length_7": 6.515247583389282, "runtime_game_length_6": 5.425735235214233, "runtime_game_length_5": 3.8799893856048584, "runtime_game_length_4": 2.609173059463501, "runtime_game_length_3": 0.9508404731750488, "runtime": 43.343621015548706, "winner": [1, 0], "T_terminal": 8, "trajectory_0": [[1.0, 3.0, 0.0, 0], [2.0, 3.0, 4.71238898038469, 1], [1.9999999999999996, 1.0, 4.71238898038469, 2], [1.9999999999999996, 1.0, 0.0, 3], [3.9999999999999996, 1.0, 0.0, 4], [6.0, 1.0, 0.0, 5], [8.0, 1.0, 0.0, 6], [10.0, 1.0, 0.0, 7], [12.0, 1.0, 1.5707963267948966, 8]], "trajectory_1": [[3.0, 3.0, 0.0, 0], [4.0, 3.0, 0.0, 1], [5.0, 3.0, 0.0, 2], [6.0, 3.0, 0.0, 3], [7.0, 3.0, 0.0, 4], [8.0, 3.0, 0.0, 5], [9.0, 3.0, 0.0, 6], [10.0, 3.0, 0.0, 7], [11.0, 3.0, 0.0, 8]], "penalty_distance_0": [-1.353352832366127, -0.2173796893778844, -0.07310650235818843, -0.13912300120184604, -0.24209713791777274, -0.3502175868039521, -0.3547733248877861, -0.22413925555452935], "penalty_distance_1": [0.0, 0.0, 0.0, 0.0, 0.0, 0.0, 0.0, 0.0], "reward_progress_0": [0.1, -3.5527136788005016e-17, 0.0, 0.10240000000000003, 0.08192000000000005, 0.06553600000000002, 0.052428800000000025, 0.041943040000000015], "reward_progress_1": [0.1, 0.08000000000000002, 0.06400000000000002, 0.051200000000000016, 0.04096000000000001, 0.03276800000000001, 0.026214400000000013, 0.020971520000000007], "penalty_timestep_0": [-0.8], "penalty_timestep_1": [-0.8], "reward_lead_0": [1.0], "reward_lead_1": [-1.0], "payoff_total_0": [-1.253352832366127, -1.4707325217440115, -1.5438390241022, -1.580562025304046, -1.7407391632218183, -2.025420750025771, -2.327765274913557, -2.5099614904680863, -2.309961490468086], "payoff_total_1": [0.1, 0.18000000000000002, 0.24400000000000005, 0.2952000000000001, 0.33616000000000007, 0.3689280000000001, 0.3951424000000001, 0.41611392000000014, -1.38388608]}