{"2": {"0": {"[1.0, 0]": {"num_count": 64, "sum_payoffs": 16.124032891780782, "action": [1.0, 0]}, "[0.0, 0]": {"num_count": 36, "sum_payoffs": 7.21349999867753, "action": [0.0, 0]}}, "1": {"[0.0, 0]": {"num_count": 36, "sum_payoffs": 7.851374998560585, "action": [0.0, 0]}, "[1.0, 0]": {"num_count": 64, "sum_payoffs": 16.397407891730666, "action": [1.0, 0]}}}, "1": {"0": {"[1.0, 0]": {"num_count": 65, "sum_payoffs": 15.783749997106296, "action": [1.0, 0]}, "[0.0, 0]": {"num_count": 35, "sum_payoffs": 6.423749998822309, "action": [0.0, 0]}}, "1": {"[1.0, 0]": {"num_count": 54, "sum_payoffs": 12.847499997644613, "action": [1.0, 0]}, "[0.0, 0]": {"num_count": 46, "sum_payoffs": 8.34749999846962, "action": [0.0, 0]}}}}