{"runtime_game_length_12": {"mean": 43.23510375022888, "variance": 0.1306727677967865}, "runtime_game_length_11": {"mean": 39.224821949005126, "variance": 0.15212337741201282}, "runtime_game_length_10": {"mean": 35.307346439361574, "variance": 0.14508649601322304}, "runtime_game_length_9": {"mean": 30.954179668426512, "variance": 0.04000718137121111}, "runtime_game_length_8": {"mean": 26.36973671913147, "variance": 0.0029104107020293665}, "runtime_game_length_7": {"mean": 21.328205108642578, "variance": 0.025506907037288327}, "runtime_game_length_6": {"mean": 15.297973012924194, "variance": 0.011660384846768465}, "runtime_game_length_5": {"mean": 6.564310073852539, "variance": 0.034360679246424296}, "runtime_game_length_4": {"mean": 0.5717882633209228, "variance": 5.2373754201653355e-05}, "runtime": {"mean": 218.85391840934753, "variance": 0.579136897573917}, "winner": {"mean": [0.0, 1.0], "variance": [0.0, 0.0]}, "T_terminal": {"mean": 9.0, "variance": 0.0}, "trajectory_0": {"mean": [[1.0, 3.0, 0.0, 0.0], [1.8, 3.0, 0.0, 1.0], [2.8, 3.0, 0.0, 2.0], [4.0, 3.0, 0.0, 3.0], [5.0, 3.0, 0.0, 4.0], [6.0, 3.0, 0.0, 5.0], [7.0, 3.0, 0.0, 6.0], [8.0, 3.0, 0.0, 7.0], [9.0, 3.0, 0.0, 8.0], [10.0, 3.0, 1.2566370614359172, 9.0]], "variance": [[0.0, 0.0, 0.0, 0.0], [0.16000000000000006, 0.0, 0.0, 0.0], [0.15999999999999998, 0.0, 0.0, 0.0], [0.0, 0.0, 0.0, 0.0], [0.0, 0.0, 0.0, 0.0], [0.0, 0.0, 0.0, 0.0], [0.0, 0.0, 0.0, 0.0], [0.0, 0.0, 0.0, 0.0], [0.0, 0.0, 0.0, 0.0], [0.0, 0.0, 0.39478417604357424, 0.0]]}, "trajectory_1": {"mean": [[3.0, 3.0, 0.0, 0.0], [4.0, 3.0, 0.0, 1.0], [5.0, 3.0, 0.0, 2.0], [6.0, 3.0, 0.0, 3.0], [7.0, 3.0, 0.0, 4.0], [8.0, 3.0, 0.0, 5.0], [9.0, 3.0, 0.0, 6.0], [10.0, 3.0, 0.0, 7.0], [11.0, 3.0, 0.0, 8.0], [12.0, 3.0, 0.9424777960769379, 9.0]], "variance": [[0.0, 0.0, 0.0, 0.0], [0.0, 0.0, 0.0, 0.0], [0.0, 0.0, 0.0, 0.0], [0.0, 0.0, 0.0, 0.0], [0.0, 0.0, 0.0, 0.0], [0.0, 0.0, 0.0, 0.0], [0.0, 0.0, 0.0, 0.0], [0.0, 0.0, 0.0, 0.0], [0.0, 0.0, 0.0, 0.0], [0.0, 0.0, 0.5921762640653615, 0.0]]}, "penalty_distance_0": {"mean": [-0.05911282013143147, -0.05320153811828833, -0.054810789710828145, -0.04932971073974533, -0.0443967396657708, -0.039957065699193724, -0.035961359129274346, -0.03236522321634692, -0.02912870089471223], "variance": [0.00029273988268918415, 0.00023711930497823924, 0.0, 0.0, 0.0, 0.0, 0.0, 0.0, 0.0]}, "penalty_distance_1": {"mean": [-0.05911282013143147, -0.05320153811828833, -0.054810789710828145, -0.04932971073974533, -0.0443967396657708, -0.039957065699193724, -0.035961359129274346, -0.03236522321634692, -0.02912870089471223], "variance": [0.00029273988268918415, 0.00023711930497823924, 0.0, 0.0, 0.0, 0.0, 0.0, 0.0, 0.0]}, "reward_progress_0": {"mean": [0.08, 0.09000000000000001, 0.09720000000000002, 0.0729, 0.06561, 0.059049000000000004, 0.05314410000000001, 0.04782969000000001, 0.04304672100000001], "variance": [0.0016, 0.0032400000000000007, 0.0010497600000000003, 0.0, 0.0, 4.81482486096809e-35, 0.0, 0.0, 0.0]}, "reward_progress_1": {"mean": [0.1, 0.09000000000000001, 0.08100000000000002, 0.0729, 0.06561, 0.059049000000000004, 0.05314410000000001, 0.04782969000000001, 0.04304672100000001], "variance": [0.0, 0.0, 0.0, 0.0, 0.0, 4.81482486096809e-35, 0.0, 0.0, 0.0]}, "penalty_timestep_0": {"mean": [-0.9], "variance": [0.0]}, "penalty_timestep_1": {"mean": [-0.9], "variance": [0.0]}, "reward_lead_0": {"mean": [-2.0], "variance": [0.0]}, "reward_lead_1": {"mean": [2.0], "variance": [0.0]}, "payoff_total_0": {"mean": [0.02088717986856853, 0.057685641750280216, 0.10007485203945207, 0.12364514129970675, 0.14485840163393596, 0.16395033593474223, 0.18113307680546792, 0.19659754358912104, 0.21051556369440877, -2.689484436305591], "variance": [0.0005239684447892045, 0.0007313151628485538, 0.00023373332490289313, 0.00023373332490289335, 0.00023373332490289335, 0.00023373332490289335, 0.00023373332490289335, 0.00023373332490289335, 0.00023373332490289443, 0.00023373332490289776]}, "payoff_total_1": {"mean": [0.04088717986856853, 0.07768564175028021, 0.10387485203945208, 0.12744514129970677, 0.14865840163393598, 0.16775033593474226, 0.18493307680546794, 0.20039754358912107, 0.2143155636944088, 1.3143155636944088], "variance": [0.00029273988268918415, 0.0003981262404572906, 0.0003981262404572906, 0.00039812624045729085, 0.00039812624045729085, 0.00039812624045729085, 0.00039812624045729085, 0.00039812624045729085, 0.0003981262404572913, 0.00039812624045729324]}}