{"2": {"0": {"[1.0, 0]": {"num_count": 986, "sum_payoffs": 297.0654630984789, "action": [1.0, 0]}, "[0.0, 0]": {"num_count": 114, "sum_payoffs": 26.5391999946922, "action": [0.0, 0]}}, "1": {"[1.0, 0]": {"num_count": 990, "sum_payoffs": 297.6486630983622, "action": [1.0, 0]}, "[0.0, 0]": {"num_count": 110, "sum_payoffs": 25.66439999486716, "action": [0.0, 0]}}}, "1": {"0": {"[1.0, 0]": {"num_count": 972, "sum_payoffs": 322.09199993558667, "action": [1.0, 0]}, "[0.0, 0]": {"num_count": 128, "sum_payoffs": 35.98199999280352, "action": [0.0, 0]}}, "1": {"[1.0, 0]": {"num_count": 977, "sum_payoffs": 323.3879999353276, "action": [1.0, 0]}, "[0.0, 0]": {"num_count": 123, "sum_payoffs": 32.74199999345155, "action": [0.0, 0]}}}}