{"2": {"0": {"[0.0, 0]": {"num_count": 810, "sum_payoffs": 124.03012495659021, "action": [0.0, 0]}, "[1.0, 0]": {"num_count": 1790, "sum_payoffs": 355.74690777022977, "action": [1.0, 0]}}, "1": {"[0.0, 0]": {"num_count": 815, "sum_payoffs": 125.25524995616144, "action": [0.0, 0]}, "[1.0, 0]": {"num_count": 1785, "sum_payoffs": 354.8862827705312, "action": [1.0, 0]}}}, "1": {"0": {"[0.0, 0]": {"num_count": 1040, "sum_payoffs": 197.07749993102576, "action": [0.0, 0]}, "[1.0, 0]": {"num_count": 1560, "sum_payoffs": 330.7724998842263, "action": [1.0, 0]}}, "1": {"[1.0, 0]": {"num_count": 1558, "sum_payoffs": 330.2662498844035, "action": [1.0, 0]}, "[0.0, 0]": {"num_count": 1042, "sum_payoffs": 197.58374993084857, "action": [0.0, 0]}}}}