{"2": {"0": {"[1.0, 0]": {"num_count": 549, "sum_payoffs": 3.329999999112, "action": [1.0, 0]}, "[0.0, 0]": {"num_count": 551, "sum_payoffs": 3.419999999088, "action": [0.0, 0]}}, "1": {"[1.0, 0]": {"num_count": 549, "sum_payoffs": 3.329999999112, "action": [1.0, 0]}, "[0.0, 0]": {"num_count": 551, "sum_payoffs": 3.419999999088, "action": [0.0, 0]}}}, "1": {"0": {"[0.0, 0]": {"num_count": 555, "sum_payoffs": 1.79999999952, "action": [0.0, 0]}, "[1.0, 0]": {"num_count": 545, "sum_payoffs": 0.89999999976, "action": [1.0, 0]}}, "1": {"[0.0, 0]": {"num_count": 555, "sum_payoffs": 1.79999999952, "action": [0.0, 0]}, "[1.0, 0]": {"num_count": 545, "sum_payoffs": 0.89999999976, "action": [1.0, 0]}}}}