{"2": {"0": {"[0.0, 0]": {"num_count": 1269, "sum_payoffs": 4.94999999703, "action": [0.0, 0]}, "[1.0, 0]": {"num_count": 1331, "sum_payoffs": 5.286315786301895, "action": [1.0, 0]}}, "1": {"[0.0, 0]": {"num_count": 1231, "sum_payoffs": 4.859999997084, "action": [0.0, 0]}, "[1.0, 0]": {"num_count": 1369, "sum_payoffs": 5.376315786247895, "action": [1.0, 0]}}}, "1": {"0": {"[1.0, 0]": {"num_count": 1338, "sum_payoffs": 1.79999999892, "action": [1.0, 0]}, "[0.0, 0]": {"num_count": 1262, "sum_payoffs": 0.89999999946, "action": [0.0, 0]}}, "1": {"[0.0, 0]": {"num_count": 1215, "sum_payoffs": 0.89999999946, "action": [0.0, 0]}, "[1.0, 0]": {"num_count": 1385, "sum_payoffs": 1.79999999892, "action": [1.0, 0]}}}}