{"2": {"0": {"[1.0, 0]": {"num_count": 57, "sum_payoffs": 13.304216163132809, "action": [1.0, 0]}, "[0.0, 0]": {"num_count": 43, "sum_payoffs": 7.520785712996433, "action": [0.0, 0]}}, "1": {"[1.0, 0]": {"num_count": 57, "sum_payoffs": 13.772859020195328, "action": [1.0, 0]}, "[0.0, 0]": {"num_count": 43, "sum_payoffs": 7.8332142843714445, "action": [0.0, 0]}}}, "1": {"0": {"[1.0, 0]": {"num_count": 51, "sum_payoffs": 9.967499998291288, "action": [1.0, 0]}, "[0.0, 0]": {"num_count": 49, "sum_payoffs": 8.932499998468714, "action": [0.0, 0]}}, "1": {"[1.0, 0]": {"num_count": 51, "sum_payoffs": 9.967499998291288, "action": [1.0, 0]}, "[0.0, 0]": {"num_count": 49, "sum_payoffs": 8.932499998468714, "action": [0.0, 0]}}}}