{"2": {"0": {"[0.0, 0]": {"num_count": 214, "sum_payoffs": 40.576499991884674, "action": [0.0, 0]}, "[1.0, 0]": {"num_count": 2886, "sum_payoffs": 647.9675761861714, "action": [1.0, 0]}}, "1": {"[0.0, 0]": {"num_count": 211, "sum_payoffs": 34.780949993043805, "action": [0.0, 0]}, "[1.0, 0]": {"num_count": 2889, "sum_payoffs": 641.5159261874622, "action": [1.0, 0]}}}, "1": {"0": {"[0.0, 0]": {"num_count": 260, "sum_payoffs": 55.76399998884728, "action": [0.0, 0]}, "[1.0, 0]": {"num_count": 2840, "sum_payoffs": 697.7654998604318, "action": [1.0, 0]}}, "1": {"[0.0, 0]": {"num_count": 202, "sum_payoffs": 42.15599999156885, "action": [0.0, 0]}, "[1.0, 0]": {"num_count": 2898, "sum_payoffs": 713.3174998573207, "action": [1.0, 0]}}}}