{"runtime": 36.66972231864929, "winner": [1, 0], "collision_count": 1, "T_terminal": 6, "trajectories": [[1.0, 3.0, 0.0, 3.0, 3.0, 0.0, 0.0], [3.0, 3.0, 0.0, 4.0, 3.0, 0.0, 1.0], [5.0, 3.0, 0.0, 5.0, 3.0, 0.0, 2.0], [7.0, 3.0, 0.0, 6.0, 3.0, 0.0, 3.0], [9.0, 3.0, 0.0, 7.0, 3.0, 0.0, 4.0], [11.0, 3.0, 0.0, 8.0, 3.0, 0.0, 5.0], [13.0, 3.0, 4.71238898038469, 9.0, 3.0, 0.0, 6.0]], "penalty_distance_0": [-0.18393972058572117, -0.5, -0.18393972058572117, -0.06766764161830635, -0.024893534183931972, -0.00915781944436709], "penalty_distance_1": [-0.18393972058572117, -0.5, -0.18393972058572117, -0.06766764161830635, -0.024893534183931972, -0.00915781944436709], "reward_progress_0": [0.0, 0.0, 0.0, 0.0, 0.0, 0.0], "reward_progress_1": [0.0, 0.0, 0.0, 0.0, 0.0, 0.0], "penalty_agressor_0": [0.0, 0.0, 0.0, 0.0, 0.0, 0.0], "penalty_agressor_1": [0.0, 0.0, 0.0, 0.0, 0.0, 0.0], "penalty_timestep_0": [-1.2000000000000002], "penalty_timestep_1": [-1.2000000000000002], "reward_lead_0": [4.0], "reward_lead_1": [-4.0], "payoff_total0": [-0.18393972058572117, -0.6839397205857212, -0.8678794411714423, -0.9355470827897487, -0.9604406169736807, -0.9695984364180478, 1.830401563581952], "payoff_total1": [-0.18393972058572117, -0.6839397205857212, -0.8678794411714423, -0.9355470827897487, -0.9604406169736807, -0.9695984364180478, -6.169598436418048]}