{"3": {"0": {"[0.0, 0.0]": {"num_count": 157, "sum_payoffs": 51.53730520687123, "action": [0.0, 0.0]}, "[2.0, 0.0]": {"num_count": 175, "sum_payoffs": 60.43270907726361, "action": [2.0, 0.0]}, "[2.0, 1.5707963267948966]": {"num_count": 192, "sum_payoffs": 68.84521887182049, "action": [2.0, 1.5707963267948966]}, "[2.0, -1.5707963267948966]": {"num_count": 207, "sum_payoffs": 76.36581596005698, "action": [2.0, -1.5707963267948966]}, "[0.0, 1.5707963267948966]": {"num_count": 166, "sum_payoffs": 55.96983973042145, "action": [0.0, 1.5707963267948966]}, "[1.0, 1.5707963267948966]": {"num_count": 188, "sum_payoffs": 66.88931690498337, "action": [1.0, 1.5707963267948966]}, "[1.0, -1.5707963267948966]": {"num_count": 185, "sum_payoffs": 65.338082806694, "action": [1.0, -1.5707963267948966]}, "[1.0, 0.0]": {"num_count": 165, "sum_payoffs": 55.538458452033105, "action": [1.0, 0.0]}, "[0.0, -1.5707963267948966]": {"num_count": 165, "sum_payoffs": 55.594864962057486, "action": [0.0, -1.5707963267948966]}}, "1": {"[0.0, 1.5707963267948966]": {"num_count": 148, "sum_payoffs": 59.368609088160795, "action": [0.0, 1.5707963267948966]}, "[2.0, -1.5707963267948966]": {"num_count": 210, "sum_payoffs": 94.95141091043354, "action": [2.0, -1.5707963267948966]}, "[1.0, 0.0]": {"num_count": 168, "sum_payoffs": 70.69779498649697, "action": [1.0, 0.0]}, "[1.0, -1.5707963267948966]": {"num_count": 183, "sum_payoffs": 79.19982582403924, "action": [1.0, -1.5707963267948966]}, "[2.0, 1.5707963267948966]": {"num_count": 201, "sum_payoffs": 89.73318972913576, "action": [2.0, 1.5707963267948966]}, "[0.0, 0.0]": {"num_count": 149, "sum_payoffs": 59.994207690873246, "action": [0.0, 0.0]}, "[2.0, 0.0]": {"num_count": 198, "sum_payoffs": 87.93817425942929, "action": [2.0, 0.0]}, "[1.0, 1.5707963267948966]": {"num_count": 175, "sum_payoffs": 74.60926959125788, "action": [1.0, 1.5707963267948966]}, "[0.0, -1.5707963267948966]": {"num_count": 168, "sum_payoffs": 70.7305081109518, "action": [0.0, -1.5707963267948966]}}}}