{"2": {"0": {"[1.0, 0]": {"num_count": 3831, "sum_payoffs": 947.8556050894288, "action": [1.0, 0]}, "[0.0, 0]": {"num_count": 269, "sum_payoffs": 45.78149999160673, "action": [0.0, 0]}}, "1": {"[1.0, 0]": {"num_count": 3845, "sum_payoffs": 957.78110508761, "action": [1.0, 0]}, "[0.0, 0]": {"num_count": 255, "sum_payoffs": 47.76299999124349, "action": [0.0, 0]}}}, "1": {"0": {"[0.0, 0]": {"num_count": 281, "sum_payoffs": 68.60999998742142, "action": [0.0, 0]}, "[1.0, 0]": {"num_count": 3819, "sum_payoffs": 1039.1549998095616, "action": [1.0, 0]}}, "1": {"[0.0, 0]": {"num_count": 234, "sum_payoffs": 56.05499998972318, "action": [0.0, 0]}, "[1.0, 0]": {"num_count": 3866, "sum_payoffs": 1051.7099998072563, "action": [1.0, 0]}}}}