{"2": {"0": {"[0.0, 0]": {"num_count": 141, "sum_payoffs": 33.716249991008986, "action": [0.0, 0]}, "[1.0, 0]": {"num_count": 1959, "sum_payoffs": 735.0142498040183, "action": [1.0, 0]}}, "1": {"[0.0, 0]": {"num_count": 179, "sum_payoffs": 45.38024998789857, "action": [0.0, 0]}, "[1.0, 0]": {"num_count": 1921, "sum_payoffs": 715.6957498091685, "action": [1.0, 0]}}}, "1": {"0": {"[1.0, 0]": {"num_count": 1922, "sum_payoffs": 787.3199997900439, "action": [1.0, 0]}, "[0.0, 0]": {"num_count": 178, "sum_payoffs": 62.167499983421855, "action": [0.0, 0]}}, "1": {"[1.0, 0]": {"num_count": 1951, "sum_payoffs": 799.672499786749, "action": [1.0, 0]}, "[0.0, 0]": {"num_count": 149, "sum_payoffs": 51.83999998617588, "action": [0.0, 0]}}}}