{"8": {"0": {"[0.0, 0.0]": {"num_count": 171, "sum_payoffs": 42.13723138218213, "action": [0.0, 0.0]}, "[2.0, 0.0]": {"num_count": 190, "sum_payoffs": 49.59837293451514, "action": [2.0, 0.0]}, "[0.0, -1.5707963267948966]": {"num_count": 171, "sum_payoffs": 42.19610584481231, "action": [0.0, -1.5707963267948966]}, "[2.0, 1.5707963267948966]": {"num_count": 178, "sum_payoffs": 44.9973718405701, "action": [2.0, 1.5707963267948966]}, "[0.0, 1.5707963267948966]": {"num_count": 169, "sum_payoffs": 41.348306885442106, "action": [0.0, 1.5707963267948966]}, "[2.0, -1.5707963267948966]": {"num_count": 183, "sum_payoffs": 46.90833505818071, "action": [2.0, -1.5707963267948966]}, "[1.0, 1.5707963267948966]": {"num_count": 179, "sum_payoffs": 45.40746385332821, "action": [1.0, 1.5707963267948966]}, "[1.0, -1.5707963267948966]": {"num_count": 178, "sum_payoffs": 44.8690136653773, "action": [1.0, -1.5707963267948966]}, "[1.0, 0.0]": {"num_count": 181, "sum_payoffs": 46.12271058833006, "action": [1.0, 0.0]}}, "1": {"[0.0, 0.0]": {"num_count": 168, "sum_payoffs": 50.438530213217184, "action": [0.0, 0.0]}, "[1.0, -1.5707963267948966]": {"num_count": 175, "sum_payoffs": 53.66007603380504, "action": [1.0, -1.5707963267948966]}, "[2.0, -1.5707963267948966]": {"num_count": 188, "sum_payoffs": 59.53926244229382, "action": [2.0, -1.5707963267948966]}, "[0.0, 1.5707963267948966]": {"num_count": 159, "sum_payoffs": 46.47598937916421, "action": [0.0, 1.5707963267948966]}, "[1.0, 1.5707963267948966]": {"num_count": 175, "sum_payoffs": 53.65719419033844, "action": [1.0, 1.5707963267948966]}, "[2.0, 1.5707963267948966]": {"num_count": 183, "sum_payoffs": 57.30400418579098, "action": [2.0, 1.5707963267948966]}, "[1.0, 0.0]": {"num_count": 181, "sum_payoffs": 56.36540228699699, "action": [1.0, 0.0]}, "[0.0, -1.5707963267948966]": {"num_count": 160, "sum_payoffs": 46.79229349478227, "action": [0.0, -1.5707963267948966]}, "[2.0, 0.0]": {"num_count": 211, "sum_payoffs": 70.03459029759883, "action": [2.0, 0.0]}}}}