{"2": {"0": {"[0.0, 0]": {"num_count": 146, "sum_payoffs": 30.475499994412882, "action": [0.0, 0]}, "[1.0, 0]": {"num_count": 1954, "sum_payoffs": 487.7351051737244, "action": [1.0, 0]}}, "1": {"[0.0, 0]": {"num_count": 194, "sum_payoffs": 39.40949999277497, "action": [0.0, 0]}, "[1.0, 0]": {"num_count": 1906, "sum_payoffs": 469.8101051770122, "action": [1.0, 0]}}}, "1": {"0": {"[0.0, 0]": {"num_count": 130, "sum_payoffs": 31.214999994277214, "action": [0.0, 0]}, "[1.0, 0]": {"num_count": 1970, "sum_payoffs": 538.0349999013887, "action": [1.0, 0]}}, "1": {"[1.0, 0]": {"num_count": 1934, "sum_payoffs": 527.0999999033925, "action": [1.0, 0]}, "[0.0, 0]": {"num_count": 166, "sum_payoffs": 39.44999999276745, "action": [0.0, 0]}}}}