{"12": {"0": {"[1.0, 1.5707963267948966]": {"num_count": 68, "sum_payoffs": 16.586342648624527, "action": [1.0, 1.5707963267948966]}, "[1.0, -1.5707963267948966]": {"num_count": 67, "sum_payoffs": 16.230128334517094, "action": [1.0, -1.5707963267948966]}, "[2.0, -1.5707963267948966]": {"num_count": 66, "sum_payoffs": 15.66532964022566, "action": [2.0, -1.5707963267948966]}, "[1.0, 0.0]": {"num_count": 68, "sum_payoffs": 16.571075620188505, "action": [1.0, 0.0]}, "[2.0, 0.0]": {"num_count": 69, "sum_payoffs": 17.006742549679217, "action": [2.0, 0.0]}, "[0.0, 1.5707963267948966]": {"num_count": 65, "sum_payoffs": 15.175819091783001, "action": [0.0, 1.5707963267948966]}, "[2.0, 1.5707963267948966]": {"num_count": 65, "sum_payoffs": 15.284895526015273, "action": [2.0, 1.5707963267948966]}, "[0.0, -1.5707963267948966]": {"num_count": 67, "sum_payoffs": 16.231092149887893, "action": [0.0, -1.5707963267948966]}, "[0.0, 0.0]": {"num_count": 65, "sum_payoffs": 15.260819716252254, "action": [0.0, 0.0]}}, "1": {"[0.0, 0.0]": {"num_count": 99, "sum_payoffs": 22.045830807365196, "action": [0.0, 0.0]}, "[1.0, 0.0]": {"num_count": 100, "sum_payoffs": 22.417234418364135, "action": [1.0, 0.0]}, "[1.0, 1.5707963267948966]": {"num_count": 101, "sum_payoffs": 22.779685063322308, "action": [1.0, 1.5707963267948966]}, "[1.0, -1.5707963267948966]": {"num_count": 101, "sum_payoffs": 22.76371253483903, "action": [1.0, -1.5707963267948966]}, "[0.0, 1.5707963267948966]": {"num_count": 100, "sum_payoffs": 22.254836496675445, "action": [0.0, 1.5707963267948966]}, "[0.0, -1.5707963267948966]": {"num_count": 99, "sum_payoffs": 22.01028840489861, "action": [0.0, -1.5707963267948966]}}}}