{"2": {"0": {"[0.0, 0]": {"num_count": 1477, "sum_payoffs": 148.38978944647894, "action": [0.0, 0]}, "[1.0, 0]": {"num_count": 3123, "sum_payoffs": 417.95321044970024, "action": [1.0, 0]}}, "1": {"[1.0, 0]": {"num_count": 3111, "sum_payoffs": 415.71221045011123, "action": [1.0, 0]}, "[0.0, 0]": {"num_count": 1489, "sum_payoffs": 150.14478944615706, "action": [0.0, 0]}}}, "1": {"0": {"[1.0, 0]": {"num_count": 2885, "sum_payoffs": 414.9749999239454, "action": [1.0, 0]}, "[0.0, 0]": {"num_count": 1715, "sum_payoffs": 207.75749996191877, "action": [0.0, 0]}}, "1": {"[0.0, 0]": {"num_count": 1716, "sum_payoffs": 208.0274999618693, "action": [0.0, 0]}, "[1.0, 0]": {"num_count": 2884, "sum_payoffs": 414.9749999239454, "action": [1.0, 0]}}}}