{"10": {"0": {"[1.0, 1.5707963267948966]": {"num_count": 67, "sum_payoffs": 15.479436569787133, "action": [1.0, 1.5707963267948966]}, "[2.0, 0.0]": {"num_count": 69, "sum_payoffs": 16.33595002567287, "action": [2.0, 0.0]}, "[2.0, -1.5707963267948966]": {"num_count": 65, "sum_payoffs": 14.758715248771763, "action": [2.0, -1.5707963267948966]}, "[1.0, -1.5707963267948966]": {"num_count": 68, "sum_payoffs": 15.927885719950206, "action": [1.0, -1.5707963267948966]}, "[0.0, 0.0]": {"num_count": 68, "sum_payoffs": 15.941426602818932, "action": [0.0, 0.0]}, "[0.0, -1.5707963267948966]": {"num_count": 65, "sum_payoffs": 14.708679220204896, "action": [0.0, -1.5707963267948966]}, "[0.0, 1.5707963267948966]": {"num_count": 64, "sum_payoffs": 14.200150083305648, "action": [0.0, 1.5707963267948966]}, "[1.0, 0.0]": {"num_count": 68, "sum_payoffs": 15.927890702972096, "action": [1.0, 0.0]}, "[2.0, 1.5707963267948966]": {"num_count": 66, "sum_payoffs": 15.073964268207975, "action": [2.0, 1.5707963267948966]}}, "1": {"[2.0, 0.0]": {"num_count": 73, "sum_payoffs": 21.99022919258626, "action": [2.0, 0.0]}, "[0.0, 0.0]": {"num_count": 64, "sum_payoffs": 17.498530711659573, "action": [0.0, 0.0]}, "[2.0, -1.5707963267948966]": {"num_count": 70, "sum_payoffs": 20.397434056539826, "action": [2.0, -1.5707963267948966]}, "[2.0, 1.5707963267948966]": {"num_count": 64, "sum_payoffs": 17.533967678419334, "action": [2.0, 1.5707963267948966]}, "[0.0, 1.5707963267948966]": {"num_count": 64, "sum_payoffs": 17.40319598545402, "action": [0.0, 1.5707963267948966]}, "[1.0, 0.0]": {"num_count": 70, "sum_payoffs": 20.493661270372403, "action": [1.0, 0.0]}, "[1.0, 1.5707963267948966]": {"num_count": 66, "sum_payoffs": 18.566455531282568, "action": [1.0, 1.5707963267948966]}, "[1.0, -1.5707963267948966]": {"num_count": 66, "sum_payoffs": 18.52811670211758, "action": [1.0, -1.5707963267948966]}, "[0.0, -1.5707963267948966]": {"num_count": 63, "sum_payoffs": 16.877055902952097, "action": [0.0, -1.5707963267948966]}}}}