{"2": {"0": {"[1.0, 0]": {"num_count": 2909, "sum_payoffs": 570.1640327664338, "action": [1.0, 0]}, "[0.0, 0]": {"num_count": 1191, "sum_payoffs": 182.81137495886742, "action": [0.0, 0]}}, "1": {"[1.0, 0]": {"num_count": 2885, "sum_payoffs": 565.1577827675605, "action": [1.0, 0]}, "[0.0, 0]": {"num_count": 1215, "sum_payoffs": 187.99987495769997, "action": [0.0, 0]}}}, "1": {"0": {"[1.0, 0]": {"num_count": 2055, "sum_payoffs": 417.0374999061747, "action": [1.0, 0]}, "[0.0, 0]": {"num_count": 2045, "sum_payoffs": 414.5624999067313, "action": [0.0, 0]}}, "1": {"[1.0, 0]": {"num_count": 2055, "sum_payoffs": 417.0374999061747, "action": [1.0, 0]}, "[0.0, 0]": {"num_count": 2045, "sum_payoffs": 414.5624999067313, "action": [0.0, 0]}}}}