{"2": {"0": {"[1.0, 0]": {"num_count": 2790, "sum_payoffs": 265.584611782336, "action": [1.0, 0]}, "[0.0, 0]": {"num_count": 310, "sum_payoffs": 26.470124994044202, "action": [0.0, 0]}}, "1": {"[0.0, 0]": {"num_count": 308, "sum_payoffs": 21.648937495128973, "action": [0.0, 0]}, "[1.0, 0]": {"num_count": 2792, "sum_payoffs": 266.6696742820923, "action": [1.0, 0]}}}, "1": {"0": {"[0.0, 0]": {"num_count": 334, "sum_payoffs": 29.83499999328733, "action": [0.0, 0]}, "[1.0, 0]": {"num_count": 2766, "sum_payoffs": 287.5331249353069, "action": [1.0, 0]}}, "1": {"[0.0, 0]": {"num_count": 360, "sum_payoffs": 31.1512499929912, "action": [0.0, 0]}, "[1.0, 0]": {"num_count": 2740, "sum_payoffs": 283.1793749362874, "action": [1.0, 0]}}}}