{"2": {"0": {"[0.0, 0]": {"num_count": 669, "sum_payoffs": 101.33999998353198, "action": [0.0, 0]}, "[1.0, 0]": {"num_count": 1431, "sum_payoffs": 285.27240784838415, "action": [1.0, 0]}}, "1": {"[0.0, 0]": {"num_count": 666, "sum_payoffs": 101.39624998352295, "action": [0.0, 0]}, "[1.0, 0]": {"num_count": 1434, "sum_payoffs": 287.76765784797897, "action": [1.0, 0]}}}, "1": {"0": {"[0.0, 0]": {"num_count": 737, "sum_payoffs": 131.26499997866856, "action": [0.0, 0]}, "[1.0, 0]": {"num_count": 1363, "sum_payoffs": 294.9299999520739, "action": [1.0, 0]}}, "1": {"[0.0, 0]": {"num_count": 738, "sum_payoffs": 131.7712499785863, "action": [0.0, 0]}, "[1.0, 0]": {"num_count": 1362, "sum_payoffs": 295.03124995205746, "action": [1.0, 0]}}}}