{"2": {"0": {"[0.0, 0]": {"num_count": 1041, "sum_payoffs": 194.98679996100387, "action": [0.0, 0]}, "[1.0, 0]": {"num_count": 2559, "sum_payoffs": 595.9169761965854, "action": [1.0, 0]}}, "1": {"[1.0, 0]": {"num_count": 2549, "sum_payoffs": 593.9207761969842, "action": [1.0, 0]}, "[0.0, 0]": {"num_count": 1051, "sum_payoffs": 197.85779996043004, "action": [0.0, 0]}}}, "1": {"0": {"[0.0, 0]": {"num_count": 1792, "sum_payoffs": 435.69449991285194, "action": [0.0, 0]}, "[1.0, 0]": {"num_count": 1808, "sum_payoffs": 440.3069999119293, "action": [1.0, 0]}}, "1": {"[0.0, 0]": {"num_count": 1792, "sum_payoffs": 435.69449991285194, "action": [0.0, 0]}, "[1.0, 0]": {"num_count": 1808, "sum_payoffs": 440.3069999119293, "action": [1.0, 0]}}}}