{"2": {"0": {"[2.0, 0.0]": {"num_count": 76, "sum_payoffs": 20.25579601173064, "action": [2.0, 0.0]}, "[1.0, -1.5707963267948966]": {"num_count": 65, "sum_payoffs": 15.233796142949934, "action": [1.0, -1.5707963267948966]}, "[2.0, -1.5707963267948966]": {"num_count": 67, "sum_payoffs": 16.177889313562243, "action": [2.0, -1.5707963267948966]}, "[1.0, 1.5707963267948966]": {"num_count": 66, "sum_payoffs": 15.792864434790479, "action": [1.0, 1.5707963267948966]}, "[0.0, 0.0]": {"num_count": 66, "sum_payoffs": 15.661136820367854, "action": [0.0, 0.0]}, "[1.0, 0.0]": {"num_count": 72, "sum_payoffs": 18.388957692105755, "action": [1.0, 0.0]}, "[2.0, 1.5707963267948966]": {"num_count": 68, "sum_payoffs": 16.47056906060369, "action": [2.0, 1.5707963267948966]}, "[0.0, 1.5707963267948966]": {"num_count": 59, "sum_payoffs": 12.490059316150546, "action": [0.0, 1.5707963267948966]}, "[0.0, -1.5707963267948966]": {"num_count": 61, "sum_payoffs": 13.399821826055488, "action": [0.0, -1.5707963267948966]}}, "1": {"[1.0, -1.5707963267948966]": {"num_count": 65, "sum_payoffs": 19.834321966220422, "action": [1.0, -1.5707963267948966]}, "[2.0, 0.0]": {"num_count": 79, "sum_payoffs": 27.357028003289876, "action": [2.0, 0.0]}, "[0.0, 0.0]": {"num_count": 66, "sum_payoffs": 20.234230707446176, "action": [0.0, 0.0]}, "[2.0, -1.5707963267948966]": {"num_count": 69, "sum_payoffs": 21.807139904737397, "action": [2.0, -1.5707963267948966]}, "[1.0, 1.5707963267948966]": {"num_count": 65, "sum_payoffs": 19.727092972036118, "action": [1.0, 1.5707963267948966]}, "[2.0, 1.5707963267948966]": {"num_count": 67, "sum_payoffs": 20.879994781794057, "action": [2.0, 1.5707963267948966]}, "[0.0, 1.5707963267948966]": {"num_count": 58, "sum_payoffs": 16.241661775150536, "action": [0.0, 1.5707963267948966]}, "[1.0, 0.0]": {"num_count": 73, "sum_payoffs": 23.958618512938695, "action": [1.0, 0.0]}, "[0.0, -1.5707963267948966]": {"num_count": 58, "sum_payoffs": 16.088151573758715, "action": [0.0, -1.5707963267948966]}}}}