{"2": {"0": {"[1.0, -1.5707963267948966]": {"num_count": 370, "sum_payoffs": 82.8807335325006, "action": [1.0, -1.5707963267948966]}, "[0.0, 0.0]": {"num_count": 376, "sum_payoffs": 84.84315811699457, "action": [0.0, 0.0]}, "[2.0, -1.5707963267948966]": {"num_count": 435, "sum_payoffs": 104.57119264713833, "action": [2.0, -1.5707963267948966]}, "[0.0, 1.5707963267948966]": {"num_count": 321, "sum_payoffs": 66.91480345672235, "action": [0.0, 1.5707963267948966]}, "[1.0, 0.0]": {"num_count": 445, "sum_payoffs": 107.95920878346662, "action": [1.0, 0.0]}, "[2.0, 0.0]": {"num_count": 523, "sum_payoffs": 134.71173831131563, "action": [2.0, 0.0]}, "[0.0, -1.5707963267948966]": {"num_count": 322, "sum_payoffs": 67.29439626895581, "action": [0.0, -1.5707963267948966]}, "[1.0, 1.5707963267948966]": {"num_count": 369, "sum_payoffs": 82.57653780432841, "action": [1.0, 1.5707963267948966]}, "[2.0, 1.5707963267948966]": {"num_count": 439, "sum_payoffs": 105.97918430324943, "action": [2.0, 1.5707963267948966]}}, "1": {"[0.0, 1.5707963267948966]": {"num_count": 522, "sum_payoffs": 137.78675877160998, "action": [0.0, 1.5707963267948966]}, "[1.0, 1.5707963267948966]": {"num_count": 643, "sum_payoffs": 180.9826608133966, "action": [1.0, 1.5707963267948966]}, "[1.0, 0.0]": {"num_count": 707, "sum_payoffs": 204.27286353427894, "action": [1.0, 0.0]}, "[0.0, 0.0]": {"num_count": 577, "sum_payoffs": 157.28360454840035, "action": [0.0, 0.0]}, "[0.0, -1.5707963267948966]": {"num_count": 517, "sum_payoffs": 136.0425221945191, "action": [0.0, -1.5707963267948966]}, "[1.0, -1.5707963267948966]": {"num_count": 634, "sum_payoffs": 177.694522274526, "action": [1.0, -1.5707963267948966]}}}}