{"2": {"0": {"[0.0, 0]": {"num_count": 713, "sum_payoffs": 144.35439471037648, "action": [0.0, 0]}, "[1.0, 0]": {"num_count": 1887, "sum_payoffs": 490.37060517324556, "action": [1.0, 0]}}, "1": {"[1.0, 0]": {"num_count": 1886, "sum_payoffs": 491.7071051729998, "action": [1.0, 0]}, "[0.0, 0]": {"num_count": 714, "sum_payoffs": 145.44789471017617, "action": [0.0, 0]}}}, "1": {"0": {"[0.0, 0]": {"num_count": 981, "sum_payoffs": 248.02499995452902, "action": [0.0, 0]}, "[1.0, 0]": {"num_count": 1619, "sum_payoffs": 454.73999991664954, "action": [1.0, 0]}}, "1": {"[1.0, 0]": {"num_count": 1621, "sum_payoffs": 455.54999991650106, "action": [1.0, 0]}, "[0.0, 0]": {"num_count": 979, "sum_payoffs": 247.484999954628, "action": [0.0, 0]}}}}