{"2": {"0": {"[0.0, 0]": {"num_count": 1041, "sum_payoffs": 2.6099999990865004, "action": [0.0, 0]}, "[1.0, 0]": {"num_count": 1059, "sum_payoffs": 3.7563157881589744, "action": [1.0, 0]}}, "1": {"[1.0, 0]": {"num_count": 1059, "sum_payoffs": 3.7563157881589744, "action": [1.0, 0]}, "[0.0, 0]": {"num_count": 1041, "sum_payoffs": 2.6099999990865004, "action": [0.0, 0]}}}, "1": {"0": {"[1.0, 0]": {"num_count": 1057, "sum_payoffs": 1.79999999937, "action": [1.0, 0]}, "[0.0, 0]": {"num_count": 1043, "sum_payoffs": 0.899999999685, "action": [0.0, 0]}}, "1": {"[1.0, 0]": {"num_count": 1057, "sum_payoffs": 1.79999999937, "action": [1.0, 0]}, "[0.0, 0]": {"num_count": 1043, "sum_payoffs": 0.899999999685, "action": [0.0, 0]}}}}