{"12": {"0": {"[1.0, 0.0]": {"num_count": 352, "sum_payoffs": 77.00699218857528, "action": [1.0, 0.0]}, "[0.0, 1.5707963267948966]": {"num_count": 337, "sum_payoffs": 72.07493794288922, "action": [0.0, 1.5707963267948966]}, "[2.0, -1.5707963267948966]": {"num_count": 361, "sum_payoffs": 79.88014178526721, "action": [2.0, -1.5707963267948966]}, "[2.0, 1.5707963267948966]": {"num_count": 333, "sum_payoffs": 70.86556360044459, "action": [2.0, 1.5707963267948966]}, "[0.0, 0.0]": {"num_count": 345, "sum_payoffs": 74.68467810261924, "action": [0.0, 0.0]}, "[1.0, 1.5707963267948966]": {"num_count": 337, "sum_payoffs": 72.05817654529008, "action": [1.0, 1.5707963267948966]}, "[0.0, -1.5707963267948966]": {"num_count": 334, "sum_payoffs": 71.1520057361099, "action": [0.0, -1.5707963267948966]}, "[2.0, 0.0]": {"num_count": 357, "sum_payoffs": 78.61162535822203, "action": [2.0, 0.0]}, "[1.0, -1.5707963267948966]": {"num_count": 344, "sum_payoffs": 74.35250743644465, "action": [1.0, -1.5707963267948966]}}, "1": {"[1.0, 0.0]": {"num_count": 358, "sum_payoffs": 94.58085855139491, "action": [1.0, 0.0]}, "[2.0, 0.0]": {"num_count": 413, "sum_payoffs": 115.19087165084466, "action": [2.0, 0.0]}, "[2.0, 1.5707963267948966]": {"num_count": 359, "sum_payoffs": 94.86384542341365, "action": [2.0, 1.5707963267948966]}, "[0.0, -1.5707963267948966]": {"num_count": 312, "sum_payoffs": 77.75381465329836, "action": [0.0, -1.5707963267948966]}, "[2.0, -1.5707963267948966]": {"num_count": 365, "sum_payoffs": 97.14305581923358, "action": [2.0, -1.5707963267948966]}, "[0.0, 1.5707963267948966]": {"num_count": 303, "sum_payoffs": 74.50716534749813, "action": [0.0, 1.5707963267948966]}, "[0.0, 0.0]": {"num_count": 335, "sum_payoffs": 86.0313996140083, "action": [0.0, 0.0]}, "[1.0, -1.5707963267948966]": {"num_count": 327, "sum_payoffs": 83.13793429143942, "action": [1.0, -1.5707963267948966]}, "[1.0, 1.5707963267948966]": {"num_count": 328, "sum_payoffs": 83.59420313777888, "action": [1.0, 1.5707963267948966]}}}}