{"alphat_eff_gamelength_13": {"mean": 2.0, "variance": 0.0}, "runtime_gamelength_13": {"mean": 106.82943007946014, "variance": 49.256164029537416}, "max_timestep": {"mean": 13.0, "variance": 0.0}, "winner": {"mean": [0.0, 0.0], "variance": [0.0, 0.0]}, "runtime": {"mean": 106.82977457046509, "variance": 49.25636604118408}, "T_terminal": {"mean": 1.0, "variance": 0.0}, "trajectory_0": {"mean": [[1.0, 3.0, 0.0, 0.0], [2.9, 3.0, -0.15707963267948966, 1.0]], "variance": [[0.0, 0.0, 0.0, 0.0], [0.09, 0.0, 0.7155463190789784, 0.0]]}, "trajectory_1": {"mean": [[3.0, 3.0, 0.0, 0.0], [5.0, 3.0, 0.0, 1.0]], "variance": [[0.0, 0.0, 0.0, 0.0], [0.0, 0.0, 0.0, 0.0]]}, "coll_payoff_0": {"mean": [1.0], "variance": [0.0]}, "lead_payoff_0": {"mean": [0.475], "variance": [0.005625]}, "coll_payoff_1": {"mean": [1.0], "variance": [0.0]}, "lead_payoff_1": {"mean": [0.525], "variance": [0.005625]}, "payoff_total": {"mean": [[0.5308908045215108, 0.635775861975711]], "variance": [[0.0003762262186859936, 0.000376226218685996]]}, "final_lead_payoff_0": {"mean": [0.4275862068965517], "variance": [0.0001070154577883469]}, "final_lead_payoff_1": {"mean": [0.5724137931034482], "variance": [0.00010701545778834699]}}