{"2": {"0": {"[0.0, 0]": {"num_count": 1175, "sum_payoffs": 178.57912496725965, "action": [0.0, 0]}, "[1.0, 0]": {"num_count": 2925, "sum_payoffs": 572.2655327898394, "action": [1.0, 0]}}, "1": {"[0.0, 0]": {"num_count": 1188, "sum_payoffs": 182.04749996662377, "action": [0.0, 0]}, "[1.0, 0]": {"num_count": 2912, "sum_payoffs": 570.8019077901072, "action": [1.0, 0]}}}, "1": {"0": {"[0.0, 0]": {"num_count": 1533, "sum_payoffs": 288.10124994717836, "action": [0.0, 0]}, "[1.0, 0]": {"num_count": 2567, "sum_payoffs": 543.1949999004116, "action": [1.0, 0]}}, "1": {"[0.0, 0]": {"num_count": 1537, "sum_payoffs": 289.31624994695557, "action": [0.0, 0]}, "[1.0, 0]": {"num_count": 2563, "sum_payoffs": 542.5874999005229, "action": [1.0, 0]}}}}