{"2": {"0": {"[0.0, 0]": {"num_count": 258, "sum_payoffs": 24.82503946706414, "action": [0.0, 0]}, "[1.0, 0]": {"num_count": 3342, "sum_payoffs": 419.4179604144983, "action": [1.0, 0]}}, "1": {"[1.0, 0]": {"num_count": 3285, "sum_payoffs": 411.0959604167153, "action": [1.0, 0]}, "[0.0, 0]": {"num_count": 315, "sum_payoffs": 32.7825394649421, "action": [0.0, 0]}}}, "1": {"0": {"[1.0, 0]": {"num_count": 3352, "sum_payoffs": 462.2924998767414, "action": [1.0, 0]}, "[0.0, 0]": {"num_count": 248, "sum_payoffs": 30.097499991973894, "action": [0.0, 0]}}, "1": {"[0.0, 0]": {"num_count": 339, "sum_payoffs": 37.454999990011935, "action": [0.0, 0]}, "[1.0, 0]": {"num_count": 3261, "sum_payoffs": 445.88999988111465, "action": [1.0, 0]}}}}