{"2": {"0": {"[1.0, 0]": {"num_count": 2792, "sum_payoffs": 446.62757135199007, "action": [1.0, 0]}, "[0.0, 0]": {"num_count": 308, "sum_payoffs": 36.29828570806319, "action": [0.0, 0]}}, "1": {"[0.0, 0]": {"num_count": 181, "sum_payoffs": 25.197783830266875, "action": [0.0, 0]}, "[1.0, 0]": {"num_count": 2919, "sum_payoffs": 474.4430017983478, "action": [1.0, 0]}}}, "1": {"0": {"[0.0, 0]": {"num_count": 197, "sum_payoffs": 29.761071423469566, "action": [0.0, 0]}, "[1.0, 0]": {"num_count": 2903, "sum_payoffs": 510.98142848381093, "action": [1.0, 0]}}, "1": {"[1.0, 0]": {"num_count": 2895, "sum_payoffs": 508.6382141984985, "action": [1.0, 0]}, "[0.0, 0]": {"num_count": 205, "sum_payoffs": 30.021428566282058, "action": [0.0, 0]}}}}