{"2": {"0": {"[0.0, 0]": {"num_count": 860, "sum_payoffs": 177.1117894412133, "action": [0.0, 0]}, "[1.0, 0]": {"num_count": 2240, "sum_payoffs": 578.1104998940073, "action": [1.0, 0]}}, "1": {"[1.0, 0]": {"num_count": 2236, "sum_payoffs": 578.6598946307486, "action": [1.0, 0]}, "[0.0, 0]": {"num_count": 864, "sum_payoffs": 178.99239470402625, "action": [0.0, 0]}}}, "1": {"0": {"[0.0, 0]": {"num_count": 1547, "sum_payoffs": 417.98999992338497, "action": [0.0, 0]}, "[1.0, 0]": {"num_count": 1553, "sum_payoffs": 419.9099999230332, "action": [1.0, 0]}}, "1": {"[0.0, 0]": {"num_count": 1547, "sum_payoffs": 417.98999992338497, "action": [0.0, 0]}, "[1.0, 0]": {"num_count": 1553, "sum_payoffs": 419.9099999230332, "action": [1.0, 0]}}}}