{"2": {"0": {"[1.0, 0]": {"num_count": 1415, "sum_payoffs": 180.36671047821477, "action": [1.0, 0]}, "[0.0, 0]": {"num_count": 185, "sum_payoffs": 20.492249994535378, "action": [0.0, 0]}}, "1": {"[0.0, 0]": {"num_count": 178, "sum_payoffs": 19.155749994891796, "action": [0.0, 0]}, "[1.0, 0]": {"num_count": 1422, "sum_payoffs": 182.67521047759917, "action": [1.0, 0]}}}, "1": {"0": {"[0.0, 0]": {"num_count": 185, "sum_payoffs": 22.672499993953945, "action": [0.0, 0]}, "[1.0, 0]": {"num_count": 1415, "sum_payoffs": 197.5574999473205, "action": [1.0, 0]}}, "1": {"[0.0, 0]": {"num_count": 244, "sum_payoffs": 28.40999999242391, "action": [0.0, 0]}, "[1.0, 0]": {"num_count": 1356, "sum_payoffs": 187.09499995010984, "action": [1.0, 0]}}}}