{"2": {"0": {"[1.0, 0]": {"num_count": 761, "sum_payoffs": 225.85076639655045, "action": [1.0, 0]}, "[0.0, 0]": {"num_count": 339, "sum_payoffs": 77.71162498251502, "action": [0.0, 0]}}, "1": {"[0.0, 0]": {"num_count": 337, "sum_payoffs": 77.16487498263808, "action": [0.0, 0]}, "[1.0, 0]": {"num_count": 763, "sum_payoffs": 226.94426639630444, "action": [1.0, 0]}}}, "1": {"0": {"[1.0, 0]": {"num_count": 623, "sum_payoffs": 195.30562495605497, "action": [1.0, 0]}, "[0.0, 0]": {"num_count": 477, "sum_payoffs": 139.3424999686471, "action": [0.0, 0]}}, "1": {"[1.0, 0]": {"num_count": 622, "sum_payoffs": 195.30562495605497, "action": [1.0, 0]}, "[0.0, 0]": {"num_count": 478, "sum_payoffs": 139.9499999685104, "action": [0.0, 0]}}}}