{"2": {"0": {"[1.0, 0]": {"num_count": 1501, "sum_payoffs": 392.05649992811647, "action": [1.0, 0]}, "[0.0, 0]": {"num_count": 599, "sum_payoffs": 121.08449997780053, "action": [0.0, 0]}}, "1": {"[0.0, 0]": {"num_count": 599, "sum_payoffs": 121.57049997771144, "action": [0.0, 0]}, "[1.0, 0]": {"num_count": 1501, "sum_payoffs": 393.0284999279381, "action": [1.0, 0]}}}, "1": {"0": {"[1.0, 0]": {"num_count": 1352, "sum_payoffs": 382.91999992981, "action": [1.0, 0]}, "[0.0, 0]": {"num_count": 748, "sum_payoffs": 184.3049999662114, "action": [0.0, 0]}}, "1": {"[0.0, 0]": {"num_count": 751, "sum_payoffs": 185.78999996593916, "action": [0.0, 0]}, "[1.0, 0]": {"num_count": 1349, "sum_payoffs": 382.5149999298842, "action": [1.0, 0]}}}}