{"runtime": 0.9487922191619873, "winner": [1, 0], "T_terminal": 12, "trajectories": [[1.0, 3.0, 0.0, 3.0, 3.0, 0.0, 0.0], [2.0, 3.0, 1.5707963267948966, 3.0, 3.0, 0.0, 1.0], [2.0, 4.0, 0.0, 3.0, 3.0, 1.5707963267948966, 2.0], [2.0, 4.0, 1.5707963267948966, 3.0, 4.0, 3.141592653589793, 3.0], [2.0, 5.0, 0.0, 2.0, 4.0, 1.5707963267948966, 4.0], [4.0, 5.0, 0.0, 2.0, 4.0, 1.5707963267948966, 5.0], [6.0, 5.0, 4.71238898038469, 2.0, 4.0, 1.5707963267948966, 6.0], [6.0, 5.0, 0.0, 2.0, 5.0, 0.0, 7.0], [6.0, 5.0, 0.0, 2.0, 5.0, 4.71238898038469, 8.0], [8.0, 5.0, 1.5707963267948966, 1.9999999999999998, 4.0, 4.71238898038469, 9.0], [8.0, 5.0, 0.0, 1.9999999999999998, 4.0, 0.0, 10.0], [9.0, 5.0, 1.5707963267948966, 3.0, 4.0, 4.71238898038469, 11.0], [9.0, 5.0, 0.0, 3.0, 4.0, 3.141592653589793, 12.0], [2.0, 3.0, 1.5707963267948966, 3.0, 3.0, 0.0, 1.0], [2.0, 4.0, 0.0, 3.0, 3.0, 1.5707963267948966, 2.0], [2.0, 4.0, 1.5707963267948966, 3.0, 4.0, 3.141592653589793, 3.0], [2.0, 5.0, 0.0, 2.0, 4.0, 1.5707963267948966, 4.0], [4.0, 5.0, 0.0, 2.0, 4.0, 1.5707963267948966, 5.0], [6.0, 5.0, 4.71238898038469, 2.0, 4.0, 1.5707963267948966, 6.0], [6.0, 5.0, 0.0, 2.0, 5.0, 0.0, 7.0], [6.0, 5.0, 0.0, 2.0, 5.0, 4.71238898038469, 8.0], [8.0, 5.0, 1.5707963267948966, 1.9999999999999998, 4.0, 4.71238898038469, 9.0], [8.0, 5.0, 0.0, 1.9999999999999998, 4.0, 0.0, 10.0], [9.0, 5.0, 1.5707963267948966, 3.0, 4.0, 4.71238898038469, 11.0], [9.0, 5.0, 0.0, 3.0, 4.0, 3.141592653589793, 12.0]], "penalty_distance_0": [-0.036787944117144235, -0.02431167344342142, -0.036787944117144235, -0.036787944117144235, -0.010687792566038575, -0.0016194143319162562, -0.001831563888873418, -0.001831563888873418, -0.00022818642187506048, -0.00022818642187506048, -0.00022818642187506048, -0.00022818642187506048, -0.036787944117144235, -0.02431167344342142, -0.036787944117144235, -0.036787944117144235, -0.010687792566038575, -0.0016194143319162562, -0.001831563888873418, -0.001831563888873418, -0.00022818642187506048, -0.00022818642187506048, -0.00022818642187506048, -0.00022818642187506048], "penalty_distance_1": [-0.036787944117144235, -0.02431167344342142, -0.036787944117144235, -0.036787944117144235, -0.010687792566038575, -0.0016194143319162562, -0.001831563888873418, -0.001831563888873418, -0.00022818642187506048, -0.00022818642187506048, -0.00022818642187506048, -0.00022818642187506048, -0.036787944117144235, -0.02431167344342142, -0.036787944117144235, -0.036787944117144235, -0.010687792566038575, -0.0016194143319162562, -0.001831563888873418, -0.001831563888873418, -0.00022818642187506048, -0.00022818642187506048, -0.00022818642187506048, -0.00022818642187506048], "reward_progress_0": [0.0, 0.0, 0.0, 0.0, 0.0, 0.0, 0.0, 0.0, 0.0, 0.0, 0.0, 0.0, 0.0, 0.0, 0.0, 0.0, 0.0, 0.0, 0.0, 0.0, 0.0, 0.0, 0.0, 0.0], "reward_progress_1": [0.0, 0.0, 0.0, -0.0, 0.0, 0.0, 0.0, 0.0, -0.0, 0.0, 0.0, 0.0, 0.0, 0.0, 0.0, -0.0, 0.0, 0.0, 0.0, 0.0, -0.0, 0.0, 0.0, 0.0], "penalty_agressor_0": [0.0, 0.0, 0.0, 0.0, 0.0, 0.0, 0.0, 0.0, 0.0, 0.0, 0.0, 0.0, 0.0, 0.0, 0.0, 0.0, 0.0, 0.0, 0.0, 0.0, 0.0, 0.0, 0.0, 0.0], "penalty_agressor_1": [0.0, 0.0, 0.0, 0.0, 0.0, 0.0, 0.0, 0.0, 0.0, 0.0, 0.0, 0.0, 0.0, 0.0, 0.0, 0.0, 0.0, 0.0, 0.0, 0.0, 0.0, 0.0, 0.0, 0.0], "penalty_timestep_0": [-7.199999999999999, -7.199999999999999], "penalty_timestep_1": [-7.199999999999999, -7.199999999999999], "reward_lead_0": [6.0, 6.0], "reward_lead_1": [-6.0, -6.0], "payoff_total0": [-0.036787944117144235, -0.06109961756056566, -0.0978875616777099, -0.13467550579485413, -0.1453632983608927, -0.14698271269280896, -0.1488142765816824, -0.15064584047055582, -0.15087402689243087, -0.15110221331430593, -0.15133039973618098, -0.15155858615805604, -1.3515585861580552, -1.3883465302751996, -1.412658203718621, -1.4494461478357652, -1.4862340919529093, -1.496921884518948, -1.4985412988508644, -1.5003728627397377, -1.502204426628611, -1.5024326130504861, -1.5026607994723613, -1.5028889858942363, -1.5031171723161112, -2.7031171723161105], "payoff_total1": [-0.036787944117144235, -0.06109961756056566, -0.0978875616777099, -0.13467550579485413, -0.1453632983608927, -0.14698271269280896, -0.1488142765816824, -0.15064584047055582, -0.15087402689243087, -0.15110221331430593, -0.15133039973618098, -0.15155858615805604, -13.351558586158056, -13.3883465302752, -13.412658203718621, -13.449446147835765, -13.486234091952909, -13.496921884518947, -13.498541298850864, -13.500372862739738, -13.50220442662861, -13.502432613050486, -13.50266079947236, -13.502888985894236, -13.503117172316111, -26.703117172316112]}