{"8": {"0": {"[2.0, -1.5707963267948966]": {"num_count": 66, "sum_payoffs": 16.51372635944571, "action": [2.0, -1.5707963267948966]}, "[2.0, 0.0]": {"num_count": 69, "sum_payoffs": 17.825495393238672, "action": [2.0, 0.0]}, "[0.0, -1.5707963267948966]": {"num_count": 65, "sum_payoffs": 16.093811945566866, "action": [0.0, -1.5707963267948966]}, "[1.0, 1.5707963267948966]": {"num_count": 67, "sum_payoffs": 16.92492845432461, "action": [1.0, 1.5707963267948966]}, "[2.0, 1.5707963267948966]": {"num_count": 67, "sum_payoffs": 16.94269500825962, "action": [2.0, 1.5707963267948966]}, "[1.0, 0.0]": {"num_count": 68, "sum_payoffs": 17.31615823377304, "action": [1.0, 0.0]}, "[0.0, 1.5707963267948966]": {"num_count": 64, "sum_payoffs": 15.60967653410293, "action": [0.0, 1.5707963267948966]}, "[1.0, -1.5707963267948966]": {"num_count": 67, "sum_payoffs": 17.04683283776056, "action": [1.0, -1.5707963267948966]}, "[0.0, 0.0]": {"num_count": 67, "sum_payoffs": 16.845752613248685, "action": [0.0, 0.0]}}, "1": {"[1.0, 1.5707963267948966]": {"num_count": 65, "sum_payoffs": 19.86567736444653, "action": [1.0, 1.5707963267948966]}, "[0.0, 0.0]": {"num_count": 66, "sum_payoffs": 20.165278644302788, "action": [0.0, 0.0]}, "[2.0, 0.0]": {"num_count": 74, "sum_payoffs": 24.83216455209222, "action": [2.0, 0.0]}, "[1.0, -1.5707963267948966]": {"num_count": 66, "sum_payoffs": 20.466407371686255, "action": [1.0, -1.5707963267948966]}, "[1.0, 0.0]": {"num_count": 67, "sum_payoffs": 21.00946814231292, "action": [1.0, 0.0]}, "[0.0, 1.5707963267948966]": {"num_count": 61, "sum_payoffs": 17.866305226057452, "action": [0.0, 1.5707963267948966]}, "[2.0, -1.5707963267948966]": {"num_count": 71, "sum_payoffs": 22.96123097625761, "action": [2.0, -1.5707963267948966]}, "[0.0, -1.5707963267948966]": {"num_count": 63, "sum_payoffs": 18.78147820584129, "action": [0.0, -1.5707963267948966]}, "[2.0, 1.5707963267948966]": {"num_count": 67, "sum_payoffs": 21.041700641824658, "action": [2.0, 1.5707963267948966]}}}}