{"alphat_eff_gamelength_6": 0.9230769230769231, "runtime_gamelength_6": 23.71247887611389, "max_timestep": 6, "winner": [0, 0], "runtime": 23.71275019645691, "T_terminal": 1, "trajectory_0": [[1.0, 3.0, 0.0, 0], [2.0, 3.0, -1.5707963267948966, 1]], "trajectory_1": [[3.0, 3.0, 0.0, 0], [4.0, 3.0, 1.5707963267948966, 1]], "coll_payoff_0": [1.0], "lead_payoff_0": [0.3333333333333333], "coll_payoff_1": [1.0], "lead_payoff_1": [0.6666666666666666], "payoff_total": [[0.509578543987484, 0.6570881225097381]], "final_lead_payoff_0": [0.43103448275862066], "final_lead_payoff_1": [0.5689655172413793]}