{"2": {"0": {"[1.0, 0]": {"num_count": 2239, "sum_payoffs": 5.286315786301895, "action": [1.0, 0]}, "[0.0, 0]": {"num_count": 2361, "sum_payoffs": 5.84999999649, "action": [0.0, 0]}}, "1": {"[0.0, 0]": {"num_count": 2179, "sum_payoffs": 4.94999999703, "action": [0.0, 0]}, "[1.0, 0]": {"num_count": 2421, "sum_payoffs": 6.186315785761895, "action": [1.0, 0]}}}, "1": {"0": {"[0.0, 0]": {"num_count": 2427, "sum_payoffs": 1.79999999892, "action": [0.0, 0]}, "[1.0, 0]": {"num_count": 2173, "sum_payoffs": 0.89999999946, "action": [1.0, 0]}}, "1": {"[0.0, 0]": {"num_count": 2188, "sum_payoffs": 0.89999999946, "action": [0.0, 0]}, "[1.0, 0]": {"num_count": 2412, "sum_payoffs": 1.79999999892, "action": [1.0, 0]}}}}