{"runtime_game_length_12": {"mean": 25.204070472717284, "variance": 6.709373990593195}, "runtime_game_length_11": {"mean": 23.059669971466064, "variance": 5.911466232449385}, "runtime_game_length_10": {"mean": 20.44749183654785, "variance": 2.2533000746194434}, "runtime_game_length_9": {"mean": 18.34063301086426, "variance": 1.5886366781133916}, "runtime_game_length_8": {"mean": 15.284113025665283, "variance": 0.5595824382480317}, "runtime_game_length_7": {"mean": 11.927961397171021, "variance": 0.11309549048744998}, "runtime_game_length_6": {"mean": 7.748274469375611, "variance": 4.882430158072384}, "runtime_game_length_5": {"mean": 4.136232793331146, "variance": 0.012641742448688357}, "runtime_game_length_4": {"mean": 0.3151729702949524, "variance": 5.1664530488437777e-05}, "runtime": {"mean": 125.57374920845032, "variance": 22.022591564807346}, "winner": {"mean": [0.2, 0.8], "variance": [0.16000000000000003, 0.16]}, "T_terminal": {"mean": 8.6, "variance": 0.8}, "trajectory_0": {"mean": [[1.0, 3.0, 0.0, 0.0], [1.8, 3.0, 0.9424777960769379, 1.0], [2.8, 2.6, 0.0, 2.0], [3.8, 2.6, 0.0, 3.0], [5.2, 2.6, 0.0, 4.0], [6.4, 2.6, 0.0, 5.0], [7.6, 2.6, 0.0, 6.0], [8.8, 2.6, 0.0, 7.0]], "variance": [[0.0, 0.0, 0.0, 0.0], [0.16000000000000006, 0.0, 3.553057584392169, 0.0], [0.16000000000000014, 0.64, 0.0, 0.0], [0.15999999999999998, 0.64, 0.0, 0.0], [0.15999999999999998, 0.64, 0.0, 0.0], [0.6399999999999999, 0.64, 0.0, 0.0], [1.44, 0.64, 0.0, 0.0], [2.5599999999999996, 0.64, 0.0, 0.0]]}, "trajectory_1": {"mean": [[3.0, 3.0, 0.0, 0.0], [4.0, 3.0, 0.0, 1.0], [5.0, 3.0, 0.0, 2.0], [6.0, 3.0, 0.0, 3.0], [7.0, 3.0, 0.0, 4.0], [8.0, 3.0, 0.0, 5.0], [9.0, 3.0, 0.0, 6.0], [10.0, 3.0, 0.0, 7.0]], "variance": [[0.0, 0.0, 0.0, 0.0], [0.0, 0.0, 0.0, 0.0], [0.0, 0.0, 0.0, 0.0], [0.0, 0.0, 0.0, 0.0], [0.0, 0.0, 0.0, 0.0], [0.0, 0.0, 0.0, 0.0], [0.0, 0.0, 0.0, 0.0], [0.0, 0.0, 0.0, 0.0]]}, "penalty_distance_0": {"mean": [-0.09458051221029036, -0.08186595755309085, -0.06673086693729972, -0.07560827099590142, -0.07103478346523327, -0.06124269950668017, -0.051056334414852377], "variance": [0.0007494140996843118, 0.0009703781194048916, 0.0006630310319997746, 4.407011209899797e-05, 0.0, 2.8914400548152597e-05, 0.0001680570090978104]}, "penalty_distance_1": {"mean": [-0.023645128052572583, -0.020466489388272707, -0.016682716734324927, -0.018902067748975352, -0.017758695866308315, -0.015310674876670035, -0.012764083603713092], "variance": [4.683838123026947e-05, 6.064863246280568e-05, 4.143943949998589e-05, 2.754382006187373e-06, 0.0, 1.8071500342595335e-06, 1.0503563068613146e-05]}, "reward_progress_0": {"mean": [0.0, 0.0, 0.0, 0.0, 0.0, 0.0, 0.0], "variance": [0.0, 0.0, 0.0, 0.0, 0.0, 0.0, 0.0]}, "reward_progress_1": {"mean": [0.0, 0.0, 0.0, 0.0, 0.0, 0.0, 0.0], "variance": [0.0, 0.0, 0.0, 0.0, 0.0, 0.0, 0.0]}, "penalty_timestep_0": {"mean": [-0.8600000000000001], "variance": [0.006399999999999998]}, "penalty_timestep_1": {"mean": [-0.8600000000000001], "variance": [0.006399999999999998]}, "reward_lead_0": {"mean": [-1.2], "variance": [2.5600000000000005]}, "reward_lead_1": {"mean": [1.2], "variance": [2.5600000000000005]}, "payoff_total_0": {"mean": [-0.09458051221029036, -0.17644646976338121, -0.24317733670068095, -0.3187856076965824, -0.3898203911618156, -0.4510630906684959, -0.5021194250833482, -0.2835469108002723], "variance": [0.0007494140996843118, 0.0012934076964141968, 0.0022681052028904534, 0.0028236371536307205, 0.0028236371536307214, 0.0033382292250786786, 0.0048166019156681795, 0.3658603629246303]}, "payoff_total_1": {"mean": [-0.023645128052572583, -0.0441116174408453, -0.06079433417517022, -0.07969640192414557, -0.09745509779045387, -0.11276577266712393, -0.12552985627083701, -0.6758867277000681], "variance": [4.683838123026947e-05, 8.083798102588726e-05, 0.0001417565751806532, 0.00017647732210191987, 0.0001764773221019198, 0.00020863932656741698, 0.0003010376197292607, 1.1214159714191458]}}