{"runtime_game_length_12": [23.757914066314697, 28.616015672683716, 23.54993224143982, 27.31981086730957, 22.776679515838623], "runtime_game_length_11": [21.20389437675476, 22.875802516937256, 22.56088924407959, 27.218308687210083, 21.439455032348633], "runtime_game_length_10": [19.047785997390747, 20.846123456954956, 20.58893585205078, 22.68086290359497, 19.073750972747803], "runtime_game_length_9": [16.92352032661438, 19.110990524291992, 17.406484365463257, 20.034031629562378, 18.228138208389282], "runtime_game_length_8": [14.702311277389526, 15.371256828308105, 14.809936761856079, 16.5425066947937, 14.994553565979004], "runtime_game_length_7": [11.99301028251648, 11.95879054069519, 12.064112186431885, 11.363759279251099, 12.26013469696045], "runtime_game_length_6": [8.540425300598145, 8.75296950340271, 8.877622604370117, 3.801624298095703, 8.768730640411377], "runtime_game_length_5": [4.224827766418457, 3.9733052253723145, 4.153801918029785, 4.192996263504028], "runtime_game_length_4": [0.31145215034484863, 0.3099215030670166, 0.3257138729095459, 0.31360435485839844], "runtime": [120.70552825927734, 131.81557297706604, 124.33789896965027, 128.96128821372986, 122.04845762252808], "winner": [[0, 1], [0, 1], [0, 1], [1, 0], [0, 1]], "T_terminal": [9, 9, 9, 7, 9], "trajectory_0": [[[1.0, 3.0, 0.0, 0], [2.0, 3.0, 0.0, 1], [3.0, 3.0, 0.0, 2], [4.0, 3.0, 0.0, 3], [5.0, 3.0, 0.0, 4], [6.0, 3.0, 0.0, 5], [7.0, 3.0, 0.0, 6], [8.0, 3.0, 0.0, 7], [9.0, 3.0, 0.0, 8], [10.0, 3.0, 4.71238898038469, 9]], [[1.0, 3.0, 0.0, 0], [1.0, 3.0, 0.0, 1], [3.0, 3.0, 0.0, 2], [4.0, 3.0, 0.0, 3], [5.0, 3.0, 0.0, 4], [6.0, 3.0, 0.0, 5], [7.0, 3.0, 0.0, 6], [8.0, 3.0, 0.0, 7], [9.0, 3.0, 0.0, 8], [10.0, 3.0, 0.0, 9]], [[1.0, 3.0, 0.0, 0], [2.0, 3.0, 0.0, 1], [3.0, 3.0, 0.0, 2], [4.0, 3.0, 0.0, 3], [5.0, 3.0, 0.0, 4], [6.0, 3.0, 0.0, 5], [7.0, 3.0, 0.0, 6], [8.0, 3.0, 0.0, 7], [9.0, 3.0, 0.0, 8], [10.0, 3.0, 4.71238898038469, 9]], [[1.0, 3.0, 0.0, 0], [2.0, 3.0, 4.71238898038469, 1], [1.9999999999999996, 1.0, 0.0, 2], [3.9999999999999996, 1.0, 0.0, 3], [6.0, 1.0, 0.0, 4], [8.0, 1.0, 0.0, 5], [10.0, 1.0, 0.0, 6], [12.0, 1.0, 0.0, 7]], [[1.0, 3.0, 0.0, 0], [2.0, 3.0, 0.0, 1], [3.0, 3.0, 0.0, 2], [3.0, 3.0, 0.0, 3], [5.0, 3.0, 0.0, 4], [6.0, 3.0, 0.0, 5], [7.0, 3.0, 0.0, 6], [8.0, 3.0, 0.0, 7], [9.0, 3.0, 0.0, 8], [10.0, 3.0, 4.71238898038469, 9]]], "trajectory_1": [[[3.0, 3.0, 0.0, 0], [4.0, 3.0, 0.0, 1], [5.0, 3.0, 0.0, 2], [6.0, 3.0, 0.0, 3], [7.0, 3.0, 0.0, 4], [8.0, 3.0, 0.0, 5], [9.0, 3.0, 0.0, 6], [10.0, 3.0, 0.0, 7], [11.0, 3.0, 0.0, 8], [12.0, 3.0, 1.5707963267948966, 9]], [[3.0, 3.0, 0.0, 0], [4.0, 3.0, 0.0, 1], [5.0, 3.0, 0.0, 2], [6.0, 3.0, 0.0, 3], [7.0, 3.0, 0.0, 4], [8.0, 3.0, 0.0, 5], [9.0, 3.0, 0.0, 6], [10.0, 3.0, 0.0, 7], [11.0, 3.0, 0.0, 8], [12.0, 3.0, 4.71238898038469, 9]], [[3.0, 3.0, 0.0, 0], [4.0, 3.0, 0.0, 1], [5.0, 3.0, 0.0, 2], [6.0, 3.0, 0.0, 3], [7.0, 3.0, 0.0, 4], [8.0, 3.0, 0.0, 5], [9.0, 3.0, 0.0, 6], [10.0, 3.0, 0.0, 7], [11.0, 3.0, 0.0, 8], [12.0, 3.0, 0.0, 9]], [[3.0, 3.0, 0.0, 0], [4.0, 3.0, 0.0, 1], [5.0, 3.0, 0.0, 2], [6.0, 3.0, 0.0, 3], [7.0, 3.0, 0.0, 4], [8.0, 3.0, 0.0, 5], [9.0, 3.0, 0.0, 6], [10.0, 3.0, 0.0, 7]], [[3.0, 3.0, 0.0, 0], [4.0, 3.0, 0.0, 1], [5.0, 3.0, 0.0, 2], [6.0, 3.0, 0.0, 3], [7.0, 3.0, 0.0, 4], [8.0, 3.0, 0.0, 5], [9.0, 3.0, 0.0, 6], [10.0, 3.0, 0.0, 7], [11.0, 3.0, 0.0, 8], [12.0, 3.0, 0.0, 9]]], "penalty_distance_0": [[-0.10826822658929017, -0.09744140393036116, -0.08769726353732504, -0.07892753718359254, -0.07103478346523327, -0.06393130511870997, -0.05753817460683896, -0.05178435714615507, -0.04660592143153957], [-0.03982965469429116, -0.09744140393036116, -0.08769726353732504, -0.07892753718359254, -0.07103478346523327, -0.06393130511870997, -0.05753817460683896, -0.05178435714615507, -0.04660592143153957], [-0.10826822658929017, -0.09744140393036116, -0.08769726353732504, -0.07892753718359254, -0.07103478346523327, -0.06393130511870997, -0.05753817460683896, -0.05178435714615507, -0.04660592143153957], [-0.10826822658929017, -0.019564172044009596, -0.03830052377214764, -0.06233120624513697, -0.07103478346523327, -0.05048827705856095, -0.02512897364690607], [-0.10826822658929017, -0.09744140393036116, -0.03226202030237584, -0.07892753718359254, -0.07103478346523327, -0.06393130511870997, -0.05753817460683896, -0.05178435714615507, -0.04660592143153957]], "penalty_distance_1": [[-0.027067056647322535, -0.024360350982590283, -0.021924315884331254, -0.01973188429589813, -0.017758695866308315, -0.015982826279677485, -0.014384543651709736, -0.012946089286538764, -0.011651480357884889], [-0.009957413673572786, -0.024360350982590283, -0.021924315884331254, -0.01973188429589813, -0.017758695866308315, -0.015982826279677485, -0.014384543651709736, -0.012946089286538764, -0.011651480357884889], [-0.027067056647322535, -0.024360350982590283, -0.021924315884331254, -0.01973188429589813, -0.017758695866308315, -0.015982826279677485, -0.014384543651709736, -0.012946089286538764, -0.011651480357884889], [-0.027067056647322535, -0.004891043011002398, -0.009575130943036907, -0.01558280156128424, -0.017758695866308315, -0.012622069264640235, -0.006282243411726516], [-0.027067056647322535, -0.024360350982590283, -0.008065505075593957, -0.01973188429589813, -0.017758695866308315, -0.015982826279677485, -0.014384543651709736, -0.012946089286538764, -0.011651480357884889]], "reward_progress_0": [[0.0, 0.0, 0.0, 0.0, 0.0, 0.0, 0.0, 0.0, 0.0], [0.0, 0.0, 0.0, 0.0, 0.0, 0.0, 0.0, 0.0, 0.0], [0.0, 0.0, 0.0, 0.0, 0.0, 0.0, 0.0, 0.0, 0.0], [0.0, -0.0, 0.0, 0.0, 0.0, 0.0, 0.0], [0.0, 0.0, 0.0, 0.0, 0.0, 0.0, 0.0, 0.0, 0.0]], "reward_progress_1": [[0.0, 0.0, 0.0, 0.0, 0.0, 0.0, 0.0, 0.0, 0.0], [0.0, 0.0, 0.0, 0.0, 0.0, 0.0, 0.0, 0.0, 0.0], [0.0, 0.0, 0.0, 0.0, 0.0, 0.0, 0.0, 0.0, 0.0], [0.0, 0.0, 0.0, 0.0, 0.0, 0.0, 0.0], [0.0, 0.0, 0.0, 0.0, 0.0, 0.0, 0.0, 0.0, 0.0]], "penalty_timestep_0": [[-0.9], [-0.9], [-0.9], [-0.7000000000000001], [-0.9]], "penalty_timestep_1": [[-0.9], [-0.9], [-0.9], [-0.7000000000000001], [-0.9]], "reward_lead_0": [[-2.0], [-2.0], [-2.0], [2.0], [-2.0]], "reward_lead_1": [[2.0], [2.0], [2.0], [-2.0], [2.0]], "payoff_total_0": [[-0.10826822658929017, -0.20570963051965133, -0.2934068940569764, -0.3723344312405689, -0.4433692147058022, -0.5073005198245122, -0.5648386944313512, -0.6166230515775062, -0.6632289730090457, -3.5632289730090454], [-0.03982965469429116, -0.13727105862465233, -0.22496832216197737, -0.3038958593455699, -0.3749306428108032, -0.43886194792951316, -0.49640012253635213, -0.5481844796825072, -0.5947904011140467, -3.4947904011140465], [-0.10826822658929017, -0.20570963051965133, -0.2934068940569764, -0.3723344312405689, -0.4433692147058022, -0.5073005198245122, -0.5648386944313512, -0.6166230515775062, -0.6632289730090457, -3.5632289730090454], [-0.10826822658929017, -0.12783239863329976, -0.16613292240544741, -0.22846412865058438, -0.29949891211581764, -0.3499871891743786, -0.3751161628212847, 0.9248838371787151], [-0.10826822658929017, -0.20570963051965133, -0.23797165082202718, -0.3168991880056197, -0.387933971470853, -0.451865276589563, -0.509403451196402, -0.561187808342557, -0.6077937297740965, -3.5077937297740966]],