{"2": {"0": {"[0.0, 0]": {"num_count": 281, "sum_payoffs": 22.551749994925842, "action": [0.0, 0]}, "[1.0, 0]": {"num_count": 2819, "sum_payoffs": 267.5801249397823, "action": [1.0, 0]}}, "1": {"[0.0, 0]": {"num_count": 299, "sum_payoffs": 23.007374994823305, "action": [0.0, 0]}, "[1.0, 0]": {"num_count": 2801, "sum_payoffs": 268.12687493965956, "action": [1.0, 0]}}}, "1": {"0": {"[1.0, 0]": {"num_count": 2823, "sum_payoffs": 298.67062493279894, "action": [1.0, 0]}, "[0.0, 0]": {"num_count": 277, "sum_payoffs": 25.27874999431239, "action": [0.0, 0]}}, "1": {"[1.0, 0]": {"num_count": 495, "sum_payoffs": 52.98749998807832, "action": [1.0, 0]}, "[0.0, 0]": {"num_count": 2605, "sum_payoffs": 254.8631249426627, "action": [0.0, 0]}}}}