{"2": {"0": {"[1.0, 0]": {"num_count": 1433, "sum_payoffs": 223.6510894289563, "action": [1.0, 0]}, "[0.0, 0]": {"num_count": 167, "sum_payoffs": 18.314810522652866, "action": [0.0, 0]}}, "1": {"[1.0, 0]": {"num_count": 1414, "sum_payoffs": 215.01179995699945, "action": [1.0, 0]}, "[0.0, 0]": {"num_count": 186, "sum_payoffs": 22.580099995484034, "action": [0.0, 0]}}}, "1": {"0": {"[0.0, 0]": {"num_count": 170, "sum_payoffs": 22.895999995420713, "action": [0.0, 0]}, "[1.0, 0]": {"num_count": 1430, "sum_payoffs": 237.35699995253373, "action": [1.0, 0]}}, "1": {"[1.0, 0]": {"num_count": 1442, "sum_payoffs": 240.02999995199895, "action": [1.0, 0]}, "[0.0, 0]": {"num_count": 158, "sum_payoffs": 21.518999995696117, "action": [0.0, 0]}}}}