{"2": {"0": {"[1.0, -1.5707963267948966]": {"num_count": 329, "sum_payoffs": 71.00580143534073, "action": [1.0, -1.5707963267948966]}, "[0.0, -1.5707963267948966]": {"num_count": 283, "sum_payoffs": 56.17843251357848, "action": [0.0, -1.5707963267948966]}, "[1.0, 1.5707963267948966]": {"num_count": 317, "sum_payoffs": 67.10622948282959, "action": [1.0, 1.5707963267948966]}, "[0.0, 1.5707963267948966]": {"num_count": 283, "sum_payoffs": 56.230580352693686, "action": [0.0, 1.5707963267948966]}, "[2.0, 1.5707963267948966]": {"num_count": 368, "sum_payoffs": 83.91217433367427, "action": [2.0, 1.5707963267948966]}, "[1.0, 0.0]": {"num_count": 381, "sum_payoffs": 88.2395215289729, "action": [1.0, 0.0]}, "[2.0, -1.5707963267948966]": {"num_count": 373, "sum_payoffs": 85.57514719479626, "action": [2.0, -1.5707963267948966]}, "[0.0, 0.0]": {"num_count": 322, "sum_payoffs": 68.64040804548254, "action": [0.0, 0.0]}, "[2.0, 0.0]": {"num_count": 444, "sum_payoffs": 109.50399798282734, "action": [2.0, 0.0]}}, "1": {"[2.0, 0.0]": {"num_count": 454, "sum_payoffs": 144.70254001031148, "action": [2.0, 0.0]}, "[0.0, 0.0]": {"num_count": 326, "sum_payoffs": 92.8791039109088, "action": [0.0, 0.0]}, "[0.0, 1.5707963267948966]": {"num_count": 278, "sum_payoffs": 74.00973425100452, "action": [0.0, 1.5707963267948966]}, "[1.0, 0.0]": {"num_count": 379, "sum_payoffs": 114.09626706494781, "action": [1.0, 0.0]}, "[1.0, 1.5707963267948966]": {"num_count": 317, "sum_payoffs": 89.20539728655459, "action": [1.0, 1.5707963267948966]}, "[0.0, -1.5707963267948966]": {"num_count": 282, "sum_payoffs": 75.574386707146, "action": [0.0, -1.5707963267948966]}, "[2.0, 1.5707963267948966]": {"num_count": 367, "sum_payoffs": 109.24168348793161, "action": [2.0, 1.5707963267948966]}, "[1.0, -1.5707963267948966]": {"num_count": 323, "sum_payoffs": 91.65047909306249, "action": [1.0, -1.5707963267948966]}, "[2.0, -1.5707963267948966]": {"num_count": 374, "sum_payoffs": 112.08960735161912, "action": [2.0, -1.5707963267948966]}}}}