{"alphat_eff_gamelength_2": 0.3076923076923077, "runtime_gamelength_2": 4.9838831424713135, "max_timestep": 2, "winner": [0, 0], "runtime": 4.984194755554199, "T_terminal": 1, "trajectory_0": [[1.0, 3.0, 0.0, 0], [3.0, 3.0, 0.0, 1]], "trajectory_1": [[3.0, 3.0, 0.0, 0], [4.0, 3.0, 0.0, 1]], "coll_payoff_0": [1.0], "lead_payoff_0": [0.6666666666666666], "coll_payoff_1": [1.0], "lead_payoff_1": [0.3333333333333333], "payoff_total": [[0.5881226052798532, 0.5785440612173691]], "final_lead_payoff_0": [0.46551724137931033], "final_lead_payoff_1": [0.5344827586206896]}