{"7": {"0": {"[2.0, -1.5707963267948966]": {"num_count": 351, "sum_payoffs": 94.06124908755851, "action": [2.0, -1.5707963267948966]}, "[2.0, 0.0]": {"num_count": 367, "sum_payoffs": 100.01178839325074, "action": [2.0, 0.0]}, "[0.0, -1.5707963267948966]": {"num_count": 325, "sum_payoffs": 84.34442533237538, "action": [0.0, -1.5707963267948966]}, "[1.0, 1.5707963267948966]": {"num_count": 340, "sum_payoffs": 89.97788332337524, "action": [1.0, 1.5707963267948966]}, "[1.0, 0.0]": {"num_count": 376, "sum_payoffs": 103.43251552078523, "action": [1.0, 0.0]}, "[0.0, 1.5707963267948966]": {"num_count": 314, "sum_payoffs": 80.26607772973877, "action": [0.0, 1.5707963267948966]}, "[1.0, -1.5707963267948966]": {"num_count": 349, "sum_payoffs": 93.22456764934545, "action": [1.0, -1.5707963267948966]}, "[2.0, 1.5707963267948966]": {"num_count": 347, "sum_payoffs": 92.52538765471752, "action": [2.0, 1.5707963267948966]}, "[0.0, 0.0]": {"num_count": 331, "sum_payoffs": 86.55257389447385, "action": [0.0, 0.0]}}, "1": {"[0.0, 0.0]": {"num_count": 320, "sum_payoffs": 101.56023130017847, "action": [0.0, 0.0]}, "[2.0, 1.5707963267948966]": {"num_count": 366, "sum_payoffs": 121.54667992894429, "action": [2.0, 1.5707963267948966]}, "[0.0, -1.5707963267948966]": {"num_count": 293, "sum_payoffs": 90.00639516942948, "action": [0.0, -1.5707963267948966]}, "[2.0, 0.0]": {"num_count": 402, "sum_payoffs": 137.3661640095819, "action": [2.0, 0.0]}, "[1.0, 1.5707963267948966]": {"num_count": 337, "sum_payoffs": 108.90367171762962, "action": [1.0, 1.5707963267948966]}, "[1.0, 0.0]": {"num_count": 372, "sum_payoffs": 124.07075631472334, "action": [1.0, 0.0]}, "[1.0, -1.5707963267948966]": {"num_count": 335, "sum_payoffs": 108.05166331746236, "action": [1.0, -1.5707963267948966]}, "[0.0, 1.5707963267948966]": {"num_count": 299, "sum_payoffs": 92.50677728079091, "action": [0.0, 1.5707963267948966]}, "[2.0, -1.5707963267948966]": {"num_count": 376, "sum_payoffs": 125.87149265857747, "action": [2.0, -1.5707963267948966]}}}}