{"runtime": 0.6674807071685791, "winner": [1, 0], "T_terminal": 12, "trajectories": [[1.0, 3.0, 0.0, 3.0, 3.0, 0.0, 0.0], [1.0, 3.0, 0.0, 4.0, 3.0, 1.5707963267948966, 1.0], [1.0, 3.0, 1.5707963267948966, 4.0, 3.0, 0.0, 2.0], [1.0, 4.0, 0.0, 4.0, 3.0, 0.0, 3.0], [2.0, 4.0, 4.71238898038469, 4.0, 3.0, 1.5707963267948966, 4.0], [1.9999999999999996, 2.0, 0.0, 4.0, 3.0, 1.5707963267948966, 5.0], [2.9999999999999996, 2.0, 4.71238898038469, 4.0, 4.0, 0.0, 6.0], [2.9999999999999996, 1.0, 4.71238898038469, 5.0, 4.0, 1.5707963267948966, 7.0], [2.9999999999999996, 1.0, 0.0, 5.0, 5.0, 0.0, 8.0], [3.9999999999999996, 1.0, 0.0, 5.0, 5.0, 1.5707963267948966, 9.0], [6.0, 1.0, 0.0, 5.0, 5.0, 3.141592653589793, 10.0], [8.0, 1.0, 1.5707963267948966, 5.0, 5.0, 1.5707963267948966, 11.0], [8.0, 1.0, 0.0, 5.0, 5.0, 3.141592653589793, 12.0], [1.0, 3.0, 0.0, 4.0, 3.0, 1.5707963267948966, 1.0], [1.0, 3.0, 1.5707963267948966, 4.0, 3.0, 0.0, 2.0], [1.0, 4.0, 0.0, 4.0, 3.0, 0.0, 3.0], [2.0, 4.0, 4.71238898038469, 4.0, 3.0, 1.5707963267948966, 4.0], [1.9999999999999996, 2.0, 0.0, 4.0, 3.0, 1.5707963267948966, 5.0], [2.9999999999999996, 2.0, 4.71238898038469, 4.0, 4.0, 0.0, 6.0], [2.9999999999999996, 1.0, 4.71238898038469, 5.0, 4.0, 1.5707963267948966, 7.0], [2.9999999999999996, 1.0, 0.0, 5.0, 5.0, 0.0, 8.0], [3.9999999999999996, 1.0, 0.0, 5.0, 5.0, 1.5707963267948966, 9.0], [6.0, 1.0, 0.0, 5.0, 5.0, 3.141592653589793, 10.0], [8.0, 1.0, 1.5707963267948966, 5.0, 5.0, 1.5707963267948966, 11.0], [8.0, 1.0, 0.0, 5.0, 5.0, 3.141592653589793, 12.0]], "penalty_distance_0": [-0.004978706836786395, -0.004978706836786395, -0.004232921962320499, -0.010687792566038575, -0.01068779256603857, -0.010687792566038575, -0.002717246117223555, -0.0011422890993466942, -0.0016194143319162562, -0.0016194143319162562, -0.0006737946999085467, -0.0006737946999085467, -0.004978706836786395, -0.004978706836786395, -0.004232921962320499, -0.010687792566038575, -0.01068779256603857, -0.010687792566038575, -0.002717246117223555, -0.0011422890993466942, -0.0016194143319162562, -0.0016194143319162562, -0.0006737946999085467, -0.0006737946999085467], "penalty_distance_1": [-0.004978706836786395, -0.004978706836786395, -0.004232921962320499, -0.010687792566038575, -0.01068779256603857, -0.010687792566038575, -0.002717246117223555, -0.0011422890993466942, -0.0016194143319162562, -0.0016194143319162562, -0.0006737946999085467, -0.0006737946999085467, -0.004978706836786395, -0.004978706836786395, -0.004232921962320499, -0.010687792566038575, -0.01068779256603857, -0.010687792566038575, -0.002717246117223555, -0.0011422890993466942, -0.0016194143319162562, -0.0016194143319162562, -0.0006737946999085467, -0.0006737946999085467], "reward_progress_0": [0.0, 0.0, 0.0, 0.0, -0.0, 0.0, 0.0, 0.0, 0.0, 0.0, 0.0, 0.0, 0.0, 0.0, 0.0, 0.0, -0.0, 0.0, 0.0, 0.0, 0.0, 0.0, 0.0, 0.0], "reward_progress_1": [0.0, 0.0, 0.0, 0.0, 0.0, 0.0, 0.0, 0.0, 0.0, 0.0, 0.0, 0.0, 0.0, 0.0, 0.0, 0.0, 0.0, 0.0, 0.0, 0.0, 0.0, 0.0, 0.0, 0.0], "penalty_agressor_0": [0.0, 0.0, 0.0, 0.0, 0.0, 0.0, 0.0, 0.0, 0.0, 0.0, 0.0, 0.0, 0.0, 0.0, 0.0, 0.0, 0.0, 0.0, 0.0, 0.0, 0.0, 0.0, 0.0, 0.0], "penalty_agressor_1": [0.0, 0.0, 0.0, 0.0, 0.0, 0.0, 0.0, 0.0, 0.0, 0.0, 0.0, 0.0, 0.0, 0.0, 0.0, 0.0, 0.0, 0.0, 0.0, 0.0, 0.0, 0.0, 0.0, 0.0], "penalty_timestep_0": [-8.399999999999999, -8.399999999999999], "penalty_timestep_1": [-8.399999999999999, -8.399999999999999], "reward_lead_0": [3.0, 3.0], "reward_lead_1": [-3.0, -3.0], "payoff_total0": [-0.004978706836786395, -0.00995741367357279, -0.014190335635893288, -0.024878128201931863, -0.03556592076797043, -0.046253713334009, -0.04897095945123256, -0.050113248550579255, -0.05173266288249551, -0.05335207721441177, -0.05402587191432032, -0.05469966661422886, -5.454699666614228, -5.4596783734510135, -5.4646570802878, -5.468890002250121, -5.4795777948161595, -5.490265587382198, -5.500953379948236, -5.50367062606546, -5.504812915164806, -5.506432329496723, -5.50805174382864, -5.508725538528548, -5.5093993332284565, -10.909399333228455], "payoff_total1": [-0.004978706836786395, -0.00995741367357279, -0.014190335635893288, -0.024878128201931863, -0.03556592076797043, -0.046253713334009, -0.04897095945123256, -0.050113248550579255, -0.05173266288249551, -0.05335207721441177, -0.05402587191432032, -0.05469966661422886, -11.454699666614227, -11.459678373451014, -11.4646570802878, -11.46889000225012, -11.479577794816159, -11.490265587382197, -11.500953379948237, -11.50367062606546, -11.504812915164807, -11.506432329496723, -11.50805174382864, -11.508725538528548, -11.509399333228457, -22.909399333228453]}