{"2": {"0": {"[0.0, 0]": {"num_count": 1275, "sum_payoffs": 94.67043747869944, "action": [0.0, 0]}, "[1.0, 0]": {"num_count": 2325, "sum_payoffs": 241.16231244572873, "action": [1.0, 0]}}, "1": {"[1.0, 0]": {"num_count": 2326, "sum_payoffs": 241.43568744566718, "action": [1.0, 0]}, "[0.0, 0]": {"num_count": 1274, "sum_payoffs": 94.67043747869948, "action": [0.0, 0]}}}, "1": {"0": {"[1.0, 0]": {"num_count": 2146, "sum_payoffs": 234.73124994719083, "action": [1.0, 0]}, "[0.0, 0]": {"num_count": 1454, "sum_payoffs": 131.74312497035555, "action": [0.0, 0]}}, "1": {"[0.0, 0]": {"num_count": 1454, "sum_payoffs": 131.6924999703669, "action": [0.0, 0]}, "[1.0, 0]": {"num_count": 2146, "sum_payoffs": 234.78187494717943, "action": [1.0, 0]}}}}