{"2": {"0": {"[1.0, 0]": {"num_count": 62, "sum_payoffs": 18.00627631218824, "action": [1.0, 0]}, "[0.0, 0]": {"num_count": 38, "sum_payoffs": 8.79164999824168, "action": [0.0, 0]}}, "1": {"[0.0, 0]": {"num_count": 41, "sum_payoffs": 9.119699998176067, "action": [0.0, 0]}, "[1.0, 0]": {"num_count": 59, "sum_payoffs": 16.803426312428808, "action": [1.0, 0]}}}, "1": {"0": {"[1.0, 0]": {"num_count": 67, "sum_payoffs": 18.70199999625959, "action": [1.0, 0]}, "[0.0, 0]": {"num_count": 33, "sum_payoffs": 7.163999998567198, "action": [0.0, 0]}}, "1": {"[1.0, 0]": {"num_count": 48, "sum_payoffs": 13.234499997353085, "action": [1.0, 0]}, "[0.0, 0]": {"num_count": 52, "sum_payoffs": 11.659499997668098, "action": [0.0, 0]}}}}