{"2": {"0": {"[0.0, 0]": {"num_count": 242, "sum_payoffs": 34.3282499937064, "action": [0.0, 0]}, "[1.0, 0]": {"num_count": 3858, "sum_payoffs": 718.6977827630342, "action": [1.0, 0]}}, "1": {"[0.0, 0]": {"num_count": 283, "sum_payoffs": 38.79337499288777, "action": [0.0, 0]}, "[1.0, 0]": {"num_count": 3817, "sum_payoffs": 712.7746577641178, "action": [1.0, 0]}}}, "1": {"0": {"[1.0, 0]": {"num_count": 3814, "sum_payoffs": 780.221249857013, "action": [1.0, 0]}, "[0.0, 0]": {"num_count": 286, "sum_payoffs": 52.289999990413506, "action": [0.0, 0]}}, "1": {"[1.0, 0]": {"num_count": 3850, "sum_payoffs": 787.2074998557337, "action": [1.0, 0]}, "[0.0, 0]": {"num_count": 250, "sum_payoffs": 43.68374999199131, "action": [0.0, 0]}}}}