{"2": {"0": {"[1.0, 0]": {"num_count": 2317, "sum_payoffs": 878.9917496923811, "action": [1.0, 0]}, "[0.0, 0]": {"num_count": 783, "sum_payoffs": 250.04699991248557, "action": [0.0, 0]}}, "1": {"[0.0, 0]": {"num_count": 791, "sum_payoffs": 253.50974991127376, "action": [0.0, 0]}, "[1.0, 0]": {"num_count": 2309, "sum_payoffs": 876.9869996930826, "action": [1.0, 0]}}}, "1": {"0": {"[1.0, 0]": {"num_count": 1900, "sum_payoffs": 786.7124997246312, "action": [1.0, 0]}, "[0.0, 0]": {"num_count": 1200, "sum_payoffs": 468.3824998360753, "action": [0.0, 0]}}, "1": {"[1.0, 0]": {"num_count": 1894, "sum_payoffs": 784.4849997254111, "action": [1.0, 0]}, "[0.0, 0]": {"num_count": 1206, "sum_payoffs": 471.4199998350122, "action": [0.0, 0]}}}}