{"2": {"0": {"[0.0, 0]": {"num_count": 1297, "sum_payoffs": 3.4199999992305, "action": [0.0, 0]}, "[1.0, 0]": {"num_count": 1303, "sum_payoffs": 3.7563157886285135, "action": [1.0, 0]}}, "1": {"[1.0, 0]": {"num_count": 1303, "sum_payoffs": 3.7563157886285135, "action": [1.0, 0]}, "[0.0, 0]": {"num_count": 1297, "sum_payoffs": 3.4199999992305, "action": [0.0, 0]}}}, "1": {"0": {"[1.0, 0]": {"num_count": 1308, "sum_payoffs": 1.799999999595, "action": [1.0, 0]}, "[0.0, 0]": {"num_count": 1292, "sum_payoffs": 0.8999999997975, "action": [0.0, 0]}}, "1": {"[0.0, 0]": {"num_count": 1292, "sum_payoffs": 0.8999999997975, "action": [0.0, 0]}, "[1.0, 0]": {"num_count": 1308, "sum_payoffs": 1.799999999595, "action": [1.0, 0]}}}}