{"2": {"0": {"[1.0, 0]": {"num_count": 1066, "sum_payoffs": 214.82715785982907, "action": [1.0, 0]}, "[0.0, 0]": {"num_count": 534, "sum_payoffs": 81.65699998673057, "action": [0.0, 0]}}, "1": {"[1.0, 0]": {"num_count": 1070, "sum_payoffs": 216.78128285951166, "action": [1.0, 0]}, "[0.0, 0]": {"num_count": 530, "sum_payoffs": 81.16087498681125, "action": [0.0, 0]}}}, "1": {"0": {"[1.0, 0]": {"num_count": 803, "sum_payoffs": 163.50749997343019, "action": [1.0, 0]}, "[0.0, 0]": {"num_count": 797, "sum_payoffs": 161.84249997370065, "action": [0.0, 0]}}, "1": {"[1.0, 0]": {"num_count": 803, "sum_payoffs": 163.50749997343019, "action": [1.0, 0]}, "[0.0, 0]": {"num_count": 797, "sum_payoffs": 161.84249997370065, "action": [0.0, 0]}}}}