{"7": {"0": {"[1.0, 1.5707963267948966]": {"num_count": 279, "sum_payoffs": 80.89311678911895, "action": [1.0, 1.5707963267948966]}, "[1.0, -1.5707963267948966]": {"num_count": 292, "sum_payoffs": 86.18212437340783, "action": [1.0, -1.5707963267948966]}, "[2.0, -1.5707963267948966]": {"num_count": 308, "sum_payoffs": 92.8478712557654, "action": [2.0, -1.5707963267948966]}, "[2.0, 0.0]": {"num_count": 307, "sum_payoffs": 92.41831347246253, "action": [2.0, 0.0]}, "[2.0, 1.5707963267948966]": {"num_count": 289, "sum_payoffs": 85.01736655327541, "action": [2.0, 1.5707963267948966]}, "[0.0, 1.5707963267948966]": {"num_count": 281, "sum_payoffs": 81.70731757251718, "action": [0.0, 1.5707963267948966]}, "[1.0, 0.0]": {"num_count": 285, "sum_payoffs": 83.34058962859895, "action": [1.0, 0.0]}, "[0.0, -1.5707963267948966]": {"num_count": 277, "sum_payoffs": 80.02510050361413, "action": [0.0, -1.5707963267948966]}, "[0.0, 0.0]": {"num_count": 282, "sum_payoffs": 82.17368201128795, "action": [0.0, 0.0]}}, "1": {"[1.0, -1.5707963267948966]": {"num_count": 462, "sum_payoffs": 136.093692929176, "action": [1.0, -1.5707963267948966]}, "[0.0, 0.0]": {"num_count": 401, "sum_payoffs": 112.6810145645584, "action": [0.0, 0.0]}, "[1.0, 1.5707963267948966]": {"num_count": 459, "sum_payoffs": 134.92076460685564, "action": [1.0, 1.5707963267948966]}, "[0.0, -1.5707963267948966]": {"num_count": 412, "sum_payoffs": 116.72880549563205, "action": [0.0, -1.5707963267948966]}, "[0.0, 1.5707963267948966]": {"num_count": 408, "sum_payoffs": 115.34106752684204, "action": [0.0, 1.5707963267948966]}, "[1.0, 0.0]": {"num_count": 458, "sum_payoffs": 134.55056681674466, "action": [1.0, 0.0]}}}}