{"2": {"0": {"[1.0, 0]": {"num_count": 1091, "sum_payoffs": 248.87584958139215, "action": [1.0, 0]}, "[0.0, 0]": {"num_count": 509, "sum_payoffs": 88.45971427054975, "action": [0.0, 0]}}, "1": {"[1.0, 0]": {"num_count": 1091, "sum_payoffs": 250.0947067240407, "action": [1.0, 0]}, "[0.0, 0]": {"num_count": 509, "sum_payoffs": 89.11542855615178, "action": [0.0, 0]}}}, "1": {"0": {"[0.0, 0]": {"num_count": 643, "sum_payoffs": 138.77999997621052, "action": [0.0, 0]}, "[1.0, 0]": {"num_count": 957, "sum_payoffs": 232.66285710297538, "action": [1.0, 0]}}, "1": {"[0.0, 0]": {"num_count": 644, "sum_payoffs": 139.12714283329387, "action": [0.0, 0]}, "[1.0, 0]": {"num_count": 956, "sum_payoffs": 232.54714281728093, "action": [1.0, 0]}}}}