{"2": {"0": {"[1.0, 0]": {"num_count": 1449, "sum_payoffs": 240.3558946956336, "action": [1.0, 0]}, "[0.0, 0]": {"num_count": 151, "sum_payoffs": 20.054283831148595, "action": [0.0, 0]}}, "1": {"[0.0, 0]": {"num_count": 245, "sum_payoffs": 31.217819543520605, "action": [0.0, 0]}, "[1.0, 0]": {"num_count": 1355, "sum_payoffs": 220.44435898476226, "action": [1.0, 0]}}}, "1": {"0": {"[0.0, 0]": {"num_count": 160, "sum_payoffs": 25.421785709927722, "action": [0.0, 0]}, "[1.0, 0]": {"num_count": 1440, "sum_payoffs": 256.69928567027404, "action": [1.0, 0]}}, "1": {"[0.0, 0]": {"num_count": 197, "sum_payoffs": 28.632857137948672, "action": [0.0, 0]}, "[1.0, 0]": {"num_count": 1403, "sum_payoffs": 247.93392852891998, "action": [1.0, 0]}}}}