{"2": {"0": {"[0.0, 0]": {"num_count": 178, "sum_payoffs": 20.47751052222034, "action": [0.0, 0]}, "[1.0, 0]": {"num_count": 1422, "sum_payoffs": 218.88288942990977, "action": [1.0, 0]}}, "1": {"[0.0, 0]": {"num_count": 189, "sum_payoffs": 23.976710521520506, "action": [0.0, 0]}, "[1.0, 0]": {"num_count": 1411, "sum_payoffs": 215.9668894304928, "action": [1.0, 0]}}}, "1": {"0": {"[1.0, 0]": {"num_count": 1450, "sum_payoffs": 241.0829999517886, "action": [1.0, 0]}, "[0.0, 0]": {"num_count": 150, "sum_payoffs": 20.627999995874333, "action": [0.0, 0]}}, "1": {"[0.0, 0]": {"num_count": 189, "sum_payoffs": 26.540999994691678, "action": [0.0, 0]}, "[1.0, 0]": {"num_count": 1411, "sum_payoffs": 233.54999995329487, "action": [1.0, 0]}}}}