{"1": {"0": {"[2.0, 0.0]": {"num_count": 131, "sum_payoffs": 34.3728135874746, "action": [2.0, 0.0]}, "[1.0, 1.5707963267948966]": {"num_count": 123, "sum_payoffs": 30.834582703506552, "action": [1.0, 1.5707963267948966]}, "[0.0, 1.5707963267948966]": {"num_count": 111, "sum_payoffs": 25.85707145995836, "action": [0.0, 1.5707963267948966]}, "[1.0, -1.5707963267948966]": {"num_count": 123, "sum_payoffs": 30.834582703506552, "action": [1.0, -1.5707963267948966]}, "[2.0, -1.5707963267948966]": {"num_count": 132, "sum_payoffs": 34.78260868985511, "action": [2.0, -1.5707963267948966]}, "[1.0, 0.0]": {"num_count": 122, "sum_payoffs": 30.58470764107943, "action": [1.0, 0.0]}, "[0.0, 0.0]": {"num_count": 113, "sum_payoffs": 26.716641674707628, "action": [0.0, 0.0]}, "[0.0, -1.5707963267948966]": {"num_count": 112, "sum_payoffs": 26.346826582315487, "action": [0.0, -1.5707963267948966]}, "[2.0, 1.5707963267948966]": {"num_count": 133, "sum_payoffs": 35.1724137872414, "action": [2.0, 1.5707963267948966]}}, "1": {"[2.0, -1.5707963267948966]": {"num_count": 131, "sum_payoffs": 44.687656164466055, "action": [2.0, -1.5707963267948966]}, "[0.0, 0.0]": {"num_count": 112, "sum_payoffs": 35.162418784744304, "action": [0.0, 0.0]}, "[0.0, 1.5707963267948966]": {"num_count": 110, "sum_payoffs": 34.24287855501252, "action": [0.0, 1.5707963267948966]}, "[2.0, 0.0]": {"num_count": 134, "sum_payoffs": 46.27686156150256, "action": [2.0, 0.0]}, "[2.0, 1.5707963267948966]": {"num_count": 132, "sum_payoffs": 45.23738130180572, "action": [2.0, 1.5707963267948966]}, "[1.0, 1.5707963267948966]": {"num_count": 122, "sum_payoffs": 40.279860063251654, "action": [1.0, 1.5707963267948966]}, "[1.0, 0.0]": {"num_count": 123, "sum_payoffs": 40.66966516063797, "action": [1.0, 0.0]}, "[0.0, -1.5707963267948966]": {"num_count": 113, "sum_payoffs": 35.6921539170898, "action": [0.0, -1.5707963267948966]}, "[1.0, -1.5707963267948966]": {"num_count": 123, "sum_payoffs": 40.609695145655465, "action": [1.0, -1.5707963267948966]}}}}