{"2": {"0": {"[1.0, 0]": {"num_count": 3827, "sum_payoffs": 852.5614261452369, "action": [1.0, 0]}, "[0.0, 0]": {"num_count": 273, "sum_payoffs": 44.083799991183106, "action": [0.0, 0]}}, "1": {"[1.0, 0]": {"num_count": 3859, "sum_payoffs": 863.2777261430931, "action": [1.0, 0]}, "[0.0, 0]": {"num_count": 241, "sum_payoffs": 41.45939999170802, "action": [0.0, 0]}}}, "1": {"0": {"[0.0, 0]": {"num_count": 248, "sum_payoffs": 51.75449998964915, "action": [0.0, 0]}, "[1.0, 0]": {"num_count": 3852, "sum_payoffs": 943.6814998112421, "action": [1.0, 0]}}, "1": {"[1.0, 0]": {"num_count": 3818, "sum_payoffs": 936.8774998126038, "action": [1.0, 0]}, "[0.0, 0]": {"num_count": 282, "sum_payoffs": 62.446499987510805, "action": [0.0, 0]}}}}