{"2": {"0": {"[0.0, 0]": {"num_count": 51, "sum_payoffs": 10.667999998044202, "action": [0.0, 0]}, "[1.0, 0]": {"num_count": 49, "sum_payoffs": 15.157105260379087, "action": [1.0, 0]}}, "1": {"[1.0, 0]": {"num_count": 63, "sum_payoffs": 20.530105259394045, "action": [1.0, 0]}, "[0.0, 0]": {"num_count": 37, "sum_payoffs": 10.15499999813825, "action": [0.0, 0]}}}, "1": {"0": {"[0.0, 0]": {"num_count": 43, "sum_payoffs": 5.324999999023747, "action": [0.0, 0]}, "[1.0, 0]": {"num_count": 57, "sum_payoffs": 14.069999997420489, "action": [1.0, 0]}}, "1": {"[0.0, 0]": {"num_count": 54, "sum_payoffs": 17.984999996702737, "action": [0.0, 0]}, "[1.0, 0]": {"num_count": 46, "sum_payoffs": 18.959999996523987, "action": [1.0, 0]}}}}