{"alphat_eff_gamelength_2": 1.0, "runtime_gamelength_2": 0.0765066146850586, "max_timestep": 1, "alphat_eff_gamelength_1": 0.5, "runtime_gamelength_1": 0.027903079986572266, "winner": [0, 0], "runtime": 0.10468363761901855, "T_terminal": 2, "trajectory_0": [[1.0, 0.0, 1.5707963267948966, 0], [1.0, 0.0, 1.5707963267948966, 1], [1.0, 1.0, 1.5707963267948966, 2]], "trajectory_1": [[0.0, 1.0, 0.0, 0], [1.0, 1.0, 0.0, 1], [1.0, 1.0, 0.0, 2]], "coll_payoff_0": [1.0, 0.0], "coll_payoff_1": [1.0, 0.0], "payoff_total": [[0.3333333332722222, 0.3333333332722222], [0.5087719297312865, 0.5087719297312865]], "final_lead_payoff_0": [0.5], "final_lead_payoff_1": [0.5]}