{"3": {"0": {"[0.0, -1.5707963267948966]": {"num_count": 322, "sum_payoffs": 109.95519552309044, "action": [0.0, -1.5707963267948966]}, "[2.0, 0.0]": {"num_count": 353, "sum_payoffs": 124.20967147915565, "action": [2.0, 0.0]}, "[0.0, 1.5707963267948966]": {"num_count": 313, "sum_payoffs": 105.9200224916304, "action": [0.0, 1.5707963267948966]}, "[0.0, 0.0]": {"num_count": 304, "sum_payoffs": 101.86002724082442, "action": [0.0, 0.0]}, "[1.0, 1.5707963267948966]": {"num_count": 362, "sum_payoffs": 128.34288188850797, "action": [1.0, 1.5707963267948966]}, "[1.0, -1.5707963267948966]": {"num_count": 375, "sum_payoffs": 134.33483535484496, "action": [1.0, -1.5707963267948966]}, "[1.0, 0.0]": {"num_count": 306, "sum_payoffs": 102.75007997206514, "action": [1.0, 0.0]}, "[2.0, -1.5707963267948966]": {"num_count": 395, "sum_payoffs": 143.6356028268275, "action": [2.0, -1.5707963267948966]}, "[2.0, 1.5707963267948966]": {"num_count": 370, "sum_payoffs": 131.96665117867423, "action": [2.0, 1.5707963267948966]}}, "1": {"[1.0, -1.5707963267948966]": {"num_count": 349, "sum_payoffs": 149.5788833286094, "action": [1.0, -1.5707963267948966]}, "[1.0, 0.0]": {"num_count": 325, "sum_payoffs": 136.858001552291, "action": [1.0, 0.0]}, "[0.0, 1.5707963267948966]": {"num_count": 273, "sum_payoffs": 109.40010053024315, "action": [0.0, 1.5707963267948966]}, "[2.0, -1.5707963267948966]": {"num_count": 447, "sum_payoffs": 202.9549987829529, "action": [2.0, -1.5707963267948966]}, "[2.0, 1.5707963267948966]": {"num_count": 411, "sum_payoffs": 183.16060058329862, "action": [2.0, 1.5707963267948966]}, "[2.0, 0.0]": {"num_count": 400, "sum_payoffs": 177.12868389536112, "action": [2.0, 0.0]}, "[0.0, -1.5707963267948966]": {"num_count": 290, "sum_payoffs": 118.36241528606996, "action": [0.0, -1.5707963267948966]}, "[1.0, 1.5707963267948966]": {"num_count": 328, "sum_payoffs": 138.37799053939418, "action": [1.0, 1.5707963267948966]}, "[0.0, 0.0]": {"num_count": 277, "sum_payoffs": 111.54735992195164, "action": [0.0, 0.0]}}}}