{"13": {"0": {"[1.0, 0.0]": {"num_count": 236, "sum_payoffs": 50.33121001982059, "action": [1.0, 0.0]}, "[0.0, 0.0]": {"num_count": 226, "sum_payoffs": 46.94766777062081, "action": [0.0, 0.0]}, "[0.0, -1.5707963267948966]": {"num_count": 231, "sum_payoffs": 48.6126692795865, "action": [0.0, -1.5707963267948966]}, "[0.0, 1.5707963267948966]": {"num_count": 223, "sum_payoffs": 45.9431529923501, "action": [0.0, 1.5707963267948966]}, "[2.0, 1.5707963267948966]": {"num_count": 241, "sum_payoffs": 51.97919720008388, "action": [2.0, 1.5707963267948966]}, "[1.0, 1.5707963267948966]": {"num_count": 234, "sum_payoffs": 49.63679622506514, "action": [1.0, 1.5707963267948966]}, "[2.0, 0.0]": {"num_count": 235, "sum_payoffs": 50.03516149534793, "action": [2.0, 0.0]}, "[1.0, -1.5707963267948966]": {"num_count": 239, "sum_payoffs": 51.37210155338895, "action": [1.0, -1.5707963267948966]}, "[2.0, -1.5707963267948966]": {"num_count": 235, "sum_payoffs": 50.045422056202106, "action": [2.0, -1.5707963267948966]}}, "1": {"[2.0, 1.5707963267948966]": {"num_count": 243, "sum_payoffs": 63.05341404054609, "action": [2.0, 1.5707963267948966]}, "[0.0, -1.5707963267948966]": {"num_count": 212, "sum_payoffs": 51.278206173288474, "action": [0.0, -1.5707963267948966]}, "[2.0, -1.5707963267948966]": {"num_count": 249, "sum_payoffs": 65.48493300130717, "action": [2.0, -1.5707963267948966]}, "[2.0, 0.0]": {"num_count": 269, "sum_payoffs": 73.29647493392228, "action": [2.0, 0.0]}, "[0.0, 1.5707963267948966]": {"num_count": 207, "sum_payoffs": 49.354276465386015, "action": [0.0, 1.5707963267948966]}, "[1.0, 0.0]": {"num_count": 245, "sum_payoffs": 63.94068036878194, "action": [1.0, 0.0]}, "[1.0, -1.5707963267948966]": {"num_count": 227, "sum_payoffs": 57.08940951369249, "action": [1.0, -1.5707963267948966]}, "[0.0, 0.0]": {"num_count": 218, "sum_payoffs": 53.45845303616659, "action": [0.0, 0.0]}, "[1.0, 1.5707963267948966]": {"num_count": 230, "sum_payoffs": 58.126792259766844, "action": [1.0, 1.5707963267948966]}}}}