{"2": {"0": {"[1.0, 0]": {"num_count": 1810, "sum_payoffs": 358.2635328141196, "action": [1.0, 0]}, "[0.0, 0]": {"num_count": 790, "sum_payoffs": 118.4366249733529, "action": [0.0, 0]}}, "1": {"[1.0, 0]": {"num_count": 1816, "sum_payoffs": 361.5789078133738, "action": [1.0, 0]}, "[0.0, 0]": {"num_count": 784, "sum_payoffs": 118.03724997344284, "action": [0.0, 0]}}}, "1": {"0": {"[0.0, 0]": {"num_count": 980, "sum_payoffs": 181.68749995911932, "action": [0.0, 0]}, "[1.0, 0]": {"num_count": 1620, "sum_payoffs": 345.9599999221605, "action": [1.0, 0]}}, "1": {"[0.0, 0]": {"num_count": 985, "sum_payoffs": 183.10499995880033, "action": [0.0, 0]}, "[1.0, 0]": {"num_count": 1615, "sum_payoffs": 344.9474999223882, "action": [1.0, 0]}}}}