{"2": {"0": {"[1.0, 0]": {"num_count": 1967, "sum_payoffs": 730.0934995619255, "action": [1.0, 0]}, "[0.0, 0]": {"num_count": 133, "sum_payoffs": 39.912749976052446, "action": [0.0, 0]}}, "1": {"[0.0, 0]": {"num_count": 139, "sum_payoffs": 37.361249977583356, "action": [0.0, 0]}, "[1.0, 0]": {"num_count": 1961, "sum_payoffs": 723.5324995658625, "action": [1.0, 0]}}}, "1": {"0": {"[0.0, 0]": {"num_count": 157, "sum_payoffs": 56.90249996585863, "action": [0.0, 0]}, "[1.0, 0]": {"num_count": 1943, "sum_payoffs": 793.394999523992, "action": [1.0, 0]}}, "1": {"[1.0, 0]": {"num_count": 1936, "sum_payoffs": 790.1549995259364, "action": [1.0, 0]}, "[0.0, 0]": {"num_count": 164, "sum_payoffs": 60.14249996391465, "action": [0.0, 0]}}}}