{"2": {"0": {"[0.0, 0]": {"num_count": 734, "sum_payoffs": 150.45749995987595, "action": [0.0, 0]}, "[1.0, 0]": {"num_count": 1866, "sum_payoffs": 484.5179998707905, "action": [1.0, 0]}}, "1": {"[1.0, 0]": {"num_count": 1856, "sum_payoffs": 482.3954998713558, "action": [1.0, 0]}, "[0.0, 0]": {"num_count": 744, "sum_payoffs": 153.55199995905085, "action": [0.0, 0]}}}, "1": {"0": {"[0.0, 0]": {"num_count": 945, "sum_payoffs": 236.4149999369535, "action": [0.0, 0]}, "[1.0, 0]": {"num_count": 1655, "sum_payoffs": 466.21499987568603, "action": [1.0, 0]}}, "1": {"[1.0, 0]": {"num_count": 1648, "sum_payoffs": 464.3249998761899, "action": [1.0, 0]}, "[0.0, 0]": {"num_count": 952, "sum_payoffs": 238.84499993630547, "action": [0.0, 0]}}}}