{"2": {"0": {"[1.0, 0]": {"num_count": 55, "sum_payoffs": 11.72471052416627, "action": [1.0, 0]}, "[0.0, 0]": {"num_count": 45, "sum_payoffs": 7.727249998583337, "action": [0.0, 0]}}, "1": {"[0.0, 0]": {"num_count": 46, "sum_payoffs": 8.21324999849424, "action": [0.0, 0]}, "[1.0, 0]": {"num_count": 54, "sum_payoffs": 11.724710524166271, "action": [1.0, 0]}}}, "1": {"0": {"[1.0, 0]": {"num_count": 53, "sum_payoffs": 8.692499998406367, "action": [1.0, 0]}, "[0.0, 0]": {"num_count": 47, "sum_payoffs": 6.607499998788619, "action": [0.0, 0]}}, "1": {"[0.0, 0]": {"num_count": 47, "sum_payoffs": 6.674999998776244, "action": [0.0, 0]}, "[1.0, 0]": {"num_count": 53, "sum_payoffs": 8.759999998393992, "action": [1.0, 0]}}}}