{"12": {"0": {"[0.0, -1.5707963267948966]": {"num_count": 11, "sum_payoffs": 2.7727790080866437, "action": [0.0, -1.5707963267948966]}, "[1.0, 0.0]": {"num_count": 11, "sum_payoffs": 2.6216543742059195, "action": [1.0, 0.0]}, "[1.0, -1.5707963267948966]": {"num_count": 11, "sum_payoffs": 2.9365376791396143, "action": [1.0, -1.5707963267948966]}, "[2.0, -1.5707963267948966]": {"num_count": 11, "sum_payoffs": 2.907135979464926, "action": [2.0, -1.5707963267948966]}, "[1.0, 1.5707963267948966]": {"num_count": 11, "sum_payoffs": 2.8279657593294365, "action": [1.0, 1.5707963267948966]}, "[2.0, 1.5707963267948966]": {"num_count": 11, "sum_payoffs": 2.7796527873554613, "action": [2.0, 1.5707963267948966]}, "[0.0, 1.5707963267948966]": {"num_count": 11, "sum_payoffs": 2.933705493386305, "action": [0.0, 1.5707963267948966]}, "[0.0, 0.0]": {"num_count": 12, "sum_payoffs": 3.263679206313589, "action": [0.0, 0.0]}, "[2.0, 0.0]": {"num_count": 11, "sum_payoffs": 2.6542714625795196, "action": [2.0, 0.0]}}, "1": {"[1.0, -1.5707963267948966]": {"num_count": 17, "sum_payoffs": 3.863237186093077, "action": [1.0, -1.5707963267948966]}, "[1.0, 0.0]": {"num_count": 18, "sum_payoffs": 4.434081204570807, "action": [1.0, 0.0]}, "[1.0, 1.5707963267948966]": {"num_count": 16, "sum_payoffs": 3.3704527845488617, "action": [1.0, 1.5707963267948966]}, "[0.0, 1.5707963267948966]": {"num_count": 16, "sum_payoffs": 3.4437538974055477, "action": [0.0, 1.5707963267948966]}, "[0.0, -1.5707963267948966]": {"num_count": 17, "sum_payoffs": 3.747575451195894, "action": [0.0, -1.5707963267948966]}, "[0.0, 0.0]": {"num_count": 16, "sum_payoffs": 3.496245788851982, "action": [0.0, 0.0]}}}}