{"6": {"0": {"[0.0, -1.5707963267948966]": {"num_count": 117, "sum_payoffs": 32.23394649784581, "action": [0.0, -1.5707963267948966]}, "[0.0, 1.5707963267948966]": {"num_count": 114, "sum_payoffs": 30.955528084460205, "action": [0.0, 1.5707963267948966]}, "[1.0, 1.5707963267948966]": {"num_count": 122, "sum_payoffs": 34.34338246616425, "action": [1.0, 1.5707963267948966]}, "[1.0, 0.0]": {"num_count": 124, "sum_payoffs": 35.3440537441698, "action": [1.0, 0.0]}, "[1.0, -1.5707963267948966]": {"num_count": 126, "sum_payoffs": 36.17562744743435, "action": [1.0, -1.5707963267948966]}, "[0.0, 0.0]": {"num_count": 123, "sum_payoffs": 34.806556008090986, "action": [0.0, 0.0]}, "[2.0, -1.5707963267948966]": {"num_count": 128, "sum_payoffs": 37.27423881314024, "action": [2.0, -1.5707963267948966]}, "[2.0, 1.5707963267948966]": {"num_count": 121, "sum_payoffs": 33.966947485487516, "action": [2.0, 1.5707963267948966]}, "[2.0, 0.0]": {"num_count": 125, "sum_payoffs": 35.80951911339909, "action": [2.0, 0.0]}}, "1": {"[2.0, 1.5707963267948966]": {"num_count": 126, "sum_payoffs": 44.541191795943355, "action": [2.0, 1.5707963267948966]}, "[1.0, 1.5707963267948966]": {"num_count": 119, "sum_payoffs": 40.84962606534286, "action": [1.0, 1.5707963267948966]}, "[0.0, 0.0]": {"num_count": 117, "sum_payoffs": 39.79161414981503, "action": [0.0, 0.0]}, "[1.0, -1.5707963267948966]": {"num_count": 126, "sum_payoffs": 44.47372777508055, "action": [1.0, -1.5707963267948966]}, "[2.0, 0.0]": {"num_count": 139, "sum_payoffs": 51.35180041947111, "action": [2.0, 0.0]}, "[0.0, 1.5707963267948966]": {"num_count": 108, "sum_payoffs": 35.21820579040331, "action": [0.0, 1.5707963267948966]}, "[1.0, 0.0]": {"num_count": 130, "sum_payoffs": 46.67962455846363, "action": [1.0, 0.0]}, "[2.0, -1.5707963267948966]": {"num_count": 129, "sum_payoffs": 46.089452033330936, "action": [2.0, -1.5707963267948966]}, "[0.0, -1.5707963267948966]": {"num_count": 106, "sum_payoffs": 34.27953395480927, "action": [0.0, -1.5707963267948966]}}}}