{"2": {"0": {"[0.0, 0]": {"num_count": 152, "sum_payoffs": 22.57312499492102, "action": [0.0, 0]}, "[1.0, 0]": {"num_count": 1948, "sum_payoffs": 369.7801578115257, "action": [1.0, 0]}}, "1": {"[1.0, 0]": {"num_count": 1897, "sum_payoffs": 356.65815781447986, "action": [1.0, 0]}, "[0.0, 0]": {"num_count": 203, "sum_payoffs": 26.947124993936857, "action": [0.0, 0]}}}, "1": {"0": {"[0.0, 0]": {"num_count": 159, "sum_payoffs": 27.787499993747822, "action": [0.0, 0]}, "[1.0, 0]": {"num_count": 1941, "sum_payoffs": 400.1287499099775, "action": [1.0, 0]}}, "1": {"[0.0, 0]": {"num_count": 209, "sum_payoffs": 36.292499991834255, "action": [0.0, 0]}, "[1.0, 0]": {"num_count": 1891, "sum_payoffs": 388.99124991248243, "action": [1.0, 0]}}}}