{"11": {"0": {"[1.0, 0.0]": {"num_count": 123, "sum_payoffs": 30.9496751699411, "action": [1.0, 0.0]}, "[1.0, -1.5707963267948966]": {"num_count": 124, "sum_payoffs": 31.33266904598966, "action": [1.0, -1.5707963267948966]}, "[0.0, 0.0]": {"num_count": 118, "sum_payoffs": 28.74004894024504, "action": [0.0, 0.0]}, "[0.0, -1.5707963267948966]": {"num_count": 122, "sum_payoffs": 30.45451460551408, "action": [0.0, -1.5707963267948966]}, "[0.0, 1.5707963267948966]": {"num_count": 120, "sum_payoffs": 29.571158998411686, "action": [0.0, 1.5707963267948966]}, "[2.0, 1.5707963267948966]": {"num_count": 123, "sum_payoffs": 30.967013690860373, "action": [2.0, 1.5707963267948966]}, "[2.0, -1.5707963267948966]": {"num_count": 124, "sum_payoffs": 31.239061444754206, "action": [2.0, -1.5707963267948966]}, "[1.0, 1.5707963267948966]": {"num_count": 121, "sum_payoffs": 30.055969909656607, "action": [1.0, 1.5707963267948966]}, "[2.0, 0.0]": {"num_count": 125, "sum_payoffs": 31.64562481636702, "action": [2.0, 0.0]}}, "1": {"[0.0, 1.5707963267948966]": {"num_count": 181, "sum_payoffs": 41.44165108307319, "action": [0.0, 1.5707963267948966]}, "[1.0, 0.0]": {"num_count": 187, "sum_payoffs": 43.60761774856719, "action": [1.0, 0.0]}, "[0.0, 0.0]": {"num_count": 182, "sum_payoffs": 41.81220699152145, "action": [0.0, 0.0]}, "[1.0, 1.5707963267948966]": {"num_count": 188, "sum_payoffs": 44.070804868350905, "action": [1.0, 1.5707963267948966]}, "[1.0, -1.5707963267948966]": {"num_count": 184, "sum_payoffs": 42.601343668161086, "action": [1.0, -1.5707963267948966]}, "[0.0, -1.5707963267948966]": {"num_count": 178, "sum_payoffs": 40.34463300828742, "action": [0.0, -1.5707963267948966]}}}}