{"2": {"0": {"[0.0, 0]": {"num_count": 253, "sum_payoffs": 61.99256248605174, "action": [0.0, 0]}, "[1.0, 0]": {"num_count": 3347, "sum_payoffs": 936.0132037367462, "action": [1.0, 0]}}, "1": {"[1.0, 0]": {"num_count": 3338, "sum_payoffs": 923.9138287394693, "action": [1.0, 0]}, "[0.0, 0]": {"num_count": 262, "sum_payoffs": 51.67518748837312, "action": [0.0, 0]}}}, "1": {"0": {"[0.0, 0]": {"num_count": 220, "sum_payoffs": 56.87437498720307, "action": [0.0, 0]}, "[1.0, 0]": {"num_count": 3380, "sum_payoffs": 1035.9337497669997, "action": [1.0, 0]}}, "1": {"[0.0, 0]": {"num_count": 218, "sum_payoffs": 57.785624986998045, "action": [0.0, 0]}, "[1.0, 0]": {"num_count": 3382, "sum_payoffs": 1038.059999766521, "action": [1.0, 0]}}}}