{"runtime": 7.8578691482543945, "winner": [0, 1], "T_terminal": 12, "trajectories": [[1.0, 3.0, 0.0, 3.0, 3.0, 0.0, 0.0], [1.0, 3.0, 1.5707963267948966, 4.0, 3.0, 0.0, 1.0], [1.0000000000000002, 5.0, 3.141592653589793, 5.0, 3.0, 4.71238898038469, 2.0], [1.0000000000000002, 5.0, 3.141592653589793, 5.0, 2.0, 0.0, 3.0], [1.0000000000000002, 5.0, 4.71238898038469, 6.0, 2.0, 0.0, 4.0], [1.0000000000000002, 5.0, 4.71238898038469, 7.0, 2.0, 4.71238898038469, 5.0], [1.0000000000000002, 5.0, 0.0, 7.0, 2.0, 0.0, 6.0], [1.0000000000000002, 5.0, 4.71238898038469, 8.0, 2.0, 4.71238898038469, 7.0], [1.0, 4.0, 0.0, 8.0, 1.0, 4.71238898038469, 8.0], [1.0, 4.0, 0.0, 8.0, 1.0, 4.71238898038469, 9.0], [3.0, 4.0, 0.0, 8.0, 1.0, 4.71238898038469, 10.0], [4.0, 4.0, 0.0, 8.0, 1.0, 0.0, 11.0], [6.0, 4.0, 0.0, 8.0, 1.0, 0.0, 12.0]], "penalty_distance_0": [-0.049787068367863944, -0.01142289099346694, -0.006737946999085467, -0.002935281570570076, -0.0012208548944264495, -0.0012208548944264495, -0.0004926196878489246, -0.0004926196878489246, -0.0004926196878489246, -0.002935281570570076, -0.006737946999085467, -0.02717246117223556], "penalty_distance_1": [-0.049787068367863944, -0.01142289099346694, -0.006737946999085467, -0.002935281570570076, -0.0012208548944264495, -0.0012208548944264495, -0.0004926196878489246, -0.0004926196878489246, -0.0004926196878489246, -0.002935281570570076, -0.006737946999085467, -0.02717246117223556], "reward_progress_0": [0.0, 0.0, 0.0, 0.0, 0.0, 0.0, 0.0, -0.0, 0.0, 0.0, 0.0, 0.0], "reward_progress_1": [0.0, 0.0, 0.0, 0.0, 0.0, 0.0, 0.0, 0.0, 0.0, 0.0, 0.0, 0.0], "penalty_agressor_0": [0.0, 0.0, 0.0, 0.0, 0.0, 0.0, 0.0, 0.0, 0.0, 0.0, 0.0, 0.0], "penalty_agressor_1": [0.0, 0.0, 0.0, 0.0, 0.0, 0.0, 0.0, 0.0, 0.0, 0.0, 0.0, 0.0], "penalty_timestep_0": [-1.2000000000000002], "penalty_timestep_1": [-1.2000000000000002], "reward_lead_0": [-2.0], "reward_lead_1": [2.0], "payoff_total_0": [-0.049787068367863944, -0.06120995936133088, -0.06794790636041635, -0.07088318793098643, -0.07210404282541287, -0.07332489771983931, -0.07381751740768824, -0.07431013709553717, -0.0748027567833861, -0.07773803835395618, -0.08447598535304164, -0.1116484465252772, -3.3116484465252776], "payoff_total_1": [-0.049787068367863944, -0.06120995936133088, -0.06794790636041635, -0.07088318793098643, -0.07210404282541287, -0.07332489771983931, -0.07381751740768824, -0.07431013709553717, -0.0748027567833861, -0.07773803835395618, -0.08447598535304164, -0.1116484465252772, 0.6883515534747227]}