{"2": {"0": {"[0.0, 0]": {"num_count": 78, "sum_payoffs": 12.999374997616794, "action": [0.0, 0]}, "[1.0, 0]": {"num_count": 522, "sum_payoffs": 102.60728287592508, "action": [1.0, 0]}}, "1": {"[0.0, 0]": {"num_count": 89, "sum_payoffs": 13.460624997532225, "action": [0.0, 0]}, "[1.0, 0]": {"num_count": 511, "sum_payoffs": 100.14128287637719, "action": [1.0, 0]}}}, "1": {"0": {"[1.0, 0]": {"num_count": 464, "sum_payoffs": 98.30249998197893, "action": [1.0, 0]}, "[0.0, 0]": {"num_count": 136, "sum_payoffs": 22.218749995926537, "action": [0.0, 0]}}, "1": {"[0.0, 0]": {"num_count": 113, "sum_payoffs": 21.00374999614929, "action": [0.0, 0]}, "[1.0, 0]": {"num_count": 487, "sum_payoffs": 104.3774999808654, "action": [1.0, 0]}}}}