{"2": {"0": {"[1.0, 0]": {"num_count": 4355, "sum_payoffs": 1210.9575786749522, "action": [1.0, 0]}, "[0.0, 0]": {"num_count": 245, "sum_payoffs": 55.1806874875843, "action": [0.0, 0]}}, "1": {"[0.0, 0]": {"num_count": 275, "sum_payoffs": 56.13749998736908, "action": [0.0, 0]}, "[1.0, 0]": {"num_count": 4325, "sum_payoffs": 1198.519016177746, "action": [1.0, 0]}}}, "1": {"0": {"[0.0, 0]": {"num_count": 4317, "sum_payoffs": 1271.5706247139374, "action": [0.0, 0]}, "[1.0, 0]": {"num_count": 283, "sum_payoffs": 87.62624998028369, "action": [1.0, 0]}}, "1": {"[1.0, 0]": {"num_count": 4321, "sum_payoffs": 1351.0743746960347, "action": [1.0, 0]}, "[0.0, 0]": {"num_count": 279, "sum_payoffs": 85.57874998074446, "action": [0.0, 0]}}}}