{"1": {"0": {"[2.0, 1.5707963267948966]": {"num_count": 196, "sum_payoffs": 51.77411293489932, "action": [2.0, 1.5707963267948966]}, "[1.0, 0.0]": {"num_count": 178, "sum_payoffs": 44.53773112700993, "action": [1.0, 0.0]}, "[1.0, -1.5707963267948966]": {"num_count": 178, "sum_payoffs": 44.63768115198078, "action": [1.0, -1.5707963267948966]}, "[0.0, -1.5707963267948966]": {"num_count": 162, "sum_payoffs": 38.24087955384643, "action": [0.0, -1.5707963267948966]}, "[2.0, -1.5707963267948966]": {"num_count": 193, "sum_payoffs": 50.54472762775793, "action": [2.0, -1.5707963267948966]}, "[0.0, 1.5707963267948966]": {"num_count": 161, "sum_payoffs": 37.91104447144266, "action": [0.0, 1.5707963267948966]}, "[1.0, 1.5707963267948966]": {"num_count": 177, "sum_payoffs": 44.12793602462944, "action": [1.0, 1.5707963267948966]}, "[0.0, 0.0]": {"num_count": 163, "sum_payoffs": 38.71064467120944, "action": [0.0, 0.0]}, "[2.0, 0.0]": {"num_count": 192, "sum_payoffs": 50.11494252038325, "action": [2.0, 0.0]}}, "1": {"[2.0, -1.5707963267948966]": {"num_count": 195, "sum_payoffs": 66.81659169301179, "action": [2.0, -1.5707963267948966]}, "[1.0, 1.5707963267948966]": {"num_count": 177, "sum_payoffs": 58.280859560501305, "action": [1.0, 1.5707963267948966]}, "[2.0, 0.0]": {"num_count": 195, "sum_payoffs": 66.89655171298843, "action": [2.0, 0.0]}, "[1.0, 0.0]": {"num_count": 178, "sum_payoffs": 58.67066465788762, "action": [1.0, 0.0]}, "[0.0, 0.0]": {"num_count": 162, "sum_payoffs": 51.09445276509733, "action": [0.0, 0.0]}, "[2.0, 1.5707963267948966]": {"num_count": 192, "sum_payoffs": 65.4072963409228, "action": [2.0, 1.5707963267948966]}, "[0.0, 1.5707963267948966]": {"num_count": 162, "sum_payoffs": 51.174412785074026, "action": [0.0, 1.5707963267948966]}, "[1.0, -1.5707963267948966]": {"num_count": 178, "sum_payoffs": 58.69065466288177, "action": [1.0, -1.5707963267948966]}, "[0.0, -1.5707963267948966]": {"num_count": 161, "sum_payoffs": 50.744627677699384, "action": [0.0, -1.5707963267948966]}}}}