{"8": {"0": {"[2.0, 0.0]": {"num_count": 420, "sum_payoffs": 107.29186344198126, "action": [2.0, 0.0]}, "[2.0, -1.5707963267948966]": {"num_count": 429, "sum_payoffs": 110.4875868118089, "action": [2.0, -1.5707963267948966]}, "[1.0, 0.0]": {"num_count": 419, "sum_payoffs": 106.90254971970889, "action": [1.0, 0.0]}, "[2.0, 1.5707963267948966]": {"num_count": 404, "sum_payoffs": 101.64957329667706, "action": [2.0, 1.5707963267948966]}, "[1.0, -1.5707963267948966]": {"num_count": 398, "sum_payoffs": 99.53864475677717, "action": [1.0, -1.5707963267948966]}, "[1.0, 1.5707963267948966]": {"num_count": 405, "sum_payoffs": 101.93234725074528, "action": [1.0, 1.5707963267948966]}, "[0.0, 0.0]": {"num_count": 390, "sum_payoffs": 96.73867822170796, "action": [0.0, 0.0]}, "[0.0, -1.5707963267948966]": {"num_count": 380, "sum_payoffs": 93.26159170081176, "action": [0.0, -1.5707963267948966]}, "[0.0, 1.5707963267948966]": {"num_count": 355, "sum_payoffs": 84.57381373944665, "action": [0.0, 1.5707963267948966]}}, "1": {"[0.0, -1.5707963267948966]": {"num_count": 344, "sum_payoffs": 100.32016888044562, "action": [0.0, -1.5707963267948966]}, "[2.0, 1.5707963267948966]": {"num_count": 429, "sum_payoffs": 134.96398080568457, "action": [2.0, 1.5707963267948966]}, "[0.0, 1.5707963267948966]": {"num_count": 338, "sum_payoffs": 97.98449920131995, "action": [0.0, 1.5707963267948966]}, "[0.0, 0.0]": {"num_count": 379, "sum_payoffs": 114.59043811326747, "action": [0.0, 0.0]}, "[1.0, -1.5707963267948966]": {"num_count": 399, "sum_payoffs": 122.7017624243514, "action": [1.0, -1.5707963267948966]}, "[1.0, 1.5707963267948966]": {"num_count": 374, "sum_payoffs": 112.55337011434922, "action": [1.0, 1.5707963267948966]}, "[2.0, 0.0]": {"num_count": 481, "sum_payoffs": 156.654160369229, "action": [2.0, 0.0]}, "[1.0, 0.0]": {"num_count": 420, "sum_payoffs": 131.26837433972057, "action": [1.0, 0.0]}, "[2.0, -1.5707963267948966]": {"num_count": 436, "sum_payoffs": 137.83603162946497, "action": [2.0, -1.5707963267948966]}}}}