{"2": {"0": {"[1.0, 0]": {"num_count": 2184, "sum_payoffs": 169.273752597728, "action": [1.0, 0]}, "[0.0, 0]": {"num_count": 416, "sum_payoffs": 26.62379999467514, "action": [0.0, 0]}}, "1": {"[0.0, 0]": {"num_count": 297, "sum_payoffs": 21.8843999956231, "action": [0.0, 0]}, "[1.0, 0]": {"num_count": 2303, "sum_payoffs": 179.18905259574578, "action": [1.0, 0]}}}, "1": {"0": {"[0.0, 0]": {"num_count": 498, "sum_payoffs": 34.982999993003425, "action": [0.0, 0]}, "[1.0, 0]": {"num_count": 2102, "sum_payoffs": 175.02299996499158, "action": [1.0, 0]}}, "1": {"[0.0, 0]": {"num_count": 305, "sum_payoffs": 21.982499995603455, "action": [0.0, 0]}, "[1.0, 0]": {"num_count": 2295, "sum_payoffs": 193.61249996127103, "action": [1.0, 0]}}}}