{"2": {"0": {"[1.0, 0]": {"num_count": 979, "sum_payoffs": 215.34184958714044, "action": [1.0, 0]}, "[0.0, 0]": {"num_count": 121, "sum_payoffs": 19.959293229661114, "action": [0.0, 0]}}, "1": {"[0.0, 0]": {"num_count": 106, "sum_payoffs": 16.37986465884615, "action": [0.0, 0]}, "[1.0, 0]": {"num_count": 994, "sum_payoffs": 214.5472781587056, "action": [1.0, 0]}}}, "1": {"0": {"[1.0, 0]": {"num_count": 972, "sum_payoffs": 229.42285710353113, "action": [1.0, 0]}, "[0.0, 0]": {"num_count": 128, "sum_payoffs": 25.72714285273243, "action": [0.0, 0]}}, "1": {"[0.0, 0]": {"num_count": 109, "sum_payoffs": 20.98285713926004, "action": [0.0, 0]}, "[1.0, 0]": {"num_count": 991, "sum_payoffs": 235.32428567394814, "action": [1.0, 0]}}}}