{"alphat_eff_gamelength_2": 1.0, "runtime_gamelength_2": 0.32118678092956543, "max_timestep": 1, "alphat_eff_gamelength_1": 1.0, "runtime_gamelength_1": 0.210740327835083, "winner": [0, 0], "runtime": 0.5321574211120605, "T_terminal": 2, "trajectory_0": [[1.0, 0.0, 1.5707963267948966, 0], [1.0, 1.0, 1.5707963267948966, 1], [1.0, 2.0, 1.5707963267948966, 2]], "trajectory_1": [[0.0, 1.0, 0.0, 0], [1.0, 1.0, 0.0, 1], [2.0, 1.0, 0.0, 2]], "coll_payoff_0": [0.0, 0.0], "coll_payoff_1": [0.0, 0.0], "payoff_total": [[0.0, 0.0], [0.2857142856653061, 0.2857142856653061]], "final_lead_payoff_0": [0.5], "final_lead_payoff_1": [0.5]}