{"2": {"0": {"[1.0, 0]": {"num_count": 2326, "sum_payoffs": 881.3609994711676, "action": [1.0, 0]}, "[0.0, 0]": {"num_count": 774, "sum_payoffs": 246.03749985237417, "action": [0.0, 0]}}, "1": {"[0.0, 0]": {"num_count": 794, "sum_payoffs": 255.14999984690687, "action": [0.0, 0]}, "[1.0, 0]": {"num_count": 2306, "sum_payoffs": 876.9869994737915, "action": [1.0, 0]}}}, "1": {"0": {"[1.0, 0]": {"num_count": 2004, "sum_payoffs": 833.6924994998137, "action": [1.0, 0]}, "[0.0, 0]": {"num_count": 1096, "sum_payoffs": 421.4024997471662, "action": [0.0, 0]}}, "1": {"[0.0, 0]": {"num_count": 1103, "sum_payoffs": 424.8449997451009, "action": [0.0, 0]}, "[1.0, 0]": {"num_count": 1997, "sum_payoffs": 831.059999501393, "action": [1.0, 0]}}}}