{"7": {"0": {"[0.0, 1.5707963267948966]": {"num_count": 221, "sum_payoffs": 57.206646512090295, "action": [0.0, 1.5707963267948966]}, "[2.0, -1.5707963267948966]": {"num_count": 246, "sum_payoffs": 67.12143453008541, "action": [2.0, -1.5707963267948966]}, "[2.0, 0.0]": {"num_count": 239, "sum_payoffs": 64.17309696352352, "action": [2.0, 0.0]}, "[1.0, 0.0]": {"num_count": 233, "sum_payoffs": 61.84077811354734, "action": [1.0, 0.0]}, "[0.0, 0.0]": {"num_count": 236, "sum_payoffs": 63.15610612695719, "action": [0.0, 0.0]}, "[2.0, 1.5707963267948966]": {"num_count": 238, "sum_payoffs": 63.89993491085987, "action": [2.0, 1.5707963267948966]}, "[1.0, -1.5707963267948966]": {"num_count": 229, "sum_payoffs": 60.363940006063316, "action": [1.0, -1.5707963267948966]}, "[0.0, -1.5707963267948966]": {"num_count": 225, "sum_payoffs": 58.769466351698206, "action": [0.0, -1.5707963267948966]}, "[1.0, 1.5707963267948966]": {"num_count": 233, "sum_payoffs": 61.88094298709458, "action": [1.0, 1.5707963267948966]}}, "1": {"[2.0, 1.5707963267948966]": {"num_count": 243, "sum_payoffs": 80.11326327901311, "action": [2.0, 1.5707963267948966]}, "[0.0, -1.5707963267948966]": {"num_count": 211, "sum_payoffs": 65.61811924359814, "action": [0.0, -1.5707963267948966]}, "[0.0, 1.5707963267948966]": {"num_count": 205, "sum_payoffs": 63.06877776446271, "action": [0.0, 1.5707963267948966]}, "[1.0, 1.5707963267948966]": {"num_count": 234, "sum_payoffs": 76.03838098738083, "action": [1.0, 1.5707963267948966]}, "[1.0, -1.5707963267948966]": {"num_count": 218, "sum_payoffs": 68.85437267678142, "action": [1.0, -1.5707963267948966]}, "[2.0, -1.5707963267948966]": {"num_count": 247, "sum_payoffs": 81.85073889140034, "action": [2.0, -1.5707963267948966]}, "[1.0, 0.0]": {"num_count": 255, "sum_payoffs": 85.62305853114339, "action": [1.0, 0.0]}, "[2.0, 0.0]": {"num_count": 263, "sum_payoffs": 89.32120827423614, "action": [2.0, 0.0]}, "[0.0, 0.0]": {"num_count": 224, "sum_payoffs": 71.43420691611068, "action": [0.0, 0.0]}}}}