{"2": {"0": {"[1.0, 0]": {"num_count": 2800, "sum_payoffs": 351.43946043261224, "action": [1.0, 0]}, "[0.0, 0]": {"num_count": 300, "sum_payoffs": 28.511249992396912, "action": [0.0, 0]}}, "1": {"[1.0, 0]": {"num_count": 2853, "sum_payoffs": 364.3717104291657, "action": [1.0, 0]}, "[0.0, 0]": {"num_count": 247, "sum_payoffs": 22.62599999396636, "action": [0.0, 0]}}}, "1": {"0": {"[0.0, 0]": {"num_count": 236, "sum_payoffs": 26.31749999298193, "action": [0.0, 0]}, "[1.0, 0]": {"num_count": 2864, "sum_payoffs": 394.4549998948273, "action": [1.0, 0]}}, "1": {"[0.0, 0]": {"num_count": 298, "sum_payoffs": 34.95749999067788, "action": [0.0, 0]}, "[1.0, 0]": {"num_count": 2802, "sum_payoffs": 384.7349998974185, "action": [1.0, 0]}}}}