{"7": {"0": {"[0.0, 1.5707963267948966]": {"num_count": 171, "sum_payoffs": 45.03735490488722, "action": [0.0, 1.5707963267948966]}, "[0.0, -1.5707963267948966]": {"num_count": 166, "sum_payoffs": 42.91527918833736, "action": [0.0, -1.5707963267948966]}, "[2.0, 0.0]": {"num_count": 184, "sum_payoffs": 50.47662955553238, "action": [2.0, 0.0]}, "[1.0, 1.5707963267948966]": {"num_count": 177, "sum_payoffs": 47.617724519773176, "action": [1.0, 1.5707963267948966]}, "[1.0, 0.0]": {"num_count": 179, "sum_payoffs": 48.29611959469192, "action": [1.0, 0.0]}, "[1.0, -1.5707963267948966]": {"num_count": 184, "sum_payoffs": 50.481260139761595, "action": [1.0, -1.5707963267948966]}, "[2.0, -1.5707963267948966]": {"num_count": 185, "sum_payoffs": 50.76259128830962, "action": [2.0, -1.5707963267948966]}, "[0.0, 0.0]": {"num_count": 169, "sum_payoffs": 44.21808662586933, "action": [0.0, 0.0]}, "[2.0, 1.5707963267948966]": {"num_count": 185, "sum_payoffs": 50.89604783878827, "action": [2.0, 1.5707963267948966]}}, "1": {"[0.0, 1.5707963267948966]": {"num_count": 156, "sum_payoffs": 47.37502329047451, "action": [0.0, 1.5707963267948966]}, "[1.0, 1.5707963267948966]": {"num_count": 172, "sum_payoffs": 54.75403981159898, "action": [1.0, 1.5707963267948966]}, "[2.0, -1.5707963267948966]": {"num_count": 193, "sum_payoffs": 64.62598489328418, "action": [2.0, -1.5707963267948966]}, "[0.0, -1.5707963267948966]": {"num_count": 158, "sum_payoffs": 48.20793136268223, "action": [0.0, -1.5707963267948966]}, "[1.0, 0.0]": {"num_count": 188, "sum_payoffs": 62.20918904116869, "action": [1.0, 0.0]}, "[2.0, 1.5707963267948966]": {"num_count": 184, "sum_payoffs": 60.388265232285036, "action": [2.0, 1.5707963267948966]}, "[1.0, -1.5707963267948966]": {"num_count": 176, "sum_payoffs": 56.49867163896534, "action": [1.0, -1.5707963267948966]}, "[2.0, 0.0]": {"num_count": 202, "sum_payoffs": 68.80705413544958, "action": [2.0, 0.0]}, "[0.0, 0.0]": {"num_count": 171, "sum_payoffs": 54.28883220091622, "action": [0.0, 0.0]}}}}