{"8": {"0": {"[0.0, 1.5707963267948966]": {"num_count": 170, "sum_payoffs": 46.861362484674586, "action": [0.0, 1.5707963267948966]}, "[2.0, 0.0]": {"num_count": 183, "sum_payoffs": 52.450895680755025, "action": [2.0, 0.0]}, "[2.0, 1.5707963267948966]": {"num_count": 174, "sum_payoffs": 48.51214519330217, "action": [2.0, 1.5707963267948966]}, "[1.0, 1.5707963267948966]": {"num_count": 179, "sum_payoffs": 50.593173166085144, "action": [1.0, 1.5707963267948966]}, "[1.0, -1.5707963267948966]": {"num_count": 179, "sum_payoffs": 50.69953014317723, "action": [1.0, -1.5707963267948966]}, "[2.0, -1.5707963267948966]": {"num_count": 187, "sum_payoffs": 53.987078427315176, "action": [2.0, -1.5707963267948966]}, "[1.0, 0.0]": {"num_count": 178, "sum_payoffs": 50.29743692869902, "action": [1.0, 0.0]}, "[0.0, -1.5707963267948966]": {"num_count": 175, "sum_payoffs": 49.03220828174186, "action": [0.0, -1.5707963267948966]}, "[0.0, 0.0]": {"num_count": 175, "sum_payoffs": 48.984631981507604, "action": [0.0, 0.0]}}, "1": {"[0.0, -1.5707963267948966]": {"num_count": 260, "sum_payoffs": 69.51093291782517, "action": [0.0, -1.5707963267948966]}, "[1.0, 1.5707963267948966]": {"num_count": 264, "sum_payoffs": 71.03106283671744, "action": [1.0, 1.5707963267948966]}, "[0.0, 1.5707963267948966]": {"num_count": 247, "sum_payoffs": 64.51645503050736, "action": [0.0, 1.5707963267948966]}, "[0.0, 0.0]": {"num_count": 260, "sum_payoffs": 69.5069103819363, "action": [0.0, 0.0]}, "[1.0, -1.5707963267948966]": {"num_count": 284, "sum_payoffs": 78.78130751997666, "action": [1.0, -1.5707963267948966]}, "[1.0, 0.0]": {"num_count": 285, "sum_payoffs": 79.27277067983185, "action": [1.0, 0.0]}}}}