{"2": {"0": {"[0.0, 0]": {"num_count": 53, "sum_payoffs": 12.098999997781846, "action": [0.0, 0]}, "[1.0, 0]": {"num_count": 47, "sum_payoffs": 14.641105260473685, "action": [1.0, 0]}}, "1": {"[1.0, 0]": {"num_count": 56, "sum_payoffs": 18.34310525979499, "action": [1.0, 0]}, "[0.0, 0]": {"num_count": 44, "sum_payoffs": 10.583999998059598, "action": [0.0, 0]}}}, "1": {"0": {"[1.0, 0]": {"num_count": 63, "sum_payoffs": 15.149999997222485, "action": [1.0, 0]}, "[0.0, 0]": {"num_count": 37, "sum_payoffs": 4.349999999202499, "action": [0.0, 0]}}, "1": {"[1.0, 0]": {"num_count": 56, "sum_payoffs": 21.659999996028983, "action": [1.0, 0]}, "[0.0, 0]": {"num_count": 44, "sum_payoffs": 14.30999999737649, "action": [0.0, 0]}}}}