{"9": {"0": {"[1.0, 0.0]": {"num_count": 182, "sum_payoffs": 49.4376718387034, "action": [1.0, 0.0]}, "[1.0, 1.5707963267948966]": {"num_count": 179, "sum_payoffs": 48.17679260021595, "action": [1.0, 1.5707963267948966]}, "[1.0, -1.5707963267948966]": {"num_count": 182, "sum_payoffs": 49.390071675873315, "action": [1.0, -1.5707963267948966]}, "[0.0, 0.0]": {"num_count": 169, "sum_payoffs": 44.08152914367898, "action": [0.0, 0.0]}, "[2.0, 1.5707963267948966]": {"num_count": 185, "sum_payoffs": 50.691119398343616, "action": [2.0, 1.5707963267948966]}, "[2.0, -1.5707963267948966]": {"num_count": 173, "sum_payoffs": 45.77025430450645, "action": [2.0, -1.5707963267948966]}, "[2.0, 0.0]": {"num_count": 182, "sum_payoffs": 49.488203396934665, "action": [2.0, 0.0]}, "[0.0, -1.5707963267948966]": {"num_count": 176, "sum_payoffs": 46.829028634515865, "action": [0.0, -1.5707963267948966]}, "[0.0, 1.5707963267948966]": {"num_count": 172, "sum_payoffs": 45.21385624627473, "action": [0.0, 1.5707963267948966]}}, "1": {"[0.0, 1.5707963267948966]": {"num_count": 252, "sum_payoffs": 62.45500357588296, "action": [0.0, 1.5707963267948966]}, "[1.0, 1.5707963267948966]": {"num_count": 283, "sum_payoffs": 74.0628901517567, "action": [1.0, 1.5707963267948966]}, "[0.0, 0.0]": {"num_count": 258, "sum_payoffs": 64.75181131485816, "action": [0.0, 0.0]}, "[1.0, 0.0]": {"num_count": 283, "sum_payoffs": 74.03481176512439, "action": [1.0, 0.0]}, "[1.0, -1.5707963267948966]": {"num_count": 274, "sum_payoffs": 70.68987816493275, "action": [1.0, -1.5707963267948966]}, "[0.0, -1.5707963267948966]": {"num_count": 250, "sum_payoffs": 61.80003406087301, "action": [0.0, -1.5707963267948966]}}}}