{"5": {"0": {"[2.0, 1.5707963267948966]": {"num_count": 416, "sum_payoffs": 135.75444923245797, "action": [2.0, 1.5707963267948966]}, "[0.0, -1.5707963267948966]": {"num_count": 385, "sum_payoffs": 122.56016614632178, "action": [0.0, -1.5707963267948966]}, "[2.0, 0.0]": {"num_count": 432, "sum_payoffs": 142.68580211179363, "action": [2.0, 0.0]}, "[1.0, -1.5707963267948966]": {"num_count": 410, "sum_payoffs": 133.164228992198, "action": [1.0, -1.5707963267948966]}, "[1.0, 0.0]": {"num_count": 393, "sum_payoffs": 126.0943182480325, "action": [1.0, 0.0]}, "[0.0, 1.5707963267948966]": {"num_count": 365, "sum_payoffs": 114.13709802041485, "action": [0.0, 1.5707963267948966]}, "[2.0, -1.5707963267948966]": {"num_count": 428, "sum_payoffs": 140.9544555604541, "action": [2.0, -1.5707963267948966]}, "[1.0, 1.5707963267948966]": {"num_count": 383, "sum_payoffs": 121.78251905033412, "action": [1.0, 1.5707963267948966]}, "[0.0, 0.0]": {"num_count": 388, "sum_payoffs": 123.92583795514618, "action": [0.0, 0.0]}}, "1": {"[0.0, 1.5707963267948966]": {"num_count": 544, "sum_payoffs": 174.38461500619283, "action": [0.0, 1.5707963267948966]}, "[1.0, -1.5707963267948966]": {"num_count": 634, "sum_payoffs": 211.42965478072992, "action": [1.0, -1.5707963267948966]}, "[0.0, 0.0]": {"num_count": 548, "sum_payoffs": 176.05881394714478, "action": [0.0, 0.0]}, "[1.0, 1.5707963267948966]": {"num_count": 631, "sum_payoffs": 210.08163925943975, "action": [1.0, 1.5707963267948966]}, "[1.0, 0.0]": {"num_count": 681, "sum_payoffs": 230.84138904908724, "action": [1.0, 0.0]}, "[0.0, -1.5707963267948966]": {"num_count": 562, "sum_payoffs": 181.7742947910432, "action": [0.0, -1.5707963267948966]}}}}