{"2": {"0": {"[1.0, 0]": {"num_count": 1591, "sum_payoffs": 136.26539997274912, "action": [1.0, 0]}, "[0.0, 0]": {"num_count": 1009, "sum_payoffs": 60.69239998786084, "action": [0.0, 0]}}, "1": {"[0.0, 0]": {"num_count": 1024, "sum_payoffs": 62.47034998750519, "action": [0.0, 0]}, "[1.0, 0]": {"num_count": 1576, "sum_payoffs": 134.05004997319216, "action": [1.0, 0]}}}, "1": {"0": {"[1.0, 0]": {"num_count": 1306, "sum_payoffs": 107.22599997855704, "action": [1.0, 0]}, "[0.0, 0]": {"num_count": 1294, "sum_payoffs": 105.5339999788954, "action": [0.0, 0]}}, "1": {"[1.0, 0]": {"num_count": 1306, "sum_payoffs": 107.22599997855704, "action": [1.0, 0]}, "[0.0, 0]": {"num_count": 1294, "sum_payoffs": 105.5339999788954, "action": [0.0, 0]}}}}