{"alphat_eff_gamelength_4": 0.6153846153846154, "runtime_gamelength_4": 7.939142942428589, "max_timestep": 4, "winner": [0, 0], "runtime": 7.939414024353027, "T_terminal": 1, "trajectory_0": [[1.0, 3.0, 0.0, 0], [3.0, 3.0, 0.0, 1]], "trajectory_1": [[3.0, 3.0, 0.0, 0], [4.0, 3.0, 0.0, 1]], "coll_payoff_0": [1.0], "lead_payoff_0": [0.75], "coll_payoff_1": [1.0], "lead_payoff_1": [0.25], "payoff_total": [[0.6020114941671217, 0.5646551723301005]], "final_lead_payoff_0": [0.46551724137931033], "final_lead_payoff_1": [0.5344827586206896]}