{"1": {"0": {"[2.0, 0.0]": {"num_count": 597, "sum_payoffs": 157.1514242616652, "action": [2.0, 0.0]}, "[0.0, 1.5707963267948966]": {"num_count": 429, "sum_payoffs": 99.94002996835135, "action": [0.0, 1.5707963267948966]}, "[0.0, 0.0]": {"num_count": 434, "sum_payoffs": 101.58920538037036, "action": [0.0, 0.0]}, "[2.0, -1.5707963267948966]": {"num_count": 602, "sum_payoffs": 158.8405796836723, "action": [2.0, -1.5707963267948966]}, "[1.0, -1.5707963267948966]": {"num_count": 510, "sum_payoffs": 127.1364317629195, "action": [1.0, -1.5707963267948966]}, "[0.0, -1.5707963267948966]": {"num_count": 427, "sum_payoffs": 99.28035980354375, "action": [0.0, -1.5707963267948966]}, "[2.0, 1.5707963267948966]": {"num_count": 595, "sum_payoffs": 156.4717640918632, "action": [2.0, 1.5707963267948966]}, "[1.0, 0.0]": {"num_count": 502, "sum_payoffs": 124.51774110868324, "action": [1.0, 0.0]}, "[1.0, 1.5707963267948966]": {"num_count": 504, "sum_payoffs": 125.19740127848502, "action": [1.0, 1.5707963267948966]}}, "1": {"[2.0, 1.5707963267948966]": {"num_count": 602, "sum_payoffs": 206.89655168965606, "action": [2.0, 1.5707963267948966]}, "[1.0, 0.0]": {"num_count": 512, "sum_payoffs": 168.77561216577442, "action": [1.0, 0.0]}, "[2.0, -1.5707963267948966]": {"num_count": 598, "sum_payoffs": 205.19740126515165, "action": [2.0, -1.5707963267948966]}, "[0.0, 1.5707963267948966]": {"num_count": 429, "sum_payoffs": 134.18290852336415, "action": [0.0, 1.5707963267948966]}, "[0.0, -1.5707963267948966]": {"num_count": 430, "sum_payoffs": 134.59270362574463, "action": [0.0, -1.5707963267948966]}, "[1.0, -1.5707963267948966]": {"num_count": 506, "sum_payoffs": 166.25687153650918, "action": [1.0, -1.5707963267948966]}, "[0.0, 0.0]": {"num_count": 427, "sum_payoffs": 133.36331831860315, "action": [0.0, 0.0]}, "[1.0, 1.5707963267948966]": {"num_count": 503, "sum_payoffs": 164.94752620939113, "action": [1.0, 1.5707963267948966]}, "[2.0, 0.0]": {"num_count": 593, "sum_payoffs": 203.088455738267, "action": [2.0, 0.0]}}}}