{"10": {"0": {"[2.0, -1.5707963267948966]": {"num_count": 479, "sum_payoffs": 123.11474954858403, "action": [2.0, -1.5707963267948966]}, "[1.0, 1.5707963267948966]": {"num_count": 452, "sum_payoffs": 113.70912683627397, "action": [1.0, 1.5707963267948966]}, "[0.0, -1.5707963267948966]": {"num_count": 439, "sum_payoffs": 109.14711376452343, "action": [0.0, -1.5707963267948966]}, "[1.0, 0.0]": {"num_count": 457, "sum_payoffs": 115.41123529821768, "action": [1.0, 0.0]}, "[2.0, 1.5707963267948966]": {"num_count": 459, "sum_payoffs": 116.15137554305586, "action": [2.0, 1.5707963267948966]}, "[2.0, 0.0]": {"num_count": 487, "sum_payoffs": 125.85858075825826, "action": [2.0, 0.0]}, "[1.0, -1.5707963267948966]": {"num_count": 452, "sum_payoffs": 113.66111673600338, "action": [1.0, -1.5707963267948966]}, "[0.0, 1.5707963267948966]": {"num_count": 439, "sum_payoffs": 109.19311376875142, "action": [0.0, 1.5707963267948966]}, "[0.0, 0.0]": {"num_count": 436, "sum_payoffs": 108.09292248503479, "action": [0.0, 0.0]}}, "1": {"[1.0, 0.0]": {"num_count": 714, "sum_payoffs": 170.88507989937085, "action": [1.0, 0.0]}, "[0.0, -1.5707963267948966]": {"num_count": 648, "sum_payoffs": 150.153809675453, "action": [0.0, -1.5707963267948966]}, "[0.0, 1.5707963267948966]": {"num_count": 652, "sum_payoffs": 151.3122090328411, "action": [0.0, 1.5707963267948966]}, "[1.0, -1.5707963267948966]": {"num_count": 704, "sum_payoffs": 167.77678850281598, "action": [1.0, -1.5707963267948966]}, "[0.0, 0.0]": {"num_count": 673, "sum_payoffs": 158.01153566433808, "action": [0.0, 0.0]}, "[1.0, 1.5707963267948966]": {"num_count": 709, "sum_payoffs": 169.3229294582346, "action": [1.0, 1.5707963267948966]}}}}