{"2": {"0": {"[0.0, 0]": {"num_count": 270, "sum_payoffs": 52.28774998823525, "action": [0.0, 0]}, "[1.0, 0]": {"num_count": 4330, "sum_payoffs": 1203.7131411765793, "action": [1.0, 0]}}, "1": {"[0.0, 0]": {"num_count": 300, "sum_payoffs": 63.721124985662826, "action": [0.0, 0]}, "[1.0, 0]": {"num_count": 4300, "sum_payoffs": 1201.5745161770594, "action": [1.0, 0]}}}, "1": {"0": {"[0.0, 0]": {"num_count": 279, "sum_payoffs": 76.92187498269223, "action": [0.0, 0]}, "[1.0, 0]": {"num_count": 4321, "sum_payoffs": 1319.6362497031123, "action": [1.0, 0]}}, "1": {"[0.0, 0]": {"num_count": 347, "sum_payoffs": 98.48812497783965, "action": [0.0, 0]}, "[1.0, 0]": {"num_count": 4253, "sum_payoffs": 1301.1074997072842, "action": [1.0, 0]}}}}