{"2": {"0": {"[0.0, 0]": {"num_count": 523, "sum_payoffs": 97.62524998047449, "action": [0.0, 0]}, "[1.0, 0]": {"num_count": 1077, "sum_payoffs": 256.1665262645606, "action": [1.0, 0]}}, "1": {"[1.0, 0]": {"num_count": 1081, "sum_payoffs": 258.1028762641734, "action": [1.0, 0]}, "[0.0, 0]": {"num_count": 519, "sum_payoffs": 97.00109998059946, "action": [0.0, 0]}}}, "1": {"0": {"[1.0, 0]": {"num_count": 1005, "sum_payoffs": 258.42149994831135, "action": [1.0, 0]}, "[0.0, 0]": {"num_count": 595, "sum_payoffs": 131.33699997373125, "action": [0.0, 0]}}, "1": {"[1.0, 0]": {"num_count": 1005, "sum_payoffs": 258.66449994826274, "action": [1.0, 0]}, "[0.0, 0]": {"num_count": 595, "sum_payoffs": 131.57999997368262, "action": [0.0, 0]}}}}