{"2": {"0": {"[1.0, 0]": {"num_count": 802, "sum_payoffs": 309.6427498142098, "action": [1.0, 0]}, "[0.0, 0]": {"num_count": 298, "sum_payoffs": 89.84924994609047, "action": [0.0, 0]}}, "1": {"[1.0, 0]": {"num_count": 782, "sum_payoffs": 303.2639998180372, "action": [1.0, 0]}, "[0.0, 0]": {"num_count": 318, "sum_payoffs": 99.14399994051357, "action": [0.0, 0]}}}, "1": {"0": {"[1.0, 0]": {"num_count": 708, "sum_payoffs": 298.687499820788, "action": [1.0, 0]}, "[0.0, 0]": {"num_count": 392, "sum_payoffs": 146.40749991215486, "action": [0.0, 0]}}, "1": {"[0.0, 0]": {"num_count": 400, "sum_payoffs": 150.45749990972485, "action": [0.0, 0]}, "[1.0, 0]": {"num_count": 700, "sum_payoffs": 295.44749982273186, "action": [1.0, 0]}}}}