{"2": {"0": {"[1.0, 0]": {"num_count": 2305, "sum_payoffs": 6.186315785761895, "action": [1.0, 0]}, "[0.0, 0]": {"num_count": 2295, "sum_payoffs": 5.759999996544, "action": [0.0, 0]}}, "1": {"[0.0, 0]": {"num_count": 2315, "sum_payoffs": 6.659999996004, "action": [0.0, 0]}, "[1.0, 0]": {"num_count": 2285, "sum_payoffs": 5.286315786301895, "action": [1.0, 0]}}}, "1": {"0": {"[0.0, 0]": {"num_count": 2279, "sum_payoffs": 0.0, "action": [0.0, 0]}, "[1.0, 0]": {"num_count": 2321, "sum_payoffs": 1.79999999892, "action": [1.0, 0]}}, "1": {"[1.0, 0]": {"num_count": 2300, "sum_payoffs": 0.89999999946, "action": [1.0, 0]}, "[0.0, 0]": {"num_count": 2300, "sum_payoffs": 0.89999999946, "action": [0.0, 0]}}}}