{"4": {"0": {"[1.0, 0.0]": {"num_count": 189, "sum_payoffs": 63.02677963390672, "action": [1.0, 0.0]}, "[0.0, -1.5707963267948966]": {"num_count": 162, "sum_payoffs": 50.27565258148268, "action": [0.0, -1.5707963267948966]}, "[1.0, -1.5707963267948966]": {"num_count": 179, "sum_payoffs": 58.22656913124653, "action": [1.0, -1.5707963267948966]}, "[1.0, 1.5707963267948966]": {"num_count": 173, "sum_payoffs": 55.45402550480366, "action": [1.0, 1.5707963267948966]}, "[0.0, 0.0]": {"num_count": 180, "sum_payoffs": 58.64001984758313, "action": [0.0, 0.0]}, "[2.0, 1.5707963267948966]": {"num_count": 189, "sum_payoffs": 63.00538224914248, "action": [2.0, 1.5707963267948966]}, "[2.0, -1.5707963267948966]": {"num_count": 181, "sum_payoffs": 59.27740662758181, "action": [2.0, -1.5707963267948966]}, "[0.0, 1.5707963267948966]": {"num_count": 155, "sum_payoffs": 47.15253616322175, "action": [0.0, 1.5707963267948966]}, "[2.0, 0.0]": {"num_count": 192, "sum_payoffs": 64.39914980405584, "action": [2.0, 0.0]}}, "1": {"[2.0, -1.5707963267948966]": {"num_count": 196, "sum_payoffs": 80.23328790528281, "action": [2.0, -1.5707963267948966]}, "[0.0, 0.0]": {"num_count": 166, "sum_payoffs": 63.98763511424486, "action": [0.0, 0.0]}, "[0.0, 1.5707963267948966]": {"num_count": 143, "sum_payoffs": 51.86119314597955, "action": [0.0, 1.5707963267948966]}, "[1.0, -1.5707963267948966]": {"num_count": 169, "sum_payoffs": 65.53605843295722, "action": [1.0, -1.5707963267948966]}, "[0.0, -1.5707963267948966]": {"num_count": 159, "sum_payoffs": 60.11520358807861, "action": [0.0, -1.5707963267948966]}, "[2.0, 0.0]": {"num_count": 213, "sum_payoffs": 89.56715951515618, "action": [2.0, 0.0]}, "[1.0, 0.0]": {"num_count": 184, "sum_payoffs": 73.68270226106083, "action": [1.0, 0.0]}, "[1.0, 1.5707963267948966]": {"num_count": 176, "sum_payoffs": 69.30153540104277, "action": [1.0, 1.5707963267948966]}, "[2.0, 1.5707963267948966]": {"num_count": 194, "sum_payoffs": 79.10696417520774, "action": [2.0, 1.5707963267948966]}}}}