{"9": {"0": {"[0.0, 0.0]": {"num_count": 122, "sum_payoffs": 32.7492268342598, "action": [0.0, 0.0]}, "[1.0, 1.5707963267948966]": {"num_count": 123, "sum_payoffs": 33.11056576203903, "action": [1.0, 1.5707963267948966]}, "[0.0, -1.5707963267948966]": {"num_count": 121, "sum_payoffs": 32.15143785363088, "action": [0.0, -1.5707963267948966]}, "[2.0, 1.5707963267948966]": {"num_count": 119, "sum_payoffs": 31.33567338038462, "action": [2.0, 1.5707963267948966]}, "[2.0, 0.0]": {"num_count": 126, "sum_payoffs": 34.45364086358192, "action": [2.0, 0.0]}, "[2.0, -1.5707963267948966]": {"num_count": 124, "sum_payoffs": 33.49690048100668, "action": [2.0, -1.5707963267948966]}, "[1.0, 0.0]": {"num_count": 120, "sum_payoffs": 31.893904958541963, "action": [1.0, 0.0]}, "[0.0, 1.5707963267948966]": {"num_count": 119, "sum_payoffs": 31.292880897167258, "action": [0.0, 1.5707963267948966]}, "[1.0, -1.5707963267948966]": {"num_count": 126, "sum_payoffs": 34.50740656323315, "action": [1.0, -1.5707963267948966]}}, "1": {"[1.0, -1.5707963267948966]": {"num_count": 191, "sum_payoffs": 49.81496704207446, "action": [1.0, -1.5707963267948966]}, "[1.0, 0.0]": {"num_count": 194, "sum_payoffs": 51.05933093183401, "action": [1.0, 0.0]}, "[0.0, -1.5707963267948966]": {"num_count": 177, "sum_payoffs": 44.330368230898465, "action": [0.0, -1.5707963267948966]}, "[0.0, 0.0]": {"num_count": 180, "sum_payoffs": 45.54653239253188, "action": [0.0, 0.0]}, "[1.0, 1.5707963267948966]": {"num_count": 185, "sum_payoffs": 47.52458464764033, "action": [1.0, 1.5707963267948966]}, "[0.0, 1.5707963267948966]": {"num_count": 173, "sum_payoffs": 42.76852299561913, "action": [0.0, 1.5707963267948966]}}}}