{"2": {"0": {"[1.0, 0]": {"num_count": 1943, "sum_payoffs": 574.0001998852113, "action": [1.0, 0]}, "[0.0, 0]": {"num_count": 157, "sum_payoffs": 35.63933683497747, "action": [0.0, 0]}}, "1": {"[1.0, 0]": {"num_count": 1870, "sum_payoffs": 555.7751998888554, "action": [1.0, 0]}, "[0.0, 0]": {"num_count": 230, "sum_payoffs": 63.778736829349704, "action": [0.0, 0]}}}, "1": {"0": {"[1.0, 0]": {"num_count": 1963, "sum_payoffs": 642.6899998714555, "action": [1.0, 0]}, "[0.0, 0]": {"num_count": 137, "sum_payoffs": 37.43999999251192, "action": [0.0, 0]}}, "1": {"[0.0, 0]": {"num_count": 135, "sum_payoffs": 37.763999992447125, "action": [0.0, 0]}, "[1.0, 0]": {"num_count": 1965, "sum_payoffs": 644.3099998711308, "action": [1.0, 0]}}}}