{"13": {"0": {"[0.0, 1.5707963267948966]": {"num_count": 223, "sum_payoffs": 50.5364644302069, "action": [0.0, 1.5707963267948966]}, "[2.0, -1.5707963267948966]": {"num_count": 241, "sum_payoffs": 57.06644364033952, "action": [2.0, -1.5707963267948966]}, "[0.0, 0.0]": {"num_count": 224, "sum_payoffs": 50.9387486996985, "action": [0.0, 0.0]}, "[0.0, -1.5707963267948966]": {"num_count": 236, "sum_payoffs": 55.129332314442046, "action": [0.0, -1.5707963267948966]}, "[2.0, 0.0]": {"num_count": 243, "sum_payoffs": 57.70016185201081, "action": [2.0, 0.0]}, "[1.0, -1.5707963267948966]": {"num_count": 239, "sum_payoffs": 56.243068581902804, "action": [1.0, -1.5707963267948966]}, "[2.0, 1.5707963267948966]": {"num_count": 234, "sum_payoffs": 54.437842515907384, "action": [2.0, 1.5707963267948966]}, "[1.0, 0.0]": {"num_count": 225, "sum_payoffs": 51.174496723381665, "action": [1.0, 0.0]}, "[1.0, 1.5707963267948966]": {"num_count": 235, "sum_payoffs": 54.83347501089253, "action": [1.0, 1.5707963267948966]}}, "1": {"[0.0, -1.5707963267948966]": {"num_count": 338, "sum_payoffs": 70.13197579988143, "action": [0.0, -1.5707963267948966]}, "[0.0, 0.0]": {"num_count": 337, "sum_payoffs": 69.8368125724619, "action": [0.0, 0.0]}, "[1.0, 0.0]": {"num_count": 357, "sum_payoffs": 76.14509594181256, "action": [1.0, 0.0]}, "[1.0, -1.5707963267948966]": {"num_count": 364, "sum_payoffs": 78.26613004627302, "action": [1.0, -1.5707963267948966]}, "[1.0, 1.5707963267948966]": {"num_count": 358, "sum_payoffs": 76.38256342763451, "action": [1.0, 1.5707963267948966]}, "[0.0, 1.5707963267948966]": {"num_count": 346, "sum_payoffs": 72.64489998425127, "action": [0.0, 1.5707963267948966]}}}}