{"2": {"0": {"[0.0, 0]": {"num_count": 1331, "sum_payoffs": 102.21862497700019, "action": [0.0, 0]}, "[1.0, 0]": {"num_count": 2269, "sum_payoffs": 233.18967428962765, "action": [1.0, 0]}}, "1": {"[0.0, 0]": {"num_count": 1311, "sum_payoffs": 99.72112497756251, "action": [0.0, 0]}, "[1.0, 0]": {"num_count": 2289, "sum_payoffs": 236.41617428890203, "action": [1.0, 0]}}}, "1": {"0": {"[0.0, 0]": {"num_count": 1514, "sum_payoffs": 140.60249996836225, "action": [0.0, 0]}, "[1.0, 0]": {"num_count": 2086, "sum_payoffs": 225.87187494918376, "action": [1.0, 0]}}, "1": {"[1.0, 0]": {"num_count": 2084, "sum_payoffs": 225.6187499492407, "action": [1.0, 0]}, "[0.0, 0]": {"num_count": 1516, "sum_payoffs": 140.95687496828256, "action": [0.0, 0]}}}}