{"2": {"0": {"[1.0, 0]": {"num_count": 59, "sum_payoffs": 16.124032891108932, "action": [1.0, 0]}, "[0.0, 0]": {"num_count": 41, "sum_payoffs": 7.669124998274448, "action": [0.0, 0]}}, "1": {"[0.0, 0]": {"num_count": 42, "sum_payoffs": 8.1191249981732, "action": [0.0, 0]}, "[1.0, 0]": {"num_count": 58, "sum_payoffs": 15.491782891251193, "action": [1.0, 0]}}}, "1": {"0": {"[1.0, 0]": {"num_count": 57, "sum_payoffs": 13.758749996904273, "action": [1.0, 0]}, "[0.0, 0]": {"num_count": 43, "sum_payoffs": 7.638749998281285, "action": [0.0, 0]}}, "1": {"[0.0, 0]": {"num_count": 43, "sum_payoffs": 7.942499998212943, "action": [0.0, 0]}, "[1.0, 0]": {"num_count": 57, "sum_payoffs": 13.859999996881491, "action": [1.0, 0]}}}}