{"2": {"0": {"[0.0, 0]": {"num_count": 109, "sum_payoffs": 19.55612368029932, "action": [0.0, 0]}, "[1.0, 0]": {"num_count": 491, "sum_payoffs": 118.16682629215546, "action": [1.0, 0]}}, "1": {"[0.0, 0]": {"num_count": 95, "sum_payoffs": 16.494323680911688, "action": [0.0, 0]}, "[1.0, 0]": {"num_count": 505, "sum_payoffs": 117.0733262923741, "action": [1.0, 0]}}}, "1": {"0": {"[0.0, 0]": {"num_count": 103, "sum_payoffs": 20.89349999582131, "action": [0.0, 0]}, "[1.0, 0]": {"num_count": 497, "sum_payoffs": 126.22949997475278, "action": [1.0, 0]}}, "1": {"[1.0, 0]": {"num_count": 491, "sum_payoffs": 124.64999997506874, "action": [1.0, 0]}, "[0.0, 0]": {"num_count": 109, "sum_payoffs": 21.986999995602613, "action": [0.0, 0]}}}}