{"2": {"0": {"[0.0, 0]": {"num_count": 219, "sum_payoffs": 33.90749999237079, "action": [0.0, 0]}, "[1.0, 0]": {"num_count": 381, "sum_payoffs": 81.2784078764493, "action": [1.0, 0]}}, "1": {"[0.0, 0]": {"num_count": 219, "sum_payoffs": 34.089749992329764, "action": [0.0, 0]}, "[1.0, 0]": {"num_count": 381, "sum_payoffs": 81.82515787632627, "action": [1.0, 0]}}}, "1": {"0": {"[1.0, 0]": {"num_count": 344, "sum_payoffs": 74.81249998316765, "action": [1.0, 0]}, "[0.0, 0]": {"num_count": 256, "sum_payoffs": 47.83499998923736, "action": [0.0, 0]}}, "1": {"[1.0, 0]": {"num_count": 343, "sum_payoffs": 74.71124998319044, "action": [1.0, 0]}, "[0.0, 0]": {"num_count": 257, "sum_payoffs": 48.34124998912346, "action": [0.0, 0]}}}}