{"2": {"0": {"[1.0, 0]": {"num_count": 4237, "sum_payoffs": 792.1445327165228, "action": [1.0, 0]}, "[0.0, 0]": {"num_count": 363, "sum_payoffs": 49.86562498878011, "action": [0.0, 0]}}, "1": {"[0.0, 0]": {"num_count": 322, "sum_payoffs": 44.21024999005259, "action": [0.0, 0]}, "[1.0, 0]": {"num_count": 4278, "sum_payoffs": 800.5336577146365, "action": [1.0, 0]}}}, "1": {"0": {"[0.0, 0]": {"num_count": 291, "sum_payoffs": 52.69499998814394, "action": [0.0, 0]}, "[1.0, 0]": {"num_count": 4309, "sum_payoffs": 880.2562498018864, "action": [1.0, 0]}}, "1": {"[1.0, 0]": {"num_count": 4238, "sum_payoffs": 865.3724998052394, "action": [1.0, 0]}, "[0.0, 0]": {"num_count": 362, "sum_payoffs": 67.37624998484085, "action": [0.0, 0]}}}}