{"10": {"0": {"[0.0, 1.5707963267948966]": {"num_count": 430, "sum_payoffs": 106.17095236812763, "action": [0.0, 1.5707963267948966]}, "[1.0, -1.5707963267948966]": {"num_count": 456, "sum_payoffs": 115.14836823170009, "action": [1.0, -1.5707963267948966]}, "[2.0, 0.0]": {"num_count": 490, "sum_payoffs": 126.9701016235414, "action": [2.0, 0.0]}, "[2.0, -1.5707963267948966]": {"num_count": 476, "sum_payoffs": 122.10000589918297, "action": [2.0, -1.5707963267948966]}, "[0.0, -1.5707963267948966]": {"num_count": 441, "sum_payoffs": 109.82409895246838, "action": [0.0, -1.5707963267948966]}, "[0.0, 0.0]": {"num_count": 441, "sum_payoffs": 109.88366053746957, "action": [0.0, 0.0]}, "[1.0, 1.5707963267948966]": {"num_count": 459, "sum_payoffs": 116.110858975121, "action": [1.0, 1.5707963267948966]}, "[2.0, 1.5707963267948966]": {"num_count": 453, "sum_payoffs": 114.11795671404425, "action": [2.0, 1.5707963267948966]}, "[1.0, 0.0]": {"num_count": 454, "sum_payoffs": 114.4490192205519, "action": [1.0, 0.0]}}, "1": {"[0.0, 0.0]": {"num_count": 666, "sum_payoffs": 155.38332497039983, "action": [0.0, 0.0]}, "[0.0, 1.5707963267948966]": {"num_count": 657, "sum_payoffs": 152.61542134210225, "action": [0.0, 1.5707963267948966]}, "[0.0, -1.5707963267948966]": {"num_count": 648, "sum_payoffs": 149.77167909164794, "action": [0.0, -1.5707963267948966]}, "[1.0, -1.5707963267948966]": {"num_count": 708, "sum_payoffs": 168.57064549606423, "action": [1.0, -1.5707963267948966]}, "[1.0, 0.0]": {"num_count": 729, "sum_payoffs": 175.19266566355026, "action": [1.0, 0.0]}, "[1.0, 1.5707963267948966]": {"num_count": 692, "sum_payoffs": 163.515402072854, "action": [1.0, 1.5707963267948966]}}}}