{"2": {"0": {"[0.0, 0]": {"num_count": 854, "sum_payoffs": 175.81649995311307, "action": [0.0, 0]}, "[1.0, 0]": {"num_count": 2246, "sum_payoffs": 580.5881051083381, "action": [1.0, 0]}}, "1": {"[0.0, 0]": {"num_count": 874, "sum_payoffs": 181.7399999515333, "action": [0.0, 0]}, "[1.0, 0]": {"num_count": 2226, "sum_payoffs": 575.8796051095927, "action": [1.0, 0]}}}, "1": {"0": {"[1.0, 0]": {"num_count": 1983, "sum_payoffs": 557.2049998514276, "action": [1.0, 0]}, "[0.0, 0]": {"num_count": 1117, "sum_payoffs": 280.4249999252187, "action": [0.0, 0]}}, "1": {"[1.0, 0]": {"num_count": 1979, "sum_payoffs": 556.2599998516795, "action": [1.0, 0]}, "[0.0, 0]": {"num_count": 1121, "sum_payoffs": 281.9099999248228, "action": [0.0, 0]}}}}