{"2": {"0": {"[1.0, 0]": {"num_count": 51, "sum_payoffs": 5.286315788284263, "action": [1.0, 0]}, "[0.0, 0]": {"num_count": 49, "sum_payoffs": 4.94999999888625, "action": [0.0, 0]}}, "1": {"[0.0, 0]": {"num_count": 47, "sum_payoffs": 4.04999999908875, "action": [0.0, 0]}, "[1.0, 0]": {"num_count": 53, "sum_payoffs": 6.186315788081763, "action": [1.0, 0]}}}, "1": {"0": {"[0.0, 0]": {"num_count": 48, "sum_payoffs": 0.8999999997975, "action": [0.0, 0]}, "[1.0, 0]": {"num_count": 52, "sum_payoffs": 1.799999999595, "action": [1.0, 0]}}, "1": {"[1.0, 0]": {"num_count": 52, "sum_payoffs": 1.799999999595, "action": [1.0, 0]}, "[0.0, 0]": {"num_count": 48, "sum_payoffs": 0.8999999997975, "action": [0.0, 0]}}}}