{"2": {"0": {"[0.0, 0]": {"num_count": 208, "sum_payoffs": 29.92757142344096, "action": [0.0, 0]}, "[1.0, 0]": {"num_count": 2392, "sum_payoffs": 511.49327810778334, "action": [1.0, 0]}}, "1": {"[0.0, 0]": {"num_count": 161, "sum_payoffs": 27.084857138213994, "action": [0.0, 0]}, "[1.0, 0]": {"num_count": 2439, "sum_payoffs": 523.91713524851, "action": [1.0, 0]}}}, "1": {"0": {"[0.0, 0]": {"num_count": 185, "sum_payoffs": 38.687142850510625, "action": [0.0, 0]}, "[1.0, 0]": {"num_count": 2415, "sum_payoffs": 566.9614284742331, "action": [1.0, 0]}}, "1": {"[0.0, 0]": {"num_count": 182, "sum_payoffs": 35.21571427967718, "action": [0.0, 0]}, "[1.0, 0]": {"num_count": 2418, "sum_payoffs": 564.6471427603448, "action": [1.0, 0]}}}}