{"2": {"0": {"[0.0, 0]": {"num_count": 329, "sum_payoffs": 61.153874978596065, "action": [0.0, 0]}, "[1.0, 0]": {"num_count": 3771, "sum_payoffs": 715.4172826443191, "action": [1.0, 0]}}, "1": {"[0.0, 0]": {"num_count": 3665, "sum_payoffs": 644.5766247743898, "action": [0.0, 0]}, "[1.0, 0]": {"num_count": 435, "sum_payoffs": 85.52078286480486, "action": [1.0, 0]}}}, "1": {"0": {"[1.0, 0]": {"num_count": 3813, "sum_payoffs": 827.4037497104388, "action": [1.0, 0]}, "[0.0, 0]": {"num_count": 287, "sum_payoffs": 66.36374997677268, "action": [0.0, 0]}}, "1": {"[1.0, 0]": {"num_count": 3823, "sum_payoffs": 748.5862497380139, "action": [1.0, 0]}, "[0.0, 0]": {"num_count": 277, "sum_payoffs": 20.64374999277464, "action": [0.0, 0]}}}}