{"2": {"0": {"[0.0, 0]": {"num_count": 527, "sum_payoffs": 5.0399999986560005, "action": [0.0, 0]}, "[1.0, 0]": {"num_count": 573, "sum_payoffs": 6.186315787824, "action": [1.0, 0]}}, "1": {"[0.0, 0]": {"num_count": 525, "sum_payoffs": 5.0399999986560005, "action": [0.0, 0]}, "[1.0, 0]": {"num_count": 575, "sum_payoffs": 6.186315787824, "action": [1.0, 0]}}}, "1": {"0": {"[0.0, 0]": {"num_count": 540, "sum_payoffs": 0.89999999976, "action": [0.0, 0]}, "[1.0, 0]": {"num_count": 560, "sum_payoffs": 1.79999999952, "action": [1.0, 0]}}, "1": {"[0.0, 0]": {"num_count": 537, "sum_payoffs": 0.89999999976, "action": [0.0, 0]}, "[1.0, 0]": {"num_count": 563, "sum_payoffs": 1.79999999952, "action": [1.0, 0]}}}}