{"2": {"0": {"[0.0, 0]": {"num_count": 333, "sum_payoffs": 37.18642668535456, "action": [0.0, 0]}, "[1.0, 0]": {"num_count": 3267, "sum_payoffs": 513.3310713405513, "action": [1.0, 0]}}, "1": {"[0.0, 0]": {"num_count": 255, "sum_payoffs": 31.6408195434481, "action": [0.0, 0]}, "[1.0, 0]": {"num_count": 3345, "sum_payoffs": 554.4935356192075, "action": [1.0, 0]}}}, "1": {"0": {"[1.0, 0]": {"num_count": 3319, "sum_payoffs": 585.6171427567263, "action": [1.0, 0]}, "[0.0, 0]": {"num_count": 281, "sum_payoffs": 45.29571427794916, "action": [0.0, 0]}}, "1": {"[0.0, 0]": {"num_count": 254, "sum_payoffs": 35.57571427961555, "action": [0.0, 0]}, "[1.0, 0]": {"num_count": 3346, "sum_payoffs": 586.3114284708928, "action": [1.0, 0]}}}}