{"runtime": 0.6275639533996582, "winner": [0, 1], "T_terminal": 12, "trajectories": [[1.0, 3.0, 0.0, 3.0, 3.0, 0.0, 0.0], [2.0, 3.0, 1.5707963267948966, 4.0, 3.0, 0.0, 1.0], [2.0, 4.0, 3.141592653589793, 5.0, 3.0, 4.71238898038469, 2.0], [1.0, 4.0, 4.71238898038469, 5.0, 3.0, 0.0, 3.0], [1.0, 4.0, 4.71238898038469, 6.0, 3.0, 4.71238898038469, 4.0], [1.0, 4.0, 0.0, 6.0, 3.0, 0.0, 5.0], [1.0, 4.0, 0.0, 6.0, 3.0, 0.0, 6.0], [3.0, 4.0, 0.0, 6.0, 3.0, 1.5707963267948966, 7.0], [3.0, 4.0, 4.71238898038469, 6.0, 3.0, 3.141592653589793, 8.0], [3.0, 4.0, 3.141592653589793, 6.0, 3.0, 3.141592653589793, 9.0], [1.0, 4.0, 3.141592653589793, 5.0, 3.0, 4.71238898038469, 10.0], [1.0, 4.0, 3.141592653589793, 5.0, 3.0, 0.0, 11.0], [1.0, 4.0, 3.141592653589793, 5.0, 3.0, 0.0, 12.0], [2.0, 3.0, 1.5707963267948966, 4.0, 3.0, 0.0, 1.0], [2.0, 4.0, 3.141592653589793, 5.0, 3.0, 4.71238898038469, 2.0], [1.0, 4.0, 4.71238898038469, 5.0, 3.0, 0.0, 3.0], [1.0, 4.0, 4.71238898038469, 6.0, 3.0, 4.71238898038469, 4.0], [1.0, 4.0, 0.0, 6.0, 3.0, 0.0, 5.0], [1.0, 4.0, 0.0, 6.0, 3.0, 0.0, 6.0], [3.0, 4.0, 0.0, 6.0, 3.0, 1.5707963267948966, 7.0], [3.0, 4.0, 4.71238898038469, 6.0, 3.0, 3.141592653589793, 8.0], [3.0, 4.0, 3.141592653589793, 6.0, 3.0, 3.141592653589793, 9.0], [1.0, 4.0, 3.141592653589793, 5.0, 3.0, 4.71238898038469, 10.0], [1.0, 4.0, 3.141592653589793, 5.0, 3.0, 0.0, 11.0], [1.0, 4.0, 3.141592653589793, 6.0, 3.0, 4.71238898038469, 12.0], [2.0, 3.0, 1.5707963267948966, 4.0, 3.0, 0.0, 1.0], [2.0, 4.0, 3.141592653589793, 5.0, 3.0, 4.71238898038469, 2.0], [1.0, 4.0, 4.71238898038469, 5.0, 3.0, 0.0, 3.0], [1.0, 4.0, 4.71238898038469, 6.0, 3.0, 4.71238898038469, 4.0], [1.0, 4.0, 0.0, 6.0, 3.0, 0.0, 5.0], [1.0, 4.0, 0.0, 6.0, 3.0, 0.0, 6.0], [3.0, 4.0, 0.0, 6.0, 3.0, 1.5707963267948966, 7.0], [3.0, 4.0, 4.71238898038469, 6.0, 3.0, 3.141592653589793, 8.0], [3.0, 4.0, 3.141592653589793, 6.0, 3.0, 3.141592653589793, 9.0], [1.0, 4.0, 3.141592653589793, 5.0, 3.0, 4.71238898038469, 10.0], [1.0, 4.0, 3.141592653589793, 5.0, 3.0, 0.0, 11.0], [1.0, 4.0, 3.141592653589793, 6.0, 3.0, 4.71238898038469, 12.0], [2.0, 3.0, 1.5707963267948966, 4.0, 3.0, 0.0, 1.0], [2.0, 4.0, 3.141592653589793, 5.0, 3.0, 4.71238898038469, 2.0], [1.0, 4.0, 4.71238898038469, 5.0, 3.0, 0.0, 3.0], [1.0, 4.0, 4.71238898038469, 6.0, 3.0, 4.71238898038469, 4.0], [1.0, 4.0, 0.0, 6.0, 3.0, 0.0, 5.0], [1.0, 4.0, 0.0, 6.0, 3.0, 0.0, 6.0], [3.0, 4.0, 0.0, 6.0, 3.0, 1.5707963267948966, 7.0], [3.0, 4.0, 4.71238898038469, 6.0, 3.0, 3.141592653589793, 8.0], [3.0, 4.0, 3.141592653589793, 6.0, 3.0, 3.141592653589793, 9.0], [1.0, 4.0, 3.141592653589793, 5.0, 3.0, 4.71238898038469, 10.0], [1.0, 4.0, 3.141592653589793, 5.0, 3.0, 0.0, 11.0], [1.0, 4.0, 3.141592653589793, 6.0, 3.0, 4.71238898038469, 12.0], [2.0, 3.0, 1.5707963267948966, 4.0, 3.0, 0.0, 1.0], [2.0, 4.0, 3.141592653589793, 5.0, 3.0, 4.71238898038469, 2.0], [1.0, 4.0, 4.71238898038469, 5.0, 3.0, 0.0, 3.0], [1.0, 4.0, 4.71238898038469, 6.0, 3.0, 4.71238898038469, 4.0], [1.0, 4.0, 0.0, 6.0, 3.0, 0.0, 5.0], [1.0, 4.0, 0.0, 6.0, 3.0, 0.0, 6.0], [3.0, 4.0, 0.0, 6.0, 3.0, 1.5707963267948966, 7.0], [3.0, 4.0, 4.71238898038469, 6.0, 3.0, 3.141592653589793, 8.0], [3.0, 4.0, 3.141592653589793, 6.0, 3.0, 3.141592653589793, 9.0], [1.0, 4.0, 3.141592653589793, 5.0, 3.0, 4.71238898038469, 10.0], [1.0, 4.0, 3.141592653589793, 5.0, 3.0, 0.0, 11.0], [1.0, 4.0, 3.141592653589793, 6.0, 3.0, 4.71238898038469, 12.0]], "penalty_distance_0": [-0.10826822658929017, -0.03386337569856399, -0.01295531465533005, -0.0048821818193392034, -0.0048821818193392034, -0.0048821818193392034, -0.03386337569856399, -0.03386337569856399, -0.03386337569856399, -0.01295531465533005, -0.01295531465533005, -0.01295531465533005, -0.10826822658929017, -0.03386337569856399, -0.01295531465533005, -0.0048821818193392034, -0.0048821818193392034, -0.0048821818193392034, -0.03386337569856399, -0.03386337569856399, -0.03386337569856399, -0.01295531465533005, -0.01295531465533005, -0.0048821818193392034, -0.10826822658929017, -0.03386337569856399, -0.01295531465533005, -0.0048821818193392034, -0.0048821818193392034, -0.0048821818193392034, -0.03386337569856399, -0.03386337569856399, -0.03386337569856399, -0.01295531465533005, -0.01295531465533005, -0.0048821818193392034, -0.10826822658929017, -0.03386337569856399, -0.01295531465533005, -0.0048821818193392034, -0.0048821818193392034, -0.0048821818193392034, -0.03386337569856399, -0.03386337569856399, -0.03386337569856399, -0.01295531465533005, -0.01295531465533005, -0.0048821818193392034, -0.10826822658929017, -0.03386337569856399, -0.01295531465533005, -0.0048821818193392034, -0.0048821818193392034, -0.0048821818193392034, -0.03386337569856399, -0.03386337569856399, -0.03386337569856399, -0.01295531465533005, -0.01295531465533005, -0.0048821818193392034], "penalty_distance_1": [-0.10826822658929017, -0.03386337569856399, -0.01295531465533005, -0.0048821818193392034, -0.0048821818193392034, -0.0048821818193392034, -0.03386337569856399, -0.03386337569856399, -0.03386337569856399, -0.01295531465533005, -0.01295531465533005, -0.01295531465533005, -0.10826822658929017, -0.03386337569856399, -0.01295531465533005, -0.0048821818193392034, -0.0048821818193392034, -0.0048821818193392034, -0.03386337569856399, -0.03386337569856399, -0.03386337569856399, -0.01295531465533005, -0.01295531465533005, -0.0048821818193392034, -0.10826822658929017, -0.03386337569856399, -0.01295531465533005, -0.0048821818193392034, -0.0048821818193392034, -0.0048821818193392034, -0.03386337569856399, -0.03386337569856399, -0.03386337569856399, -0.01295531465533005, -0.01295531465533005, -0.0048821818193392034, -0.10826822658929017, -0.03386337569856399, -0.01295531465533005, -0.0048821818193392034, -0.0048821818193392034, -0.0048821818193392034, -0.03386337569856399, -0.03386337569856399, -0.03386337569856399, -0.01295531465533005, -0.01295531465533005, -0.0048821818193392034, -0.10826822658929017, -0.03386337569856399, -0.01295531465533005, -0.0048821818193392034, -0.0048821818193392034, -0.0048821818193392034, -0.03386337569856399, -0.03386337569856399, -0.03386337569856399, -0.01295531465533005, -0.01295531465533005, -0.0048821818193392034], "reward_progress_0": [0.0, 0.0, -0.0, 0.0, 0.0, 0.0, 0.0, 0.0, 0.0, -0.0, 0.0, 0.0, 0.0, 0.0, -0.0, 0.0, 0.0, 0.0, 0.0, 0.0, 0.0, -0.0, 0.0, 0.0, 0.0, 0.0, -0.0, 0.0, 0.0, 0.0, 0.0, 0.0, 0.0, -0.0, 0.0, 0.0, 0.0, 0.0, -0.0, 0.0, 0.0, 0.0, 0.0, 0.0, 0.0, -0.0, 0.0, 0.0, 0.0, 0.0, -0.0, 0.0, 0.0, 0.0, 0.0, 0.0, 0.0, -0.0, 0.0, 0.0], "reward_progress_1": [0.0, 0.0, 0.0, 0.0, 0.0, 0.0, 0.0, 0.0, 0.0, -0.0, 0.0, 0.0, 0.0, 0.0, 0.0, 0.0, 0.0, 0.0, 0.0, 0.0, 0.0, -0.0, 0.0, 0.0, 0.0, 0.0, 0.0, 0.0, 0.0, 0.0, 0.0, 0.0, 0.0, -0.0, 0.0, 0.0, 0.0, 0.0, 0.0, 0.0, 0.0, 0.0, 0.0, 0.0, 0.0, -0.0, 0.0, 0.0, 0.0, 0.0, 0.0, 0.0, 0.0, 0.0, 0.0, 0.0, 0.0, -0.0, 0.0, 0.0], "penalty_agressor_0": [0.0, 0.0, 0.0, 0.0, 0.0, 0.0, 0.0, 0.0, 0.0, 0.0, 0.0, 0.0, 0.0, 0.0, 0.0, 0.0, 0.0, 0.0, 0.0, 0.0, 0.0, 0.0, 0.0, 0.0, 0.0, 0.0, 0.0, 0.0, 0.0, 0.0, 0.0, 0.0, 0.0, 0.0, 0.0, 0.0, 0.0, 0.0, 0.0, 0.0, 0.0, 0.0, 0.0, 0.0, 0.0, 0.0, 0.0, 0.0, 0.0, 0.0, 0.0, 0.0, 0.0, 0.0, 0.0, 0.0, 0.0, 0.0, 0.0, 0.0], "penalty_agressor_1": [0.0, 0.0, 0.0, 0.0, 0.0, 0.0, 0.0, 0.0, 0.0, 0.0, 0.0, 0.0, 0.0, 0.0, 0.0, 0.0, 0.0, 0.0, 0.0, 0.0, 0.0, 0.0, 0.0, 0.0, 0.0, 0.0, 0.0, 0.0, 0.0, 0.0, 0.0, 0.0, 0.0, 0.0, 0.0, 0.0, 0.0, 0.0, 0.0, 0.0, 0.0, 0.0, 0.0, 0.0, 0.0, 0.0, 0.0, 0.0, 0.0, 0.0, 0.0, 0.0, 0.0, 0.0, 0.0, 0.0, 0.0, 0.0, 0.0, 0.0], "penalty_timestep_0": [-3.5999999999999996, -3.5999999999999996, -3.5999999999999996, -3.5999999999999996, -3.5999999999999996], "penalty_timestep_1": [-3.5999999999999996, -3.5999999999999996, -3.5999999999999996, -3.5999999999999996, -3.5999999999999996], "reward_lead_0": [-4.0, -5.0, -5.0, -5.0, -5.0], "reward_lead_1": [4.0, 5.0, 5.0, 5.0, 5.0],