{"1": {"0": {"[0.0, 1.5707963267948966]": {"num_count": 408, "sum_payoffs": 97.6111943865306, "action": [0.0, 1.5707963267948966]}, "[1.0, 1.5707963267948966]": {"num_count": 498, "sum_payoffs": 128.69565215246485, "action": [1.0, 1.5707963267948966]}, "[2.0, -1.5707963267948966]": {"num_count": 628, "sum_payoffs": 175.03248372894882, "action": [2.0, -1.5707963267948966]}, "[1.0, 0.0]": {"num_count": 501, "sum_payoffs": 129.7651174196529, "action": [1.0, 0.0]}, "[2.0, 0.0]": {"num_count": 624, "sum_payoffs": 173.57321336437462, "action": [2.0, 0.0]}, "[0.0, -1.5707963267948966]": {"num_count": 407, "sum_payoffs": 97.18140927915594, "action": [0.0, -1.5707963267948966]}, "[0.0, 0.0]": {"num_count": 410, "sum_payoffs": 98.27086455133822, "action": [0.0, 0.0]}, "[1.0, -1.5707963267948966]": {"num_count": 500, "sum_payoffs": 129.45527234224326, "action": [1.0, -1.5707963267948966]}, "[2.0, 1.5707963267948966]": {"num_count": 624, "sum_payoffs": 173.51324334939204, "action": [2.0, 1.5707963267948966]}}, "1": {"[1.0, 1.5707963267948966]": {"num_count": 859, "sum_payoffs": 280.18990500077774, "action": [1.0, 1.5707963267948966]}, "[1.0, -1.5707963267948966]": {"num_count": 864, "sum_payoffs": 282.1989005026922, "action": [1.0, -1.5707963267948966]}, "[0.0, 1.5707963267948966]": {"num_count": 667, "sum_payoffs": 204.94752620272453, "action": [0.0, 1.5707963267948966]}, "[1.0, 0.0]": {"num_count": 871, "sum_payoffs": 284.90754617940223, "action": [1.0, 0.0]}, "[0.0, -1.5707963267948966]": {"num_count": 672, "sum_payoffs": 206.89655168965598, "action": [0.0, -1.5707963267948966]}, "[0.0, 0.0]": {"num_count": 667, "sum_payoffs": 204.98750621271267, "action": [0.0, 0.0]}}}}