{"2": {"0": {"[1.0, 0]": {"num_count": 63, "sum_payoffs": 27.884249993726034, "action": [1.0, 0]}, "[0.0, 0]": {"num_count": 37, "sum_payoffs": 10.752749997580633, "action": [0.0, 0]}}, "1": {"[1.0, 0]": {"num_count": 55, "sum_payoffs": 21.86999999507926, "action": [1.0, 0]}, "[0.0, 0]": {"num_count": 45, "sum_payoffs": 12.757499997129566, "action": [0.0, 0]}}}, "1": {"0": {"[0.0, 0]": {"num_count": 31, "sum_payoffs": 11.947499997311818, "action": [0.0, 0]}, "[1.0, 0]": {"num_count": 69, "sum_payoffs": 31.589999992892228, "action": [1.0, 0]}}, "1": {"[1.0, 0]": {"num_count": 50, "sum_payoffs": 21.059999995261503, "action": [1.0, 0]}, "[0.0, 0]": {"num_count": 50, "sum_payoffs": 15.997499996400567, "action": [0.0, 0]}}}}