{"alphat_eff_gamelength_1": {"mean": 0.15384615384615383, "variance": 7.703719777548943e-34}, "runtime_gamelength_1": {"mean": 0.3779117584228516, "variance": 0.00022259584604626068}, "max_timestep": {"mean": 1.0, "variance": 0.0}, "winner": {"mean": [0.0, 0.0], "variance": [0.0, 0.0]}, "runtime": {"mean": 0.3781917572021484, "variance": 0.00022288619578375801}, "T_terminal": {"mean": 1.0, "variance": 0.0}, "trajectory_0": {"mean": [[1.0, 3.0, 0.0, 0.0], [3.0, 3.0, 0.9424777960769379, 1.0]], "variance": [[0.0, 0.0, 0.0, 0.0], [0.0, 0.0, 1.0856564841198293, 0.0]]}, "trajectory_1": {"mean": [[3.0, 3.0, 0.0, 0.0], [5.0, 3.0, 0.3141592653589793, 1.0]], "variance": [[0.0, 0.0, 0.0, 0.0], [0.0, 0.0, 1.8752248362069779, 0.0]]}, "coll_payoff_0": {"mean": [1.0], "variance": [0.0]}, "lead_payoff_0": {"mean": [0.5], "variance": [0.0]}, "coll_payoff_1": {"mean": [1.0], "variance": [0.0]}, "lead_payoff_1": {"mean": [0.5], "variance": [0.0]}, "payoff_total": {"mean": [[0.5373563217620209, 0.629310344735201]], "variance": [[1.232595164407831e-32, 1.232595164407831e-32]]}, "final_lead_payoff_0": {"mean": [0.43103448275862066], "variance": [0.0]}, "final_lead_payoff_1": {"mean": [0.5689655172413792], "variance": [1.232595164407831e-32]}}