{"runtime": 0.6193902492523193, "winner": [1, 0], "T_terminal": 12, "trajectories": [[1.0, 3.0, 0.0, 3.0, 3.0, 0.0, 0.0], [2.0, 3.0, 4.71238898038469, 3.0, 3.0, 0.0, 1.0], [1.9999999999999996, 1.0, 3.141592653589793, 3.0, 3.0, 0.0, 2.0], [1.9999999999999996, 1.0, 1.5707963267948966, 3.0, 3.0, 4.71238898038469, 3.0], [1.9999999999999996, 1.0, 0.0, 3.0, 3.0, 4.71238898038469, 4.0], [2.9999999999999996, 1.0, 4.71238898038469, 3.0, 3.0, 3.141592653589793, 5.0], [2.9999999999999996, 1.0, 0.0, 2.0, 3.0, 4.71238898038469, 6.0], [2.9999999999999996, 1.0, 4.71238898038469, 1.9999999999999998, 2.0, 3.141592653589793, 7.0], [2.9999999999999996, 1.0, 4.71238898038469, 1.9999999999999998, 2.0, 3.141592653589793, 8.0], [2.9999999999999996, 1.0, 0.0, 1.9999999999999998, 2.0, 4.71238898038469, 9.0], [3.9999999999999996, 1.0, 0.0, 1.9999999999999996, 1.0, 4.71238898038469, 10.0], [6.0, 1.0, 4.71238898038469, 1.9999999999999996, 1.0, 3.141592653589793, 11.0], [6.0, 1.0, 3.141592653589793, 1.9999999999999996, 1.0, 1.5707963267948966, 12.0], [2.0, 3.0, 4.71238898038469, 3.0, 3.0, 0.0, 1.0], [1.9999999999999996, 1.0, 3.141592653589793, 3.0, 3.0, 0.0, 2.0], [1.9999999999999996, 1.0, 1.5707963267948966, 3.0, 3.0, 4.71238898038469, 3.0], [1.9999999999999996, 1.0, 0.0, 3.0, 3.0, 4.71238898038469, 4.0], [2.9999999999999996, 1.0, 4.71238898038469, 3.0, 3.0, 3.141592653589793, 5.0], [2.9999999999999996, 1.0, 0.0, 2.0, 3.0, 4.71238898038469, 6.0], [2.9999999999999996, 1.0, 4.71238898038469, 1.9999999999999998, 2.0, 3.141592653589793, 7.0], [2.9999999999999996, 1.0, 4.71238898038469, 1.9999999999999998, 2.0, 3.141592653589793, 8.0], [2.9999999999999996, 1.0, 0.0, 1.9999999999999998, 2.0, 4.71238898038469, 9.0], [3.9999999999999996, 1.0, 0.0, 1.9999999999999996, 1.0, 4.71238898038469, 10.0], [6.0, 1.0, 4.71238898038469, 1.9999999999999996, 1.0, 3.141592653589793, 11.0], [6.0, 1.0, 3.141592653589793, 1.9999999999999996, 1.0, 1.5707963267948966, 12.0], [2.0, 3.0, 4.71238898038469, 3.0, 3.0, 0.0, 1.0], [1.9999999999999996, 1.0, 3.141592653589793, 3.0, 3.0, 0.0, 2.0], [1.9999999999999996, 1.0, 1.5707963267948966, 3.0, 3.0, 4.71238898038469, 3.0], [1.9999999999999996, 1.0, 0.0, 3.0, 3.0, 4.71238898038469, 4.0], [2.9999999999999996, 1.0, 4.71238898038469, 3.0, 3.0, 3.141592653589793, 5.0], [2.9999999999999996, 1.0, 0.0, 2.0, 3.0, 4.71238898038469, 6.0], [2.9999999999999996, 1.0, 4.71238898038469, 1.9999999999999998, 2.0, 3.141592653589793, 7.0], [2.9999999999999996, 1.0, 4.71238898038469, 1.9999999999999998, 2.0, 3.141592653589793, 8.0], [2.9999999999999996, 1.0, 0.0, 1.9999999999999998, 2.0, 4.71238898038469, 9.0], [3.9999999999999996, 1.0, 0.0, 1.9999999999999996, 1.0, 4.71238898038469, 10.0], [6.0, 1.0, 4.71238898038469, 1.9999999999999996, 1.0, 3.141592653589793, 11.0], [6.0, 1.0, 3.141592653589793, 1.9999999999999996, 1.0, 1.5707963267948966, 12.0]], "penalty_distance_0": [-0.036787944117144235, -0.010687792566038575, -0.010687792566038575, -0.010687792566038575, -0.013533528323661271, -0.010687792566038579, -0.024311673443421427, -0.024311673443421427, -0.024311673443421427, -0.013533528323661271, -0.001831563888873418, -0.001831563888873418, -0.036787944117144235, -0.010687792566038575, -0.010687792566038575, -0.010687792566038575, -0.013533528323661271, -0.010687792566038579, -0.024311673443421427, -0.024311673443421427, -0.024311673443421427, -0.013533528323661271, -0.001831563888873418, -0.001831563888873418, -0.036787944117144235, -0.010687792566038575, -0.010687792566038575, -0.010687792566038575, -0.013533528323661271, -0.010687792566038579, -0.024311673443421427, -0.024311673443421427, -0.024311673443421427, -0.013533528323661271, -0.001831563888873418, -0.001831563888873418], "penalty_distance_1": [-0.036787944117144235, -0.010687792566038575, -0.010687792566038575, -0.010687792566038575, -0.013533528323661271, -0.010687792566038579, -0.024311673443421427, -0.024311673443421427, -0.024311673443421427, -0.013533528323661271, -0.001831563888873418, -0.001831563888873418, -0.036787944117144235, -0.010687792566038575, -0.010687792566038575, -0.010687792566038575, -0.013533528323661271, -0.010687792566038579, -0.024311673443421427, -0.024311673443421427, -0.024311673443421427, -0.013533528323661271, -0.001831563888873418, -0.001831563888873418, -0.036787944117144235, -0.010687792566038575, -0.010687792566038575, -0.010687792566038575, -0.013533528323661271, -0.010687792566038579, -0.024311673443421427, -0.024311673443421427, -0.024311673443421427, -0.013533528323661271, -0.001831563888873418, -0.001831563888873418], "reward_progress_0": [0.0, -0.0, 0.0, 0.0, 0.0, 0.0, 0.0, 0.0, 0.0, 0.0, 0.0, 0.0, 0.0, -0.0, 0.0, 0.0, 0.0, 0.0, 0.0, 0.0, 0.0, 0.0, 0.0, 0.0, 0.0, -0.0, 0.0, 0.0, 0.0, 0.0, 0.0, 0.0, 0.0, 0.0, 0.0, 0.0], "reward_progress_1": [0.0, 0.0, 0.0, 0.0, 0.0, -0.0, -0.0, 0.0, 0.0, -0.0, 0.0, 0.0, 0.0, 0.0, 0.0, 0.0, 0.0, -0.0, -0.0, 0.0, 0.0, -0.0, 0.0, 0.0, 0.0, 0.0, 0.0, 0.0, 0.0, -0.0, -0.0, 0.0, 0.0, -0.0, 0.0, 0.0], "penalty_agressor_0": [0.0, 0.0, 0.0, 0.0, 0.0, 0.0, 0.0, 0.0, 0.0, 0.0, 0.0, 0.0, 0.0, 0.0, 0.0, 0.0, 0.0, 0.0, 0.0, 0.0, 0.0, 0.0, 0.0, 0.0, 0.0, 0.0, 0.0, 0.0, 0.0, 0.0, 0.0, 0.0, 0.0, 0.0, 0.0, 0.0], "penalty_agressor_1": [0.0, 0.0, 0.0, 0.0, 0.0, 0.0, 0.0, 0.0, 0.0, 0.0, 0.0, 0.0, 0.0, 0.0, 0.0, 0.0, 0.0, 0.0, 0.0, 0.0, 0.0, 0.0, 0.0, 0.0, 0.0, 0.0, 0.0, 0.0, 0.0, 0.0, 0.0, 0.0, 0.0, 0.0, 0.0, 0.0], "penalty_timestep_0": [-4.800000000000001, -4.800000000000001, -4.800000000000001], "penalty_timestep_1": [-4.800000000000001, -4.800000000000001, -4.800000000000001], "reward_lead_0": [4.0, 4.0, 4.0], "reward_lead_1": [-4.0, -4.0, -4.0], "payoff_total0": [-0.036787944117144235, -0.047475736683182806, -0.058163529249221385, -0.06885132181525996, -0.08238485013892123, -0.09307264270495981, -0.11738431614838124, -0.14169598959180266, -0.16600766303522407, -0.17954119135888535, -0.18137275524775878, -0.1832043191366322, -0.9832043191366329, -1.0199922632537772, -1.0306800558198157, -1.0413678483858544, -1.0520556409518929, -1.0655891692755541, -1.0762769618415926, -1.100588635285014, -1.1249003087284355, -1.149211982171857, -1.1627455104955184, -1.1645770743843917, -1.166408638273265, -1.9664086382732657, -2.00319658239041, -2.0138843749564486, -2.0245721675224875, -2.035259960088526, -2.048793488412187, -2.0594812809782255, -2.0837929544216474, -2.1081046278650684, -2.1324163013084902, -2.1459498296321513, -2.147781393521025, -2.1496129574098983, -2.949612957409899], "payoff_total1": [-0.036787944117144235, -0.047475736683182806, -0.058163529249221385, -0.06885132181525996, -0.08238485013892123, -0.09307264270495981, -0.11738431614838124, -0.14169598959180266, -0.16600766303522407, -0.17954119135888535, -0.18137275524775878, -0.1832043191366322, -8.983204319136632, -9.019992263253776, -9.030680055819817, -9.041367848385855, -9.052055640951894, -9.065589169275555, -9.076276961841593, -9.100588635285014, -9.124900308728435, -9.149211982171858, -9.162745510495519, -9.164577074384392, -9.166408638273266, -17.966408638273265, -18.00319658239041, -18.013884374956447, -18.024572167522486, -18.035259960088524, -18.048793488412187, -18.059481280978225, -18.083792954421646, -18.108104627865067, -18.13241630130849, -18.14594982963215, -18.147781393521026, -18.149612957409897, -26.949612957409897]}