{"10": {"0": {"[0.0, 0.0]": {"num_count": 437, "sum_payoffs": 108.13610157927799, "action": [0.0, 0.0]}, "[0.0, -1.5707963267948966]": {"num_count": 445, "sum_payoffs": 110.92291823065344, "action": [0.0, -1.5707963267948966]}, "[2.0, 1.5707963267948966]": {"num_count": 461, "sum_payoffs": 116.47130192957503, "action": [2.0, 1.5707963267948966]}, "[1.0, -1.5707963267948966]": {"num_count": 464, "sum_payoffs": 117.51015331971549, "action": [1.0, -1.5707963267948966]}, "[1.0, 0.0]": {"num_count": 454, "sum_payoffs": 114.0422268716408, "action": [1.0, 0.0]}, "[0.0, 1.5707963267948966]": {"num_count": 436, "sum_payoffs": 107.84941655805551, "action": [0.0, 1.5707963267948966]}, "[2.0, -1.5707963267948966]": {"num_count": 465, "sum_payoffs": 117.83452577977252, "action": [2.0, -1.5707963267948966]}, "[2.0, 0.0]": {"num_count": 487, "sum_payoffs": 125.57742569078881, "action": [2.0, 0.0]}, "[1.0, 1.5707963267948966]": {"num_count": 451, "sum_payoffs": 112.98130663121418, "action": [1.0, 1.5707963267948966]}}, "1": {"[0.0, -1.5707963267948966]": {"num_count": 666, "sum_payoffs": 155.85145998981542, "action": [0.0, -1.5707963267948966]}, "[1.0, 0.0]": {"num_count": 720, "sum_payoffs": 172.8403106434489, "action": [1.0, 0.0]}, "[1.0, -1.5707963267948966]": {"num_count": 705, "sum_payoffs": 168.16158240224792, "action": [1.0, -1.5707963267948966]}, "[1.0, 1.5707963267948966]": {"num_count": 708, "sum_payoffs": 169.0311643885807, "action": [1.0, 1.5707963267948966]}, "[0.0, 0.0]": {"num_count": 647, "sum_payoffs": 149.84414692640115, "action": [0.0, 0.0]}, "[0.0, 1.5707963267948966]": {"num_count": 654, "sum_payoffs": 152.0171578855132, "action": [0.0, 1.5707963267948966]}}}}