{"10": {"0": {"[0.0, 1.5707963267948966]": {"num_count": 432, "sum_payoffs": 97.15635451938864, "action": [0.0, 1.5707963267948966]}, "[0.0, -1.5707963267948966]": {"num_count": 437, "sum_payoffs": 98.69043076136998, "action": [0.0, -1.5707963267948966]}, "[0.0, 0.0]": {"num_count": 446, "sum_payoffs": 101.66330009351175, "action": [0.0, 0.0]}, "[2.0, 1.5707963267948966]": {"num_count": 467, "sum_payoffs": 108.52538746241073, "action": [2.0, 1.5707963267948966]}, "[1.0, -1.5707963267948966]": {"num_count": 453, "sum_payoffs": 103.98144300923067, "action": [1.0, -1.5707963267948966]}, "[2.0, 0.0]": {"num_count": 485, "sum_payoffs": 114.34457453354983, "action": [2.0, 0.0]}, "[1.0, 1.5707963267948966]": {"num_count": 444, "sum_payoffs": 100.99229658989915, "action": [1.0, 1.5707963267948966]}, "[1.0, 0.0]": {"num_count": 462, "sum_payoffs": 106.83870209583164, "action": [1.0, 0.0]}, "[2.0, -1.5707963267948966]": {"num_count": 474, "sum_payoffs": 110.78734772229069, "action": [2.0, -1.5707963267948966]}}, "1": {"[2.0, 0.0]": {"num_count": 548, "sum_payoffs": 162.3231274830357, "action": [2.0, 0.0]}, "[2.0, 1.5707963267948966]": {"num_count": 479, "sum_payoffs": 136.1194589985913, "action": [2.0, 1.5707963267948966]}, "[0.0, 1.5707963267948966]": {"num_count": 410, "sum_payoffs": 110.31212150632965, "action": [0.0, 1.5707963267948966]}, "[1.0, -1.5707963267948966]": {"num_count": 430, "sum_payoffs": 117.78572121170112, "action": [1.0, -1.5707963267948966]}, "[0.0, 0.0]": {"num_count": 419, "sum_payoffs": 113.62384671807663, "action": [0.0, 0.0]}, "[1.0, 0.0]": {"num_count": 497, "sum_payoffs": 142.8357778455611, "action": [1.0, 0.0]}, "[2.0, -1.5707963267948966]": {"num_count": 481, "sum_payoffs": 136.89372194537117, "action": [2.0, -1.5707963267948966]}, "[1.0, 1.5707963267948966]": {"num_count": 436, "sum_payoffs": 119.98340973539712, "action": [1.0, 1.5707963267948966]}, "[0.0, -1.5707963267948966]": {"num_count": 400, "sum_payoffs": 106.64000220214882, "action": [0.0, -1.5707963267948966]}}}}