{"2": {"0": {"[1.0, 0]": {"num_count": 2763, "sum_payoffs": 370.8179604583384, "action": [1.0, 0]}, "[0.0, 0]": {"num_count": 1337, "sum_payoffs": 134.02649997542784, "action": [0.0, 0]}}, "1": {"[1.0, 0]": {"num_count": 2768, "sum_payoffs": 372.69446045799526, "action": [1.0, 0]}, "[0.0, 0]": {"num_count": 1332, "sum_payoffs": 133.72949997548218, "action": [0.0, 0]}}}, "1": {"0": {"[0.0, 0]": {"num_count": 2042, "sum_payoffs": 276.2024999493781, "action": [0.0, 0]}, "[1.0, 0]": {"num_count": 2058, "sum_payoffs": 279.09749994884766, "action": [1.0, 0]}}, "1": {"[1.0, 0]": {"num_count": 2058, "sum_payoffs": 279.09749994884766, "action": [1.0, 0]}, "[0.0, 0]": {"num_count": 2042, "sum_payoffs": 276.2024999493781, "action": [0.0, 0]}}}}