{"2": {"0": {"[1.0, 0]": {"num_count": 2826, "sum_payoffs": 448.17029991037083, "action": [1.0, 0]}, "[0.0, 0]": {"num_count": 1274, "sum_payoffs": 154.20779996915851, "action": [0.0, 0]}}, "1": {"[0.0, 0]": {"num_count": 1268, "sum_payoffs": 153.6415104955874, "action": [0.0, 0]}, "[1.0, 0]": {"num_count": 2832, "sum_payoffs": 450.48618938359175, "action": [1.0, 0]}}}, "1": {"0": {"[0.0, 0]": {"num_count": 1541, "sum_payoffs": 227.7449999544523, "action": [0.0, 0]}, "[1.0, 0]": {"num_count": 2559, "sum_payoffs": 437.9129999123983, "action": [1.0, 0]}}, "1": {"[1.0, 0]": {"num_count": 2564, "sum_payoffs": 439.0469999121714, "action": [1.0, 0]}, "[0.0, 0]": {"num_count": 1536, "sum_payoffs": 226.9349999546143, "action": [0.0, 0]}}}}