{"2": {"0": {"[0.0, 0]": {"num_count": 133, "sum_payoffs": 21.83399999235804, "action": [0.0, 0]}, "[1.0, 0]": {"num_count": 967, "sum_payoffs": 186.85178282933757, "action": [1.0, 0]}}, "1": {"[0.0, 0]": {"num_count": 114, "sum_payoffs": 17.054999994030716, "action": [0.0, 0]}, "[1.0, 0]": {"num_count": 986, "sum_payoffs": 186.16328282957872, "action": [1.0, 0]}}}, "1": {"0": {"[0.0, 0]": {"num_count": 158, "sum_payoffs": 26.876249990593262, "action": [0.0, 0]}, "[1.0, 0]": {"num_count": 942, "sum_payoffs": 195.09749993171937, "action": [1.0, 0]}}, "1": {"[1.0, 0]": {"num_count": 993, "sum_payoffs": 207.85499992725454, "action": [1.0, 0]}, "[0.0, 0]": {"num_count": 107, "sum_payoffs": 18.37124999357006, "action": [0.0, 0]}}}}