{"alphat_eff_gamelength_8": {"mean": 1.2307692307692306, "variance": 4.930380657631324e-32}, "runtime_gamelength_8": {"mean": 62.55486361980438, "variance": 5.7746735729005305}, "max_timestep": {"mean": 8.0, "variance": 0.0}, "winner": {"mean": [0.0, 0.0], "variance": [0.0, 0.0]}, "runtime": {"mean": 62.55522170066833, "variance": 5.774764014921382}, "T_terminal": {"mean": 1.0, "variance": 0.0}, "trajectory_0": {"mean": [[1.0, 3.0, 0.0, 0.0], [3.0, 3.0, 0.0, 1.0]], "variance": [[0.0, 0.0, 0.0, 0.0], [0.0, 0.0, 0.0, 0.0]]}, "trajectory_1": {"mean": [[3.0, 3.0, 0.0, 0.0], [4.0, 3.0, -0.3141592653589793, 1.0]], "variance": [[0.0, 0.0, 0.0, 0.0], [0.0, 0.0, 0.3947841760435743, 0.0]]}, "coll_payoff_0": {"mean": [1.0], "variance": [0.0]}, "lead_payoff_0": {"mean": [0.6666666666666667], "variance": [1.232595164407831e-32]}, "coll_payoff_1": {"mean": [1.0], "variance": [0.0]}, "lead_payoff_1": {"mean": [0.33333333333333337], "variance": [3.0814879110195774e-33]}, "payoff_total": {"mean": [[0.5881226052798532, 0.578544061217369]], "variance": [[0.0, 1.232595164407831e-32]]}, "final_lead_payoff_0": {"mean": [0.4655172413793104], "variance": [3.0814879110195774e-33]}, "final_lead_payoff_1": {"mean": [0.5344827586206896], "variance": [0.0]}}