{"2": {"0": {"[0.0, 0]": {"num_count": 1128, "sum_payoffs": 147.48299997471713, "action": [0.0, 0]}, "[1.0, 0]": {"num_count": 2472, "sum_payoffs": 419.8518946648525, "action": [1.0, 0]}}, "1": {"[1.0, 0]": {"num_count": 2476, "sum_payoffs": 422.0331089501929, "action": [1.0, 0]}, "[0.0, 0]": {"num_count": 1124, "sum_payoffs": 147.33257140331432, "action": [0.0, 0]}}}, "1": {"0": {"[0.0, 0]": {"num_count": 1795, "sum_payoffs": 312.07499994649186, "action": [0.0, 0]}, "[1.0, 0]": {"num_count": 1805, "sum_payoffs": 314.324999946106, "action": [1.0, 0]}}, "1": {"[0.0, 0]": {"num_count": 1795, "sum_payoffs": 312.07499994649186, "action": [0.0, 0]}, "[1.0, 0]": {"num_count": 1805, "sum_payoffs": 314.324999946106, "action": [1.0, 0]}}}}