{"runtime": 0.598015546798706, "winner": [0, 1], "T_terminal": 12, "trajectories": [[1.0, 3.0, 0.0, 3.0, 3.0, 0.0, 0.0], [3.0, 3.0, 1.5707963267948966, 4.0, 3.0, 1.5707963267948966, 1.0], [3.0, 5.0, 1.5707963267948966, 4.0, 4.0, 0.0, 2.0], [3.0, 5.0, 3.141592653589793, 4.0, 4.0, 1.5707963267948966, 3.0], [1.0, 5.0, 3.141592653589793, 4.0, 5.0, 0.0, 4.0], [1.0, 5.0, 3.141592653589793, 5.0, 5.0, 4.71238898038469, 5.0], [1.0, 5.0, 3.141592653589793, 5.0, 5.0, 0.0, 6.0], [1.0, 5.0, 1.5707963267948966, 6.0, 5.0, 1.5707963267948966, 7.0], [1.0, 5.0, 0.0, 6.0, 5.0, 0.0, 8.0], [1.0, 5.0, 4.71238898038469, 7.0, 5.0, 1.5707963267948966, 9.0], [1.0, 5.0, 0.0, 7.0, 5.0, 0.0, 10.0], [1.0, 5.0, 4.71238898038469, 8.0, 5.0, 4.71238898038469, 11.0], [1.0, 5.0, 4.71238898038469, 8.0, 5.0, 3.141592653589793, 12.0], [3.0, 3.0, 1.5707963267948966, 4.0, 3.0, 1.5707963267948966, 1.0], [3.0, 5.0, 1.5707963267948966, 4.0, 4.0, 0.0, 2.0], [3.0, 5.0, 3.141592653589793, 4.0, 4.0, 1.5707963267948966, 3.0], [1.0, 5.0, 3.141592653589793, 4.0, 5.0, 0.0, 4.0], [1.0, 5.0, 3.141592653589793, 5.0, 5.0, 4.71238898038469, 5.0], [1.0, 5.0, 3.141592653589793, 5.0, 5.0, 0.0, 6.0], [1.0, 5.0, 1.5707963267948966, 6.0, 5.0, 1.5707963267948966, 7.0], [1.0, 5.0, 0.0, 6.0, 5.0, 0.0, 8.0], [1.0, 5.0, 4.71238898038469, 7.0, 5.0, 1.5707963267948966, 9.0], [1.0, 5.0, 0.0, 7.0, 5.0, 0.0, 10.0], [1.0, 5.0, 4.71238898038469, 8.0, 5.0, 4.71238898038469, 11.0], [1.0, 5.0, 4.71238898038469, 8.0, 5.0, 3.141592653589793, 12.0], [3.0, 3.0, 1.5707963267948966, 4.0, 3.0, 1.5707963267948966, 1.0], [3.0, 5.0, 1.5707963267948966, 4.0, 4.0, 0.0, 2.0], [3.0, 5.0, 3.141592653589793, 4.0, 4.0, 1.5707963267948966, 3.0], [1.0, 5.0, 3.141592653589793, 4.0, 5.0, 0.0, 4.0], [1.0, 5.0, 3.141592653589793, 5.0, 5.0, 4.71238898038469, 5.0], [1.0, 5.0, 3.141592653589793, 5.0, 5.0, 0.0, 6.0], [1.0, 5.0, 1.5707963267948966, 6.0, 5.0, 1.5707963267948966, 7.0], [1.0, 5.0, 0.0, 6.0, 5.0, 0.0, 8.0], [1.0, 5.0, 4.71238898038469, 7.0, 5.0, 1.5707963267948966, 9.0], [1.0, 5.0, 0.0, 7.0, 5.0, 0.0, 10.0], [1.0, 5.0, 4.71238898038469, 8.0, 5.0, 4.71238898038469, 11.0], [1.0, 5.0, 4.71238898038469, 8.0, 5.0, 3.141592653589793, 12.0], [3.0, 3.0, 1.5707963267948966, 4.0, 3.0, 1.5707963267948966, 1.0], [3.0, 5.0, 1.5707963267948966, 4.0, 4.0, 0.0, 2.0], [3.0, 5.0, 3.141592653589793, 4.0, 4.0, 1.5707963267948966, 3.0], [1.0, 5.0, 3.141592653589793, 4.0, 5.0, 0.0, 4.0], [1.0, 5.0, 3.141592653589793, 5.0, 5.0, 4.71238898038469, 5.0], [1.0, 5.0, 3.141592653589793, 5.0, 5.0, 0.0, 6.0], [1.0, 5.0, 1.5707963267948966, 6.0, 5.0, 1.5707963267948966, 7.0], [1.0, 5.0, 0.0, 6.0, 5.0, 0.0, 8.0], [1.0, 5.0, 4.71238898038469, 7.0, 5.0, 1.5707963267948966, 9.0], [1.0, 5.0, 0.0, 7.0, 5.0, 0.0, 10.0], [1.0, 5.0, 4.71238898038469, 8.0, 5.0, 4.71238898038469, 11.0], [1.0, 5.0, 3.141592653589793, 8.0, 5.0, 3.141592653589793, 12.0]], "penalty_distance_0": [-0.18393972058572117, -0.1215583672171071, -0.1215583672171071, -0.024893534183931972, -0.00915781944436709, -0.00915781944436709, -0.0033689734995427335, -0.0033689734995427335, -0.0012393760883331792, -0.0012393760883331792, -0.0004559409827772581, -0.0004559409827772581, -0.18393972058572117, -0.1215583672171071, -0.1215583672171071, -0.024893534183931972, -0.00915781944436709, -0.00915781944436709, -0.0033689734995427335, -0.0033689734995427335, -0.0012393760883331792, -0.0012393760883331792, -0.0004559409827772581, -0.0004559409827772581, -0.18393972058572117, -0.1215583672171071, -0.1215583672171071, -0.024893534183931972, -0.00915781944436709, -0.00915781944436709, -0.0033689734995427335, -0.0033689734995427335, -0.0012393760883331792, -0.0012393760883331792, -0.0004559409827772581, -0.0004559409827772581, -0.18393972058572117, -0.1215583672171071, -0.1215583672171071, -0.024893534183931972, -0.00915781944436709, -0.00915781944436709, -0.0033689734995427335, -0.0033689734995427335, -0.0012393760883331792, -0.0012393760883331792, -0.0004559409827772581, -0.0004559409827772581], "penalty_distance_1": [-0.18393972058572117, -0.1215583672171071, -0.1215583672171071, -0.024893534183931972, -0.00915781944436709, -0.00915781944436709, -0.0033689734995427335, -0.0033689734995427335, -0.0012393760883331792, -0.0012393760883331792, -0.0004559409827772581, -0.0004559409827772581, -0.18393972058572117, -0.1215583672171071, -0.1215583672171071, -0.024893534183931972, -0.00915781944436709, -0.00915781944436709, -0.0033689734995427335, -0.0033689734995427335, -0.0012393760883331792, -0.0012393760883331792, -0.0004559409827772581, -0.0004559409827772581, -0.18393972058572117, -0.1215583672171071, -0.1215583672171071, -0.024893534183931972, -0.00915781944436709, -0.00915781944436709, -0.0033689734995427335, -0.0033689734995427335, -0.0012393760883331792, -0.0012393760883331792, -0.0004559409827772581, -0.0004559409827772581, -0.18393972058572117, -0.1215583672171071, -0.1215583672171071, -0.024893534183931972, -0.00915781944436709, -0.00915781944436709, -0.0033689734995427335, -0.0033689734995427335, -0.0012393760883331792, -0.0012393760883331792, -0.0004559409827772581, -0.0004559409827772581], "reward_progress_0": [0.0, 0.0, 0.0, -0.0, 0.0, 0.0, 0.0, 0.0, 0.0, 0.0, 0.0, 0.0, 0.0, 0.0, 0.0, -0.0, 0.0, 0.0, 0.0, 0.0, 0.0, 0.0, 0.0, 0.0, 0.0, 0.0, 0.0, -0.0, 0.0, 0.0, 0.0, 0.0, 0.0, 0.0, 0.0, 0.0, 0.0, 0.0, 0.0, -0.0, 0.0, 0.0, 0.0, 0.0, 0.0, 0.0, 0.0, 0.0], "reward_progress_1": [0.0, 0.0, 0.0, 0.0, 0.0, 0.0, 0.0, 0.0, 0.0, 0.0, 0.0, 0.0, 0.0, 0.0, 0.0, 0.0, 0.0, 0.0, 0.0, 0.0, 0.0, 0.0, 0.0, 0.0, 0.0, 0.0, 0.0, 0.0, 0.0, 0.0, 0.0, 0.0, 0.0, 0.0, 0.0, 0.0, 0.0, 0.0, 0.0, 0.0, 0.0, 0.0, 0.0, 0.0, 0.0, 0.0, 0.0, 0.0], "penalty_agressor_0": [0.0, 0.0, 0.0, 0.0, 0.0, 0.0, 0.0, 0.0, 0.0, 0.0, 0.0, 0.0, 0.0, 0.0, 0.0, 0.0, 0.0, 0.0, 0.0, 0.0, 0.0, 0.0, 0.0, 0.0, 0.0, 0.0, 0.0, 0.0, 0.0, 0.0, 0.0, 0.0, 0.0, 0.0, 0.0, 0.0, 0.0, 0.0, 0.0, 0.0, 0.0, 0.0, 0.0, 0.0, 0.0, 0.0, 0.0, 0.0], "penalty_agressor_1": [0.0, 0.0, 0.0, 0.0, 0.0, 0.0, 0.0, 0.0, 0.0, 0.0, 0.0, 0.0, 0.0, 0.0, 0.0, 0.0, 0.0, 0.0, 0.0, 0.0, 0.0, 0.0, 0.0, 0.0, 0.0, 0.0, 0.0, 0.0, 0.0, 0.0, 0.0, 0.0, 0.0, 0.0, 0.0, 0.0, 0.0, 0.0, 0.0, 0.0, 0.0, 0.0, 0.0, 0.0, 0.0, 0.0, 0.0, 0.0], "penalty_timestep_0": [-6.0, -6.0, -6.0, -6.0], "penalty_timestep_1": [-6.0, -6.0, -6.0, -6.0], "reward_lead_0": [-7.0, -7.0, -7.0, -7.0], "reward_lead_1": [7.0, 7.0, 7.0, 7.0], "payoff_total0": [-0.18393972058572117, -0.3054980878028283, -0.4270564550199354, -0.45194998920386736, -0.4611078086482345, -0.4702656280926016, -0.4736346015921443, -0.47700357509168706, -0.47824295118002025, -0.47948232726835344, -0.4799382682511307, -0.4803942092339079, -13.480394209233907, -13.664333929819628, -13.785892297036737, -13.907450664253844, -13.932344198437775, -13.941502017882142, -13.95065983732651, -13.954028810826053, -13.957397784325595, -13.958637160413929, -13.95987653650226, -13.96033247748504, -13.960788418467816, -26.960788418467814, -27.144728139053537, -27.266286506270642, -27.38784487348775, -27.412738407671682, -27.42189622711605, -27.431054046560416, -27.43442302005996, -27.437791993559504, -27.439031369647836, -27.440270745736168, -27.440726686718946, -27.441182627701725, -40.44118262770172, -40.62512234828745, -40.74668071550455, -40.86823908272166, -40.89313261690559, -40.90229043634996, -40.911448255794326, -40.91481722929387, -40.91818620279341, -40.91942557888174, -40.92066495497008, -40.92112089595285, -40.92157683693563, -53.92157683693563],