{"2": {"0": {"[0.0, 0]": {"num_count": 1282, "sum_payoffs": 1.7099999994015, "action": [0.0, 0]}, "[1.0, 0]": {"num_count": 1318, "sum_payoffs": 3.7563157881589744, "action": [1.0, 0]}}, "1": {"[1.0, 0]": {"num_count": 1318, "sum_payoffs": 3.7563157881589744, "action": [1.0, 0]}, "[0.0, 0]": {"num_count": 1282, "sum_payoffs": 1.7099999994015, "action": [0.0, 0]}}}, "1": {"0": {"[0.0, 0]": {"num_count": 1292, "sum_payoffs": 0.899999999685, "action": [0.0, 0]}, "[1.0, 0]": {"num_count": 1308, "sum_payoffs": 1.79999999937, "action": [1.0, 0]}}, "1": {"[0.0, 0]": {"num_count": 1292, "sum_payoffs": 0.899999999685, "action": [0.0, 0]}, "[1.0, 0]": {"num_count": 1308, "sum_payoffs": 1.79999999937, "action": [1.0, 0]}}}}