{"11": {"0": {"[2.0, 1.5707963267948966]": {"num_count": 411, "sum_payoffs": 92.64843358971135, "action": [2.0, 1.5707963267948966]}, "[1.0, 0.0]": {"num_count": 400, "sum_payoffs": 89.13115692766686, "action": [1.0, 0.0]}, "[0.0, -1.5707963267948966]": {"num_count": 381, "sum_payoffs": 82.9388484820233, "action": [0.0, -1.5707963267948966]}, "[1.0, -1.5707963267948966]": {"num_count": 401, "sum_payoffs": 89.39901604935494, "action": [1.0, -1.5707963267948966]}, "[0.0, 0.0]": {"num_count": 397, "sum_payoffs": 88.15055988495573, "action": [0.0, 0.0]}, "[2.0, 0.0]": {"num_count": 414, "sum_payoffs": 93.65241956465798, "action": [2.0, 0.0]}, "[2.0, -1.5707963267948966]": {"num_count": 412, "sum_payoffs": 93.02015221305665, "action": [2.0, -1.5707963267948966]}, "[0.0, 1.5707963267948966]": {"num_count": 378, "sum_payoffs": 82.0259580027912, "action": [0.0, 1.5707963267948966]}, "[1.0, 1.5707963267948966]": {"num_count": 406, "sum_payoffs": 91.0585134778064, "action": [1.0, 1.5707963267948966]}}, "1": {"[1.0, -1.5707963267948966]": {"num_count": 383, "sum_payoffs": 101.28549029107755, "action": [1.0, -1.5707963267948966]}, "[1.0, 0.0]": {"num_count": 423, "sum_payoffs": 116.00207562022376, "action": [1.0, 0.0]}, "[2.0, -1.5707963267948966]": {"num_count": 427, "sum_payoffs": 117.56914382418402, "action": [2.0, -1.5707963267948966]}, "[1.0, 1.5707963267948966]": {"num_count": 373, "sum_payoffs": 97.52378256045606, "action": [1.0, 1.5707963267948966]}, "[0.0, 1.5707963267948966]": {"num_count": 358, "sum_payoffs": 92.13826505327056, "action": [0.0, 1.5707963267948966]}, "[2.0, 1.5707963267948966]": {"num_count": 415, "sum_payoffs": 113.07187483247839, "action": [2.0, 1.5707963267948966]}, "[0.0, 0.0]": {"num_count": 372, "sum_payoffs": 97.24353294799049, "action": [0.0, 0.0]}, "[0.0, -1.5707963267948966]": {"num_count": 351, "sum_payoffs": 89.50905566431477, "action": [0.0, -1.5707963267948966]}, "[2.0, 0.0]": {"num_count": 498, "sum_payoffs": 144.30178055674943, "action": [2.0, 0.0]}}}}