{"10": {"0": {"[1.0, -1.5707963267948966]": {"num_count": 177, "sum_payoffs": 45.68646515194399, "action": [1.0, -1.5707963267948966]}, "[1.0, 1.5707963267948966]": {"num_count": 182, "sum_payoffs": 47.67189615740954, "action": [1.0, 1.5707963267948966]}, "[0.0, -1.5707963267948966]": {"num_count": 174, "sum_payoffs": 44.40164847476177, "action": [0.0, -1.5707963267948966]}, "[2.0, 1.5707963267948966]": {"num_count": 179, "sum_payoffs": 46.29972362008629, "action": [2.0, 1.5707963267948966]}, "[2.0, 0.0]": {"num_count": 182, "sum_payoffs": 47.608588082385175, "action": [2.0, 0.0]}, "[0.0, 1.5707963267948966]": {"num_count": 177, "sum_payoffs": 45.617411164396366, "action": [0.0, 1.5707963267948966]}, "[0.0, 0.0]": {"num_count": 171, "sum_payoffs": 43.18900226905838, "action": [0.0, 0.0]}, "[1.0, 0.0]": {"num_count": 178, "sum_payoffs": 45.91610416961175, "action": [1.0, 0.0]}, "[2.0, -1.5707963267948966]": {"num_count": 180, "sum_payoffs": 46.84714160826121, "action": [2.0, -1.5707963267948966]}}, "1": {"[0.0, 0.0]": {"num_count": 260, "sum_payoffs": 61.901267983471854, "action": [0.0, 0.0]}, "[0.0, -1.5707963267948966]": {"num_count": 250, "sum_payoffs": 58.32323716244748, "action": [0.0, -1.5707963267948966]}, "[1.0, 1.5707963267948966]": {"num_count": 275, "sum_payoffs": 67.27628835870924, "action": [1.0, 1.5707963267948966]}, "[1.0, 0.0]": {"num_count": 281, "sum_payoffs": 69.4056849213187, "action": [1.0, 0.0]}, "[1.0, -1.5707963267948966]": {"num_count": 283, "sum_payoffs": 70.13636222628043, "action": [1.0, -1.5707963267948966]}, "[0.0, 1.5707963267948966]": {"num_count": 251, "sum_payoffs": 58.61100978448899, "action": [0.0, 1.5707963267948966]}}}}