{"5": {"0": {"[2.0, 1.5707963267948966]": {"num_count": 357, "sum_payoffs": 117.2862114325585, "action": [2.0, 1.5707963267948966]}, "[2.0, 0.0]": {"num_count": 384, "sum_payoffs": 129.04032257921097, "action": [2.0, 0.0]}, "[0.0, -1.5707963267948966]": {"num_count": 326, "sum_payoffs": 103.8751830876287, "action": [0.0, -1.5707963267948966]}, "[0.0, 1.5707963267948966]": {"num_count": 316, "sum_payoffs": 99.52275495682773, "action": [0.0, 1.5707963267948966]}, "[2.0, -1.5707963267948966]": {"num_count": 359, "sum_payoffs": 118.15515289334496, "action": [2.0, -1.5707963267948966]}, "[1.0, 0.0]": {"num_count": 344, "sum_payoffs": 111.61682595511202, "action": [1.0, 0.0]}, "[1.0, 1.5707963267948966]": {"num_count": 348, "sum_payoffs": 113.33626338742653, "action": [1.0, 1.5707963267948966]}, "[1.0, -1.5707963267948966]": {"num_count": 344, "sum_payoffs": 111.63256132859783, "action": [1.0, -1.5707963267948966]}, "[0.0, 0.0]": {"num_count": 322, "sum_payoffs": 102.17566531480905, "action": [0.0, 0.0]}}, "1": {"[1.0, 1.5707963267948966]": {"num_count": 543, "sum_payoffs": 182.7883071032119, "action": [1.0, 1.5707963267948966]}, "[0.0, -1.5707963267948966]": {"num_count": 469, "sum_payoffs": 151.8468245641705, "action": [0.0, -1.5707963267948966]}, "[0.0, 0.0]": {"num_count": 459, "sum_payoffs": 147.70953918638241, "action": [0.0, 0.0]}, "[1.0, 0.0]": {"num_count": 613, "sum_payoffs": 212.73108690814522, "action": [1.0, 0.0]}, "[1.0, -1.5707963267948966]": {"num_count": 537, "sum_payoffs": 180.3745208723805, "action": [1.0, -1.5707963267948966]}, "[0.0, 1.5707963267948966]": {"num_count": 479, "sum_payoffs": 155.98970454364044, "action": [0.0, 1.5707963267948966]}}}}