{"2": {"0": {"[0.0, 0]": {"num_count": 283, "sum_payoffs": 22.028624995043526, "action": [0.0, 0]}, "[1.0, 0]": {"num_count": 3317, "sum_payoffs": 317.97304927055694, "action": [1.0, 0]}}, "1": {"[1.0, 0]": {"num_count": 3236, "sum_payoffs": 305.48892427336443, "action": [1.0, 0]}, "[0.0, 0]": {"num_count": 364, "sum_payoffs": 27.313874993854363, "action": [0.0, 0]}}}, "1": {"0": {"[1.0, 0]": {"num_count": 3297, "sum_payoffs": 340.4868749233823, "action": [1.0, 0]}, "[0.0, 0]": {"num_count": 303, "sum_payoffs": 26.493749994039074, "action": [0.0, 0]}}, "1": {"[1.0, 0]": {"num_count": 3304, "sum_payoffs": 341.09437492324565, "action": [1.0, 0]}, "[0.0, 0]": {"num_count": 296, "sum_payoffs": 25.076249994357998, "action": [0.0, 0]}}}}