{"2": {"0": {"[0.0, 0]": {"num_count": 1392, "sum_payoffs": 168.52589996629536, "action": [0.0, 0]}, "[1.0, 0]": {"num_count": 3208, "sum_payoffs": 508.90878937190865, "action": [1.0, 0]}}, "1": {"[1.0, 0]": {"num_count": 3191, "sum_payoffs": 505.8901893725125, "action": [1.0, 0]}, "[0.0, 0]": {"num_count": 1409, "sum_payoffs": 171.54449996569167, "action": [0.0, 0]}}}, "1": {"0": {"[0.0, 0]": {"num_count": 1675, "sum_payoffs": 245.80799995084004, "action": [0.0, 0]}, "[1.0, 0]": {"num_count": 2925, "sum_payoffs": 500.84999989980395, "action": [1.0, 0]}}, "1": {"[1.0, 0]": {"num_count": 2925, "sum_payoffs": 501.0119998997715, "action": [1.0, 0]}, "[0.0, 0]": {"num_count": 1675, "sum_payoffs": 245.9699999508077, "action": [0.0, 0]}}}}