{"4": {"0": {"[1.0, -1.5707963267948966]": {"num_count": 516, "sum_payoffs": 166.74619822321677, "action": [1.0, -1.5707963267948966]}, "[0.0, 0.0]": {"num_count": 494, "sum_payoffs": 157.6390567679048, "action": [0.0, 0.0]}, "[2.0, 1.5707963267948966]": {"num_count": 557, "sum_payoffs": 183.8104614414308, "action": [2.0, 1.5707963267948966]}, "[2.0, -1.5707963267948966]": {"num_count": 554, "sum_payoffs": 182.62074434289764, "action": [2.0, -1.5707963267948966]}, "[0.0, -1.5707963267948966]": {"num_count": 435, "sum_payoffs": 133.6256607444098, "action": [0.0, -1.5707963267948966]}, "[1.0, 0.0]": {"num_count": 535, "sum_payoffs": 174.68495906554688, "action": [1.0, 0.0]}, "[0.0, 1.5707963267948966]": {"num_count": 430, "sum_payoffs": 131.54561060326205, "action": [0.0, 1.5707963267948966]}, "[2.0, 0.0]": {"num_count": 581, "sum_payoffs": 193.834785363025, "action": [2.0, 0.0]}, "[1.0, 1.5707963267948966]": {"num_count": 498, "sum_payoffs": 159.37533593666788, "action": [1.0, 1.5707963267948966]}}, "1": {"[2.0, -1.5707963267948966]": {"num_count": 587, "sum_payoffs": 238.91842473997565, "action": [2.0, -1.5707963267948966]}, "[1.0, 1.5707963267948966]": {"num_count": 494, "sum_payoffs": 193.54932461576914, "action": [1.0, 1.5707963267948966]}, "[0.0, 0.0]": {"num_count": 456, "sum_payoffs": 175.25953358948797, "action": [0.0, 0.0]}, "[0.0, -1.5707963267948966]": {"num_count": 407, "sum_payoffs": 151.75748687746895, "action": [0.0, -1.5707963267948966]}, "[2.0, 1.5707963267948966]": {"num_count": 562, "sum_payoffs": 226.55989727330916, "action": [2.0, 1.5707963267948966]}, "[1.0, 0.0]": {"num_count": 541, "sum_payoffs": 216.42900474899622, "action": [1.0, 0.0]}, "[1.0, -1.5707963267948966]": {"num_count": 480, "sum_payoffs": 186.7693424238458, "action": [1.0, -1.5707963267948966]}, "[2.0, 0.0]": {"num_count": 663, "sum_payoffs": 276.58139702993446, "action": [2.0, 0.0]}, "[0.0, 1.5707963267948966]": {"num_count": 410, "sum_payoffs": 153.20393546044997, "action": [0.0, 1.5707963267948966]}}}}