{"2": {"0": {"[0.0, 0]": {"num_count": 236, "sum_payoffs": 42.1094999887708, "action": [0.0, 0]}, "[1.0, 0]": {"num_count": 3864, "sum_payoffs": 962.0066050067006, "action": [1.0, 0]}}, "1": {"[0.0, 0]": {"num_count": 255, "sum_payoffs": 45.17699998795277, "action": [0.0, 0]}, "[1.0, 0]": {"num_count": 3845, "sum_payoffs": 950.4341050097846, "action": [1.0, 0]}}}, "1": {"0": {"[0.0, 0]": {"num_count": 241, "sum_payoffs": 56.864999984835734, "action": [0.0, 0]}, "[1.0, 0]": {"num_count": 3859, "sum_payoffs": 1051.9799997195082, "action": [1.0, 0]}}, "1": {"[0.0, 0]": {"num_count": 243, "sum_payoffs": 56.18999998501577, "action": [0.0, 0]}, "[1.0, 0]": {"num_count": 3857, "sum_payoffs": 1050.4949997199049, "action": [1.0, 0]}}}}