{"2": {"0": {"[0.0, 0]": {"num_count": 272, "sum_payoffs": 46.48949999070195, "action": [0.0, 0]}, "[1.0, 0]": {"num_count": 4328, "sum_payoffs": 974.0173261209367, "action": [1.0, 0]}}, "1": {"[0.0, 0]": {"num_count": 316, "sum_payoffs": 49.44194999011143, "action": [0.0, 0]}, "[1.0, 0]": {"num_count": 4284, "sum_payoffs": 950.0696761257273, "action": [1.0, 0]}}}, "1": {"0": {"[1.0, 0]": {"num_count": 4283, "sum_payoffs": 1051.4519997896987, "action": [1.0, 0]}, "[0.0, 0]": {"num_count": 317, "sum_payoffs": 67.5494999864901, "action": [0.0, 0]}}, "1": {"[1.0, 0]": {"num_count": 4307, "sum_payoffs": 1057.7699997884379, "action": [1.0, 0]}, "[0.0, 0]": {"num_count": 293, "sum_payoffs": 61.231499987753786, "action": [0.0, 0]}}}}