{"10": {"0": {"[1.0, 0.0]": {"num_count": 302, "sum_payoffs": 71.03186874486013, "action": [1.0, 0.0]}, "[1.0, -1.5707963267948966]": {"num_count": 284, "sum_payoffs": 64.78653334314068, "action": [1.0, -1.5707963267948966]}, "[2.0, 1.5707963267948966]": {"num_count": 297, "sum_payoffs": 69.3277741302857, "action": [2.0, 1.5707963267948966]}, "[0.0, 0.0]": {"num_count": 289, "sum_payoffs": 66.6083338460345, "action": [0.0, 0.0]}, "[2.0, 0.0]": {"num_count": 297, "sum_payoffs": 69.30092062407351, "action": [2.0, 0.0]}, "[0.0, -1.5707963267948966]": {"num_count": 281, "sum_payoffs": 63.785231604676625, "action": [0.0, -1.5707963267948966]}, "[1.0, 1.5707963267948966]": {"num_count": 283, "sum_payoffs": 64.4841487441777, "action": [1.0, 1.5707963267948966]}, "[2.0, -1.5707963267948966]": {"num_count": 290, "sum_payoffs": 66.98061514912962, "action": [2.0, -1.5707963267948966]}, "[0.0, 1.5707963267948966]": {"num_count": 277, "sum_payoffs": 62.41960309441441, "action": [0.0, 1.5707963267948966]}}, "1": {"[0.0, 0.0]": {"num_count": 282, "sum_payoffs": 78.13280573958569, "action": [0.0, 0.0]}, "[1.0, -1.5707963267948966]": {"num_count": 280, "sum_payoffs": 77.25115548908292, "action": [1.0, -1.5707963267948966]}, "[1.0, 0.0]": {"num_count": 321, "sum_payoffs": 93.60068843399532, "action": [1.0, 0.0]}, "[1.0, 1.5707963267948966]": {"num_count": 281, "sum_payoffs": 77.74334249348391, "action": [1.0, 1.5707963267948966]}, "[0.0, -1.5707963267948966]": {"num_count": 255, "sum_payoffs": 67.45938177769042, "action": [0.0, -1.5707963267948966]}, "[2.0, 0.0]": {"num_count": 335, "sum_payoffs": 99.29767447234558, "action": [2.0, 0.0]}, "[2.0, 1.5707963267948966]": {"num_count": 287, "sum_payoffs": 80.03606455280546, "action": [2.0, 1.5707963267948966]}, "[2.0, -1.5707963267948966]": {"num_count": 301, "sum_payoffs": 85.66326278137491, "action": [2.0, -1.5707963267948966]}, "[0.0, 1.5707963267948966]": {"num_count": 258, "sum_payoffs": 68.64882378821244, "action": [0.0, 1.5707963267948966]}}}}