{"2": {"0": {"[0.0, 0]": {"num_count": 721, "sum_payoffs": 114.3202499790408, "action": [0.0, 0]}, "[1.0, 0]": {"num_count": 1379, "sum_payoffs": 274.37228284443466, "action": [1.0, 0]}}, "1": {"[0.0, 0]": {"num_count": 726, "sum_payoffs": 115.77824997877349, "action": [0.0, 0]}, "[1.0, 0]": {"num_count": 1374, "sum_payoffs": 273.82553284453496, "action": [1.0, 0]}}}, "1": {"0": {"[0.0, 0]": {"num_count": 793, "sum_payoffs": 145.94624997324402, "action": [0.0, 0]}, "[1.0, 0]": {"num_count": 1307, "sum_payoffs": 280.6537499485435, "action": [1.0, 0]}}, "1": {"[1.0, 0]": {"num_count": 1306, "sum_payoffs": 280.5524999485621, "action": [1.0, 0]}, "[0.0, 0]": {"num_count": 794, "sum_payoffs": 146.24999997318832, "action": [0.0, 0]}}}}