{"3": {"0": {"[1.0, 1.5707963267948966]": {"num_count": 238, "sum_payoffs": 83.66204969477165, "action": [1.0, 1.5707963267948966]}, "[1.0, 0.0]": {"num_count": 226, "sum_payoffs": 78.0155780241553, "action": [1.0, 0.0]}, "[2.0, 0.0]": {"num_count": 237, "sum_payoffs": 83.22332392168671, "action": [2.0, 0.0]}, "[2.0, -1.5707963267948966]": {"num_count": 276, "sum_payoffs": 102.12560948904391, "action": [2.0, -1.5707963267948966]}, "[0.0, 0.0]": {"num_count": 217, "sum_payoffs": 73.60856943530553, "action": [0.0, 0.0]}, "[0.0, 1.5707963267948966]": {"num_count": 209, "sum_payoffs": 69.98971901227118, "action": [0.0, 1.5707963267948966]}, "[1.0, -1.5707963267948966]": {"num_count": 237, "sum_payoffs": 83.13127175942756, "action": [1.0, -1.5707963267948966]}, "[0.0, -1.5707963267948966]": {"num_count": 215, "sum_payoffs": 72.74101009166174, "action": [0.0, -1.5707963267948966]}, "[2.0, 1.5707963267948966]": {"num_count": 245, "sum_payoffs": 87.10101865212808, "action": [2.0, 1.5707963267948966]}}, "1": {"[0.0, -1.5707963267948966]": {"num_count": 197, "sum_payoffs": 79.63983270027734, "action": [0.0, -1.5707963267948966]}, "[2.0, -1.5707963267948966]": {"num_count": 263, "sum_payoffs": 116.13960090107003, "action": [2.0, -1.5707963267948966]}, "[1.0, 1.5707963267948966]": {"num_count": 227, "sum_payoffs": 96.11149385001794, "action": [1.0, 1.5707963267948966]}, "[1.0, 0.0]": {"num_count": 222, "sum_payoffs": 93.38842022340879, "action": [1.0, 0.0]}, "[0.0, 1.5707963267948966]": {"num_count": 198, "sum_payoffs": 79.91167539144355, "action": [0.0, 1.5707963267948966]}, "[2.0, 0.0]": {"num_count": 266, "sum_payoffs": 117.85099370581709, "action": [2.0, 0.0]}, "[1.0, -1.5707963267948966]": {"num_count": 240, "sum_payoffs": 103.35774037889783, "action": [1.0, -1.5707963267948966]}, "[0.0, 0.0]": {"num_count": 199, "sum_payoffs": 80.78091981086635, "action": [0.0, 0.0]}, "[2.0, 1.5707963267948966]": {"num_count": 288, "sum_payoffs": 130.33945276895201, "action": [2.0, 1.5707963267948966]}}}}