{"6": {"0": {"[1.0, 1.5707963267948966]": {"num_count": 11, "sum_payoffs": 3.3967087105762936, "action": [1.0, 1.5707963267948966]}, "[2.0, 0.0]": {"num_count": 11, "sum_payoffs": 3.7294926417417678, "action": [2.0, 0.0]}, "[0.0, 1.5707963267948966]": {"num_count": 12, "sum_payoffs": 4.165643941967772, "action": [0.0, 1.5707963267948966]}, "[0.0, -1.5707963267948966]": {"num_count": 11, "sum_payoffs": 3.373293596104103, "action": [0.0, -1.5707963267948966]}, "[1.0, 0.0]": {"num_count": 12, "sum_payoffs": 4.08163152030337, "action": [1.0, 0.0]}, "[2.0, 1.5707963267948966]": {"num_count": 11, "sum_payoffs": 3.2310094715791506, "action": [2.0, 1.5707963267948966]}, "[0.0, 0.0]": {"num_count": 11, "sum_payoffs": 3.5722251957725493, "action": [0.0, 0.0]}, "[2.0, -1.5707963267948966]": {"num_count": 10, "sum_payoffs": 2.84772688405092, "action": [2.0, -1.5707963267948966]}, "[1.0, -1.5707963267948966]": {"num_count": 11, "sum_payoffs": 3.4007950348192106, "action": [1.0, -1.5707963267948966]}}, "1": {"[1.0, 0.0]": {"num_count": 18, "sum_payoffs": 6.198469523134456, "action": [1.0, 0.0]}, "[1.0, -1.5707963267948966]": {"num_count": 17, "sum_payoffs": 5.8162365449341475, "action": [1.0, -1.5707963267948966]}, "[1.0, 1.5707963267948966]": {"num_count": 17, "sum_payoffs": 5.3758454448083555, "action": [1.0, 1.5707963267948966]}, "[0.0, 1.5707963267948966]": {"num_count": 16, "sum_payoffs": 4.880820898846082, "action": [0.0, 1.5707963267948966]}, "[0.0, -1.5707963267948966]": {"num_count": 16, "sum_payoffs": 4.717253579830772, "action": [0.0, -1.5707963267948966]}, "[0.0, 0.0]": {"num_count": 16, "sum_payoffs": 5.136350339472751, "action": [0.0, 0.0]}}}}