{"alphat_eff_gamelength_2": [1.0, 1.0, 1.0, 1.0, 1.0, 1.0, 1.0, 1.0, 1.0, 1.0], "runtime_gamelength_2": [0.8276941776275635, 0.8097498416900635, 0.8317177295684814, 0.8934190273284912, 0.7753450870513916, 0.8197250366210938, 0.8779470920562744, 0.9344415664672852, 0.8278200626373291, 0.8435235023498535], "max_timestep": [1, 1, 1, 1, 1, 1, 1, 1, 1, 1], "alphat_eff_gamelength_1": [1.0, 1.0, 1.0, 1.0, 1.0, 1.0, 1.0, 1.0, 1.0, 1.0], "runtime_gamelength_1": [0.6009244918823242, 0.564626932144165, 0.5722730159759521, 0.5957458019256592, 0.5580177307128906, 0.5292305946350098, 0.5833148956298828, 0.5627098083496094, 0.5610880851745605, 0.5636327266693115], "winner": [[0, 0], [0, 0], [0, 0], [0, 0], [0, 0], [0, 0], [0, 0], [0, 0], [0, 0], [0, 0]], "runtime": [1.4287989139556885, 1.3746552467346191, 1.4042637348175049, 1.489452838897705, 1.3336122035980225, 1.349156141281128, 1.4615840911865234, 1.4974961280822754, 1.3892948627471924, 1.4074506759643555], "T_terminal": [2, 2, 2, 2, 2, 2, 2, 2, 2, 2], "trajectory_0": [[[1.0, 0.0, 1.5707963267948966, 0], [1.0, 1.0, 1.5707963267948966, 1], [1.0, 2.0, 1.5707963267948966, 2]], [[1.0, 0.0, 1.5707963267948966, 0], [1.0, 1.0, 1.5707963267948966, 1], [1.0, 2.0, 1.5707963267948966, 2]], [[1.0, 0.0, 1.5707963267948966, 0], [1.0, 1.0, 1.5707963267948966, 1], [1.0, 2.0, 1.5707963267948966, 2]], [[1.0, 0.0, 1.5707963267948966, 0], [1.0, 1.0, 1.5707963267948966, 1], [1.0, 2.0, 1.5707963267948966, 2]], [[1.0, 0.0, 1.5707963267948966, 0], [1.0, 1.0, 1.5707963267948966, 1], [1.0, 2.0, 1.5707963267948966, 2]], [[1.0, 0.0, 1.5707963267948966, 0], [1.0, 1.0, 1.5707963267948966, 1], [1.0, 2.0, 1.5707963267948966, 2]], [[1.0, 0.0, 1.5707963267948966, 0], [1.0, 1.0, 1.5707963267948966, 1], [1.0, 2.0, 1.5707963267948966, 2]], [[1.0, 0.0, 1.5707963267948966, 0], [1.0, 1.0, 1.5707963267948966, 1], [1.0, 2.0, 1.5707963267948966, 2]], [[1.0, 0.0, 1.5707963267948966, 0], [1.0, 1.0, 1.5707963267948966, 1], [1.0, 2.0, 1.5707963267948966, 2]], [[1.0, 0.0, 1.5707963267948966, 0], [1.0, 1.0, 1.5707963267948966, 1], [1.0, 2.0, 1.5707963267948966, 2]]], "trajectory_1": [[[0.0, 1.0, 0.0, 0], [1.0, 1.0, 0.0, 1], [2.0, 1.0, 0.0, 2]], [[0.0, 1.0, 0.0, 0], [1.0, 1.0, 0.0, 1], [2.0, 1.0, 0.0, 2]], [[0.0, 1.0, 0.0, 0], [1.0, 1.0, 0.0, 1], [2.0, 1.0, 0.0, 2]], [[0.0, 1.0, 0.0, 0], [1.0, 1.0, 0.0, 1], [2.0, 1.0, 0.0, 2]], [[0.0, 1.0, 0.0, 0], [1.0, 1.0, 0.0, 1], [2.0, 1.0, 0.0, 2]], [[0.0, 1.0, 0.0, 0], [1.0, 1.0, 0.0, 1], [2.0, 1.0, 0.0, 2]], [[0.0, 1.0, 0.0, 0], [1.0, 1.0, 0.0, 1], [2.0, 1.0, 0.0, 2]], [[0.0, 1.0, 0.0, 0], [1.0, 1.0, 0.0, 1], [2.0, 1.0, 0.0, 2]], [[0.0, 1.0, 0.0, 0], [1.0, 1.0, 0.0, 1], [2.0, 1.0, 0.0, 2]], [[0.0, 1.0, 0.0, 0], [1.0, 1.0, 0.0, 1], [2.0, 1.0, 0.0, 2]]], "coll_payoff_0": [[0.0, 0.0], [0.0, 0.0], [0.0, 0.0], [0.0, 0.0], [0.0, 0.0], [0.0, 0.0], [0.0, 0.0], [0.0, 0.0], [0.0, 0.0], [0.0, 0.0]], "coll_payoff_1": [[0.0, 0.0], [0.0, 0.0], [0.0, 0.0], [0.0, 0.0], [0.0, 0.0], [0.0, 0.0], [0.0, 0.0], [0.0, 0.0], [0.0, 0.0], [0.0, 0.0]], "payoff_total": [[[0.0, 0.0], [0.1666666666361111, 0.1666666666361111]], [[0.0, 0.0], [0.1666666666361111, 0.1666666666361111]], [[0.0, 0.0], [0.1666666666361111, 0.1666666666361111]], [[0.0, 0.0], [0.1666666666361111, 0.1666666666361111]], [[0.0, 0.0], [0.1666666666361111, 0.1666666666361111]], [[0.0, 0.0], [0.1666666666361111, 0.1666666666361111]], [[0.0, 0.0], [0.1666666666361111, 0.1666666666361111]], [[0.0, 0.0], [0.1666666666361111, 0.1666666666361111]], [[0.0, 0.0], [0.1666666666361111, 0.1666666666361111]], [[0.0, 0.0], [0.1666666666361111, 0.1666666666361111]]], "final_lead_payoff_0": [[0.5], [0.5], [0.5], [0.5], [0.5], [0.5], [0.5], [0.5], [0.5], [0.5]], "final_lead_payoff_1": [[0.5], [0.5], [0.5], [0.5], [0.5], [0.5], [0.5], [0.5], [0.5], [0.5]]}