{"2": {"0": {"[0.0, 0]": {"num_count": 219, "sum_payoffs": 59.04899998425353, "action": [0.0, 0]}, "[1.0, 0]": {"num_count": 3881, "sum_payoffs": 1433.213999617867, "action": [1.0, 0]}}, "1": {"[1.0, 0]": {"num_count": 3834, "sum_payoffs": 1418.4517496218027, "action": [1.0, 0]}, "[0.0, 0]": {"num_count": 266, "sum_payoffs": 77.82074997924781, "action": [0.0, 0]}}}, "1": {"0": {"[1.0, 0]": {"num_count": 3870, "sum_payoffs": 1574.639999580034, "action": [1.0, 0]}, "[0.0, 0]": {"num_count": 230, "sum_payoffs": 86.26499997699578, "action": [0.0, 0]}}, "1": {"[1.0, 0]": {"num_count": 3867, "sum_payoffs": 1573.4249995803582, "action": [1.0, 0]}, "[0.0, 0]": {"num_count": 233, "sum_payoffs": 87.07499997677976, "action": [0.0, 0]}}}}