{"2": {"0": {"[0.0, 0]": {"num_count": 1158, "sum_payoffs": 205.23471425052782, "action": [0.0, 0]}, "[1.0, 0]": {"num_count": 2942, "sum_payoffs": 652.9501352263836, "action": [1.0, 0]}}, "1": {"[1.0, 0]": {"num_count": 2936, "sum_payoffs": 652.502706655032, "action": [1.0, 0]}, "[0.0, 0]": {"num_count": 1164, "sum_payoffs": 207.14014282162978, "action": [0.0, 0]}}}, "1": {"0": {"[1.0, 0]": {"num_count": 2607, "sum_payoffs": 628.4057141779714, "action": [1.0, 0]}, "[0.0, 0]": {"num_count": 1493, "sum_payoffs": 321.4928570877478, "action": [0.0, 0]}}, "1": {"[0.0, 0]": {"num_count": 1491, "sum_payoffs": 321.14571423066445, "action": [0.0, 0]}, "[1.0, 0]": {"num_count": 2609, "sum_payoffs": 629.2157141778323, "action": [1.0, 0]}}}}