{"2": {"0": {"[1.0, 0]": {"num_count": 2342, "sum_payoffs": 888.8332497630079, "action": [1.0, 0]}, "[0.0, 0]": {"num_count": 758, "sum_payoffs": 240.02324993599254, "action": [0.0, 0]}}, "1": {"[0.0, 0]": {"num_count": 781, "sum_payoffs": 249.8647499333682, "action": [0.0, 0]}, "[1.0, 0]": {"num_count": 2319, "sum_payoffs": 881.9077497648543, "action": [1.0, 0]}}}, "1": {"0": {"[1.0, 0]": {"num_count": 2012, "sum_payoffs": 837.1349997767559, "action": [1.0, 0]}, "[0.0, 0]": {"num_count": 1088, "sum_payoffs": 417.55499988866114, "action": [0.0, 0]}}, "1": {"[1.0, 0]": {"num_count": 1996, "sum_payoffs": 830.8574997784303, "action": [1.0, 0]}, "[0.0, 0]": {"num_count": 1104, "sum_payoffs": 425.45249988655564, "action": [0.0, 0]}}}}