{"2": {"0": {"[1.0, 0]": {"num_count": 339, "sum_payoffs": 6.186315787308475, "action": [1.0, 0]}, "[0.0, 0]": {"num_count": 261, "sum_payoffs": 4.1399999985510005, "action": [0.0, 0]}}, "1": {"[0.0, 0]": {"num_count": 301, "sum_payoffs": 4.949999998267501, "action": [0.0, 0]}, "[1.0, 0]": {"num_count": 299, "sum_payoffs": 5.376315787591975, "action": [1.0, 0]}}}, "1": {"0": {"[1.0, 0]": {"num_count": 333, "sum_payoffs": 1.79999999937, "action": [1.0, 0]}, "[0.0, 0]": {"num_count": 267, "sum_payoffs": 0.899999999685, "action": [0.0, 0]}}, "1": {"[0.0, 0]": {"num_count": 303, "sum_payoffs": 1.79999999937, "action": [0.0, 0]}, "[1.0, 0]": {"num_count": 297, "sum_payoffs": 0.899999999685, "action": [1.0, 0]}}}}