{"2": {"0": {"[1.0, 0]": {"num_count": 2243, "sum_payoffs": 190.62535259345705, "action": [1.0, 0]}, "[0.0, 0]": {"num_count": 1357, "sum_payoffs": 82.12814998357489, "action": [0.0, 0]}}, "1": {"[1.0, 0]": {"num_count": 2242, "sum_payoffs": 190.4066525935009, "action": [1.0, 0]}, "[0.0, 0]": {"num_count": 1358, "sum_payoffs": 82.27394998354573, "action": [0.0, 0]}}}, "1": {"0": {"[0.0, 0]": {"num_count": 1555, "sum_payoffs": 115.25399997695126, "action": [0.0, 0]}, "[1.0, 0]": {"num_count": 2045, "sum_payoffs": 178.46549996430164, "action": [1.0, 0]}}, "1": {"[1.0, 0]": {"num_count": 2044, "sum_payoffs": 178.38449996431783, "action": [1.0, 0]}, "[0.0, 0]": {"num_count": 1556, "sum_payoffs": 115.41599997691887, "action": [0.0, 0]}}}}