{"2": {"0": {"[0.0, 0]": {"num_count": 351, "sum_payoffs": 62.66924998746593, "action": [0.0, 0]}, "[1.0, 0]": {"num_count": 749, "sum_payoffs": 181.12047627956719, "action": [1.0, 0]}}, "1": {"[1.0, 0]": {"num_count": 744, "sum_payoffs": 180.93372627960446, "action": [1.0, 0]}, "[0.0, 0]": {"num_count": 356, "sum_payoffs": 64.82429998703488, "action": [0.0, 0]}}}, "1": {"0": {"[0.0, 0]": {"num_count": 412, "sum_payoffs": 89.66249998206703, "action": [0.0, 0]}, "[1.0, 0]": {"num_count": 688, "sum_payoffs": 178.5959999642784, "action": [1.0, 0]}}, "1": {"[1.0, 0]": {"num_count": 688, "sum_payoffs": 178.83899996422983, "action": [1.0, 0]}, "[0.0, 0]": {"num_count": 412, "sum_payoffs": 89.90549998201844, "action": [0.0, 0]}}}}