{"3": {"0": {"[0.0, -1.5707963267948966]": {"num_count": 225, "sum_payoffs": 77.39577624409321, "action": [0.0, -1.5707963267948966]}, "[0.0, 1.5707963267948966]": {"num_count": 212, "sum_payoffs": 71.33982354980651, "action": [0.0, 1.5707963267948966]}, "[0.0, 0.0]": {"num_count": 211, "sum_payoffs": 70.92369050526547, "action": [0.0, 0.0]}, "[1.0, 0.0]": {"num_count": 220, "sum_payoffs": 75.13524641825471, "action": [1.0, 0.0]}, "[2.0, -1.5707963267948966]": {"num_count": 249, "sum_payoffs": 89.06267937857733, "action": [2.0, -1.5707963267948966]}, "[2.0, 1.5707963267948966]": {"num_count": 258, "sum_payoffs": 93.32635215321955, "action": [2.0, 1.5707963267948966]}, "[1.0, 1.5707963267948966]": {"num_count": 242, "sum_payoffs": 85.6571249356948, "action": [1.0, 1.5707963267948966]}, "[2.0, 0.0]": {"num_count": 240, "sum_payoffs": 84.75711531919619, "action": [2.0, 0.0]}, "[1.0, -1.5707963267948966]": {"num_count": 243, "sum_payoffs": 86.0759776933001, "action": [1.0, -1.5707963267948966]}}, "1": {"[2.0, 0.0]": {"num_count": 272, "sum_payoffs": 121.86115563166697, "action": [2.0, 0.0]}, "[1.0, 1.5707963267948966]": {"num_count": 224, "sum_payoffs": 94.88021532027547, "action": [1.0, 1.5707963267948966]}, "[2.0, -1.5707963267948966]": {"num_count": 276, "sum_payoffs": 124.15888044848951, "action": [2.0, -1.5707963267948966]}, "[0.0, 1.5707963267948966]": {"num_count": 202, "sum_payoffs": 82.83012183306772, "action": [0.0, 1.5707963267948966]}, "[1.0, 0.0]": {"num_count": 223, "sum_payoffs": 94.35343543697755, "action": [1.0, 0.0]}, "[2.0, 1.5707963267948966]": {"num_count": 268, "sum_payoffs": 119.56811352400754, "action": [2.0, 1.5707963267948966]}, "[0.0, 0.0]": {"num_count": 199, "sum_payoffs": 81.18153508693212, "action": [0.0, 0.0]}, "[0.0, -1.5707963267948966]": {"num_count": 206, "sum_payoffs": 85.00809850873897, "action": [0.0, -1.5707963267948966]}, "[1.0, -1.5707963267948966]": {"num_count": 230, "sum_payoffs": 98.1983400384596, "action": [1.0, -1.5707963267948966]}}}}