{"14": {"0": {"[2.0, 0.0]": {"num_count": 245, "sum_payoffs": 57.08703786234581, "action": [2.0, 0.0]}, "[2.0, 1.5707963267948966]": {"num_count": 232, "sum_payoffs": 52.517268170954196, "action": [2.0, 1.5707963267948966]}, "[1.0, 0.0]": {"num_count": 227, "sum_payoffs": 50.75645065016001, "action": [1.0, 0.0]}, "[0.0, 0.0]": {"num_count": 225, "sum_payoffs": 50.00444743303351, "action": [0.0, 0.0]}, "[2.0, -1.5707963267948966]": {"num_count": 235, "sum_payoffs": 53.6755673475375, "action": [2.0, -1.5707963267948966]}, "[1.0, 1.5707963267948966]": {"num_count": 238, "sum_payoffs": 54.71340946541251, "action": [1.0, 1.5707963267948966]}, "[0.0, 1.5707963267948966]": {"num_count": 227, "sum_payoffs": 50.77738812115969, "action": [0.0, 1.5707963267948966]}, "[1.0, -1.5707963267948966]": {"num_count": 239, "sum_payoffs": 54.95616593514107, "action": [1.0, -1.5707963267948966]}, "[0.0, -1.5707963267948966]": {"num_count": 232, "sum_payoffs": 52.554486487824036, "action": [0.0, -1.5707963267948966]}}, "1": {"[1.0, -1.5707963267948966]": {"num_count": 360, "sum_payoffs": 75.43547125640778, "action": [1.0, -1.5707963267948966]}, "[0.0, -1.5707963267948966]": {"num_count": 341, "sum_payoffs": 69.5193549909471, "action": [0.0, -1.5707963267948966]}, "[1.0, 0.0]": {"num_count": 354, "sum_payoffs": 73.5973480750315, "action": [1.0, 0.0]}, "[0.0, 0.0]": {"num_count": 336, "sum_payoffs": 67.99057894774377, "action": [0.0, 0.0]}, "[1.0, 1.5707963267948966]": {"num_count": 367, "sum_payoffs": 77.67072582531195, "action": [1.0, 1.5707963267948966]}, "[0.0, 1.5707963267948966]": {"num_count": 342, "sum_payoffs": 69.87357508761878, "action": [0.0, 1.5707963267948966]}}}}