{"7": {"0": {"[0.0, 1.5707963267948966]": {"num_count": 426, "sum_payoffs": 120.07412970134871, "action": [0.0, 1.5707963267948966]}, "[2.0, 0.0]": {"num_count": 496, "sum_payoffs": 146.96946335680857, "action": [2.0, 0.0]}, "[1.0, -1.5707963267948966]": {"num_count": 468, "sum_payoffs": 136.1716746066966, "action": [1.0, -1.5707963267948966]}, "[2.0, 1.5707963267948966]": {"num_count": 469, "sum_payoffs": 136.57633041716693, "action": [2.0, 1.5707963267948966]}, "[0.0, -1.5707963267948966]": {"num_count": 431, "sum_payoffs": 122.01212526296534, "action": [0.0, -1.5707963267948966]}, "[0.0, 0.0]": {"num_count": 442, "sum_payoffs": 126.15103693983538, "action": [0.0, 0.0]}, "[1.0, 0.0]": {"num_count": 455, "sum_payoffs": 131.1750390558809, "action": [1.0, 0.0]}, "[2.0, -1.5707963267948966]": {"num_count": 482, "sum_payoffs": 141.51339622223625, "action": [2.0, -1.5707963267948966]}, "[1.0, 1.5707963267948966]": {"num_count": 431, "sum_payoffs": 121.99066550819512, "action": [1.0, 1.5707963267948966]}}, "1": {"[0.0, 1.5707963267948966]": {"num_count": 634, "sum_payoffs": 175.40099710065402, "action": [0.0, 1.5707963267948966]}, "[0.0, 0.0]": {"num_count": 655, "sum_payoffs": 182.8733650806656, "action": [0.0, 0.0]}, "[1.0, 0.0]": {"num_count": 767, "sum_payoffs": 223.38087456582744, "action": [1.0, 0.0]}, "[1.0, 1.5707963267948966]": {"num_count": 690, "sum_payoffs": 195.53479392946855, "action": [1.0, 1.5707963267948966]}, "[1.0, -1.5707963267948966]": {"num_count": 731, "sum_payoffs": 210.26644546019205, "action": [1.0, -1.5707963267948966]}, "[0.0, -1.5707963267948966]": {"num_count": 623, "sum_payoffs": 171.4268291601847, "action": [0.0, -1.5707963267948966]}}}}