{"2": {"0": {"[1.0, 0]": {"num_count": 1010, "sum_payoffs": 299.83566309792474, "action": [1.0, 0]}, "[0.0, 0]": {"num_count": 90, "sum_payoffs": 20.459936838013295, "action": [0.0, 0]}}, "1": {"[1.0, 0]": {"num_count": 964, "sum_payoffs": 295.0242630988869, "action": [1.0, 0]}, "[0.0, 0]": {"num_count": 136, "sum_payoffs": 30.811736835942977, "action": [0.0, 0]}}}, "1": {"0": {"[0.0, 0]": {"num_count": 144, "sum_payoffs": 36.30599999273873, "action": [0.0, 0]}, "[1.0, 0]": {"num_count": 956, "sum_payoffs": 315.12599993697955, "action": [1.0, 0]}}, "1": {"[1.0, 0]": {"num_count": 1012, "sum_payoffs": 337.15799993257394, "action": [1.0, 0]}, "[0.0, 0]": {"num_count": 88, "sum_payoffs": 24.96599999500677, "action": [0.0, 0]}}}}