{"2": {"0": {"[1.0, 0]": {"num_count": 2819, "sum_payoffs": 272.50167428078095, "action": [1.0, 0]}, "[0.0, 0]": {"num_count": 281, "sum_payoffs": 21.733312495109953, "action": [0.0, 0]}}, "1": {"[0.0, 0]": {"num_count": 324, "sum_payoffs": 23.182874994783834, "action": [0.0, 0]}, "[1.0, 0]": {"num_count": 2776, "sum_payoffs": 264.0354867826843, "action": [1.0, 0]}}}, "1": {"0": {"[0.0, 0]": {"num_count": 339, "sum_payoffs": 27.607499993788494, "action": [0.0, 0]}, "[1.0, 0]": {"num_count": 2761, "sum_payoffs": 284.9512499358886, "action": [1.0, 0]}}, "1": {"[1.0, 0]": {"num_count": 2829, "sum_payoffs": 294.7218749336883, "action": [1.0, 0]}, "[0.0, 0]": {"num_count": 271, "sum_payoffs": 24.519374994483275, "action": [0.0, 0]}}}}