{"2": {"0": {"[0.0, 0]": {"num_count": 293, "sum_payoffs": 87.84449998023473, "action": [0.0, 0]}, "[1.0, 0]": {"num_count": 807, "sum_payoffs": 312.1942499297589, "action": [1.0, 0]}}, "1": {"[1.0, 0]": {"num_count": 798, "sum_payoffs": 310.3717499301691, "action": [1.0, 0]}, "[0.0, 0]": {"num_count": 302, "sum_payoffs": 92.21849997925058, "action": [0.0, 0]}}}, "1": {"0": {"[1.0, 0]": {"num_count": 709, "sum_payoffs": 299.29499993265875, "action": [1.0, 0]}, "[0.0, 0]": {"num_count": 391, "sum_payoffs": 146.0024999671504, "action": [0.0, 0]}}, "1": {"[1.0, 0]": {"num_count": 704, "sum_payoffs": 297.26999993311443, "action": [1.0, 0]}, "[0.0, 0]": {"num_count": 396, "sum_payoffs": 148.43249996660367, "action": [0.0, 0]}}}}