{"runtime": 0.7049295902252197, "winner": [0, 1], "T_terminal": 12, "trajectories": [[1.0, 3.0, 0.0, 3.0, 3.0, 0.0, 0.0], [2.0, 3.0, 0.0, 3.0, 3.0, 0.0, 1.0], [2.0, 3.0, 4.71238898038469, 3.0, 3.0, 1.5707963267948966, 2.0], [2.0, 3.0, 0.0, 3.0, 3.0, 0.0, 3.0], [2.0, 3.0, 0.0, 3.0, 3.0, 4.71238898038469, 4.0], [2.0, 3.0, 4.71238898038469, 3.0, 2.0, 4.71238898038469, 5.0], [1.9999999999999998, 2.0, 4.71238898038469, 3.0, 2.0, 0.0, 6.0], [1.9999999999999998, 2.0, 4.71238898038469, 4.0, 2.0, 4.71238898038469, 7.0], [1.9999999999999998, 2.0, 4.71238898038469, 4.0, 2.0, 4.71238898038469, 8.0], [1.9999999999999998, 2.0, 0.0, 4.0, 2.0, 4.71238898038469, 9.0], [1.9999999999999998, 2.0, 1.5707963267948966, 4.0, 2.0, 0.0, 10.0], [1.9999999999999998, 3.0, 0.0, 5.0, 2.0, 1.5707963267948966, 11.0], [1.9999999999999998, 3.0, 4.71238898038469, 5.0, 2.0, 1.5707963267948966, 12.0], [2.0, 3.0, 0.0, 3.0, 3.0, 0.0, 1.0], [2.0, 3.0, 4.71238898038469, 3.0, 3.0, 1.5707963267948966, 2.0], [2.0, 3.0, 0.0, 3.0, 3.0, 0.0, 3.0], [2.0, 3.0, 0.0, 3.0, 3.0, 4.71238898038469, 4.0], [2.0, 3.0, 4.71238898038469, 3.0, 2.0, 4.71238898038469, 5.0], [1.9999999999999998, 2.0, 4.71238898038469, 3.0, 2.0, 0.0, 6.0], [1.9999999999999998, 2.0, 4.71238898038469, 4.0, 2.0, 4.71238898038469, 7.0], [1.9999999999999998, 2.0, 4.71238898038469, 4.0, 2.0, 4.71238898038469, 8.0], [1.9999999999999998, 2.0, 0.0, 4.0, 2.0, 4.71238898038469, 9.0], [1.9999999999999998, 2.0, 1.5707963267948966, 4.0, 2.0, 0.0, 10.0], [1.9999999999999998, 3.0, 0.0, 5.0, 2.0, 1.5707963267948966, 11.0], [1.9999999999999998, 3.0, 4.71238898038469, 5.0, 2.0, 1.5707963267948966, 12.0], [2.0, 3.0, 0.0, 3.0, 3.0, 0.0, 1.0], [2.0, 3.0, 4.71238898038469, 3.0, 3.0, 1.5707963267948966, 2.0], [2.0, 3.0, 0.0, 3.0, 3.0, 0.0, 3.0], [2.0, 3.0, 0.0, 3.0, 3.0, 4.71238898038469, 4.0], [2.0, 3.0, 4.71238898038469, 3.0, 2.0, 4.71238898038469, 5.0], [1.9999999999999998, 2.0, 4.71238898038469, 3.0, 2.0, 0.0, 6.0], [1.9999999999999998, 2.0, 4.71238898038469, 4.0, 2.0, 4.71238898038469, 7.0], [1.9999999999999998, 2.0, 4.71238898038469, 4.0, 2.0, 4.71238898038469, 8.0], [1.9999999999999998, 2.0, 0.0, 4.0, 2.0, 4.71238898038469, 9.0], [1.9999999999999998, 2.0, 1.5707963267948966, 4.0, 2.0, 0.0, 10.0], [1.9999999999999998, 3.0, 0.0, 5.0, 2.0, 1.5707963267948966, 11.0], [1.9999999999999998, 3.0, 4.71238898038469, 5.0, 2.0, 1.5707963267948966, 12.0], [2.0, 3.0, 0.0, 3.0, 3.0, 0.0, 1.0], [2.0, 3.0, 4.71238898038469, 3.0, 3.0, 1.5707963267948966, 2.0], [2.0, 3.0, 0.0, 3.0, 3.0, 0.0, 3.0], [2.0, 3.0, 0.0, 3.0, 3.0, 4.71238898038469, 4.0], [2.0, 3.0, 4.71238898038469, 3.0, 2.0, 4.71238898038469, 5.0], [1.9999999999999998, 2.0, 4.71238898038469, 3.0, 2.0, 0.0, 6.0], [1.9999999999999998, 2.0, 4.71238898038469, 4.0, 2.0, 4.71238898038469, 7.0], [1.9999999999999998, 2.0, 4.71238898038469, 4.0, 2.0, 4.71238898038469, 8.0], [1.9999999999999998, 2.0, 0.0, 4.0, 2.0, 4.71238898038469, 9.0], [1.9999999999999998, 2.0, 1.5707963267948966, 4.0, 2.0, 0.0, 10.0], [1.9999999999999998, 3.0, 0.0, 5.0, 2.0, 1.5707963267948966, 11.0], [1.9999999999999998, 3.0, 4.71238898038469, 5.0, 2.0, 1.5707963267948966, 12.0], [2.0, 3.0, 0.0, 3.0, 3.0, 0.0, 1.0], [2.0, 3.0, 4.71238898038469, 3.0, 3.0, 1.5707963267948966, 2.0], [2.0, 3.0, 0.0, 3.0, 3.0, 0.0, 3.0], [2.0, 3.0, 0.0, 3.0, 3.0, 4.71238898038469, 4.0], [2.0, 3.0, 4.71238898038469, 3.0, 2.0, 4.71238898038469, 5.0], [1.9999999999999998, 2.0, 4.71238898038469, 3.0, 2.0, 0.0, 6.0], [1.9999999999999998, 2.0, 4.71238898038469, 4.0, 2.0, 4.71238898038469, 7.0], [1.9999999999999998, 2.0, 4.71238898038469, 4.0, 2.0, 4.71238898038469, 8.0], [1.9999999999999998, 2.0, 0.0, 4.0, 2.0, 4.71238898038469, 9.0], [1.9999999999999998, 2.0, 1.5707963267948966, 4.0, 2.0, 0.0, 10.0], [1.9999999999999998, 3.0, 0.0, 5.0, 2.0, 1.5707963267948966, 11.0], [1.9999999999999998, 3.0, 4.71238898038469, 5.0, 2.0, 1.5707963267948966, 12.0]], "penalty_distance_0": [0.0, 0.0, 0.0, 0.0, 0.0, 0.0, 0.0, 0.0, 0.0, 0.0, 0.0, 0.0, 0.0, 0.0, 0.0, 0.0, 0.0, 0.0, 0.0, 0.0, 0.0, 0.0, 0.0, 0.0, 0.0, 0.0, 0.0, 0.0, 0.0, 0.0, 0.0, 0.0, 0.0, 0.0, 0.0, 0.0, 0.0, 0.0, 0.0, 0.0, 0.0, 0.0, 0.0, 0.0, 0.0, 0.0, 0.0, 0.0, 0.0, 0.0, 0.0, 0.0, 0.0, 0.0, 0.0, 0.0, 0.0, 0.0, 0.0, 0.0], "penalty_distance_1": [0.0, 0.0, 0.0, 0.0, 0.0, 0.0, 0.0, 0.0, 0.0, 0.0, 0.0, 0.0, 0.0, 0.0, 0.0, 0.0, 0.0, 0.0, 0.0, 0.0, 0.0, 0.0, 0.0, 0.0, 0.0, 0.0, 0.0, 0.0, 0.0, 0.0, 0.0, 0.0, 0.0, 0.0, 0.0, 0.0, 0.0, 0.0, 0.0, 0.0, 0.0, 0.0, 0.0, 0.0, 0.0, 0.0, 0.0, 0.0, 0.0, 0.0, 0.0, 0.0, 0.0, 0.0, 0.0, 0.0, 0.0, 0.0, 0.0, 0.0], "reward_progress_0": [0.0, 0.0, 0.0, 0.0, 0.0, -0.0, 0.0, 0.0, 0.0, 0.0, 0.0, 0.0, 0.0, 0.0, 0.0, 0.0, 0.0, -0.0, 0.0, 0.0, 0.0, 0.0, 0.0, 0.0, 0.0, 0.0, 0.0, 0.0, 0.0, -0.0, 0.0, 0.0, 0.0, 0.0, 0.0, 0.0, 0.0, 0.0, 0.0, 0.0, 0.0, -0.0, 0.0, 0.0, 0.0, 0.0, 0.0, 0.0, 0.0, 0.0, 0.0, 0.0, 0.0, -0.0, 0.0, 0.0, 0.0, 0.0, 0.0, 0.0], "reward_progress_1": [0.0, 0.0, 0.0, 0.0, 0.0, 0.0, 0.0, 0.0, 0.0, 0.0, 0.0, 0.0, 0.0, 0.0, 0.0, 0.0, 0.0, 0.0, 0.0, 0.0, 0.0, 0.0, 0.0, 0.0, 0.0, 0.0, 0.0, 0.0, 0.0, 0.0, 0.0, 0.0, 0.0, 0.0, 0.0, 0.0, 0.0, 0.0, 0.0, 0.0, 0.0, 0.0, 0.0, 0.0, 0.0, 0.0, 0.0, 0.0, 0.0, 0.0, 0.0, 0.0, 0.0, 0.0, 0.0, 0.0, 0.0, 0.0, 0.0, 0.0], "penalty_agressor_0": [0.0, 0.0, 0.0, 0.0, 0.0, 0.0, 0.0, 0.0, 0.0, 0.0, 0.0, 0.0, 0.0, 0.0, 0.0, 0.0, 0.0, 0.0, 0.0, 0.0, 0.0, 0.0, 0.0, 0.0, 0.0, 0.0, 0.0, 0.0, 0.0, 0.0, 0.0, 0.0, 0.0, 0.0, 0.0, 0.0, 0.0, 0.0, 0.0, 0.0, 0.0, 0.0, 0.0, 0.0, 0.0, 0.0, 0.0, 0.0, 0.0, 0.0, 0.0, 0.0, 0.0, 0.0, 0.0, 0.0, 0.0, 0.0, 0.0, 0.0], "penalty_agressor_1": [0.0, 0.0, 0.0, 0.0, 0.0, 0.0, 0.0, 0.0, 0.0, 0.0, 0.0, 0.0, 0.0, 0.0, 0.0, 0.0, 0.0, 0.0, 0.0, 0.0, 0.0, 0.0, 0.0, 0.0, 0.0, 0.0, 0.0, 0.0, 0.0, 0.0, 0.0, 0.0, 0.0, 0.0, 0.0, 0.0, 0.0, 0.0, 0.0, 0.0, 0.0, 0.0, 0.0, 0.0, 0.0, 0.0, 0.0, 0.0, 0.0, 0.0, 0.0, 0.0, 0.0, 0.0, 0.0, 0.0, 0.0, 0.0, 0.0, 0.0], "penalty_timestep_0": [-10.8, -10.8, -10.8, -10.8, -10.8], "penalty_timestep_1": [-10.8, -10.8, -10.8, -10.8, -10.8], "reward_lead_0": [-3.0, -3.0, -3.0, -3.0, -3.0], "reward_lead_1": [3.0, 3.0, 3.0, 3.0, 3.0], "payoff_total0": [0.0, 0.0, 0.0, 0.0, 0.0, 0.0, 0.0, 0.0, 0.0, 0.0, 0.0, 0.0, -13.8, -13.8, -13.8, -13.8, -13.8, -13.8, -13.8, -13.8, -13.8, -13.8, -13.8, -13.8, -13.8, -27.6, -27.6, -27.6, -27.6, -27.6, -27.6, -27.6, -27.6, -27.6, -27.6, -27.6, -27.6, -27.6, -41.400000000000006, -41.400000000000006, -41.400000000000006, -41.400000000000006, -41.400000000000006, -41.400000000000006, -41.400000000000006, -41.400000000000006, -41.400000000000006, -41.400000000000006, -41.400000000000006, -41.400000000000006, -41.400000000000006, -55.2, -55.2, -55.2, -55.2, -55.2, -55.2, -55.2, -55.2, -55.2, -55.2, -55.2, -55.2, -55.2, -69.0], "payoff_total1": [0.0, 0.0, 0.0, 0.0, 0.0, 0.0, 0.0, 0.0, 0.0, 0.0, 0.0, 0.0, -7.800000000000001, -7.800000000000001, -7.800000000000001, -7.800000000000001, -7.800000000000001, -7.800000000000001, -7.800000000000001, -7.800000000000001, -7.800000000000001, -7.800000000000001, -7.800000000000001, -7.800000000000001, -7.800000000000001, -15.600000000000001, -15.600000000000001, -15.600000000000001, -15.600000000000001, -15.600000000000001, -15.600000000000001, -15.600000000000001, -15.600000000000001, -15.600000000000001, -15.600000000000001, -15.600000000000001, -15.600000000000001, -15.600000000000001, -23.400000000000006, -23.400000000000006, -23.400000000000006, -23.400000000000006, -23.400000000000006, -23.400000000000006, -23.400000000000006, -23.400000000000006, -23.400000000000006, -23.400000000000006, -23.400000000000006, -23.400000000000006, -23.400000000000006, -31.200000000000003, -31.200000000000003, -31.200000000000003, -31.200000000000003, -31.200000000000003, -31.200000000000003, -31.200000000000003, -31.200000000000003, -31.200000000000003, -31.200000000000003, -31.200000000000003, -31.200000000000003, -31.200000000000003, -39.0]}