{"10": {"0": {"[0.0, 1.5707963267948966]": {"num_count": 118, "sum_payoffs": 29.85554180113926, "action": [0.0, 1.5707963267948966]}, "[2.0, -1.5707963267948966]": {"num_count": 126, "sum_payoffs": 33.30980063846314, "action": [2.0, -1.5707963267948966]}, "[1.0, 0.0]": {"num_count": 123, "sum_payoffs": 32.003791560455944, "action": [1.0, 0.0]}, "[2.0, 1.5707963267948966]": {"num_count": 126, "sum_payoffs": 33.109786955900205, "action": [2.0, 1.5707963267948966]}, "[2.0, 0.0]": {"num_count": 125, "sum_payoffs": 32.84203295494202, "action": [2.0, 0.0]}, "[0.0, 0.0]": {"num_count": 118, "sum_payoffs": 29.73111536566535, "action": [0.0, 0.0]}, "[0.0, -1.5707963267948966]": {"num_count": 117, "sum_payoffs": 29.34151712663906, "action": [0.0, -1.5707963267948966]}, "[1.0, 1.5707963267948966]": {"num_count": 120, "sum_payoffs": 30.71898819471923, "action": [1.0, 1.5707963267948966]}, "[1.0, -1.5707963267948966]": {"num_count": 127, "sum_payoffs": 33.63178233664887, "action": [1.0, -1.5707963267948966]}}, "1": {"[0.0, 0.0]": {"num_count": 182, "sum_payoffs": 43.4540231840251, "action": [0.0, 0.0]}, "[1.0, 1.5707963267948966]": {"num_count": 182, "sum_payoffs": 43.61520019316267, "action": [1.0, 1.5707963267948966]}, "[1.0, -1.5707963267948966]": {"num_count": 193, "sum_payoffs": 47.69257524696728, "action": [1.0, -1.5707963267948966]}, "[0.0, -1.5707963267948966]": {"num_count": 175, "sum_payoffs": 40.92547072429744, "action": [0.0, -1.5707963267948966]}, "[1.0, 0.0]": {"num_count": 186, "sum_payoffs": 45.09735644033233, "action": [1.0, 0.0]}, "[0.0, 1.5707963267948966]": {"num_count": 182, "sum_payoffs": 43.47406709749126, "action": [0.0, 1.5707963267948966]}}}}