{"2": {"0": {"[0.0, 0]": {"num_count": 1144, "sum_payoffs": 372.5189999006658, "action": [0.0, 0]}, "[1.0, 0]": {"num_count": 3456, "sum_payoffs": 1303.0874996525613, "action": [1.0, 0]}}, "1": {"[1.0, 0]": {"num_count": 3428, "sum_payoffs": 1293.9749996549908, "action": [1.0, 0]}, "[0.0, 0]": {"num_count": 1172, "sum_payoffs": 383.81849989765345, "action": [0.0, 0]}}}, "1": {"0": {"[1.0, 0]": {"num_count": 2950, "sum_payoffs": 1221.4799996742356, "action": [1.0, 0]}, "[0.0, 0]": {"num_count": 1650, "sum_payoffs": 641.1149998290409, "action": [0.0, 0]}}, "1": {"[1.0, 0]": {"num_count": 2937, "sum_payoffs": 1216.21499967564, "action": [1.0, 0]}, "[0.0, 0]": {"num_count": 1663, "sum_payoffs": 647.1899998274205, "action": [0.0, 0]}}}}