{"3": {"0": {"[1.0, -1.5707963267948966]": {"num_count": 371, "sum_payoffs": 132.23702913452468, "action": [1.0, -1.5707963267948966]}, "[0.0, 0.0]": {"num_count": 299, "sum_payoffs": 99.6224217615654, "action": [0.0, 0.0]}, "[1.0, 1.5707963267948966]": {"num_count": 370, "sum_payoffs": 131.91288426536366, "action": [1.0, 1.5707963267948966]}, "[2.0, 0.0]": {"num_count": 324, "sum_payoffs": 110.8824837428302, "action": [2.0, 0.0]}, "[2.0, 1.5707963267948966]": {"num_count": 395, "sum_payoffs": 143.53925664027147, "action": [2.0, 1.5707963267948966]}, "[2.0, -1.5707963267948966]": {"num_count": 401, "sum_payoffs": 146.27702478486816, "action": [2.0, -1.5707963267948966]}, "[0.0, -1.5707963267948966]": {"num_count": 308, "sum_payoffs": 103.68440252698382, "action": [0.0, -1.5707963267948966]}, "[0.0, 1.5707963267948966]": {"num_count": 310, "sum_payoffs": 104.58267150172048, "action": [0.0, 1.5707963267948966]}, "[1.0, 0.0]": {"num_count": 322, "sum_payoffs": 109.87325103159019, "action": [1.0, 0.0]}}, "1": {"[0.0, 0.0]": {"num_count": 266, "sum_payoffs": 106.01750767223902, "action": [0.0, 0.0]}, "[1.0, -1.5707963267948966]": {"num_count": 351, "sum_payoffs": 151.20104926804038, "action": [1.0, -1.5707963267948966]}, "[2.0, -1.5707963267948966]": {"num_count": 429, "sum_payoffs": 193.54656203903735, "action": [2.0, -1.5707963267948966]}, "[0.0, 1.5707963267948966]": {"num_count": 281, "sum_payoffs": 113.83564630798176, "action": [0.0, 1.5707963267948966]}, "[1.0, 1.5707963267948966]": {"num_count": 332, "sum_payoffs": 141.00368125460383, "action": [1.0, 1.5707963267948966]}, "[0.0, -1.5707963267948966]": {"num_count": 287, "sum_payoffs": 117.09198592832973, "action": [0.0, -1.5707963267948966]}, "[1.0, 0.0]": {"num_count": 335, "sum_payoffs": 142.5973664310723, "action": [1.0, 0.0]}, "[2.0, 0.0]": {"num_count": 410, "sum_payoffs": 183.060635966251, "action": [2.0, 0.0]}, "[2.0, 1.5707963267948966]": {"num_count": 409, "sum_payoffs": 182.6078743527496, "action": [2.0, 1.5707963267948966]}}}}