{"5": {"0": {"[2.0, -1.5707963267948966]": {"num_count": 493, "sum_payoffs": 160.72493582285966, "action": [2.0, -1.5707963267948966]}, "[1.0, -1.5707963267948966]": {"num_count": 451, "sum_payoffs": 143.19137909498497, "action": [1.0, -1.5707963267948966]}, "[1.0, 0.0]": {"num_count": 457, "sum_payoffs": 145.7989982693899, "action": [1.0, 0.0]}, "[1.0, 1.5707963267948966]": {"num_count": 441, "sum_payoffs": 139.07875881571312, "action": [1.0, 1.5707963267948966]}, "[2.0, 1.5707963267948966]": {"num_count": 479, "sum_payoffs": 154.88324757432738, "action": [2.0, 1.5707963267948966]}, "[2.0, 0.0]": {"num_count": 499, "sum_payoffs": 163.1795561826076, "action": [2.0, 0.0]}, "[0.0, 1.5707963267948966]": {"num_count": 415, "sum_payoffs": 128.49043298202076, "action": [0.0, 1.5707963267948966]}, "[0.0, -1.5707963267948966]": {"num_count": 419, "sum_payoffs": 129.93982999990865, "action": [0.0, -1.5707963267948966]}, "[0.0, 0.0]": {"num_count": 446, "sum_payoffs": 141.09802358246864, "action": [0.0, 0.0]}}, "1": {"[1.0, -1.5707963267948966]": {"num_count": 722, "sum_payoffs": 241.36494788030316, "action": [1.0, -1.5707963267948966]}, "[0.0, -1.5707963267948966]": {"num_count": 624, "sum_payoffs": 201.3835921975331, "action": [0.0, -1.5707963267948966]}, "[0.0, 0.0]": {"num_count": 628, "sum_payoffs": 203.0305568384868, "action": [0.0, 0.0]}, "[0.0, 1.5707963267948966]": {"num_count": 615, "sum_payoffs": 197.81795901434637, "action": [0.0, 1.5707963267948966]}, "[1.0, 0.0]": {"num_count": 794, "sum_payoffs": 270.92304273403596, "action": [1.0, 0.0]}, "[1.0, 1.5707963267948966]": {"num_count": 717, "sum_payoffs": 239.28347187511338, "action": [1.0, 1.5707963267948966]}}}}