{"alphat_eff_gamelength_10": {"mean": 1.5384615384615385, "variance": 0.0}, "runtime_gamelength_10": {"mean": 38.24931099414825, "variance": 8.85620314147845}, "max_timestep": {"mean": 10.0, "variance": 0.0}, "winner": {"mean": [0.0, 0.0], "variance": [0.0, 0.0]}, "runtime": {"mean": 38.2495619058609, "variance": 8.856213179706234}, "T_terminal": {"mean": 1.0, "variance": 0.0}, "trajectory_0": {"mean": [[1.0, 3.0, 0.0, 0.0], [2.8, 3.0, 0.3141592653589793, 1.0]], "variance": [[0.0, 0.0, 0.0, 0.0], [0.15999999999999998, 0.0, 0.8882643960980424, 0.0]]}, "trajectory_1": {"mean": [[3.0, 3.0, 0.0, 0.0], [5.0, 3.0, 0.0, 1.0]], "variance": [[0.0, 0.0, 0.0, 0.0], [0.0, 0.0, 0.0, 0.0]]}, "coll_payoff_0": {"mean": [1.0], "variance": [0.0]}, "lead_payoff_0": {"mean": [0.45], "variance": [0.010000000000000004]}, "coll_payoff_1": {"mean": [1.0], "variance": [0.0]}, "lead_payoff_1": {"mean": [0.55], "variance": [0.009999999999999998]}, "payoff_total": {"mean": [[0.5244252872810009, 0.642241379216221]], "variance": [[0.0006688466109973218, 0.0006688466109973264]]}, "final_lead_payoff_0": {"mean": [0.4241379310344827], "variance": [0.000190249702734839]}, "final_lead_payoff_1": {"mean": [0.5758620689655172], "variance": [0.000190249702734839]}}