{"alphat_eff_gamelength_10": [1.5384615384615385, 1.5384615384615385, 1.5384615384615385, 1.5384615384615385, 1.5384615384615385, 1.5384615384615385, 1.5384615384615385, 1.5384615384615385, 1.5384615384615385, 1.5384615384615385], "runtime_gamelength_10": [42.038480281829834, 38.219236850738525, 35.048504114151, 35.457663774490356, 39.60202598571777, 41.62518382072449, 34.80914831161499, 38.522634506225586, 42.50962591171265, 34.660606384277344], "max_timestep": [10, 10, 10, 10, 10, 10, 10, 10, 10, 10], "winner": [[0, 0], [0, 0], [0, 0], [0, 0], [0, 0], [0, 0], [0, 0], [0, 0], [0, 0], [0, 0]], "runtime": [42.038734912872314, 38.21947002410889, 35.048760175704956, 35.45792245864868, 39.60227560997009, 41.6254518032074, 34.80938410758972, 38.52288007736206, 42.50987529754639, 34.66086459159851], "T_terminal": [1, 1, 1, 1, 1, 1, 1, 1, 1, 1], "trajectory_0": [[[1.0, 3.0, 0.0, 0], [3.0, 3.0, 0.0, 1]], [[1.0, 3.0, 0.0, 0], [2.0, 3.0, -1.5707963267948966, 1]], [[1.0, 3.0, 0.0, 0], [3.0, 3.0, 1.5707963267948966, 1]], [[1.0, 3.0, 0.0, 0], [3.0, 3.0, 0.0, 1]], [[1.0, 3.0, 0.0, 0], [2.0, 3.0, 0.0, 1]], [[1.0, 3.0, 0.0, 0], [3.0, 3.0, 0.0, 1]], [[1.0, 3.0, 0.0, 0], [3.0, 3.0, 0.0, 1]], [[1.0, 3.0, 0.0, 0], [3.0, 3.0, 0.0, 1]], [[1.0, 3.0, 0.0, 0], [3.0, 3.0, 1.5707963267948966, 1]], [[1.0, 3.0, 0.0, 0], [3.0, 3.0, 1.5707963267948966, 1]]], "trajectory_1": [[[3.0, 3.0, 0.0, 0], [5.0, 3.0, 0.0, 1]], [[3.0, 3.0, 0.0, 0], [5.0, 3.0, 0.0, 1]], [[3.0, 3.0, 0.0, 0], [5.0, 3.0, 0.0, 1]], [[3.0, 3.0, 0.0, 0], [5.0, 3.0, 0.0, 1]], [[3.0, 3.0, 0.0, 0], [5.0, 3.0, 0.0, 1]], [[3.0, 3.0, 0.0, 0], [5.0, 3.0, 0.0, 1]], [[3.0, 3.0, 0.0, 0], [5.0, 3.0, 0.0, 1]], [[3.0, 3.0, 0.0, 0], [5.0, 3.0, 0.0, 1]], [[3.0, 3.0, 0.0, 0], [5.0, 3.0, 0.0, 1]], [[3.0, 3.0, 0.0, 0], [5.0, 3.0, 0.0, 1]]], "coll_payoff_0": [[1.0], [1.0], [1.0], [1.0], [1.0], [1.0], [1.0], [1.0], [1.0], [1.0]], "lead_payoff_0": [[0.5], [0.25], [0.5], [0.5], [0.25], [0.5], [0.5], [0.5], [0.5], [0.5]], "coll_payoff_1": [[1.0], [1.0], [1.0], [1.0], [1.0], [1.0], [1.0], [1.0], [1.0], [1.0]], "lead_payoff_1": [[0.5], [0.75], [0.5], [0.5], [0.75], [0.5], [0.5], [0.5], [0.5], [0.5]], "payoff_total": [[[0.537356321762021, 0.6293103447352011]], [[0.47270114935692054, 0.6939655171403017]], [[0.537356321762021, 0.6293103447352011]], [[0.537356321762021, 0.6293103447352011]], [[0.47270114935692054, 0.6939655171403017]], [[0.537356321762021, 0.6293103447352011]], [[0.537356321762021, 0.6293103447352011]], [[0.537356321762021, 0.6293103447352011]], [[0.537356321762021, 0.6293103447352011]], [[0.537356321762021, 0.6293103447352011]]], "final_lead_payoff_0": [[0.43103448275862066], [0.39655172413793105], [0.43103448275862066], [0.43103448275862066], [0.39655172413793105], [0.43103448275862066], [0.43103448275862066], [0.43103448275862066], [0.43103448275862066], [0.43103448275862066]], "final_lead_payoff_1": [[0.5689655172413793], [0.603448275862069], [0.5689655172413793], [0.5689655172413793], [0.603448275862069], [0.5689655172413793], [0.5689655172413793], [0.5689655172413793], [0.5689655172413793], [0.5689655172413793]]}