{"4": {"0": {"[2.0, -1.5707963267948966]": {"num_count": 423, "sum_payoffs": 138.37637526824776, "action": [2.0, -1.5707963267948966]}, "[1.0, -1.5707963267948966]": {"num_count": 419, "sum_payoffs": 136.59371570652925, "action": [1.0, -1.5707963267948966]}, "[1.0, 0.0]": {"num_count": 415, "sum_payoffs": 135.020754622183, "action": [1.0, 0.0]}, "[0.0, 0.0]": {"num_count": 381, "sum_payoffs": 120.61308164802921, "action": [0.0, 0.0]}, "[2.0, 1.5707963267948966]": {"num_count": 422, "sum_payoffs": 137.97631566360107, "action": [2.0, 1.5707963267948966]}, "[2.0, 0.0]": {"num_count": 454, "sum_payoffs": 151.68471896210886, "action": [2.0, 0.0]}, "[1.0, 1.5707963267948966]": {"num_count": 385, "sum_payoffs": 122.25829906052998, "action": [1.0, 1.5707963267948966]}, "[0.0, -1.5707963267948966]": {"num_count": 366, "sum_payoffs": 114.27421530908242, "action": [0.0, -1.5707963267948966]}, "[0.0, 1.5707963267948966]": {"num_count": 335, "sum_payoffs": 101.40789349466438, "action": [0.0, 1.5707963267948966]}}, "1": {"[2.0, 1.5707963267948966]": {"num_count": 420, "sum_payoffs": 168.5446653069515, "action": [2.0, 1.5707963267948966]}, "[1.0, 0.0]": {"num_count": 424, "sum_payoffs": 170.37490310351671, "action": [1.0, 0.0]}, "[0.0, -1.5707963267948966]": {"num_count": 331, "sum_payoffs": 124.53812459459752, "action": [0.0, -1.5707963267948966]}, "[1.0, -1.5707963267948966]": {"num_count": 386, "sum_payoffs": 151.57710520358603, "action": [1.0, -1.5707963267948966]}, "[1.0, 1.5707963267948966]": {"num_count": 378, "sum_payoffs": 147.5904822176412, "action": [1.0, 1.5707963267948966]}, "[0.0, 1.5707963267948966]": {"num_count": 314, "sum_payoffs": 116.14893100427892, "action": [0.0, 1.5707963267948966]}, "[2.0, -1.5707963267948966]": {"num_count": 467, "sum_payoffs": 191.9802480423304, "action": [2.0, -1.5707963267948966]}, "[2.0, 0.0]": {"num_count": 519, "sum_payoffs": 218.52085020758582, "action": [2.0, 0.0]}, "[0.0, 0.0]": {"num_count": 361, "sum_payoffs": 139.28045319131908, "action": [0.0, 0.0]}}}}