{"runtime": 0.6125690937042236, "winner": [0, 1], "T_terminal": 12, "trajectories": [[1.0, 3.0, 0.0, 3.0, 3.0, 0.0, 0.0], [1.0, 3.0, 1.5707963267948966, 3.0, 3.0, 0.0, 1.0], [1.0000000000000002, 5.0, 0.0, 4.0, 3.0, 0.0, 2.0], [1.0000000000000002, 5.0, 4.71238898038469, 5.0, 3.0, 1.5707963267948966, 3.0], [1.0, 4.0, 3.141592653589793, 5.0, 4.0, 3.141592653589793, 4.0], [1.0, 4.0, 4.71238898038469, 4.0, 4.0, 4.71238898038469, 5.0], [1.0, 4.0, 3.141592653589793, 4.0, 3.0, 0.0, 6.0], [1.0, 4.0, 3.141592653589793, 5.0, 3.0, 4.71238898038469, 7.0], [1.0, 4.0, 4.71238898038469, 5.0, 3.0, 4.71238898038469, 8.0], [1.0, 4.0, 3.141592653589793, 5.0, 2.0, 3.141592653589793, 9.0], [1.0, 4.0, 1.5707963267948966, 4.0, 2.0, 4.71238898038469, 10.0], [1.0, 4.0, 3.141592653589793, 4.0, 1.0, 0.0, 11.0], [1.0, 4.0, 3.141592653589793, 5.0, 1.0, 1.5707963267948966, 12.0], [1.0, 3.0, 1.5707963267948966, 3.0, 3.0, 0.0, 1.0], [1.0000000000000002, 5.0, 0.0, 4.0, 3.0, 0.0, 2.0], [1.0000000000000002, 5.0, 4.71238898038469, 5.0, 3.0, 1.5707963267948966, 3.0], [1.0, 4.0, 3.141592653589793, 5.0, 4.0, 3.141592653589793, 4.0], [1.0, 4.0, 4.71238898038469, 4.0, 4.0, 4.71238898038469, 5.0], [1.0, 4.0, 3.141592653589793, 4.0, 3.0, 0.0, 6.0], [1.0, 4.0, 3.141592653589793, 5.0, 3.0, 4.71238898038469, 7.0], [1.0, 4.0, 4.71238898038469, 5.0, 3.0, 4.71238898038469, 8.0], [1.0, 4.0, 3.141592653589793, 5.0, 2.0, 3.141592653589793, 9.0], [1.0, 4.0, 1.5707963267948966, 4.0, 2.0, 4.71238898038469, 10.0], [1.0, 4.0, 3.141592653589793, 4.0, 1.0, 0.0, 11.0], [1.0, 4.0, 1.5707963267948966, 5.0, 1.0, 4.71238898038469, 12.0], [1.0, 3.0, 1.5707963267948966, 3.0, 3.0, 0.0, 1.0], [1.0000000000000002, 5.0, 0.0, 4.0, 3.0, 0.0, 2.0], [1.0000000000000002, 5.0, 4.71238898038469, 5.0, 3.0, 1.5707963267948966, 3.0], [1.0, 4.0, 3.141592653589793, 5.0, 4.0, 3.141592653589793, 4.0], [1.0, 4.0, 4.71238898038469, 4.0, 4.0, 4.71238898038469, 5.0], [1.0, 4.0, 3.141592653589793, 4.0, 3.0, 0.0, 6.0], [1.0, 4.0, 3.141592653589793, 5.0, 3.0, 4.71238898038469, 7.0], [1.0, 4.0, 4.71238898038469, 5.0, 3.0, 4.71238898038469, 8.0], [1.0, 4.0, 3.141592653589793, 5.0, 2.0, 3.141592653589793, 9.0], [1.0, 4.0, 1.5707963267948966, 4.0, 2.0, 4.71238898038469, 10.0], [1.0, 4.0, 3.141592653589793, 4.0, 1.0, 0.0, 11.0], [1.0, 4.0, 1.5707963267948966, 5.0, 1.0, 4.71238898038469, 12.0]], "penalty_distance_0": [-0.04060058497098381, -0.008151738351670669, -0.003426867298040082, -0.005494691666620253, -0.014936120510359183, -0.012698765886961496, -0.004858242995748769, -0.004858242995748769, -0.003426867298040082, -0.008151738351670669, -0.004310878827131727, -0.00202138409972564, -0.04060058497098381, -0.008151738351670669, -0.003426867298040082, -0.005494691666620253, -0.014936120510359183, -0.012698765886961496, -0.004858242995748769, -0.004858242995748769, -0.003426867298040082, -0.008151738351670669, -0.004310878827131727, -0.00202138409972564, -0.04060058497098381, -0.008151738351670669, -0.003426867298040082, -0.005494691666620253, -0.014936120510359183, -0.012698765886961496, -0.004858242995748769, -0.004858242995748769, -0.003426867298040082, -0.008151738351670669, -0.004310878827131727, -0.00202138409972564], "penalty_distance_1": [-0.04060058497098381, -0.008151738351670669, -0.003426867298040082, -0.005494691666620253, -0.014936120510359183, -0.012698765886961496, -0.004858242995748769, -0.004858242995748769, -0.003426867298040082, -0.008151738351670669, -0.004310878827131727, -0.00202138409972564, -0.04060058497098381, -0.008151738351670669, -0.003426867298040082, -0.005494691666620253, -0.014936120510359183, -0.012698765886961496, -0.004858242995748769, -0.004858242995748769, -0.003426867298040082, -0.008151738351670669, -0.004310878827131727, -0.00202138409972564, -0.04060058497098381, -0.008151738351670669, -0.003426867298040082, -0.005494691666620253, -0.014936120510359183, -0.012698765886961496, -0.004858242995748769, -0.004858242995748769, -0.003426867298040082, -0.008151738351670669, -0.004310878827131727, -0.00202138409972564], "reward_progress_0": [0.0, 0.0, 0.0, -0.0, 0.0, 0.0, 0.0, 0.0, 0.0, 0.0, 0.0, 0.0, 0.0, 0.0, 0.0, -0.0, 0.0, 0.0, 0.0, 0.0, 0.0, 0.0, 0.0, 0.0, 0.0, 0.0, 0.0, -0.0, 0.0, 0.0, 0.0, 0.0, 0.0, 0.0, 0.0, 0.0], "reward_progress_1": [0.0, 0.0, 0.0, 0.0, -0.0, 0.0, 0.0, 0.0, 0.0, -0.0, 0.0, 0.0, 0.0, 0.0, 0.0, 0.0, -0.0, 0.0, 0.0, 0.0, 0.0, -0.0, 0.0, 0.0, 0.0, 0.0, 0.0, 0.0, -0.0, 0.0, 0.0, 0.0, 0.0, -0.0, 0.0, 0.0], "penalty_agressor_0": [0.0, 0.0, 0.0, 0.0, 0.0, 0.0, 0.0, 0.0, 0.0, 0.0, 0.0, 0.0, 0.0, 0.0, 0.0, 0.0, 0.0, 0.0, 0.0, 0.0, 0.0, 0.0, 0.0, 0.0, 0.0, 0.0, 0.0, 0.0, 0.0, 0.0, 0.0, 0.0, 0.0, 0.0, 0.0, 0.0], "penalty_agressor_1": [0.0, 0.0, 0.0, 0.0, 0.0, 0.0, 0.0, 0.0, 0.0, 0.0, 0.0, 0.0, 0.0, 0.0, 0.0, 0.0, 0.0, 0.0, 0.0, 0.0, 0.0, 0.0, 0.0, 0.0, 0.0, 0.0, 0.0, 0.0, 0.0, 0.0, 0.0, 0.0, 0.0, 0.0, 0.0, 0.0], "penalty_timestep_0": [-10.8, -10.8, -10.8], "penalty_timestep_1": [-10.8, -10.8, -10.8], "reward_lead_0": [-4.0, -4.0, -4.0], "reward_lead_1": [4.0, 4.0, 4.0], "payoff_total0": [-0.04060058497098381, -0.04875232332265448, -0.05217919062069456, -0.057673882287314814, -0.07261000279767399, -0.08530876868463548, -0.09016701168038425, -0.09502525467613303, -0.0984521219741731, -0.10660386032584378, -0.1109147391529755, -0.11293612325270115, -14.912936123252702, -14.953536708223686, -14.961688446575357, -14.965115313873396, -14.970610005540017, -14.985546126050377, -14.998244891937338, -15.003103134933086, -15.007961377928835, -15.011388245226875, -15.019539983578545, -15.023850862405677, -15.025872246505402, -29.825872246505405, -29.866472831476386, -29.874624569828057, -29.8780514371261, -29.88354612879272, -29.89848224930308, -29.91118101519004, -29.916039258185787, -29.920897501181535, -29.924324368479578, -29.93247610683125, -29.93678698565838, -29.938808369758103, -44.73880836975811], "payoff_total1": [-0.04060058497098381, -0.04875232332265448, -0.05217919062069456, -0.057673882287314814, -0.07261000279767399, -0.08530876868463548, -0.09016701168038425, -0.09502525467613303, -0.0984521219741731, -0.10660386032584378, -0.1109147391529755, -0.11293612325270115, -6.912936123252702, -6.953536708223686, -6.961688446575356, -6.9651153138733966, -6.970610005540017, -6.985546126050376, -6.998244891937337, -7.003103134933086, -7.007961377928835, -7.011388245226875, -7.019539983578546, -7.023850862405677, -7.025872246505403, -13.825872246505403, -13.866472831476388, -13.874624569828057, -13.878051437126098, -13.883546128792718, -13.898482249303077, -13.911181015190039, -13.916039258185789, -13.920897501181537, -13.924324368479576, -13.932476106831247, -13.93678698565838, -13.938808369758105, -20.738808369758107]}