{"2": {"0": {"[0.0, 0]": {"num_count": 1552, "sum_payoffs": 5.759999998704, "action": [0.0, 0]}, "[1.0, 0]": {"num_count": 1548, "sum_payoffs": 5.759999998703999, "action": [1.0, 0]}}, "1": {"[0.0, 0]": {"num_count": 1439, "sum_payoffs": 5.333684209326236, "action": [0.0, 0]}, "[1.0, 0]": {"num_count": 1661, "sum_payoffs": 6.186315788081763, "action": [1.0, 0]}}}, "1": {"0": {"[1.0, 0]": {"num_count": 1470, "sum_payoffs": 0.8999999997975, "action": [1.0, 0]}, "[0.0, 0]": {"num_count": 1630, "sum_payoffs": 1.799999999595, "action": [0.0, 0]}}, "1": {"[1.0, 0]": {"num_count": 1603, "sum_payoffs": 1.799999999595, "action": [1.0, 0]}, "[0.0, 0]": {"num_count": 1497, "sum_payoffs": 0.8999999997975, "action": [0.0, 0]}}}}