{"2": {"0": {"[1.0, 0]": {"num_count": 405, "sum_payoffs": 129.13019997417405, "action": [1.0, 0]}, "[0.0, 0]": {"num_count": 195, "sum_payoffs": 46.900799990619966, "action": [0.0, 0]}}, "1": {"[1.0, 0]": {"num_count": 400, "sum_payoffs": 128.1095999743782, "action": [1.0, 0]}, "[0.0, 0]": {"num_count": 200, "sum_payoffs": 49.087799990182575, "action": [0.0, 0]}}}, "1": {"0": {"[1.0, 0]": {"num_count": 356, "sum_payoffs": 121.535999975692, "action": [1.0, 0]}, "[0.0, 0]": {"num_count": 244, "sum_payoffs": 73.5659999852864, "action": [0.0, 0]}}, "1": {"[1.0, 0]": {"num_count": 360, "sum_payoffs": 123.15599997536799, "action": [1.0, 0]}, "[0.0, 0]": {"num_count": 240, "sum_payoffs": 71.9459999856104, "action": [0.0, 0]}}}}