{"alphat_eff_gamelength_2": {"mean": 1.0, "variance": 0.0}, "runtime_gamelength_2": {"mean": 0.5039031505584717, "variance": 0.000364756790543197}, "max_timestep": {"mean": 1.0, "variance": 0.0}, "alphat_eff_gamelength_1": {"mean": 1.0, "variance": 0.0}, "runtime_gamelength_1": {"mean": 0.3132676124572754, "variance": 8.441649784117546e-05}, "winner": {"mean": [0.0, 0.0], "variance": [0.0, 0.0]}, "runtime": {"mean": 0.8173997640609741, "variance": 0.00021813240297717588}, "T_terminal": {"mean": 2.0, "variance": 0.0}, "trajectory_0": {"mean": [[1.0, 0.0, 1.5707963267948966, 0.0], [1.0, 1.0, 1.5707963267948966, 1.0], [1.0, 2.0, 1.5707963267948966, 2.0]], "variance": [[0.0, 0.0, 0.0, 0.0], [0.0, 0.0, 0.0, 0.0], [0.0, 0.0, 0.0, 0.0]]}, "trajectory_1": {"mean": [[0.0, 1.0, 0.0, 0.0], [1.0, 1.0, 0.0, 1.0], [2.0, 1.0, 0.0, 2.0]], "variance": [[0.0, 0.0, 0.0, 0.0], [0.0, 0.0, 0.0, 0.0], [0.0, 0.0, 0.0, 0.0]]}, "coll_payoff_0": {"mean": [0.0, 0.0], "variance": [0.0, 0.0]}, "coll_payoff_1": {"mean": [0.0, 0.0], "variance": [0.0, 0.0]}, "payoff_total": {"mean": [[0.0, 0.0], [0.09999999997999999, 0.09999999997999999]], "variance": [[0.0, 0.0], [1.925929944387236e-34, 1.925929944387236e-34]]}, "final_lead_payoff_0": {"mean": [0.5], "variance": [0.0]}, "final_lead_payoff_1": {"mean": [0.5], "variance": [0.0]}}