{"2": {"0": {"[1.0, 0]": {"num_count": 695, "sum_payoffs": 124.13246614413498, "action": [1.0, 0]}, "[0.0, 0]": {"num_count": 405, "sum_payoffs": 54.503035704942306, "action": [0.0, 0]}}, "1": {"[0.0, 0]": {"num_count": 409, "sum_payoffs": 55.4403214190674, "action": [0.0, 0]}, "[1.0, 0]": {"num_count": 691, "sum_payoffs": 123.35139471569758, "action": [1.0, 0]}}}, "1": {"0": {"[0.0, 0]": {"num_count": 466, "sum_payoffs": 74.88964284430439, "action": [0.0, 0]}, "[1.0, 0]": {"num_count": 634, "sum_payoffs": 117.49499997985868, "action": [1.0, 0]}}, "1": {"[0.0, 0]": {"num_count": 469, "sum_payoffs": 75.67071427274192, "action": [0.0, 0]}, "[1.0, 0]": {"num_count": 631, "sum_payoffs": 116.88749997996281, "action": [1.0, 0]}}}}