{"2": {"0": {"[1.0, 0]": {"num_count": 1414, "sum_payoffs": 281.7590328313397, "action": [1.0, 0]}, "[0.0, 0]": {"num_count": 686, "sum_payoffs": 105.53174997625615, "action": [0.0, 0]}}, "1": {"[0.0, 0]": {"num_count": 689, "sum_payoffs": 106.99537497592681, "action": [0.0, 0]}, "[1.0, 0]": {"num_count": 1411, "sum_payoffs": 282.4824078311769, "action": [1.0, 0]}}}, "1": {"0": {"[1.0, 0]": {"num_count": 1289, "sum_payoffs": 275.89499993792, "action": [1.0, 0]}, "[0.0, 0]": {"num_count": 811, "sum_payoffs": 150.6037499661142, "action": [0.0, 0]}}, "1": {"[1.0, 0]": {"num_count": 1285, "sum_payoffs": 275.08499993810216, "action": [1.0, 0]}, "[0.0, 0]": {"num_count": 815, "sum_payoffs": 151.61624996588637, "action": [0.0, 0]}}}}