{"alphat_eff_gamelength_2": {"mean": 0.30769230769230765, "variance": 3.0814879110195774e-33}, "runtime_gamelength_2": {"mean": 0.2952955007553101, "variance": 0.00018749856714578072}, "max_timestep": {"mean": 2.0, "variance": 0.0}, "winner": {"mean": [0.0, 0.0], "variance": [0.0, 0.0]}, "runtime": {"mean": 0.29555683135986327, "variance": 0.0001875789794985394}, "T_terminal": {"mean": 1.0, "variance": 0.0}, "trajectory_0": {"mean": [[1.0, 3.0, 0.0, 0.0], [2.0, 3.0, 0.0, 1.0]], "variance": [[0.0, 0.0, 0.0, 0.0], [0.8, 0.0, 0.0, 0.0]]}, "trajectory_1": {"mean": [[3.0, 3.0, 0.0, 0.0], [4.0, 3.0, 0.0, 1.0]], "variance": [[0.0, 0.0, 0.0, 0.0], [0.0, 0.0, 0.0, 0.0]]}, "coll_payoff_0": {"mean": [1.0], "variance": [0.0]}, "lead_payoff_0": {"mean": [0.3333333333333333], "variance": [0.0888888888888889]}, "coll_payoff_1": {"mean": [1.0], "variance": [0.0]}, "lead_payoff_1": {"mean": [0.6666666666666667], "variance": [0.08888888888888889]}, "payoff_total": {"mean": [[0.509578543987484, 0.6570881225097381]], "variance": [[0.00493533565143955, 0.004935335651439544]]}, "final_lead_payoff_0": {"mean": [0.43103448275862066], "variance": [0.0009512485136741966]}, "final_lead_payoff_1": {"mean": [0.5689655172413792], "variance": [0.000951248513674198]}}