{"alphat_eff_gamelength_2": [0.3076923076923077, 0.3076923076923077, 0.3076923076923077, 0.3076923076923077, 0.3076923076923077, 0.3076923076923077, 0.3076923076923077, 0.3076923076923077, 0.3076923076923077, 0.3076923076923077], "runtime_gamelength_2": [0.28649163246154785, 0.3330702781677246, 0.29659247398376465, 0.30448198318481445, 0.28560447692871094, 0.29030656814575195, 0.28876638412475586, 0.2887125015258789, 0.2918825149536133, 0.2870461940765381], "max_timestep": [2, 2, 2, 2, 2, 2, 2, 2, 2, 2], "winner": [[0, 0], [0, 0], [0, 0], [0, 0], [0, 0], [0, 0], [0, 0], [0, 0], [0, 0], [0, 0]], "runtime": [0.2867250442504883, 0.3333430290222168, 0.29685330390930176, 0.30474090576171875, 0.2859058380126953, 0.2905433177947998, 0.2890188694000244, 0.2889823913574219, 0.29215312004089355, 0.28730249404907227], "T_terminal": [1, 1, 1, 1, 1, 1, 1, 1, 1, 1], "trajectory_0": [[[1.0, 3.0, 0.0, 0], [3.0, 3.0, 0.0, 1]], [[1.0, 3.0, 0.0, 0], [1.0, 3.0, 0.0, 1]], [[1.0, 3.0, 0.0, 0], [2.0, 3.0, 0.0, 1]], [[1.0, 3.0, 0.0, 0], [3.0, 3.0, 0.0, 1]], [[1.0, 3.0, 0.0, 0], [3.0, 3.0, 0.0, 1]], [[1.0, 3.0, 0.0, 0], [1.0, 3.0, 0.0, 1]], [[1.0, 3.0, 0.0, 0], [1.0, 3.0, 0.0, 1]], [[1.0, 3.0, 0.0, 0], [1.0, 3.0, 0.0, 1]], [[1.0, 3.0, 0.0, 0], [2.0, 3.0, 0.0, 1]], [[1.0, 3.0, 0.0, 0], [3.0, 3.0, 0.0, 1]]], "trajectory_1": [[[3.0, 3.0, 0.0, 0], [4.0, 3.0, 0.0, 1]], [[3.0, 3.0, 0.0, 0], [4.0, 3.0, 0.0, 1]], [[3.0, 3.0, 0.0, 0], [4.0, 3.0, 0.0, 1]], [[3.0, 3.0, 0.0, 0], [4.0, 3.0, 0.0, 1]], [[3.0, 3.0, 0.0, 0], [4.0, 3.0, 0.0, 1]], [[3.0, 3.0, 0.0, 0], [4.0, 3.0, 0.0, 1]], [[3.0, 3.0, 0.0, 0], [4.0, 3.0, 0.0, 1]], [[3.0, 3.0, 0.0, 0], [4.0, 3.0, 0.0, 1]], [[3.0, 3.0, 0.0, 0], [4.0, 3.0, 0.0, 1]], [[3.0, 3.0, 0.0, 0], [4.0, 3.0, 0.0, 1]]], "coll_payoff_0": [[1.0], [1.0], [1.0], [1.0], [1.0], [1.0], [1.0], [1.0], [1.0], [1.0]], "lead_payoff_0": [[0.6666666666666666], [0.0], [0.3333333333333333], [0.6666666666666666], [0.6666666666666666], [0.0], [0.0], [0.0], [0.3333333333333333], [0.6666666666666666]], "coll_payoff_1": [[1.0], [1.0], [1.0], [1.0], [1.0], [1.0], [1.0], [1.0], [1.0], [1.0]], "lead_payoff_1": [[0.3333333333333333], [1.0], [0.6666666666666666], [0.3333333333333333], [0.3333333333333333], [1.0], [1.0], [1.0], [0.6666666666666666], [0.3333333333333333]], "payoff_total": [[[0.5881226052798532, 0.5785440612173691]], [[0.4310344826951149, 0.7356321838021073]], [[0.509578543987484, 0.6570881225097381]], [[0.5881226052798532, 0.5785440612173691]], [[0.5881226052798532, 0.5785440612173691]], [[0.4310344826951149, 0.7356321838021073]], [[0.4310344826951149, 0.7356321838021073]], [[0.4310344826951149, 0.7356321838021073]], [[0.509578543987484, 0.6570881225097381]], [[0.5881226052798532, 0.5785440612173691]]], "final_lead_payoff_0": [[0.46551724137931033], [0.39655172413793105], [0.43103448275862066], [0.46551724137931033], [0.46551724137931033], [0.39655172413793105], [0.39655172413793105], [0.39655172413793105], [0.43103448275862066], [0.46551724137931033]], "final_lead_payoff_1": [[0.5344827586206896], [0.603448275862069], [0.5689655172413793], [0.5344827586206896], [0.5344827586206896], [0.603448275862069], [0.603448275862069], [0.603448275862069], [0.5689655172413793], [0.5344827586206896]]}