{"2": {"0": {"[0.0, 0]": {"num_count": 1490, "sum_payoffs": 113.72231247441154, "action": [0.0, 0]}, "[1.0, 0]": {"num_count": 2610, "sum_payoffs": 266.6317499399961, "action": [1.0, 0]}}, "1": {"[0.0, 0]": {"num_count": 1484, "sum_payoffs": 113.36624997449232, "action": [0.0, 0]}, "[1.0, 0]": {"num_count": 2616, "sum_payoffs": 268.26356243962994, "action": [1.0, 0]}}}, "1": {"0": {"[1.0, 0]": {"num_count": 2359, "sum_payoffs": 253.7662499429092, "action": [1.0, 0]}, "[0.0, 0]": {"num_count": 1741, "sum_payoffs": 163.3331249632494, "action": [0.0, 0]}}, "1": {"[0.0, 0]": {"num_count": 1743, "sum_payoffs": 163.63687496318107, "action": [0.0, 0]}, "[1.0, 0]": {"num_count": 2357, "sum_payoffs": 253.5637499429548, "action": [1.0, 0]}}}}