{"2": {"0": {"[0.0, 0]": {"num_count": 83, "sum_payoffs": 22.416749994956245, "action": [0.0, 0]}, "[1.0, 0]": {"num_count": 517, "sum_payoffs": 191.18024995698497, "action": [1.0, 0]}}, "1": {"[0.0, 0]": {"num_count": 78, "sum_payoffs": 23.692499994669205, "action": [0.0, 0]}, "[1.0, 0]": {"num_count": 522, "sum_payoffs": 200.11049995497595, "action": [1.0, 0]}}}, "1": {"0": {"[1.0, 0]": {"num_count": 489, "sum_payoffs": 202.297499954485, "action": [1.0, 0]}, "[0.0, 0]": {"num_count": 111, "sum_payoffs": 39.89249999102417, "action": [0.0, 0]}}, "1": {"[0.0, 0]": {"num_count": 77, "sum_payoffs": 26.932499993940166, "action": [0.0, 0]}, "[1.0, 0]": {"num_count": 523, "sum_payoffs": 216.87749995120473, "action": [1.0, 0]}}}}