{"runtime": 0.711745023727417, "winner": [1, 0], "T_terminal": 12, "trajectories": [[1.0, 3.0, 0.0, 3.0, 3.0, 0.0, 0.0], [2.0, 3.0, 0.0, 3.0, 3.0, 4.71238898038469, 1.0], [4.0, 3.0, 1.5707963267948966, 3.0, 3.0, 0.0, 2.0], [4.0, 4.0, 0.0, 3.0, 3.0, 0.0, 3.0], [6.0, 4.0, 1.5707963267948966, 3.0, 3.0, 1.5707963267948966, 4.0], [6.0, 4.0, 0.0, 3.0, 3.0, 0.0, 5.0], [7.0, 4.0, 4.71238898038469, 3.0, 3.0, 0.0, 6.0], [7.0, 2.0, 4.71238898038469, 3.0, 3.0, 4.71238898038469, 7.0], [7.0, 2.0, 4.71238898038469, 3.0, 2.0, 0.0, 8.0], [7.0, 2.0, 0.0, 3.0, 2.0, 4.71238898038469, 9.0], [8.0, 2.0, 1.5707963267948966, 3.0, 2.0, 4.71238898038469, 10.0], [8.0, 4.0, 3.141592653589793, 3.0, 1.0, 3.141592653589793, 11.0], [6.0, 4.0, 3.141592653589793, 3.0, 1.0, 1.5707963267948966, 12.0], [2.0, 3.0, 0.0, 3.0, 3.0, 4.71238898038469, 1.0], [4.0, 3.0, 1.5707963267948966, 3.0, 3.0, 0.0, 2.0], [4.0, 4.0, 0.0, 3.0, 3.0, 0.0, 3.0], [6.0, 4.0, 1.5707963267948966, 3.0, 3.0, 1.5707963267948966, 4.0], [6.0, 4.0, 0.0, 3.0, 3.0, 0.0, 5.0], [7.0, 4.0, 4.71238898038469, 3.0, 3.0, 0.0, 6.0], [7.0, 2.0, 4.71238898038469, 3.0, 3.0, 4.71238898038469, 7.0], [7.0, 2.0, 4.71238898038469, 3.0, 2.0, 0.0, 8.0], [7.0, 2.0, 0.0, 3.0, 2.0, 4.71238898038469, 9.0], [8.0, 2.0, 1.5707963267948966, 3.0, 2.0, 4.71238898038469, 10.0], [8.0, 4.0, 3.141592653589793, 3.0, 1.0, 3.141592653589793, 11.0], [6.0, 4.0, 3.141592653589793, 3.0, 1.0, 1.5707963267948966, 12.0], [2.0, 3.0, 0.0, 3.0, 3.0, 4.71238898038469, 1.0], [4.0, 3.0, 1.5707963267948966, 3.0, 3.0, 0.0, 2.0], [4.0, 4.0, 0.0, 3.0, 3.0, 0.0, 3.0], [6.0, 4.0, 1.5707963267948966, 3.0, 3.0, 1.5707963267948966, 4.0], [6.0, 4.0, 0.0, 3.0, 3.0, 0.0, 5.0], [7.0, 4.0, 4.71238898038469, 3.0, 3.0, 0.0, 6.0], [7.0, 2.0, 4.71238898038469, 3.0, 3.0, 4.71238898038469, 7.0], [7.0, 2.0, 4.71238898038469, 3.0, 2.0, 0.0, 8.0], [7.0, 2.0, 0.0, 3.0, 2.0, 4.71238898038469, 9.0], [8.0, 2.0, 1.5707963267948966, 3.0, 2.0, 4.71238898038469, 10.0], [8.0, 4.0, 3.141592653589793, 3.0, 1.0, 3.141592653589793, 11.0], [6.0, 4.0, 3.141592653589793, 3.0, 1.0, 1.5707963267948966, 12.0], [2.0, 3.0, 0.0, 3.0, 3.0, 4.71238898038469, 1.0], [4.0, 3.0, 1.5707963267948966, 3.0, 3.0, 0.0, 2.0], [4.0, 4.0, 0.0, 3.0, 3.0, 0.0, 3.0], [6.0, 4.0, 1.5707963267948966, 3.0, 3.0, 1.5707963267948966, 4.0], [6.0, 4.0, 0.0, 3.0, 3.0, 0.0, 5.0], [7.0, 4.0, 4.71238898038469, 3.0, 3.0, 0.0, 6.0], [7.0, 2.0, 4.71238898038469, 3.0, 3.0, 4.71238898038469, 7.0], [7.0, 2.0, 4.71238898038469, 3.0, 2.0, 0.0, 8.0], [7.0, 2.0, 0.0, 3.0, 2.0, 4.71238898038469, 9.0], [8.0, 2.0, 1.5707963267948966, 3.0, 2.0, 4.71238898038469, 10.0], [8.0, 4.0, 3.141592653589793, 3.0, 1.0, 3.141592653589793, 11.0], [6.0, 4.0, 3.141592653589793, 3.0, 1.0, 1.5707963267948966, 12.0]], "penalty_distance_0": [-0.18393972058572117, -0.18393972058572117, -0.1215583672171071, -0.021164609811602494, -0.021164609811602494, -0.008097071659581281, -0.008097071659581281, -0.00915781944436709, -0.00915781944436709, -0.0033689734995427335, -0.001467640785285038, -0.007184798045219545, -0.18393972058572117, -0.18393972058572117, -0.1215583672171071, -0.021164609811602494, -0.021164609811602494, -0.008097071659581281, -0.008097071659581281, -0.00915781944436709, -0.00915781944436709, -0.0033689734995427335, -0.001467640785285038, -0.007184798045219545, -0.18393972058572117, -0.18393972058572117, -0.1215583672171071, -0.021164609811602494, -0.021164609811602494, -0.008097071659581281, -0.008097071659581281, -0.00915781944436709, -0.00915781944436709, -0.0033689734995427335, -0.001467640785285038, -0.007184798045219545, -0.18393972058572117, -0.18393972058572117, -0.1215583672171071, -0.021164609811602494, -0.021164609811602494, -0.008097071659581281, -0.008097071659581281, -0.00915781944436709, -0.00915781944436709, -0.0033689734995427335, -0.001467640785285038, -0.007184798045219545], "penalty_distance_1": [-0.18393972058572117, -0.18393972058572117, -0.1215583672171071, -0.021164609811602494, -0.021164609811602494, -0.008097071659581281, -0.008097071659581281, -0.00915781944436709, -0.00915781944436709, -0.0033689734995427335, -0.001467640785285038, -0.007184798045219545, -0.18393972058572117, -0.18393972058572117, -0.1215583672171071, -0.021164609811602494, -0.021164609811602494, -0.008097071659581281, -0.008097071659581281, -0.00915781944436709, -0.00915781944436709, -0.0033689734995427335, -0.001467640785285038, -0.007184798045219545, -0.18393972058572117, -0.18393972058572117, -0.1215583672171071, -0.021164609811602494, -0.021164609811602494, -0.008097071659581281, -0.008097071659581281, -0.00915781944436709, -0.00915781944436709, -0.0033689734995427335, -0.001467640785285038, -0.007184798045219545, -0.18393972058572117, -0.18393972058572117, -0.1215583672171071, -0.021164609811602494, -0.021164609811602494, -0.008097071659581281, -0.008097071659581281, -0.00915781944436709, -0.00915781944436709, -0.0033689734995427335, -0.001467640785285038, -0.007184798045219545], "reward_progress_0": [0.0, 0.0, 0.0, 0.0, 0.0, 0.0, 0.0, 0.0, 0.0, 0.0, 0.0, -0.0, 0.0, 0.0, 0.0, 0.0, 0.0, 0.0, 0.0, 0.0, 0.0, 0.0, 0.0, -0.0, 0.0, 0.0, 0.0, 0.0, 0.0, 0.0, 0.0, 0.0, 0.0, 0.0, 0.0, -0.0, 0.0, 0.0, 0.0, 0.0, 0.0, 0.0, 0.0, 0.0, 0.0, 0.0, 0.0, -0.0], "reward_progress_1": [0.0, 0.0, 0.0, 0.0, 0.0, 0.0, 0.0, 0.0, 0.0, 0.0, 0.0, 0.0, 0.0, 0.0, 0.0, 0.0, 0.0, 0.0, 0.0, 0.0, 0.0, 0.0, 0.0, 0.0, 0.0, 0.0, 0.0, 0.0, 0.0, 0.0, 0.0, 0.0, 0.0, 0.0, 0.0, 0.0, 0.0, 0.0, 0.0, 0.0, 0.0, 0.0, 0.0, 0.0, 0.0, 0.0, 0.0, 0.0], "penalty_agressor_0": [0.0, 0.0, 0.0, 0.0, 0.0, 0.0, 0.0, 0.0, 0.0, 0.0, 0.0, 0.0, 0.0, 0.0, 0.0, 0.0, 0.0, 0.0, 0.0, 0.0, 0.0, 0.0, 0.0, 0.0, 0.0, 0.0, 0.0, 0.0, 0.0, 0.0, 0.0, 0.0, 0.0, 0.0, 0.0, 0.0, 0.0, 0.0, 0.0, 0.0, 0.0, 0.0, 0.0, 0.0, 0.0, 0.0, 0.0, 0.0], "penalty_agressor_1": [0.0, 0.0, 0.0, 0.0, 0.0, 0.0, 0.0, 0.0, 0.0, 0.0, 0.0, 0.0, 0.0, 0.0, 0.0, 0.0, 0.0, 0.0, 0.0, 0.0, 0.0, 0.0, 0.0, 0.0, 0.0, 0.0, 0.0, 0.0, 0.0, 0.0, 0.0, 0.0, 0.0, 0.0, 0.0, 0.0, 0.0, 0.0, 0.0, 0.0, 0.0, 0.0, 0.0, 0.0, 0.0, 0.0, 0.0, 0.0], "penalty_timestep_0": [-12.0, -12.0, -12.0, -12.0], "penalty_timestep_1": [-12.0, -12.0, -12.0, -12.0], "reward_lead_0": [3.0, 3.0, 3.0, 3.0], "reward_lead_1": [-3.0, -3.0, -3.0, -3.0], "payoff_total0": [-0.18393972058572117, -0.36787944117144233, -0.48943780838854944, -0.510602418200152, -0.5317670280117545, -0.5398640996713358, -0.547961171330917, -0.5571189907752842, -0.5662768102196513, -0.5696457837191939, -0.571113424504479, -0.5782982225496985, -9.578298222549698, -9.76223794313542, -9.94617766372114, -10.067736030938248, -10.08890064074985, -10.110065250561453, -10.118162322221034, -10.126259393880616, -10.135417213324983, -10.14457503276935, -10.147944006268892, -10.149411647054178, -10.156596445099396, -19.156596445099396, -19.34053616568512, -19.52447588627084, -19.646034253487947, -19.66719886329955, -19.688363473111153, -19.696460544770733, -19.704557616430314, -19.71371543587468, -19.722873255319048, -19.72624222881859, -19.727709869603874, -19.734894667649094, -28.734894667649094, -28.918834388234817, -29.102774108820537, -29.224332476037645, -29.245497085849248, -29.26666169566085, -29.27475876732043, -29.282855838980012, -29.29201365842438, -29.301171477868746, -29.30454045136829, -29.306008092153576, -29.313192890198792, -38.31319289019879],