{"8": {"0": {"[2.0, -1.5707963267948966]": {"num_count": 432, "sum_payoffs": 112.37432670689553, "action": [2.0, -1.5707963267948966]}, "[1.0, 1.5707963267948966]": {"num_count": 396, "sum_payoffs": 99.55072939289651, "action": [1.0, 1.5707963267948966]}, "[0.0, -1.5707963267948966]": {"num_count": 381, "sum_payoffs": 94.29204056087856, "action": [0.0, -1.5707963267948966]}, "[1.0, 0.0]": {"num_count": 407, "sum_payoffs": 103.51613109205536, "action": [1.0, 0.0]}, "[0.0, 0.0]": {"num_count": 390, "sum_payoffs": 97.45460530601572, "action": [0.0, 0.0]}, "[2.0, 0.0]": {"num_count": 415, "sum_payoffs": 106.3601755838432, "action": [2.0, 0.0]}, "[1.0, -1.5707963267948966]": {"num_count": 399, "sum_payoffs": 100.63493790220848, "action": [1.0, -1.5707963267948966]}, "[2.0, 1.5707963267948966]": {"num_count": 409, "sum_payoffs": 104.24683256402976, "action": [2.0, 1.5707963267948966]}, "[0.0, 1.5707963267948966]": {"num_count": 371, "sum_payoffs": 90.86628939388216, "action": [0.0, 1.5707963267948966]}}, "1": {"[2.0, 1.5707963267948966]": {"num_count": 423, "sum_payoffs": 132.23184367083294, "action": [2.0, 1.5707963267948966]}, "[0.0, 0.0]": {"num_count": 375, "sum_payoffs": 112.55902468477407, "action": [0.0, 0.0]}, "[2.0, 0.0]": {"num_count": 473, "sum_payoffs": 152.9878507435651, "action": [2.0, 0.0]}, "[1.0, -1.5707963267948966]": {"num_count": 381, "sum_payoffs": 115.1304576882271, "action": [1.0, -1.5707963267948966]}, "[0.0, 1.5707963267948966]": {"num_count": 352, "sum_payoffs": 103.39107054891954, "action": [0.0, 1.5707963267948966]}, "[0.0, -1.5707963267948966]": {"num_count": 364, "sum_payoffs": 108.22000357479091, "action": [0.0, -1.5707963267948966]}, "[2.0, -1.5707963267948966]": {"num_count": 425, "sum_payoffs": 133.12681254492946, "action": [2.0, -1.5707963267948966]}, "[1.0, 0.0]": {"num_count": 410, "sum_payoffs": 126.92950991602194, "action": [1.0, 0.0]}, "[1.0, 1.5707963267948966]": {"num_count": 397, "sum_payoffs": 121.63876164394183, "action": [1.0, 1.5707963267948966]}}}}