{"2": {"0": {"[1.0, 0]": {"num_count": 1899, "sum_payoffs": 308.77775182675725, "action": [1.0, 0]}, "[0.0, 0]": {"num_count": 201, "sum_payoffs": 25.98074999554618, "action": [0.0, 0]}}, "1": {"[0.0, 0]": {"num_count": 220, "sum_payoffs": 30.238392851959166, "action": [0.0, 0]}, "[1.0, 0]": {"num_count": 1880, "sum_payoffs": 302.6455375420946, "action": [1.0, 0]}}}, "1": {"0": {"[0.0, 0]": {"num_count": 213, "sum_payoffs": 32.798571422948804, "action": [0.0, 0]}, "[1.0, 0]": {"num_count": 1887, "sum_payoffs": 333.5046427999601, "action": [1.0, 0]}}, "1": {"[1.0, 0]": {"num_count": 1876, "sum_payoffs": 332.2896428001686, "action": [1.0, 0]}, "[0.0, 0]": {"num_count": 224, "sum_payoffs": 33.66642856565719, "action": [0.0, 0]}}}}