{"2": {"0": {"[0.0, 0]": {"num_count": 194, "sum_payoffs": 26.349749995718128, "action": [0.0, 0]}, "[1.0, 0]": {"num_count": 2906, "sum_payoffs": 544.102282806342, "action": [1.0, 0]}}, "1": {"[0.0, 0]": {"num_count": 242, "sum_payoffs": 34.550999994385414, "action": [0.0, 0]}, "[1.0, 0]": {"num_count": 2858, "sum_payoffs": 536.0832828076445, "action": [1.0, 0]}}}, "1": {"0": {"[1.0, 0]": {"num_count": 2877, "sum_payoffs": 591.0862499039424, "action": [1.0, 0]}, "[0.0, 0]": {"num_count": 223, "sum_payoffs": 38.41874999375711, "action": [0.0, 0]}}, "1": {"[1.0, 0]": {"num_count": 2860, "sum_payoffs": 586.8337499046328, "action": [1.0, 0]}, "[0.0, 0]": {"num_count": 240, "sum_payoffs": 41.86124999319773, "action": [0.0, 0]}}}}