{"1": {"0": {"[2.0, 0.0]": {"num_count": 613, "sum_payoffs": 162.68865564504992, "action": [2.0, 0.0]}, "[1.0, 1.5707963267948966]": {"num_count": 500, "sum_payoffs": 123.71814090891644, "action": [1.0, 1.5707963267948966]}, "[2.0, -1.5707963267948966]": {"num_count": 605, "sum_payoffs": 159.8500749358779, "action": [2.0, -1.5707963267948966]}, "[2.0, 1.5707963267948966]": {"num_count": 610, "sum_payoffs": 161.57921036787354, "action": [2.0, 1.5707963267948966]}, "[0.0, -1.5707963267948966]": {"num_count": 419, "sum_payoffs": 96.6216891393192, "action": [0.0, -1.5707963267948966]}, "[0.0, 0.0]": {"num_count": 426, "sum_payoffs": 98.87056470116327, "action": [0.0, 0.0]}, "[0.0, 1.5707963267948966]": {"num_count": 418, "sum_payoffs": 96.2918540569154, "action": [0.0, 1.5707963267948966]}, "[1.0, 0.0]": {"num_count": 503, "sum_payoffs": 124.72763616112202, "action": [1.0, 0.0]}, "[1.0, -1.5707963267948966]": {"num_count": 506, "sum_payoffs": 125.83708143829845, "action": [1.0, -1.5707963267948966]}}, "1": {"[0.0, -1.5707963267948966]": {"num_count": 420, "sum_payoffs": 130.47476259694565, "action": [0.0, -1.5707963267948966]}, "[1.0, -1.5707963267948966]": {"num_count": 503, "sum_payoffs": 164.8675661894144, "action": [1.0, -1.5707963267948966]}, "[2.0, 0.0]": {"num_count": 616, "sum_payoffs": 212.83358317292456, "action": [2.0, 0.0]}, "[2.0, 1.5707963267948966]": {"num_count": 604, "sum_payoffs": 207.71614189441718, "action": [2.0, 1.5707963267948966]}, "[0.0, 1.5707963267948966]": {"num_count": 422, "sum_payoffs": 131.2543727917183, "action": [0.0, 1.5707963267948966]}, "[1.0, 1.5707963267948966]": {"num_count": 501, "sum_payoffs": 164.08795599464162, "action": [1.0, 1.5707963267948966]}, "[1.0, 0.0]": {"num_count": 505, "sum_payoffs": 165.74712640915774, "action": [1.0, 0.0]}, "[0.0, 0.0]": {"num_count": 419, "sum_payoffs": 130.04497748957098, "action": [0.0, 0.0]}, "[2.0, -1.5707963267948966]": {"num_count": 610, "sum_payoffs": 210.29485253866486, "action": [2.0, -1.5707963267948966]}}}}