{"alphat_eff_gamelength_9": 1.3846153846153846, "runtime_gamelength_9": 1.8459813594818115, "max_timestep": 9, "winner": [0, 0], "runtime": 1.8462374210357666, "T_terminal": 1, "trajectory_0": [[1.0, 3.0, 0.0, 0], [1.0, 3.0, 0.0, 1]], "trajectory_1": [[3.0, 3.0, 0.0, 0], [4.0, 3.0, 0.0, 1]], "coll_payoff_0": [1.0], "lead_payoff_0": [0.0], "coll_payoff_1": [1.0], "lead_payoff_1": [1.0], "payoff_total": [[0.4310344826951149, 0.7356321838021073]], "final_lead_payoff_0": [0.39655172413793105], "final_lead_payoff_1": [0.603448275862069]}