{"4": {"0": {"[0.0, 1.5707963267948966]": {"num_count": 116, "sum_payoffs": 36.377320325725854, "action": [0.0, 1.5707963267948966]}, "[1.0, -1.5707963267948966]": {"num_count": 130, "sum_payoffs": 43.273294623027816, "action": [1.0, -1.5707963267948966]}, "[1.0, 1.5707963267948966]": {"num_count": 121, "sum_payoffs": 38.80613582665611, "action": [1.0, 1.5707963267948966]}, "[1.0, 0.0]": {"num_count": 122, "sum_payoffs": 39.346757964973, "action": [1.0, 0.0]}, "[2.0, 0.0]": {"num_count": 124, "sum_payoffs": 40.16861301602214, "action": [2.0, 0.0]}, "[0.0, 0.0]": {"num_count": 120, "sum_payoffs": 38.34261096350688, "action": [0.0, 0.0]}, "[2.0, -1.5707963267948966]": {"num_count": 128, "sum_payoffs": 42.22861573643959, "action": [2.0, -1.5707963267948966]}, "[2.0, 1.5707963267948966]": {"num_count": 124, "sum_payoffs": 40.308805980423614, "action": [2.0, 1.5707963267948966]}, "[0.0, -1.5707963267948966]": {"num_count": 115, "sum_payoffs": 35.76655026895568, "action": [0.0, -1.5707963267948966]}}, "1": {"[2.0, -1.5707963267948966]": {"num_count": 133, "sum_payoffs": 54.35490667396999, "action": [2.0, -1.5707963267948966]}, "[1.0, -1.5707963267948966]": {"num_count": 123, "sum_payoffs": 48.80441974659714, "action": [1.0, -1.5707963267948966]}, "[1.0, 1.5707963267948966]": {"num_count": 113, "sum_payoffs": 43.20277647577918, "action": [1.0, 1.5707963267948966]}, "[1.0, 0.0]": {"num_count": 136, "sum_payoffs": 56.22302737527414, "action": [1.0, 0.0]}, "[0.0, 1.5707963267948966]": {"num_count": 101, "sum_payoffs": 36.541259450048116, "action": [0.0, 1.5707963267948966]}, "[2.0, 0.0]": {"num_count": 146, "sum_payoffs": 61.94969806207402, "action": [2.0, 0.0]}, "[2.0, 1.5707963267948966]": {"num_count": 127, "sum_payoffs": 50.929488632226416, "action": [2.0, 1.5707963267948966]}, "[0.0, -1.5707963267948966]": {"num_count": 103, "sum_payoffs": 37.70017860389013, "action": [0.0, -1.5707963267948966]}, "[0.0, 0.0]": {"num_count": 118, "sum_payoffs": 46.026124248692916, "action": [0.0, 0.0]}}}}