{"2": {"0": {"[1.0, 0]": {"num_count": 1398, "sum_payoffs": 112.4999999775015, "action": [1.0, 0]}, "[0.0, 0]": {"num_count": 202, "sum_payoffs": 14.480147365525061, "action": [0.0, 0]}}, "1": {"[1.0, 0]": {"num_count": 1281, "sum_payoffs": 102.07529997958588, "action": [1.0, 0]}, "[0.0, 0]": {"num_count": 319, "sum_payoffs": 20.822447364256515, "action": [0.0, 0]}}}, "1": {"0": {"[0.0, 0]": {"num_count": 242, "sum_payoffs": 17.85149999642964, "action": [0.0, 0]}, "[1.0, 0]": {"num_count": 1358, "sum_payoffs": 114.75899997705062, "action": [1.0, 0]}}, "1": {"[1.0, 0]": {"num_count": 1334, "sum_payoffs": 112.61249997747976, "action": [1.0, 0]}, "[0.0, 0]": {"num_count": 266, "sum_payoffs": 18.296999996340517, "action": [0.0, 0]}}}}