{"alphat_eff_gamelength_14": [2.1538461538461537, 2.1538461538461537, 2.1538461538461537, 2.1538461538461537, 2.1538461538461537, 2.1538461538461537, 2.1538461538461537, 2.1538461538461537, 2.1538461538461537, 2.1538461538461537], "runtime_gamelength_14": [32.67559623718262, 32.44912362098694, 32.76979613304138, 32.30614924430847, 32.57359838485718, 32.88211750984192, 32.866485834121704, 32.71072006225586, 32.732745885849, 32.44382452964783], "max_timestep": [14, 14, 14, 14, 14, 14, 14, 14, 14, 14], "winner": [[0, 0], [0, 0], [0, 0], [0, 0], [0, 0], [0, 0], [0, 0], [0, 0], [0, 0], [0, 0]], "runtime": [32.67587232589722, 32.449397563934326, 32.77013444900513, 32.30646896362305, 32.573880434036255, 32.88239336013794, 32.866761922836304, 32.711021900177, 32.73305368423462, 32.444093227386475], "T_terminal": [1, 1, 1, 1, 1, 1, 1, 1, 1, 1], "trajectory_0": [[[1.0, 3.0, 0.0, 0], [3.0, 3.0, 0.0, 1]], [[1.0, 3.0, 0.0, 0], [3.0, 3.0, 0.0, 1]], [[1.0, 3.0, 0.0, 0], [3.0, 3.0, 0.0, 1]], [[1.0, 3.0, 0.0, 0], [3.0, 3.0, -1.5707963267948966, 1]], [[1.0, 3.0, 0.0, 0], [3.0, 3.0, 0.0, 1]], [[1.0, 3.0, 0.0, 0], [2.0, 3.0, 1.5707963267948966, 1]], [[1.0, 3.0, 0.0, 0], [3.0, 3.0, 1.5707963267948966, 1]], [[1.0, 3.0, 0.0, 0], [1.0, 3.0, 0.0, 1]], [[1.0, 3.0, 0.0, 0], [3.0, 3.0, -1.5707963267948966, 1]], [[1.0, 3.0, 0.0, 0], [2.0, 3.0, 0.0, 1]]], "trajectory_1": [[[3.0, 3.0, 0.0, 0], [4.0, 3.0, -1.5707963267948966, 1]], [[3.0, 3.0, 0.0, 0], [4.0, 3.0, -1.5707963267948966, 1]], [[3.0, 3.0, 0.0, 0], [4.0, 3.0, 1.5707963267948966, 1]], [[3.0, 3.0, 0.0, 0], [4.0, 3.0, 1.5707963267948966, 1]], [[3.0, 3.0, 0.0, 0], [4.0, 3.0, -1.5707963267948966, 1]], [[3.0, 3.0, 0.0, 0], [4.0, 3.0, 0.0, 1]], [[3.0, 3.0, 0.0, 0], [4.0, 3.0, 0.0, 1]], [[3.0, 3.0, 0.0, 0], [4.0, 3.0, 1.5707963267948966, 1]], [[3.0, 3.0, 0.0, 0], [4.0, 3.0, -1.5707963267948966, 1]], [[3.0, 3.0, 0.0, 0], [4.0, 3.0, -1.5707963267948966, 1]]], "coll_payoff_0": [[1.0], [1.0], [1.0], [1.0], [1.0], [1.0], [1.0], [1.0], [1.0], [1.0]], "lead_payoff_0": [[0.6666666666666666], [0.6666666666666666], [0.6666666666666666], [0.6666666666666666], [0.6666666666666666], [0.3333333333333333], [0.6666666666666666], [0.0], [0.6666666666666666], [0.3333333333333333]], "coll_payoff_1": [[1.0], [1.0], [1.0], [1.0], [1.0], [1.0], [1.0], [1.0], [1.0], [1.0]], "lead_payoff_1": [[0.3333333333333333], [0.3333333333333333], [0.3333333333333333], [0.3333333333333333], [0.3333333333333333], [0.6666666666666666], [0.3333333333333333], [1.0], [0.3333333333333333], [0.6666666666666666]], "payoff_total": [[[0.5881226052798532, 0.5785440612173691]], [[0.5881226052798532, 0.5785440612173691]], [[0.5881226052798532, 0.5785440612173691]], [[0.5881226052798532, 0.5785440612173691]], [[0.5881226052798532, 0.5785440612173691]], [[0.509578543987484, 0.6570881225097381]], [[0.5881226052798532, 0.5785440612173691]], [[0.4310344826951149, 0.7356321838021073]], [[0.5881226052798532, 0.5785440612173691]], [[0.509578543987484, 0.6570881225097381]]], "final_lead_payoff_0": [[0.46551724137931033], [0.46551724137931033], [0.46551724137931033], [0.46551724137931033], [0.46551724137931033], [0.43103448275862066], [0.46551724137931033], [0.39655172413793105], [0.46551724137931033], [0.43103448275862066]], "final_lead_payoff_1": [[0.5344827586206896], [0.5344827586206896], [0.5344827586206896], [0.5344827586206896], [0.5344827586206896], [0.5689655172413793], [0.5344827586206896], [0.603448275862069], [0.5344827586206896], [0.5689655172413793]]}