{"2": {"0": {"[0.0, 0]": {"num_count": 305, "sum_payoffs": 5.84999999649, "action": [0.0, 0]}, "[1.0, 0]": {"num_count": 295, "sum_payoffs": 5.759999996544, "action": [1.0, 0]}}, "1": {"[0.0, 0]": {"num_count": 301, "sum_payoffs": 5.423684207272105, "action": [0.0, 0]}, "[1.0, 0]": {"num_count": 299, "sum_payoffs": 6.186315785761895, "action": [1.0, 0]}}}, "1": {"0": {"[0.0, 0]": {"num_count": 269, "sum_payoffs": 0.0, "action": [0.0, 0]}, "[1.0, 0]": {"num_count": 331, "sum_payoffs": 0.89999999946, "action": [1.0, 0]}}, "1": {"[0.0, 0]": {"num_count": 298, "sum_payoffs": 0.89999999946, "action": [0.0, 0]}, "[1.0, 0]": {"num_count": 302, "sum_payoffs": 0.0, "action": [1.0, 0]}}}}