{"2": {"0": {"[0.0, 0]": {"num_count": 1388, "sum_payoffs": 2.4299999991495, "action": [0.0, 0]}, "[1.0, 0]": {"num_count": 1712, "sum_payoffs": 4.476315787906974, "action": [1.0, 0]}}, "1": {"[1.0, 0]": {"num_count": 1681, "sum_payoffs": 4.476315787906974, "action": [1.0, 0]}, "[0.0, 0]": {"num_count": 1419, "sum_payoffs": 2.4299999991495, "action": [0.0, 0]}}}, "1": {"0": {"[0.0, 0]": {"num_count": 1518, "sum_payoffs": 0.899999999685, "action": [0.0, 0]}, "[1.0, 0]": {"num_count": 1582, "sum_payoffs": 1.79999999937, "action": [1.0, 0]}}, "1": {"[1.0, 0]": {"num_count": 1620, "sum_payoffs": 1.79999999937, "action": [1.0, 0]}, "[0.0, 0]": {"num_count": 1480, "sum_payoffs": 0.899999999685, "action": [0.0, 0]}}}}