{"2": {"0": {"[0.0, 0]": {"num_count": 1410, "sum_payoffs": 171.77669996564566, "action": [0.0, 0]}, "[1.0, 0]": {"num_count": 3190, "sum_payoffs": 505.48248937259507, "action": [1.0, 0]}}, "1": {"[1.0, 0]": {"num_count": 3168, "sum_payoffs": 500.8114893735295, "action": [1.0, 0]}, "[0.0, 0]": {"num_count": 1432, "sum_payoffs": 175.42709996491575, "action": [0.0, 0]}}}, "1": {"0": {"[1.0, 0]": {"num_count": 2979, "sum_payoffs": 511.54199989766255, "action": [1.0, 0]}, "[0.0, 0]": {"num_count": 1621, "sum_payoffs": 234.9539999530121, "action": [0.0, 0]}}, "1": {"[0.0, 0]": {"num_count": 1623, "sum_payoffs": 235.52099995289873, "action": [0.0, 0]}, "[1.0, 0]": {"num_count": 2977, "sum_payoffs": 511.46099989767873, "action": [1.0, 0]}}}}