{"12": {"0": {"[2.0, -1.5707963267948966]": {"num_count": 183, "sum_payoffs": 40.67662237288377, "action": [2.0, -1.5707963267948966]}, "[2.0, 0.0]": {"num_count": 184, "sum_payoffs": 40.902462956166076, "action": [2.0, 0.0]}, "[2.0, 1.5707963267948966]": {"num_count": 178, "sum_payoffs": 38.86826055778793, "action": [2.0, 1.5707963267948966]}, "[0.0, 1.5707963267948966]": {"num_count": 170, "sum_payoffs": 35.902393849524664, "action": [0.0, 1.5707963267948966]}, "[0.0, -1.5707963267948966]": {"num_count": 171, "sum_payoffs": 36.17462844819828, "action": [0.0, -1.5707963267948966]}, "[1.0, 0.0]": {"num_count": 181, "sum_payoffs": 39.8962605019555, "action": [1.0, 0.0]}, "[1.0, -1.5707963267948966]": {"num_count": 182, "sum_payoffs": 40.19321175580747, "action": [1.0, -1.5707963267948966]}, "[1.0, 1.5707963267948966]": {"num_count": 172, "sum_payoffs": 36.60212673722168, "action": [1.0, 1.5707963267948966]}, "[0.0, 0.0]": {"num_count": 179, "sum_payoffs": 39.1302176941306, "action": [0.0, 0.0]}}, "1": {"[2.0, 1.5707963267948966]": {"num_count": 177, "sum_payoffs": 46.38322897833022, "action": [2.0, 1.5707963267948966]}, "[0.0, 1.5707963267948966]": {"num_count": 162, "sum_payoffs": 40.3431698651767, "action": [0.0, 1.5707963267948966]}, "[2.0, 0.0]": {"num_count": 208, "sum_payoffs": 59.183748594585055, "action": [2.0, 0.0]}, "[0.0, 0.0]": {"num_count": 176, "sum_payoffs": 45.93080723346685, "action": [0.0, 0.0]}, "[1.0, 1.5707963267948966]": {"num_count": 172, "sum_payoffs": 44.30901750165946, "action": [1.0, 1.5707963267948966]}, "[1.0, 0.0]": {"num_count": 186, "sum_payoffs": 49.95252561503397, "action": [1.0, 0.0]}, "[1.0, -1.5707963267948966]": {"num_count": 178, "sum_payoffs": 46.81641633355867, "action": [1.0, -1.5707963267948966]}, "[0.0, -1.5707963267948966]": {"num_count": 161, "sum_payoffs": 39.869312234731865, "action": [0.0, -1.5707963267948966]}, "[2.0, -1.5707963267948966]": {"num_count": 180, "sum_payoffs": 47.48965904216023, "action": [2.0, -1.5707963267948966]}}}}