{"2": {"0": {"[1.0, 0]": {"num_count": 2215, "sum_payoffs": 495.2469923962855, "action": [1.0, 0]}, "[0.0, 0]": {"num_count": 885, "sum_payoffs": 153.957857116463, "action": [0.0, 0]}}, "1": {"[0.0, 0]": {"num_count": 904, "sum_payoffs": 158.92585711561114, "action": [0.0, 0]}, "[1.0, 0]": {"num_count": 2196, "sum_payoffs": 490.90384953988746, "action": [1.0, 0]}}}, "1": {"0": {"[1.0, 0]": {"num_count": 1935, "sum_payoffs": 467.6785713484055, "action": [1.0, 0]}, "[0.0, 0]": {"num_count": 1165, "sum_payoffs": 250.79142852843984, "action": [0.0, 0]}}, "1": {"[1.0, 0]": {"num_count": 1936, "sum_payoffs": 468.1414284911833, "action": [1.0, 0]}, "[0.0, 0]": {"num_count": 1164, "sum_payoffs": 250.79142852843984, "action": [0.0, 0]}}}}