{"2": {"0": {"[1.0, 0]": {"num_count": 3202, "sum_payoffs": 242.75785258303446, "action": [1.0, 0]}, "[0.0, 0]": {"num_count": 398, "sum_payoffs": 25.893899994821144, "action": [0.0, 0]}}, "1": {"[1.0, 0]": {"num_count": 3234, "sum_payoffs": 249.09115258176817, "action": [1.0, 0]}, "[0.0, 0]": {"num_count": 366, "sum_payoffs": 25.02809999499432, "action": [0.0, 0]}}}, "1": {"0": {"[0.0, 0]": {"num_count": 300, "sum_payoffs": 20.564999995886918, "action": [0.0, 0]}, "[1.0, 0]": {"num_count": 3300, "sum_payoffs": 273.19499994534937, "action": [1.0, 0]}}, "1": {"[0.0, 0]": {"num_count": 408, "sum_payoffs": 29.312999994137265, "action": [0.0, 0]}, "[1.0, 0]": {"num_count": 3192, "sum_payoffs": 264.4469999470974, "action": [1.0, 0]}}}}