{"11": {"0": {"[1.0, 1.5707963267948966]": {"num_count": 342, "sum_payoffs": 75.94314334111317, "action": [1.0, 1.5707963267948966]}, "[1.0, 0.0]": {"num_count": 348, "sum_payoffs": 77.94884343242796, "action": [1.0, 0.0]}, "[2.0, 1.5707963267948966]": {"num_count": 350, "sum_payoffs": 78.71359020071029, "action": [2.0, 1.5707963267948966]}, "[2.0, 0.0]": {"num_count": 349, "sum_payoffs": 78.34421202063068, "action": [2.0, 0.0]}, "[0.0, -1.5707963267948966]": {"num_count": 333, "sum_payoffs": 73.09369783792897, "action": [0.0, -1.5707963267948966]}, "[1.0, -1.5707963267948966]": {"num_count": 353, "sum_payoffs": 79.69867986353484, "action": [1.0, -1.5707963267948966]}, "[0.0, 0.0]": {"num_count": 340, "sum_payoffs": 75.3002503370956, "action": [0.0, 0.0]}, "[2.0, -1.5707963267948966]": {"num_count": 356, "sum_payoffs": 80.64770535894338, "action": [2.0, -1.5707963267948966]}, "[0.0, 1.5707963267948966]": {"num_count": 329, "sum_payoffs": 71.75692296938968, "action": [0.0, 1.5707963267948966]}}, "1": {"[1.0, 0.0]": {"num_count": 350, "sum_payoffs": 93.93969987302928, "action": [1.0, 0.0]}, "[0.0, 1.5707963267948966]": {"num_count": 317, "sum_payoffs": 81.59859925136493, "action": [0.0, 1.5707963267948966]}, "[1.0, -1.5707963267948966]": {"num_count": 334, "sum_payoffs": 87.95207126185552, "action": [1.0, -1.5707963267948966]}, "[2.0, -1.5707963267948966]": {"num_count": 378, "sum_payoffs": 104.53707613426684, "action": [2.0, -1.5707963267948966]}, "[0.0, -1.5707963267948966]": {"num_count": 312, "sum_payoffs": 79.74525659244176, "action": [0.0, -1.5707963267948966]}, "[1.0, 1.5707963267948966]": {"num_count": 332, "sum_payoffs": 87.14278871299712, "action": [1.0, 1.5707963267948966]}, "[0.0, 0.0]": {"num_count": 330, "sum_payoffs": 86.330417702319, "action": [0.0, 0.0]}, "[2.0, 0.0]": {"num_count": 406, "sum_payoffs": 115.18990790273403, "action": [2.0, 0.0]}, "[2.0, 1.5707963267948966]": {"num_count": 341, "sum_payoffs": 90.57211858391926, "action": [2.0, 1.5707963267948966]}}}}