{"10": {"0": {"[1.0, 0.0]": {"num_count": 404, "sum_payoffs": 93.25297241795747, "action": [1.0, 0.0]}, "[0.0, 1.5707963267948966]": {"num_count": 380, "sum_payoffs": 85.4400476273905, "action": [0.0, 1.5707963267948966]}, "[0.0, -1.5707963267948966]": {"num_count": 381, "sum_payoffs": 85.75041626723898, "action": [0.0, -1.5707963267948966]}, "[2.0, 0.0]": {"num_count": 427, "sum_payoffs": 101.0413804790287, "action": [2.0, 0.0]}, "[2.0, 1.5707963267948966]": {"num_count": 404, "sum_payoffs": 93.32898858876388, "action": [2.0, 1.5707963267948966]}, "[0.0, 0.0]": {"num_count": 392, "sum_payoffs": 89.38001441575679, "action": [0.0, 0.0]}, "[1.0, 1.5707963267948966]": {"num_count": 397, "sum_payoffs": 91.04403399339385, "action": [1.0, 1.5707963267948966]}, "[2.0, -1.5707963267948966]": {"num_count": 409, "sum_payoffs": 95.00933286190241, "action": [2.0, -1.5707963267948966]}, "[1.0, -1.5707963267948966]": {"num_count": 406, "sum_payoffs": 94.03675840257947, "action": [1.0, -1.5707963267948966]}}, "1": {"[0.0, 0.0]": {"num_count": 382, "sum_payoffs": 104.98062085187547, "action": [0.0, 0.0]}, "[2.0, 0.0]": {"num_count": 487, "sum_payoffs": 145.3791770583292, "action": [2.0, 0.0]}, "[0.0, -1.5707963267948966]": {"num_count": 354, "sum_payoffs": 94.45002430897487, "action": [0.0, -1.5707963267948966]}, "[1.0, 1.5707963267948966]": {"num_count": 375, "sum_payoffs": 102.23131844989965, "action": [1.0, 1.5707963267948966]}, "[1.0, 0.0]": {"num_count": 415, "sum_payoffs": 117.4379182006491, "action": [1.0, 0.0]}, "[2.0, 1.5707963267948966]": {"num_count": 414, "sum_payoffs": 117.1378719609704, "action": [2.0, 1.5707963267948966]}, "[2.0, -1.5707963267948966]": {"num_count": 426, "sum_payoffs": 121.74104581231785, "action": [2.0, -1.5707963267948966]}, "[0.0, 1.5707963267948966]": {"num_count": 362, "sum_payoffs": 97.376695790083, "action": [0.0, 1.5707963267948966]}, "[1.0, -1.5707963267948966]": {"num_count": 385, "sum_payoffs": 106.11827637302254, "action": [1.0, -1.5707963267948966]}}}}