{"2": {"0": {"[1.0, 0]": {"num_count": 379, "sum_payoffs": 80.60962497178672, "action": [1.0, 0]}, "[0.0, 0]": {"num_count": 221, "sum_payoffs": 34.45987498793894, "action": [0.0, 0]}}, "1": {"[1.0, 0]": {"num_count": 383, "sum_payoffs": 81.6119999714359, "action": [1.0, 0]}, "[0.0, 0]": {"num_count": 217, "sum_payoffs": 33.09299998841735, "action": [0.0, 0]}}}, "1": {"0": {"[1.0, 0]": {"num_count": 370, "sum_payoffs": 82.81124997101627, "action": [1.0, 0]}, "[0.0, 0]": {"num_count": 230, "sum_payoffs": 39.93749998602181, "action": [0.0, 0]}}, "1": {"[0.0, 0]": {"num_count": 230, "sum_payoffs": 39.93749998602181, "action": [0.0, 0]}, "[1.0, 0]": {"num_count": 370, "sum_payoffs": 83.01374997094541, "action": [1.0, 0]}}}}