{"3": {"0": {"[1.0, -1.5707963267948966]": {"num_count": 316, "sum_payoffs": 113.77524407149858, "action": [1.0, -1.5707963267948966]}, "[1.0, 1.5707963267948966]": {"num_count": 306, "sum_payoffs": 108.91069026298875, "action": [1.0, 1.5707963267948966]}, "[2.0, 1.5707963267948966]": {"num_count": 319, "sum_payoffs": 115.07148191518465, "action": [2.0, 1.5707963267948966]}, "[1.0, 0.0]": {"num_count": 273, "sum_payoffs": 93.57915575294786, "action": [1.0, 0.0]}, "[2.0, 0.0]": {"num_count": 275, "sum_payoffs": 94.5446798266642, "action": [2.0, 0.0]}, "[2.0, -1.5707963267948966]": {"num_count": 328, "sum_payoffs": 119.4487055329467, "action": [2.0, -1.5707963267948966]}, "[0.0, -1.5707963267948966]": {"num_count": 265, "sum_payoffs": 89.9620891424523, "action": [0.0, -1.5707963267948966]}, "[0.0, 1.5707963267948966]": {"num_count": 252, "sum_payoffs": 83.88626321339395, "action": [0.0, 1.5707963267948966]}, "[0.0, 0.0]": {"num_count": 266, "sum_payoffs": 90.40634954446355, "action": [0.0, 0.0]}}, "1": {"[1.0, 1.5707963267948966]": {"num_count": 293, "sum_payoffs": 125.69939406046778, "action": [1.0, 1.5707963267948966]}, "[0.0, -1.5707963267948966]": {"num_count": 253, "sum_payoffs": 103.94627126979154, "action": [0.0, -1.5707963267948966]}, "[1.0, -1.5707963267948966]": {"num_count": 298, "sum_payoffs": 128.37681595491577, "action": [1.0, -1.5707963267948966]}, "[1.0, 0.0]": {"num_count": 265, "sum_payoffs": 110.44892442020986, "action": [1.0, 0.0]}, "[0.0, 0.0]": {"num_count": 232, "sum_payoffs": 92.81011069860325, "action": [0.0, 0.0]}, "[2.0, 0.0]": {"num_count": 341, "sum_payoffs": 151.92138710274267, "action": [2.0, 0.0]}, "[0.0, 1.5707963267948966]": {"num_count": 235, "sum_payoffs": 94.26966802738126, "action": [0.0, 1.5707963267948966]}, "[2.0, -1.5707963267948966]": {"num_count": 338, "sum_payoffs": 150.2148729785697, "action": [2.0, -1.5707963267948966]}, "[2.0, 1.5707963267948966]": {"num_count": 345, "sum_payoffs": 154.27483402923733, "action": [2.0, 1.5707963267948966]}}}}