{"alphat_eff_gamelength_9": 1.3846153846153846, "runtime_gamelength_9": 10.480694055557251, "max_timestep": 9, "winner": [0, 0], "runtime": 10.480932474136353, "T_terminal": 1, "trajectory_0": [[1.0, 3.0, 0.0, 0], [2.0, 3.0, 0.0, 1]], "trajectory_1": [[3.0, 3.0, 0.0, 0], [4.0, 3.0, 0.0, 1]], "coll_payoff_0": [1.0], "lead_payoff_0": [0.3333333333333333], "coll_payoff_1": [1.0], "lead_payoff_1": [0.6666666666666666], "payoff_total": [[0.509578543987484, 0.6570881225097381]], "final_lead_payoff_0": [0.43103448275862066], "final_lead_payoff_1": [0.5689655172413793]}