{"runtime_game_length_12": [8.371573686599731, 8.465999364852905, 9.437580108642578, 8.548187732696533, 8.881926536560059], "runtime_game_length_11": [8.836280584335327, 7.6635003089904785, 11.526161670684814, 7.5287394523620605, 8.192437887191772], "runtime_game_length_10": [7.1180174350738525, 6.9308226108551025, 7.963085174560547, 6.787151575088501, 7.508230686187744], "runtime_game_length_9": [6.565804481506348, 6.204697132110596, 6.457887649536133, 6.149366140365601, 6.721646547317505], "runtime_game_length_8": [5.5770745277404785, 5.359341621398926, 5.478923797607422, 5.156284332275391, 5.9277753829956055], "runtime_game_length_7": [4.6930835247039795, 4.560919761657715, 4.637925863265991, 3.92450213432312, 5.007802963256836], "runtime_game_length_6": [3.6946496963500977, 3.691481590270996, 3.572888135910034, 3.193662405014038, 4.183410406112671], "runtime_game_length_5": [2.204987049102783, 2.1398088932037354, 2.089508295059204, 1.0751924514770508, 2.2297258377075195], "runtime_game_length_4": [0.1031038761138916, 0.10256648063659668, 0.10716366767883301, 0.11856293678283691], "runtime": [47.16502118110657, 45.11952495574951, 51.27151370048523, 42.363470792770386, 48.77200651168823], "winner": [[0, 1], [0, 1], [0, 1], [1, 0], [0, 1]], "T_terminal": [9, 9, 9, 8, 9], "trajectory_0": [[[1.0, 3.0, 0.0, 0], [1.0, 3.0, 0.0, 1], [2.0, 3.0, 0.0, 2], [4.0, 3.0, 0.0, 3], [5.0, 3.0, 0.0, 4], [6.0, 3.0, 0.0, 5], [7.0, 3.0, 0.0, 6], [8.0, 3.0, 0.0, 7], [9.0, 3.0, 0.0, 8], [10.0, 3.0, 0.0, 9]], [[1.0, 3.0, 0.0, 0], [2.0, 3.0, 0.0, 1], [3.0, 3.0, 0.0, 2], [4.0, 3.0, 0.0, 3], [5.0, 3.0, 0.0, 4], [6.0, 3.0, 0.0, 5], [6.0, 3.0, 0.0, 6], [8.0, 3.0, 0.0, 7], [9.0, 3.0, 0.0, 8], [10.0, 3.0, 4.71238898038469, 9]], [[1.0, 3.0, 0.0, 0], [2.0, 3.0, 0.0, 1], [3.0, 3.0, 0.0, 2], [4.0, 3.0, 0.0, 3], [5.0, 3.0, 0.0, 4], [6.0, 3.0, 0.0, 5], [7.0, 3.0, 0.0, 6], [8.0, 3.0, 0.0, 7], [9.0, 3.0, 0.0, 8], [10.0, 3.0, 4.71238898038469, 9]], [[1.0, 3.0, 0.0, 0], [2.0, 3.0, 4.71238898038469, 1], [1.9999999999999996, 1.0, 0.0, 2], [3.9999999999999996, 1.0, 0.0, 3], [6.0, 1.0, 0.0, 4], [8.0, 1.0, 4.71238898038469, 5], [8.0, 1.0, 0.0, 6], [10.0, 1.0, 0.0, 7], [12.0, 1.0, 0.0, 8]], [[1.0, 3.0, 0.0, 0], [2.0, 3.0, 0.0, 1], [3.0, 3.0, 0.0, 2], [4.0, 3.0, 0.0, 3], [5.0, 3.0, 0.0, 4], [6.0, 3.0, 0.0, 5], [7.0, 3.0, 0.0, 6], [8.0, 3.0, 0.0, 7], [9.0, 3.0, 0.0, 8], [10.0, 3.0, 4.71238898038469, 9]]], "trajectory_1": [[[3.0, 3.0, 0.0, 0], [4.0, 3.0, 0.0, 1], [5.0, 3.0, 0.0, 2], [6.0, 3.0, 0.0, 3], [7.0, 3.0, 0.0, 4], [8.0, 3.0, 0.0, 5], [9.0, 3.0, 0.0, 6], [10.0, 3.0, 0.0, 7], [11.0, 3.0, 0.0, 8], [12.0, 3.0, 1.5707963267948966, 9]], [[3.0, 3.0, 0.0, 0], [4.0, 3.0, 0.0, 1], [5.0, 3.0, 0.0, 2], [6.0, 3.0, 0.0, 3], [7.0, 3.0, 0.0, 4], [8.0, 3.0, 0.0, 5], [9.0, 3.0, 0.0, 6], [10.0, 3.0, 0.0, 7], [11.0, 3.0, 0.0, 8], [12.0, 3.0, 0.0, 9]], [[3.0, 3.0, 0.0, 0], [4.0, 3.0, 0.0, 1], [5.0, 3.0, 0.0, 2], [6.0, 3.0, 0.0, 3], [7.0, 3.0, 0.0, 4], [8.0, 3.0, 0.0, 5], [9.0, 3.0, 0.0, 6], [10.0, 3.0, 0.0, 7], [11.0, 3.0, 0.0, 8], [12.0, 3.0, 1.5707963267948966, 9]], [[3.0, 3.0, 0.0, 0], [4.0, 3.0, 0.0, 1], [5.0, 3.0, 0.0, 2], [6.0, 3.0, 0.0, 3], [7.0, 3.0, 0.0, 4], [8.0, 3.0, 0.0, 5], [9.0, 3.0, 0.0, 6], [10.0, 3.0, 0.0, 7], [11.0, 3.0, 0.0, 8]], [[3.0, 3.0, 0.0, 0], [4.0, 3.0, 0.0, 1], [5.0, 3.0, 0.0, 2], [6.0, 3.0, 0.0, 3], [7.0, 3.0, 0.0, 4], [8.0, 3.0, 0.0, 5], [9.0, 3.0, 0.0, 6], [10.0, 3.0, 0.0, 7], [11.0, 3.0, 0.0, 8], [12.0, 3.0, 4.71238898038469, 9]]], "penalty_distance_0": [[-0.024893534183931972, -0.022404180765538774, -0.054810789710828145, -0.04932971073974533, -0.0443967396657708, -0.039957065699193724, -0.035961359129274346, -0.03236522321634692, -0.02912870089471223], [-0.06766764161830635, -0.06090087745647572, -0.054810789710828145, -0.04932971073974533, -0.0443967396657708, -0.014699383000269992, -0.035961359129274346, -0.03236522321634692, -0.02912870089471223], [-0.06766764161830635, -0.06090087745647572, -0.054810789710828145, -0.04932971073974533, -0.0443967396657708, -0.039957065699193724, -0.035961359129274346, -0.03236522321634692, -0.02912870089471223], [-0.06766764161830635, -0.012227607527505997, -0.023937827357592274, -0.03895700390321061, -0.0443967396657708, -0.03155517316160059, -0.035961359129274346, -0.02555969026089648], [-0.06766764161830635, -0.06090087745647572, -0.054810789710828145, -0.04932971073974533, -0.0443967396657708, -0.039957065699193724, -0.035961359129274346, -0.03236522321634692, -0.02912870089471223]], "penalty_distance_1": [[-0.024893534183931972, -0.022404180765538774, -0.054810789710828145, -0.04932971073974533, -0.0443967396657708, -0.039957065699193724, -0.035961359129274346, -0.03236522321634692, -0.02912870089471223], [-0.06766764161830635, -0.06090087745647572, -0.054810789710828145, -0.04932971073974533, -0.0443967396657708, -0.014699383000269992, -0.035961359129274346, -0.03236522321634692, -0.02912870089471223], [-0.06766764161830635, -0.06090087745647572, -0.054810789710828145, -0.04932971073974533, -0.0443967396657708, -0.039957065699193724, -0.035961359129274346, -0.03236522321634692, -0.02912870089471223], [-0.06766764161830635, -0.012227607527505997, -0.023937827357592274, -0.03895700390321061, -0.0443967396657708, -0.03155517316160059, -0.035961359129274346, -0.02555969026089648], [-0.06766764161830635, -0.06090087745647572, -0.054810789710828145, -0.04932971073974533, -0.0443967396657708, -0.039957065699193724, -0.035961359129274346, -0.03236522321634692, -0.02912870089471223]], "reward_progress_0": [[0.0, 0.09000000000000001, 0.16200000000000003, 0.0729, 0.06561, 0.05904900000000001, 0.05314410000000001, 0.04782969000000001, 0.04304672100000001], [0.1, 0.09000000000000001, 0.08100000000000002, 0.0729, 0.06561, 0.0, 0.10628820000000001, 0.04782969000000001, 0.04304672100000001], [0.1, 0.09000000000000001, 0.08100000000000002, 0.0729, 0.06561, 0.05904900000000001, 0.05314410000000001, 0.04782969000000001, 0.04304672100000001], [0.1, -3.996802888650564e-17, 0.16200000000000003, 0.14580000000000004, 0.13122, 0.0, 0.10628820000000001, 0.09565938000000002], [0.1, 0.09000000000000001, 0.08100000000000002, 0.0729, 0.06561, 0.05904900000000001, 0.05314410000000001, 0.04782969000000001, 0.04304672100000001]], "reward_progress_1": [[0.1, 0.09000000000000001, 0.08100000000000002, 0.0729, 0.06561, 0.05904900000000001, 0.05314410000000001, 0.04782969000000001, 0.04304672100000001], [0.1, 0.09000000000000001, 0.08100000000000002, 0.0729, 0.06561, 0.05904900000000001, 0.05314410000000001, 0.04782969000000001, 0.04304672100000001], [0.1, 0.09000000000000001, 0.08100000000000002, 0.0729, 0.06561, 0.05904900000000001, 0.05314410000000001, 0.04782969000000001, 0.04304672100000001], [0.1, 0.09000000000000001, 0.08100000000000002, 0.0729, 0.06561, 0.05904900000000001, 0.05314410000000001, 0.04782969000000001], [0.1, 0.09000000000000001, 0.08100000000000002, 0.0729, 0.06561, 0.05904900000000001, 0.05314410000000001, 0.04782969000000001, 0.04304672100000001]], "penalty_timestep_0": [[-0.9], [-0.9], [-0.9], [-0.8], [-0.9]], "penalty_timestep_1": [[-0.9], [-0.9], [-0.9], [-0.8], [-0.9]], "reward_lead_0": [[-2.0], [-2.0], [-2.0], [1.0], [-2.0]], "reward_lead_1": [[2.0], [2.0], [2.0], [-1.0], [2.0]],