{"3": {"0": {"[2.0, 1.5707963267948966]": {"num_count": 414, "sum_payoffs": 140.93737452403272, "action": [2.0, 1.5707963267948966]}, "[1.0, -1.5707963267948966]": {"num_count": 417, "sum_payoffs": 142.4093203700327, "action": [1.0, -1.5707963267948966]}, "[0.0, -1.5707963267948966]": {"num_count": 392, "sum_payoffs": 131.43068804558575, "action": [0.0, -1.5707963267948966]}, "[0.0, 0.0]": {"num_count": 364, "sum_payoffs": 119.25857346241824, "action": [0.0, 0.0]}, "[2.0, -1.5707963267948966]": {"num_count": 430, "sum_payoffs": 147.98578397982408, "action": [2.0, -1.5707963267948966]}, "[0.0, 1.5707963267948966]": {"num_count": 387, "sum_payoffs": 129.0691616389282, "action": [0.0, 1.5707963267948966]}, "[2.0, 0.0]": {"num_count": 403, "sum_payoffs": 136.21528165009684, "action": [2.0, 0.0]}, "[1.0, 0.0]": {"num_count": 380, "sum_payoffs": 126.10501853624918, "action": [1.0, 0.0]}, "[1.0, 1.5707963267948966]": {"num_count": 413, "sum_payoffs": 140.48039737411062, "action": [1.0, 1.5707963267948966]}}, "1": {"[0.0, 0.0]": {"num_count": 548, "sum_payoffs": 196.02488593193686, "action": [0.0, 0.0]}, "[0.0, 1.5707963267948966]": {"num_count": 577, "sum_payoffs": 209.0599304821508, "action": [0.0, 1.5707963267948966]}, "[1.0, -1.5707963267948966]": {"num_count": 647, "sum_payoffs": 240.49499085177632, "action": [1.0, -1.5707963267948966]}, "[0.0, -1.5707963267948966]": {"num_count": 557, "sum_payoffs": 200.198603354737, "action": [0.0, -1.5707963267948966]}, "[1.0, 1.5707963267948966]": {"num_count": 633, "sum_payoffs": 234.2236492298201, "action": [1.0, 1.5707963267948966]}, "[1.0, 0.0]": {"num_count": 638, "sum_payoffs": 236.4229182513363, "action": [1.0, 0.0]}}}}