{"2": {"0": {"[2.0, -1.5707963267948966]": {"num_count": 372, "sum_payoffs": 89.56130628847241, "action": [2.0, -1.5707963267948966]}, "[0.0, 0.0]": {"num_count": 328, "sum_payoffs": 74.53345789637228, "action": [0.0, 0.0]}, "[1.0, 1.5707963267948966]": {"num_count": 321, "sum_payoffs": 72.1469699812832, "action": [1.0, 1.5707963267948966]}, "[1.0, 0.0]": {"num_count": 376, "sum_payoffs": 90.90675675144546, "action": [1.0, 0.0]}, "[2.0, 0.0]": {"num_count": 449, "sum_payoffs": 116.3895588244101, "action": [2.0, 0.0]}, "[0.0, -1.5707963267948966]": {"num_count": 280, "sum_payoffs": 58.46402884544445, "action": [0.0, -1.5707963267948966]}, "[1.0, -1.5707963267948966]": {"num_count": 320, "sum_payoffs": 71.72109596184222, "action": [1.0, -1.5707963267948966]}, "[2.0, 1.5707963267948966]": {"num_count": 376, "sum_payoffs": 90.89976749242986, "action": [2.0, 1.5707963267948966]}, "[0.0, 1.5707963267948966]": {"num_count": 278, "sum_payoffs": 57.832388144154024, "action": [0.0, 1.5707963267948966]}}, "1": {"[1.0, -1.5707963267948966]": {"num_count": 548, "sum_payoffs": 154.11783236253675, "action": [1.0, -1.5707963267948966]}, "[0.0, -1.5707963267948966]": {"num_count": 447, "sum_payoffs": 117.48375810140678, "action": [0.0, -1.5707963267948966]}, "[1.0, 0.0]": {"num_count": 608, "sum_payoffs": 176.31293046199954, "action": [1.0, 0.0]}, "[0.0, 0.0]": {"num_count": 500, "sum_payoffs": 136.67448881983654, "action": [0.0, 0.0]}, "[1.0, 1.5707963267948966]": {"num_count": 551, "sum_payoffs": 155.2216282904756, "action": [1.0, 1.5707963267948966]}, "[0.0, 1.5707963267948966]": {"num_count": 446, "sum_payoffs": 117.17662905728075, "action": [0.0, 1.5707963267948966]}}}}