{"2": {"0": {"[1.0, 0]": {"num_count": 990, "sum_payoffs": 153.3457894430138, "action": [1.0, 0]}, "[0.0, 0]": {"num_count": 110, "sum_payoffs": 15.732899996853451, "action": [0.0, 0]}}, "1": {"[1.0, 0]": {"num_count": 940, "sum_payoffs": 145.35648944461113, "action": [1.0, 0]}, "[0.0, 0]": {"num_count": 160, "sum_payoffs": 20.806199995838806, "action": [0.0, 0]}}}, "1": {"0": {"[1.0, 0]": {"num_count": 948, "sum_payoffs": 159.0299999681965, "action": [1.0, 0]}, "[0.0, 0]": {"num_count": 152, "sum_payoffs": 21.51899999569612, "action": [0.0, 0]}}, "1": {"[0.0, 0]": {"num_count": 158, "sum_payoffs": 21.518999995696124, "action": [0.0, 0]}, "[1.0, 0]": {"num_count": 942, "sum_payoffs": 157.40999996852048, "action": [1.0, 0]}}}}