{"2": {"0": {"[1.0, 0]": {"num_count": 1569, "sum_payoffs": 3.756315787219895, "action": [1.0, 0]}, "[0.0, 0]": {"num_count": 1531, "sum_payoffs": 1.7099999989740002, "action": [0.0, 0]}}, "1": {"[0.0, 0]": {"num_count": 1531, "sum_payoffs": 1.7099999989740002, "action": [0.0, 0]}, "[1.0, 0]": {"num_count": 1569, "sum_payoffs": 3.756315787219895, "action": [1.0, 0]}}}, "1": {"0": {"[0.0, 0]": {"num_count": 1541, "sum_payoffs": 0.89999999946, "action": [0.0, 0]}, "[1.0, 0]": {"num_count": 1559, "sum_payoffs": 1.79999999892, "action": [1.0, 0]}}, "1": {"[0.0, 0]": {"num_count": 1541, "sum_payoffs": 0.89999999946, "action": [0.0, 0]}, "[1.0, 0]": {"num_count": 1559, "sum_payoffs": 1.79999999892, "action": [1.0, 0]}}}}