{"2": {"0": {"[1.0, 0]": {"num_count": 305, "sum_payoffs": 3.7563157886285135, "action": [1.0, 0]}, "[0.0, 0]": {"num_count": 295, "sum_payoffs": 2.5199999994330002, "action": [0.0, 0]}}, "1": {"[0.0, 0]": {"num_count": 295, "sum_payoffs": 2.5199999994330002, "action": [0.0, 0]}, "[1.0, 0]": {"num_count": 305, "sum_payoffs": 3.7563157886285135, "action": [1.0, 0]}}}, "1": {"0": {"[1.0, 0]": {"num_count": 304, "sum_payoffs": 1.799999999595, "action": [1.0, 0]}, "[0.0, 0]": {"num_count": 296, "sum_payoffs": 0.8999999997975, "action": [0.0, 0]}}, "1": {"[0.0, 0]": {"num_count": 296, "sum_payoffs": 0.8999999997975, "action": [0.0, 0]}, "[1.0, 0]": {"num_count": 304, "sum_payoffs": 1.799999999595, "action": [1.0, 0]}}}}