{"2": {"0": {"[0.0, 0]": {"num_count": 205, "sum_payoffs": 29.316374993403787, "action": [0.0, 0]}, "[1.0, 0]": {"num_count": 2395, "sum_payoffs": 450.79028279328816, "action": [1.0, 0]}}, "1": {"[0.0, 0]": {"num_count": 195, "sum_payoffs": 27.311624993854863, "action": [0.0, 0]}, "[1.0, 0]": {"num_count": 2405, "sum_payoffs": 450.60803279332947, "action": [1.0, 0]}}}, "1": {"0": {"[1.0, 0]": {"num_count": 2400, "sum_payoffs": 492.97499988909493, "action": [1.0, 0]}, "[0.0, 0]": {"num_count": 200, "sum_payoffs": 34.571249992221496, "action": [0.0, 0]}}, "1": {"[1.0, 0]": {"num_count": 2342, "sum_payoffs": 480.4199998919187, "action": [1.0, 0]}, "[0.0, 0]": {"num_count": 258, "sum_payoffs": 47.73374998926014, "action": [0.0, 0]}}}}