{"2": {"0": {"[0.0, 0]": {"num_count": 320, "sum_payoffs": 66.715874984989, "action": [0.0, 0]}, "[1.0, 0]": {"num_count": 4280, "sum_payoffs": 1189.1359536798554, "action": [1.0, 0]}}, "1": {"[1.0, 0]": {"num_count": 4318, "sum_payoffs": 1203.2372661766872, "action": [1.0, 0]}, "[0.0, 0]": {"num_count": 282, "sum_payoffs": 60.815812486316524, "action": [0.0, 0]}}}, "1": {"0": {"[1.0, 0]": {"num_count": 4297, "sum_payoffs": 1314.776249704206, "action": [1.0, 0]}, "[0.0, 0]": {"num_count": 303, "sum_payoffs": 83.75624998115444, "action": [0.0, 0]}}, "1": {"[0.0, 0]": {"num_count": 281, "sum_payoffs": 76.76999998272642, "action": [0.0, 0]}, "[1.0, 0]": {"num_count": 4319, "sum_payoffs": 1320.5474997029066, "action": [1.0, 0]}}}}