{"4": {"0": {"[0.0, -1.5707963267948966]": {"num_count": 309, "sum_payoffs": 95.98236038843716, "action": [0.0, -1.5707963267948966]}, "[2.0, 1.5707963267948966]": {"num_count": 361, "sum_payoffs": 118.19545794108272, "action": [2.0, 1.5707963267948966]}, "[0.0, 1.5707963267948966]": {"num_count": 297, "sum_payoffs": 90.80791453884576, "action": [0.0, 1.5707963267948966]}, "[1.0, -1.5707963267948966]": {"num_count": 363, "sum_payoffs": 119.03843547962214, "action": [1.0, -1.5707963267948966]}, "[2.0, -1.5707963267948966]": {"num_count": 369, "sum_payoffs": 121.7118060596452, "action": [2.0, -1.5707963267948966]}, "[0.0, 0.0]": {"num_count": 330, "sum_payoffs": 104.93427144466517, "action": [0.0, 0.0]}, "[1.0, 1.5707963267948966]": {"num_count": 332, "sum_payoffs": 105.81970577951589, "action": [1.0, 1.5707963267948966]}, "[2.0, 0.0]": {"num_count": 387, "sum_payoffs": 129.63484558366477, "action": [2.0, 0.0]}, "[1.0, 0.0]": {"num_count": 352, "sum_payoffs": 114.38452400887103, "action": [1.0, 0.0]}}, "1": {"[2.0, 0.0]": {"num_count": 443, "sum_payoffs": 186.52381912881873, "action": [2.0, 0.0]}, "[1.0, -1.5707963267948966]": {"num_count": 328, "sum_payoffs": 127.97827484962744, "action": [1.0, -1.5707963267948966]}, "[1.0, 1.5707963267948966]": {"num_count": 320, "sum_payoffs": 123.94773450601232, "action": [1.0, 1.5707963267948966]}, "[0.0, -1.5707963267948966]": {"num_count": 280, "sum_payoffs": 104.0574634754628, "action": [0.0, -1.5707963267948966]}, "[2.0, 1.5707963267948966]": {"num_count": 367, "sum_payoffs": 147.5223093176003, "action": [2.0, 1.5707963267948966]}, "[2.0, -1.5707963267948966]": {"num_count": 390, "sum_payoffs": 159.34299844668865, "action": [2.0, -1.5707963267948966]}, "[0.0, 0.0]": {"num_count": 323, "sum_payoffs": 125.37387839840032, "action": [0.0, 0.0]}, "[0.0, 1.5707963267948966]": {"num_count": 268, "sum_payoffs": 98.26547818392876, "action": [0.0, 1.5707963267948966]}, "[1.0, 0.0]": {"num_count": 381, "sum_payoffs": 154.70846464232753, "action": [1.0, 0.0]}}}}