{"9": {"0": {"[1.0, 0.0]": {"num_count": 472, "sum_payoffs": 114.55979660660768, "action": [1.0, 0.0]}, "[2.0, 1.5707963267948966]": {"num_count": 468, "sum_payoffs": 113.2522747030746, "action": [2.0, 1.5707963267948966]}, "[0.0, 1.5707963267948966]": {"num_count": 432, "sum_payoffs": 101.22714341963902, "action": [0.0, 1.5707963267948966]}, "[1.0, -1.5707963267948966]": {"num_count": 462, "sum_payoffs": 111.25349134368517, "action": [1.0, -1.5707963267948966]}, "[0.0, 0.0]": {"num_count": 436, "sum_payoffs": 102.57049417987953, "action": [0.0, 0.0]}, "[2.0, -1.5707963267948966]": {"num_count": 482, "sum_payoffs": 118.03068299240903, "action": [2.0, -1.5707963267948966]}, "[2.0, 0.0]": {"num_count": 476, "sum_payoffs": 116.00894016804399, "action": [2.0, 0.0]}, "[1.0, 1.5707963267948966]": {"num_count": 448, "sum_payoffs": 106.5794748600178, "action": [1.0, 1.5707963267948966]}, "[0.0, -1.5707963267948966]": {"num_count": 424, "sum_payoffs": 98.54320067647771, "action": [0.0, -1.5707963267948966]}}, "1": {"[0.0, -1.5707963267948966]": {"num_count": 394, "sum_payoffs": 109.73818841575336, "action": [0.0, -1.5707963267948966]}, "[0.0, 0.0]": {"num_count": 442, "sum_payoffs": 128.1575745822567, "action": [0.0, 0.0]}, "[0.0, 1.5707963267948966]": {"num_count": 395, "sum_payoffs": 110.08401648363494, "action": [0.0, 1.5707963267948966]}, "[1.0, 1.5707963267948966]": {"num_count": 432, "sum_payoffs": 124.3496629018963, "action": [1.0, 1.5707963267948966]}, "[2.0, -1.5707963267948966]": {"num_count": 479, "sum_payoffs": 142.53211892651333, "action": [2.0, -1.5707963267948966]}, "[1.0, -1.5707963267948966]": {"num_count": 445, "sum_payoffs": 129.2516924213766, "action": [1.0, -1.5707963267948966]}, "[2.0, 0.0]": {"num_count": 549, "sum_payoffs": 170.05650028360856, "action": [2.0, 0.0]}, "[1.0, 0.0]": {"num_count": 482, "sum_payoffs": 143.7793051913832, "action": [1.0, 0.0]}, "[2.0, 1.5707963267948966]": {"num_count": 482, "sum_payoffs": 143.79053777219877, "action": [2.0, 1.5707963267948966]}}}}