{"2": {"0": {"[1.0, 0]": {"num_count": 690, "sum_payoffs": 122.4141090015721, "action": [1.0, 0]}, "[0.0, 0]": {"num_count": 410, "sum_payoffs": 55.37378570479308, "action": [0.0, 0]}}, "1": {"[0.0, 0]": {"num_count": 412, "sum_payoffs": 55.84242856185561, "action": [0.0, 0]}, "[1.0, 0]": {"num_count": 688, "sum_payoffs": 121.94546614450958, "action": [1.0, 0]}}}, "1": {"0": {"[1.0, 0]": {"num_count": 631, "sum_payoffs": 116.88749997996293, "action": [1.0, 0]}, "[0.0, 0]": {"num_count": 469, "sum_payoffs": 75.67071427274195, "action": [0.0, 0]}}, "1": {"[1.0, 0]": {"num_count": 632, "sum_payoffs": 117.14785712277543, "action": [1.0, 0]}, "[0.0, 0]": {"num_count": 468, "sum_payoffs": 75.41035712992944, "action": [0.0, 0]}}}}