{"runtime": 0.6659419536590576, "winner": [0, 1], "T_terminal": 12, "trajectories": [[1.0, 3.0, 0.0, 3.0, 3.0, 0.0, 0.0], [3.0, 3.0, 1.5707963267948966, 4.0, 3.0, 4.71238898038469, 1.0], [3.0, 3.0, 3.141592653589793, 4.0, 2.0, 0.0, 2.0], [3.0, 3.0, 4.71238898038469, 5.0, 2.0, 0.0, 3.0], [2.9999999999999996, 1.0, 3.141592653589793, 5.0, 2.0, 1.5707963267948966, 4.0], [1.9999999999999996, 1.0000000000000002, 4.71238898038469, 5.0, 3.0, 1.5707963267948966, 5.0], [1.9999999999999996, 1.0000000000000002, 0.0, 5.0, 4.0, 0.0, 6.0], [2.9999999999999996, 1.0000000000000002, 1.5707963267948966, 5.0, 4.0, 0.0, 7.0], [2.9999999999999996, 3.0, 3.141592653589793, 5.0, 4.0, 1.5707963267948966, 8.0], [1.9999999999999996, 3.0, 3.141592653589793, 5.0, 4.0, 0.0, 9.0], [1.9999999999999996, 3.0, 4.71238898038469, 6.0, 4.0, 4.71238898038469, 10.0], [1.9999999999999996, 3.0, 3.141592653589793, 6.0, 4.0, 4.71238898038469, 11.0], [1.9999999999999996, 3.0, 1.5707963267948966, 6.0, 4.0, 4.71238898038469, 12.0], [3.0, 3.0, 1.5707963267948966, 4.0, 3.0, 4.71238898038469, 1.0], [3.0, 3.0, 3.141592653589793, 4.0, 2.0, 0.0, 2.0], [3.0, 3.0, 4.71238898038469, 5.0, 2.0, 0.0, 3.0], [2.9999999999999996, 1.0, 3.141592653589793, 5.0, 2.0, 1.5707963267948966, 4.0], [1.9999999999999996, 1.0000000000000002, 4.71238898038469, 5.0, 3.0, 1.5707963267948966, 5.0], [1.9999999999999996, 1.0000000000000002, 0.0, 5.0, 4.0, 0.0, 6.0], [2.9999999999999996, 1.0000000000000002, 1.5707963267948966, 5.0, 4.0, 0.0, 7.0], [2.9999999999999996, 3.0, 3.141592653589793, 5.0, 4.0, 1.5707963267948966, 8.0], [1.9999999999999996, 3.0, 3.141592653589793, 5.0, 4.0, 0.0, 9.0], [1.9999999999999996, 3.0, 4.71238898038469, 6.0, 4.0, 4.71238898038469, 10.0], [1.9999999999999996, 3.0, 3.141592653589793, 6.0, 4.0, 4.71238898038469, 11.0], [1.9999999999999996, 3.0, 1.5707963267948966, 6.0, 4.0, 3.141592653589793, 12.0], [3.0, 3.0, 1.5707963267948966, 4.0, 3.0, 4.71238898038469, 1.0], [3.0, 3.0, 3.141592653589793, 4.0, 2.0, 0.0, 2.0], [3.0, 3.0, 4.71238898038469, 5.0, 2.0, 0.0, 3.0], [2.9999999999999996, 1.0, 3.141592653589793, 5.0, 2.0, 1.5707963267948966, 4.0], [1.9999999999999996, 1.0000000000000002, 4.71238898038469, 5.0, 3.0, 1.5707963267948966, 5.0], [1.9999999999999996, 1.0000000000000002, 0.0, 5.0, 4.0, 0.0, 6.0], [2.9999999999999996, 1.0000000000000002, 1.5707963267948966, 5.0, 4.0, 0.0, 7.0], [2.9999999999999996, 3.0, 3.141592653589793, 5.0, 4.0, 1.5707963267948966, 8.0], [1.9999999999999996, 3.0, 3.141592653589793, 5.0, 4.0, 0.0, 9.0], [1.9999999999999996, 3.0, 4.71238898038469, 6.0, 4.0, 4.71238898038469, 10.0], [1.9999999999999996, 3.0, 3.141592653589793, 6.0, 4.0, 4.71238898038469, 11.0], [1.9999999999999996, 3.0, 1.5707963267948966, 6.0, 4.0, 3.141592653589793, 12.0], [3.0, 3.0, 1.5707963267948966, 4.0, 3.0, 4.71238898038469, 1.0], [3.0, 3.0, 3.141592653589793, 4.0, 2.0, 0.0, 2.0], [3.0, 3.0, 4.71238898038469, 5.0, 2.0, 0.0, 3.0], [2.9999999999999996, 1.0, 3.141592653589793, 5.0, 2.0, 1.5707963267948966, 4.0], [1.9999999999999996, 1.0000000000000002, 4.71238898038469, 5.0, 3.0, 1.5707963267948966, 5.0], [1.9999999999999996, 1.0000000000000002, 0.0, 5.0, 4.0, 0.0, 6.0], [2.9999999999999996, 1.0000000000000002, 1.5707963267948966, 5.0, 4.0, 0.0, 7.0], [2.9999999999999996, 3.0, 3.141592653589793, 5.0, 4.0, 1.5707963267948966, 8.0], [1.9999999999999996, 3.0, 3.141592653589793, 5.0, 4.0, 0.0, 9.0], [1.9999999999999996, 3.0, 4.71238898038469, 6.0, 4.0, 4.71238898038469, 10.0], [1.9999999999999996, 3.0, 3.141592653589793, 6.0, 4.0, 4.71238898038469, 11.0], [1.9999999999999996, 3.0, 3.141592653589793, 6.0, 4.0, 3.141592653589793, 12.0], [3.0, 3.0, 1.5707963267948966, 4.0, 3.0, 4.71238898038469, 1.0], [3.0, 3.0, 3.141592653589793, 4.0, 2.0, 0.0, 2.0], [3.0, 3.0, 4.71238898038469, 5.0, 2.0, 0.0, 3.0], [2.9999999999999996, 1.0, 3.141592653589793, 5.0, 2.0, 1.5707963267948966, 4.0], [1.9999999999999996, 1.0000000000000002, 4.71238898038469, 5.0, 3.0, 1.5707963267948966, 5.0], [1.9999999999999996, 1.0000000000000002, 0.0, 5.0, 4.0, 0.0, 6.0], [2.9999999999999996, 1.0000000000000002, 1.5707963267948966, 5.0, 4.0, 0.0, 7.0], [2.9999999999999996, 3.0, 3.141592653589793, 5.0, 4.0, 1.5707963267948966, 8.0], [1.9999999999999996, 3.0, 3.141592653589793, 5.0, 4.0, 0.0, 9.0], [1.9999999999999996, 3.0, 4.71238898038469, 6.0, 4.0, 4.71238898038469, 10.0], [1.9999999999999996, 3.0, 3.141592653589793, 6.0, 4.0, 4.71238898038469, 11.0], [1.9999999999999996, 3.0, 1.5707963267948966, 6.0, 4.0, 3.141592653589793, 12.0]], "penalty_distance_0": [-0.33109149705429813, -0.21880506099079278, -0.09619013309434717, -0.09619013309434712, -0.024455215055011994, -0.01293263648139517, -0.024455215055011994, -0.09619013309434712, -0.03809629766088447, -0.014574728987246306, -0.014574728987246306, -0.014574728987246306, -0.33109149705429813, -0.21880506099079278, -0.09619013309434717, -0.09619013309434712, -0.024455215055011994, -0.01293263648139517, -0.024455215055011994, -0.09619013309434712, -0.03809629766088447, -0.014574728987246306, -0.014574728987246306, -0.014574728987246306, -0.33109149705429813, -0.21880506099079278, -0.09619013309434717, -0.09619013309434712, -0.024455215055011994, -0.01293263648139517, -0.024455215055011994, -0.09619013309434712, -0.03809629766088447, -0.014574728987246306, -0.014574728987246306, -0.014574728987246306, -0.33109149705429813, -0.21880506099079278, -0.09619013309434717, -0.09619013309434712, -0.024455215055011994, -0.01293263648139517, -0.024455215055011994, -0.09619013309434712, -0.03809629766088447, -0.014574728987246306, -0.014574728987246306, -0.014574728987246306, -0.33109149705429813, -0.21880506099079278, -0.09619013309434717, -0.09619013309434712, -0.024455215055011994, -0.01293263648139517, -0.024455215055011994, -0.09619013309434712, -0.03809629766088447, -0.014574728987246306, -0.014574728987246306, -0.014574728987246306], "penalty_distance_1": [-0.33109149705429813, -0.21880506099079278, -0.09619013309434717, -0.09619013309434712, -0.024455215055011994, -0.01293263648139517, -0.024455215055011994, -0.09619013309434712, -0.03809629766088447, -0.014574728987246306, -0.014574728987246306, -0.014574728987246306, -0.33109149705429813, -0.21880506099079278, -0.09619013309434717, -0.09619013309434712, -0.024455215055011994, -0.01293263648139517, -0.024455215055011994, -0.09619013309434712, -0.03809629766088447, -0.014574728987246306, -0.014574728987246306, -0.014574728987246306, -0.33109149705429813, -0.21880506099079278, -0.09619013309434717, -0.09619013309434712, -0.024455215055011994, -0.01293263648139517, -0.024455215055011994, -0.09619013309434712, -0.03809629766088447, -0.014574728987246306, -0.014574728987246306, -0.014574728987246306, -0.33109149705429813, -0.21880506099079278, -0.09619013309434717, -0.09619013309434712, -0.024455215055011994, -0.01293263648139517, -0.024455215055011994, -0.09619013309434712, -0.03809629766088447, -0.014574728987246306, -0.014574728987246306, -0.014574728987246306, -0.33109149705429813, -0.21880506099079278, -0.09619013309434717, -0.09619013309434712, -0.024455215055011994, -0.01293263648139517, -0.024455215055011994, -0.09619013309434712, -0.03809629766088447, -0.014574728987246306, -0.014574728987246306, -0.014574728987246306], "reward_progress_0": [0.0, 0.0, 0.0, -0.0, -0.0, 0.0, 0.0, 0.0, -0.0, 0.0, 0.0, 0.0, 0.0, 0.0, 0.0, -0.0, -0.0, 0.0, 0.0, 0.0, -0.0, 0.0, 0.0, 0.0, 0.0, 0.0, 0.0, -0.0, -0.0, 0.0, 0.0, 0.0, -0.0, 0.0, 0.0, 0.0, 0.0, 0.0, 0.0, -0.0, -0.0, 0.0, 0.0, 0.0, -0.0, 0.0, 0.0, 0.0, 0.0, 0.0, 0.0, -0.0, -0.0, 0.0, 0.0, 0.0, -0.0, 0.0, 0.0, 0.0], "reward_progress_1": [0.0, 0.0, 0.0, 0.0, 0.0, 0.0, 0.0, 0.0, 0.0, 0.0, 0.0, 0.0, 0.0, 0.0, 0.0, 0.0, 0.0, 0.0, 0.0, 0.0, 0.0, 0.0, 0.0, 0.0, 0.0, 0.0, 0.0, 0.0, 0.0, 0.0, 0.0, 0.0, 0.0, 0.0, 0.0, 0.0, 0.0, 0.0, 0.0, 0.0, 0.0, 0.0, 0.0, 0.0, 0.0, 0.0, 0.0, 0.0, 0.0, 0.0, 0.0, 0.0, 0.0, 0.0, 0.0, 0.0, 0.0, 0.0, 0.0, 0.0],