{"2": {"0": {"[0.0, 0]": {"num_count": 1755, "sum_payoffs": 5.423684207272105, "action": [0.0, 0]}, "[1.0, 0]": {"num_count": 1845, "sum_payoffs": 5.376315786247895, "action": [1.0, 0]}}, "1": {"[1.0, 0]": {"num_count": 1910, "sum_payoffs": 6.186315785761895, "action": [1.0, 0]}, "[0.0, 0]": {"num_count": 1690, "sum_payoffs": 4.613684207758105, "action": [0.0, 0]}}}, "1": {"0": {"[0.0, 0]": {"num_count": 1762, "sum_payoffs": 0.89999999946, "action": [0.0, 0]}, "[1.0, 0]": {"num_count": 1838, "sum_payoffs": 1.79999999892, "action": [1.0, 0]}}, "1": {"[0.0, 0]": {"num_count": 1722, "sum_payoffs": 0.89999999946, "action": [0.0, 0]}, "[1.0, 0]": {"num_count": 1878, "sum_payoffs": 1.79999999892, "action": [1.0, 0]}}}}