{"12": {"0": {"[0.0, 0.0]": {"num_count": 12, "sum_payoffs": 2.939640774647018, "action": [0.0, 0.0]}, "[1.0, 1.5707963267948966]": {"num_count": 11, "sum_payoffs": 2.542741633747396, "action": [1.0, 1.5707963267948966]}, "[0.0, -1.5707963267948966]": {"num_count": 11, "sum_payoffs": 2.703456379251094, "action": [0.0, -1.5707963267948966]}, "[2.0, 1.5707963267948966]": {"num_count": 11, "sum_payoffs": 2.2579973028029676, "action": [2.0, 1.5707963267948966]}, "[2.0, -1.5707963267948966]": {"num_count": 11, "sum_payoffs": 2.4709131271730675, "action": [2.0, -1.5707963267948966]}, "[0.0, 1.5707963267948966]": {"num_count": 11, "sum_payoffs": 2.537410155935421, "action": [0.0, 1.5707963267948966]}, "[1.0, -1.5707963267948966]": {"num_count": 11, "sum_payoffs": 2.6122880039010803, "action": [1.0, -1.5707963267948966]}, "[2.0, 0.0]": {"num_count": 11, "sum_payoffs": 2.482566353911559, "action": [2.0, 0.0]}, "[1.0, 0.0]": {"num_count": 11, "sum_payoffs": 2.5449168934994058, "action": [1.0, 0.0]}}, "1": {"[0.0, 0.0]": {"num_count": 11, "sum_payoffs": 2.955415494047656, "action": [0.0, 0.0]}, "[2.0, -1.5707963267948966]": {"num_count": 11, "sum_payoffs": 3.0036050678846458, "action": [2.0, -1.5707963267948966]}, "[1.0, 1.5707963267948966]": {"num_count": 11, "sum_payoffs": 2.795023174560794, "action": [1.0, 1.5707963267948966]}, "[2.0, 0.0]": {"num_count": 12, "sum_payoffs": 3.7980071728499407, "action": [2.0, 0.0]}, "[2.0, 1.5707963267948966]": {"num_count": 11, "sum_payoffs": 2.8934684976789162, "action": [2.0, 1.5707963267948966]}, "[1.0, -1.5707963267948966]": {"num_count": 11, "sum_payoffs": 3.059443185012697, "action": [1.0, -1.5707963267948966]}, "[0.0, -1.5707963267948966]": {"num_count": 10, "sum_payoffs": 2.494826665527373, "action": [0.0, -1.5707963267948966]}, "[0.0, 1.5707963267948966]": {"num_count": 11, "sum_payoffs": 3.0074028460872615, "action": [0.0, 1.5707963267948966]}, "[1.0, 0.0]": {"num_count": 12, "sum_payoffs": 3.82846780212072, "action": [1.0, 0.0]}}}}