{"2": {"0": {"[1.0, 0]": {"num_count": 70, "sum_payoffs": 27.701999990304294, "action": [1.0, 0]}, "[0.0, 0]": {"num_count": 30, "sum_payoffs": 8.565749997001989, "action": [0.0, 0]}}, "1": {"[1.0, 0]": {"num_count": 66, "sum_payoffs": 26.972999990559444, "action": [1.0, 0]}, "[0.0, 0]": {"num_count": 34, "sum_payoffs": 10.02374999649169, "action": [0.0, 0]}}}, "1": {"0": {"[1.0, 0]": {"num_count": 68, "sum_payoffs": 29.36249998972316, "action": [1.0, 0]}, "[0.0, 0]": {"num_count": 32, "sum_payoffs": 10.529999996314498, "action": [0.0, 0]}}, "1": {"[1.0, 0]": {"num_count": 70, "sum_payoffs": 30.374999989368796, "action": [1.0, 0]}, "[0.0, 0]": {"num_count": 30, "sum_payoffs": 10.732499996243622, "action": [0.0, 0]}}}}