{"2": {"0": {"[1.0, 0]": {"num_count": 60, "sum_payoffs": 20.409453942776278, "action": [1.0, 0]}, "[0.0, 0]": {"num_count": 40, "sum_payoffs": 9.866249997780091, "action": [0.0, 0]}}, "1": {"[1.0, 0]": {"num_count": 58, "sum_payoffs": 19.45264144299157, "action": [1.0, 0]}, "[0.0, 0]": {"num_count": 42, "sum_payoffs": 11.096437497503299, "action": [0.0, 0]}}}, "1": {"0": {"[0.0, 0]": {"num_count": 50, "sum_payoffs": 15.412499996532175, "action": [0.0, 0]}, "[1.0, 0]": {"num_count": 50, "sum_payoffs": 15.789374996447375, "action": [1.0, 0]}}, "1": {"[0.0, 0]": {"num_count": 49, "sum_payoffs": 15.108749996600517, "action": [0.0, 0]}, "[1.0, 0]": {"num_count": 51, "sum_payoffs": 16.093124996379032, "action": [1.0, 0]}}}}