{"2": {"0": {"[2.0, -1.5707963267948966]": {"num_count": 374, "sum_payoffs": 90.22184558393192, "action": [2.0, -1.5707963267948966]}, "[2.0, 0.0]": {"num_count": 442, "sum_payoffs": 114.02563209252894, "action": [2.0, 0.0]}, "[2.0, 1.5707963267948966]": {"num_count": 371, "sum_payoffs": 89.19909608927732, "action": [2.0, 1.5707963267948966]}, "[1.0, -1.5707963267948966]": {"num_count": 322, "sum_payoffs": 72.52656279351673, "action": [1.0, -1.5707963267948966]}, "[0.0, 0.0]": {"num_count": 330, "sum_payoffs": 75.15629864980099, "action": [0.0, 0.0]}, "[1.0, 1.5707963267948966]": {"num_count": 321, "sum_payoffs": 72.15283661319096, "action": [1.0, 1.5707963267948966]}, "[0.0, 1.5707963267948966]": {"num_count": 279, "sum_payoffs": 58.211980956387514, "action": [0.0, 1.5707963267948966]}, "[1.0, 0.0]": {"num_count": 382, "sum_payoffs": 93.04391281074668, "action": [1.0, 0.0]}, "[0.0, -1.5707963267948966]": {"num_count": 279, "sum_payoffs": 58.1309345231032, "action": [0.0, -1.5707963267948966]}}, "1": {"[0.0, 1.5707963267948966]": {"num_count": 452, "sum_payoffs": 119.3986702102432, "action": [0.0, 1.5707963267948966]}, "[0.0, 0.0]": {"num_count": 491, "sum_payoffs": 133.4170595639811, "action": [0.0, 0.0]}, "[1.0, 0.0]": {"num_count": 619, "sum_payoffs": 180.4085638040756, "action": [1.0, 0.0]}, "[0.0, -1.5707963267948966]": {"num_count": 452, "sum_payoffs": 119.3379397059511, "action": [0.0, -1.5707963267948966]}, "[1.0, 1.5707963267948966]": {"num_count": 539, "sum_payoffs": 150.93963885111953, "action": [1.0, 1.5707963267948966]}, "[1.0, -1.5707963267948966]": {"num_count": 547, "sum_payoffs": 153.88610040247207, "action": [1.0, -1.5707963267948966]}}}}