{"13": {"0": {"[2.0, 1.5707963267948966]": {"num_count": 67, "sum_payoffs": 15.847106854382643, "action": [2.0, 1.5707963267948966]}, "[0.0, 0.0]": {"num_count": 63, "sum_payoffs": 13.980069133472941, "action": [0.0, 0.0]}, "[2.0, -1.5707963267948966]": {"num_count": 68, "sum_payoffs": 16.247102993083274, "action": [2.0, -1.5707963267948966]}, "[1.0, -1.5707963267948966]": {"num_count": 69, "sum_payoffs": 16.693138787870822, "action": [1.0, -1.5707963267948966]}, "[1.0, 0.0]": {"num_count": 68, "sum_payoffs": 16.204104171365547, "action": [1.0, 0.0]}, "[2.0, 0.0]": {"num_count": 67, "sum_payoffs": 15.753518076070511, "action": [2.0, 0.0]}, "[1.0, 1.5707963267948966]": {"num_count": 67, "sum_payoffs": 15.868434174505945, "action": [1.0, 1.5707963267948966]}, "[0.0, 1.5707963267948966]": {"num_count": 66, "sum_payoffs": 15.250570451547174, "action": [0.0, 1.5707963267948966]}, "[0.0, -1.5707963267948966]": {"num_count": 65, "sum_payoffs": 14.751627625072235, "action": [0.0, -1.5707963267948966]}}, "1": {"[0.0, 1.5707963267948966]": {"num_count": 97, "sum_payoffs": 20.293441995684447, "action": [0.0, 1.5707963267948966]}, "[1.0, 1.5707963267948966]": {"num_count": 101, "sum_payoffs": 21.831974219450622, "action": [1.0, 1.5707963267948966]}, "[0.0, -1.5707963267948966]": {"num_count": 100, "sum_payoffs": 21.430445728746744, "action": [0.0, -1.5707963267948966]}, "[0.0, 0.0]": {"num_count": 98, "sum_payoffs": 20.73107276629999, "action": [0.0, 0.0]}, "[1.0, -1.5707963267948966]": {"num_count": 104, "sum_payoffs": 23.045684281439186, "action": [1.0, -1.5707963267948966]}, "[1.0, 0.0]": {"num_count": 100, "sum_payoffs": 21.46757278324323, "action": [1.0, 0.0]}}}}