{"3": {"0": {"[2.0, 1.5707963267948966]": {"num_count": 136, "sum_payoffs": 50.01970537731236, "action": [2.0, 1.5707963267948966]}, "[0.0, 0.0]": {"num_count": 111, "sum_payoffs": 36.917461550110374, "action": [0.0, 0.0]}, "[0.0, 1.5707963267948966]": {"num_count": 117, "sum_payoffs": 39.91882957738045, "action": [0.0, 1.5707963267948966]}, "[2.0, 0.0]": {"num_count": 121, "sum_payoffs": 42.12584572921024, "action": [2.0, 0.0]}, "[1.0, 1.5707963267948966]": {"num_count": 123, "sum_payoffs": 43.24631216991038, "action": [1.0, 1.5707963267948966]}, "[1.0, -1.5707963267948966]": {"num_count": 132, "sum_payoffs": 47.93389606007718, "action": [1.0, -1.5707963267948966]}, "[0.0, -1.5707963267948966]": {"num_count": 118, "sum_payoffs": 40.557158732643835, "action": [0.0, -1.5707963267948966]}, "[2.0, -1.5707963267948966]": {"num_count": 124, "sum_payoffs": 43.77370003425469, "action": [2.0, -1.5707963267948966]}, "[1.0, 0.0]": {"num_count": 118, "sum_payoffs": 40.59832372755753, "action": [1.0, 0.0]}}, "1": {"[1.0, 0.0]": {"num_count": 122, "sum_payoffs": 52.28910966513302, "action": [1.0, 0.0]}, "[2.0, -1.5707963267948966]": {"num_count": 132, "sum_payoffs": 58.487289735601124, "action": [2.0, -1.5707963267948966]}, "[2.0, 0.0]": {"num_count": 138, "sum_payoffs": 62.12129033334368, "action": [2.0, 0.0]}, "[0.0, -1.5707963267948966]": {"num_count": 107, "sum_payoffs": 43.38133957699238, "action": [0.0, -1.5707963267948966]}, "[2.0, 1.5707963267948966]": {"num_count": 141, "sum_payoffs": 63.83559834751762, "action": [2.0, 1.5707963267948966]}, "[0.0, 0.0]": {"num_count": 98, "sum_payoffs": 38.23072208439683, "action": [0.0, 0.0]}, "[0.0, 1.5707963267948966]": {"num_count": 109, "sum_payoffs": 44.7205060891453, "action": [0.0, 1.5707963267948966]}, "[1.0, -1.5707963267948966]": {"num_count": 129, "sum_payoffs": 56.614690917160125, "action": [1.0, -1.5707963267948966]}, "[1.0, 1.5707963267948966]": {"num_count": 124, "sum_payoffs": 53.659764825574, "action": [1.0, 1.5707963267948966]}}}}