{"2": {"0": {"[0.0, 0]": {"num_count": 222, "sum_payoffs": 43.725394728825826, "action": [0.0, 0]}, "[1.0, 0]": {"num_count": 2378, "sum_payoffs": 591.5594998915416, "action": [1.0, 0]}}, "1": {"[0.0, 0]": {"num_count": 179, "sum_payoffs": 30.117394731320644, "action": [0.0, 0]}, "[1.0, 0]": {"num_count": 2421, "sum_payoffs": 605.8964998889151, "action": [1.0, 0]}}}, "1": {"0": {"[0.0, 0]": {"num_count": 176, "sum_payoffs": 40.9349999924952, "action": [0.0, 0]}, "[1.0, 0]": {"num_count": 2424, "sum_payoffs": 662.7749998785321, "action": [1.0, 0]}}, "1": {"[1.0, 0]": {"num_count": 2434, "sum_payoffs": 664.5299998782107, "action": [1.0, 0]}, "[0.0, 0]": {"num_count": 166, "sum_payoffs": 37.829999993064455, "action": [0.0, 0]}}}}