{"alphat_eff_gamelength_14": [2.1538461538461537, 2.1538461538461537, 2.1538461538461537, 2.1538461538461537, 2.1538461538461537, 2.1538461538461537, 2.1538461538461537, 2.1538461538461537, 2.1538461538461537, 2.1538461538461537], "runtime_gamelength_14": [62.65490126609802, 62.1191987991333, 62.14412260055542, 62.35726022720337, 62.455978870391846, 62.20470094680786, 62.08429145812988, 62.81811499595642, 61.925153732299805, 62.223079442977905], "max_timestep": [14, 14, 14, 14, 14, 14, 14, 14, 14, 14], "winner": [[0, 0], [0, 0], [0, 0], [0, 0], [0, 0], [0, 0], [0, 0], [0, 0], [0, 0], [0, 0]], "runtime": [62.6552529335022, 62.11948800086975, 62.14441132545471, 62.35758566856384, 62.456260681152344, 62.20498323440552, 62.08457064628601, 62.81841993331909, 61.92543125152588, 62.22337317466736], "T_terminal": [1, 1, 1, 1, 1, 1, 1, 1, 1, 1], "trajectory_0": [[[1.0, 3.0, 0.0, 0], [3.0, 3.0, 0.0, 1]], [[1.0, 3.0, 0.0, 0], [3.0, 3.0, 0.0, 1]], [[1.0, 3.0, 0.0, 0], [3.0, 3.0, 0.0, 1]], [[1.0, 3.0, 0.0, 0], [3.0, 3.0, 0.0, 1]], [[1.0, 3.0, 0.0, 0], [3.0, 3.0, -1.5707963267948966, 1]], [[1.0, 3.0, 0.0, 0], [3.0, 3.0, -1.5707963267948966, 1]], [[1.0, 3.0, 0.0, 0], [3.0, 3.0, 0.0, 1]], [[1.0, 3.0, 0.0, 0], [3.0, 3.0, 0.0, 1]], [[1.0, 3.0, 0.0, 0], [3.0, 3.0, 0.0, 1]], [[1.0, 3.0, 0.0, 0], [3.0, 3.0, 0.0, 1]]], "trajectory_1": [[[3.0, 3.0, 0.0, 0], [4.0, 3.0, 0.0, 1]], [[3.0, 3.0, 0.0, 0], [4.0, 3.0, 0.0, 1]], [[3.0, 3.0, 0.0, 0], [4.0, 3.0, 1.5707963267948966, 1]], [[3.0, 3.0, 0.0, 0], [4.0, 3.0, -1.5707963267948966, 1]], [[3.0, 3.0, 0.0, 0], [4.0, 3.0, 1.5707963267948966, 1]], [[3.0, 3.0, 0.0, 0], [4.0, 3.0, 0.0, 1]], [[3.0, 3.0, 0.0, 0], [4.0, 3.0, 1.5707963267948966, 1]], [[3.0, 3.0, 0.0, 0], [4.0, 3.0, -1.5707963267948966, 1]], [[3.0, 3.0, 0.0, 0], [4.0, 3.0, -1.5707963267948966, 1]], [[3.0, 3.0, 0.0, 0], [4.0, 3.0, -1.5707963267948966, 1]]], "coll_payoff_0": [[1.0], [1.0], [1.0], [1.0], [1.0], [1.0], [1.0], [1.0], [1.0], [1.0]], "lead_payoff_0": [[0.6666666666666666], [0.6666666666666666], [0.6666666666666666], [0.6666666666666666], [0.6666666666666666], [0.6666666666666666], [0.6666666666666666], [0.6666666666666666], [0.6666666666666666], [0.6666666666666666]], "coll_payoff_1": [[1.0], [1.0], [1.0], [1.0], [1.0], [1.0], [1.0], [1.0], [1.0], [1.0]], "lead_payoff_1": [[0.3333333333333333], [0.3333333333333333], [0.3333333333333333], [0.3333333333333333], [0.3333333333333333], [0.3333333333333333], [0.3333333333333333], [0.3333333333333333], [0.3333333333333333], [0.3333333333333333]], "payoff_total": [[[0.5881226052798532, 0.5785440612173691]], [[0.5881226052798532, 0.5785440612173691]], [[0.5881226052798532, 0.5785440612173691]], [[0.5881226052798532, 0.5785440612173691]], [[0.5881226052798532, 0.5785440612173691]], [[0.5881226052798532, 0.5785440612173691]], [[0.5881226052798532, 0.5785440612173691]], [[0.5881226052798532, 0.5785440612173691]], [[0.5881226052798532, 0.5785440612173691]], [[0.5881226052798532, 0.5785440612173691]]], "final_lead_payoff_0": [[0.46551724137931033], [0.46551724137931033], [0.46551724137931033], [0.46551724137931033], [0.46551724137931033], [0.46551724137931033], [0.46551724137931033], [0.46551724137931033], [0.46551724137931033], [0.46551724137931033]], "final_lead_payoff_1": [[0.5344827586206896], [0.5344827586206896], [0.5344827586206896], [0.5344827586206896], [0.5344827586206896], [0.5344827586206896], [0.5344827586206896], [0.5344827586206896], [0.5344827586206896], [0.5344827586206896]]}