{"2": {"0": {"[1.0, 0]": {"num_count": 3360, "sum_payoffs": 1000.5162629578228, "action": [1.0, 0]}, "[0.0, 0]": {"num_count": 240, "sum_payoffs": 53.68433683136854, "action": [0.0, 0]}}, "1": {"[1.0, 0]": {"num_count": 3210, "sum_payoffs": 958.5258629662176, "action": [1.0, 0]}, "[0.0, 0]": {"num_count": 390, "sum_payoffs": 90.42593682402027, "action": [0.0, 0]}}}, "1": {"0": {"[1.0, 0]": {"num_count": 3382, "sum_payoffs": 1103.7419997792074, "action": [1.0, 0]}, "[0.0, 0]": {"num_count": 218, "sum_payoffs": 63.03599998739247, "action": [0.0, 0]}}, "1": {"[0.0, 0]": {"num_count": 257, "sum_payoffs": 76.80599998463835, "action": [0.0, 0]}, "[1.0, 0]": {"num_count": 3343, "sum_payoffs": 1090.2959997818937, "action": [1.0, 0]}}}}