{"2": {"0": {"[1.0, 0]": {"num_count": 3113, "sum_payoffs": 416.1307104500326, "action": [1.0, 0]}, "[0.0, 0]": {"num_count": 1487, "sum_payoffs": 149.8282499725309, "action": [0.0, 0]}}, "1": {"[1.0, 0]": {"num_count": 3102, "sum_payoffs": 414.9157104502562, "action": [1.0, 0]}, "[0.0, 0]": {"num_count": 1498, "sum_payoffs": 151.89374997215214, "action": [0.0, 0]}}}, "1": {"0": {"[1.0, 0]": {"num_count": 2813, "sum_payoffs": 402.41999992624557, "action": [1.0, 0]}, "[0.0, 0]": {"num_count": 1787, "sum_payoffs": 220.3124999596185, "action": [0.0, 0]}}, "1": {"[1.0, 0]": {"num_count": 2811, "sum_payoffs": 402.21749992628264, "action": [1.0, 0]}, "[0.0, 0]": {"num_count": 1789, "sum_payoffs": 220.7849999595319, "action": [0.0, 0]}}}}