{"2": {"0": {"[0.0, 0]": {"num_count": 1078, "sum_payoffs": 110.40224997975947, "action": [0.0, 0]}, "[1.0, 0]": {"num_count": 2022, "sum_payoffs": 273.854210476105, "action": [1.0, 0]}}, "1": {"[1.0, 0]": {"num_count": 2010, "sum_payoffs": 271.552460476527, "action": [1.0, 0]}, "[0.0, 0]": {"num_count": 1090, "sum_payoffs": 112.33949997940454, "action": [0.0, 0]}}}, "1": {"0": {"[0.0, 0]": {"num_count": 1235, "sum_payoffs": 151.59749997221, "action": [0.0, 0]}, "[1.0, 0]": {"num_count": 1865, "sum_payoffs": 268.634999950762, "action": [1.0, 0]}}, "1": {"[0.0, 0]": {"num_count": 1236, "sum_payoffs": 151.86749997216052, "action": [0.0, 0]}, "[1.0, 0]": {"num_count": 1864, "sum_payoffs": 268.4999999507867, "action": [1.0, 0]}}}}