{"8": {"0": {"[1.0, -1.5707963267948966]": {"num_count": 68, "sum_payoffs": 17.57676416312535, "action": [1.0, -1.5707963267948966]}, "[0.0, 1.5707963267948966]": {"num_count": 63, "sum_payoffs": 15.21344250471762, "action": [0.0, 1.5707963267948966]}, "[1.0, 1.5707963267948966]": {"num_count": 67, "sum_payoffs": 17.077289915849185, "action": [1.0, 1.5707963267948966]}, "[0.0, 0.0]": {"num_count": 65, "sum_payoffs": 16.10602262181807, "action": [0.0, 0.0]}, "[2.0, 0.0]": {"num_count": 65, "sum_payoffs": 16.266477454453682, "action": [2.0, 0.0]}, "[2.0, -1.5707963267948966]": {"num_count": 69, "sum_payoffs": 18.16487272212572, "action": [2.0, -1.5707963267948966]}, "[0.0, -1.5707963267948966]": {"num_count": 66, "sum_payoffs": 16.694100973159838, "action": [0.0, -1.5707963267948966]}, "[2.0, 1.5707963267948966]": {"num_count": 68, "sum_payoffs": 17.661853661136934, "action": [2.0, 1.5707963267948966]}, "[1.0, 0.0]": {"num_count": 69, "sum_payoffs": 17.952001252704733, "action": [1.0, 0.0]}}, "1": {"[2.0, -1.5707963267948966]": {"num_count": 70, "sum_payoffs": 22.476125028734064, "action": [2.0, -1.5707963267948966]}, "[2.0, 1.5707963267948966]": {"num_count": 68, "sum_payoffs": 21.271943323734202, "action": [2.0, 1.5707963267948966]}, "[1.0, 1.5707963267948966]": {"num_count": 68, "sum_payoffs": 21.426005627356236, "action": [1.0, 1.5707963267948966]}, "[0.0, 1.5707963267948966]": {"num_count": 59, "sum_payoffs": 16.622735936127118, "action": [0.0, 1.5707963267948966]}, "[0.0, 0.0]": {"num_count": 67, "sum_payoffs": 20.889981043915025, "action": [0.0, 0.0]}, "[1.0, 0.0]": {"num_count": 70, "sum_payoffs": 22.261291851401317, "action": [1.0, 0.0]}, "[2.0, 0.0]": {"num_count": 71, "sum_payoffs": 22.96736886532993, "action": [2.0, 0.0]}, "[0.0, -1.5707963267948966]": {"num_count": 62, "sum_payoffs": 18.113571847029803, "action": [0.0, -1.5707963267948966]}, "[1.0, -1.5707963267948966]": {"num_count": 65, "sum_payoffs": 19.84577313767514, "action": [1.0, -1.5707963267948966]}}}}