{"2": {"0": {"[1.0, 0]": {"num_count": 1057, "sum_payoffs": 213.31853282007395, "action": [1.0, 0]}, "[0.0, 0]": {"num_count": 543, "sum_payoffs": 84.12299997055702, "action": [0.0, 0]}}, "1": {"[0.0, 0]": {"num_count": 549, "sum_payoffs": 85.53037497006451, "action": [0.0, 0]}, "[1.0, 0]": {"num_count": 1051, "sum_payoffs": 211.36440782075775, "action": [1.0, 0]}}}, "1": {"0": {"[0.0, 0]": {"num_count": 620, "sum_payoffs": 114.05249996008291, "action": [0.0, 0]}, "[1.0, 0]": {"num_count": 980, "sum_payoffs": 211.19624992608453, "action": [1.0, 0]}}, "1": {"[0.0, 0]": {"num_count": 624, "sum_payoffs": 115.16624995969313, "action": [0.0, 0]}, "[1.0, 0]": {"num_count": 976, "sum_payoffs": 210.28499992640343, "action": [1.0, 0]}}}}