{"3": {"0": {"[1.0, 1.5707963267948966]": {"num_count": 11, "sum_payoffs": 3.924497943023077, "action": [1.0, 1.5707963267948966]}, "[0.0, 1.5707963267948966]": {"num_count": 11, "sum_payoffs": 3.7792716156893595, "action": [0.0, 1.5707963267948966]}, "[0.0, -1.5707963267948966]": {"num_count": 11, "sum_payoffs": 3.7450626683822255, "action": [0.0, -1.5707963267948966]}, "[2.0, -1.5707963267948966]": {"num_count": 11, "sum_payoffs": 3.898653169884058, "action": [2.0, -1.5707963267948966]}, "[0.0, 0.0]": {"num_count": 11, "sum_payoffs": 3.8909999428324102, "action": [0.0, 0.0]}, "[1.0, 0.0]": {"num_count": 11, "sum_payoffs": 3.9887085400416162, "action": [1.0, 0.0]}, "[2.0, 1.5707963267948966]": {"num_count": 11, "sum_payoffs": 3.810420370652208, "action": [2.0, 1.5707963267948966]}, "[2.0, 0.0]": {"num_count": 11, "sum_payoffs": 4.130890713088565, "action": [2.0, 0.0]}, "[1.0, -1.5707963267948966]": {"num_count": 12, "sum_payoffs": 4.558162624637856, "action": [1.0, -1.5707963267948966]}}, "1": {"[2.0, 0.0]": {"num_count": 12, "sum_payoffs": 5.699118831190571, "action": [2.0, 0.0]}, "[1.0, 0.0]": {"num_count": 12, "sum_payoffs": 5.486551905035025, "action": [1.0, 0.0]}, "[1.0, 1.5707963267948966]": {"num_count": 11, "sum_payoffs": 4.476215533813416, "action": [1.0, 1.5707963267948966]}, "[2.0, -1.5707963267948966]": {"num_count": 12, "sum_payoffs": 5.39348330328033, "action": [2.0, -1.5707963267948966]}, "[0.0, 0.0]": {"num_count": 11, "sum_payoffs": 4.394557567364401, "action": [0.0, 0.0]}, "[2.0, 1.5707963267948966]": {"num_count": 12, "sum_payoffs": 5.477222591579034, "action": [2.0, 1.5707963267948966]}, "[0.0, 1.5707963267948966]": {"num_count": 10, "sum_payoffs": 3.646695137845432, "action": [0.0, 1.5707963267948966]}, "[1.0, -1.5707963267948966]": {"num_count": 10, "sum_payoffs": 3.9281814224056797, "action": [1.0, -1.5707963267948966]}, "[0.0, -1.5707963267948966]": {"num_count": 10, "sum_payoffs": 3.9595351568910173, "action": [0.0, -1.5707963267948966]}}}}