{"2": {"0": {"[0.0, 0]": {"num_count": 2277, "sum_payoffs": 1.7099999996152502, "action": [0.0, 0]}, "[1.0, 0]": {"num_count": 2323, "sum_payoffs": 3.7563157886285135, "action": [1.0, 0]}}, "1": {"[1.0, 0]": {"num_count": 2323, "sum_payoffs": 3.7563157886285135, "action": [1.0, 0]}, "[0.0, 0]": {"num_count": 2277, "sum_payoffs": 1.7099999996152502, "action": [0.0, 0]}}}, "1": {"0": {"[0.0, 0]": {"num_count": 2290, "sum_payoffs": 0.8999999997975, "action": [0.0, 0]}, "[1.0, 0]": {"num_count": 2310, "sum_payoffs": 1.799999999595, "action": [1.0, 0]}}, "1": {"[1.0, 0]": {"num_count": 2310, "sum_payoffs": 1.799999999595, "action": [1.0, 0]}, "[0.0, 0]": {"num_count": 2290, "sum_payoffs": 0.8999999997975, "action": [0.0, 0]}}}}