{"6": {"0": {"[0.0, -1.5707963267948966]": {"num_count": 11, "sum_payoffs": 3.1182044448970534, "action": [0.0, -1.5707963267948966]}, "[2.0, 1.5707963267948966]": {"num_count": 11, "sum_payoffs": 3.0879028244399263, "action": [2.0, 1.5707963267948966]}, "[1.0, -1.5707963267948966]": {"num_count": 11, "sum_payoffs": 3.224841407574687, "action": [1.0, -1.5707963267948966]}, "[1.0, 1.5707963267948966]": {"num_count": 11, "sum_payoffs": 3.296751632974844, "action": [1.0, 1.5707963267948966]}, "[2.0, -1.5707963267948966]": {"num_count": 11, "sum_payoffs": 3.394947682650444, "action": [2.0, -1.5707963267948966]}, "[2.0, 0.0]": {"num_count": 12, "sum_payoffs": 3.7900452628703913, "action": [2.0, 0.0]}, "[0.0, 1.5707963267948966]": {"num_count": 11, "sum_payoffs": 3.372871506704893, "action": [0.0, 1.5707963267948966]}, "[1.0, 0.0]": {"num_count": 11, "sum_payoffs": 3.1205916988586884, "action": [1.0, 0.0]}, "[0.0, 0.0]": {"num_count": 11, "sum_payoffs": 3.4298110669302306, "action": [0.0, 0.0]}}, "1": {"[1.0, 1.5707963267948966]": {"num_count": 10, "sum_payoffs": 3.3424661955610704, "action": [1.0, 1.5707963267948966]}, "[0.0, 0.0]": {"num_count": 10, "sum_payoffs": 3.248857200947587, "action": [0.0, 0.0]}, "[2.0, -1.5707963267948966]": {"num_count": 11, "sum_payoffs": 4.122451844730492, "action": [2.0, -1.5707963267948966]}, "[2.0, 0.0]": {"num_count": 13, "sum_payoffs": 5.393937717839288, "action": [2.0, 0.0]}, "[0.0, 1.5707963267948966]": {"num_count": 11, "sum_payoffs": 3.765544383225093, "action": [0.0, 1.5707963267948966]}, "[1.0, 0.0]": {"num_count": 12, "sum_payoffs": 4.645350146708958, "action": [1.0, 0.0]}, "[2.0, 1.5707963267948966]": {"num_count": 11, "sum_payoffs": 4.066347327406457, "action": [2.0, 1.5707963267948966]}, "[0.0, -1.5707963267948966]": {"num_count": 11, "sum_payoffs": 3.9323100225808254, "action": [0.0, -1.5707963267948966]}, "[1.0, -1.5707963267948966]": {"num_count": 11, "sum_payoffs": 4.189311390979602, "action": [1.0, -1.5707963267948966]}}}}