{"4": {"0": {"[1.0, 1.5707963267948966]": {"num_count": 343, "sum_payoffs": 117.2199916646422, "action": [1.0, 1.5707963267948966]}, "[0.0, 1.5707963267948966]": {"num_count": 312, "sum_payoffs": 103.2756500863795, "action": [0.0, 1.5707963267948966]}, "[0.0, 0.0]": {"num_count": 315, "sum_payoffs": 104.6386315449732, "action": [0.0, 0.0]}, "[2.0, 0.0]": {"num_count": 372, "sum_payoffs": 130.36167042857477, "action": [2.0, 0.0]}, "[1.0, -1.5707963267948966]": {"num_count": 355, "sum_payoffs": 122.59281432750012, "action": [1.0, -1.5707963267948966]}, "[2.0, -1.5707963267948966]": {"num_count": 368, "sum_payoffs": 128.6066276469432, "action": [2.0, -1.5707963267948966]}, "[2.0, 1.5707963267948966]": {"num_count": 354, "sum_payoffs": 122.2007722726488, "action": [2.0, 1.5707963267948966]}, "[1.0, 0.0]": {"num_count": 342, "sum_payoffs": 116.7423743239876, "action": [1.0, 0.0]}, "[0.0, -1.5707963267948966]": {"num_count": 339, "sum_payoffs": 115.47845604092316, "action": [0.0, -1.5707963267948966]}}, "1": {"[0.0, 0.0]": {"num_count": 461, "sum_payoffs": 161.3282705598085, "action": [0.0, 0.0]}, "[1.0, -1.5707963267948966]": {"num_count": 555, "sum_payoffs": 203.35197049166905, "action": [1.0, -1.5707963267948966]}, "[1.0, 0.0]": {"num_count": 581, "sum_payoffs": 215.18261392561908, "action": [1.0, 0.0]}, "[1.0, 1.5707963267948966]": {"num_count": 596, "sum_payoffs": 221.97512871147276, "action": [1.0, 1.5707963267948966]}, "[0.0, 1.5707963267948966]": {"num_count": 461, "sum_payoffs": 161.2542508828391, "action": [0.0, 1.5707963267948966]}, "[0.0, -1.5707963267948966]": {"num_count": 446, "sum_payoffs": 154.69325183848085, "action": [0.0, -1.5707963267948966]}}}}