{"8": {"0": {"[2.0, -1.5707963267948966]": {"num_count": 358, "sum_payoffs": 91.59219873619456, "action": [2.0, -1.5707963267948966]}, "[0.0, 0.0]": {"num_count": 335, "sum_payoffs": 83.32249537449165, "action": [0.0, 0.0]}, "[1.0, 0.0]": {"num_count": 342, "sum_payoffs": 85.8141579457047, "action": [1.0, 0.0]}, "[0.0, 1.5707963267948966]": {"num_count": 316, "sum_payoffs": 76.5029425243806, "action": [0.0, 1.5707963267948966]}, "[1.0, -1.5707963267948966]": {"num_count": 344, "sum_payoffs": 86.57514954593795, "action": [1.0, -1.5707963267948966]}, "[0.0, -1.5707963267948966]": {"num_count": 337, "sum_payoffs": 84.02335407699914, "action": [0.0, -1.5707963267948966]}, "[2.0, 1.5707963267948966]": {"num_count": 366, "sum_payoffs": 94.4700652620569, "action": [2.0, 1.5707963267948966]}, "[2.0, 0.0]": {"num_count": 355, "sum_payoffs": 90.46393012627934, "action": [2.0, 0.0]}, "[1.0, 1.5707963267948966]": {"num_count": 347, "sum_payoffs": 87.64572516886898, "action": [1.0, 1.5707963267948966]}}, "1": {"[2.0, 0.0]": {"num_count": 396, "sum_payoffs": 127.68892768155051, "action": [2.0, 0.0]}, "[1.0, -1.5707963267948966]": {"num_count": 342, "sum_payoffs": 105.08512624321666, "action": [1.0, -1.5707963267948966]}, "[0.0, -1.5707963267948966]": {"num_count": 304, "sum_payoffs": 89.40278236508775, "action": [0.0, -1.5707963267948966]}, "[2.0, -1.5707963267948966]": {"num_count": 373, "sum_payoffs": 118.053201811462, "action": [2.0, -1.5707963267948966]}, "[0.0, 1.5707963267948966]": {"num_count": 311, "sum_payoffs": 92.29676454876136, "action": [0.0, 1.5707963267948966]}, "[2.0, 1.5707963267948966]": {"num_count": 364, "sum_payoffs": 114.24493166461757, "action": [2.0, 1.5707963267948966]}, "[1.0, 1.5707963267948966]": {"num_count": 339, "sum_payoffs": 103.90258336620022, "action": [1.0, 1.5707963267948966]}, "[1.0, 0.0]": {"num_count": 351, "sum_payoffs": 108.80610650024624, "action": [1.0, 0.0]}, "[0.0, 0.0]": {"num_count": 320, "sum_payoffs": 96.06038320581331, "action": [0.0, 0.0]}}}}