{"2": {"0": {"[0.0, 0]": {"num_count": 321, "sum_payoffs": 29.130789468343504, "action": [0.0, 0]}, "[1.0, 0]": {"num_count": 4279, "sum_payoffs": 533.3242104285605, "action": [1.0, 0]}}, "1": {"[0.0, 0]": {"num_count": 309, "sum_payoffs": 31.01403946799828, "action": [0.0, 0]}, "[1.0, 0]": {"num_count": 4291, "sum_payoffs": 538.7309604275667, "action": [1.0, 0]}}}, "1": {"0": {"[1.0, 0]": {"num_count": 4256, "sum_payoffs": 581.4299998934221, "action": [1.0, 0]}, "[0.0, 0]": {"num_count": 344, "sum_payoffs": 39.3449999927867, "action": [0.0, 0]}}, "1": {"[0.0, 0]": {"num_count": 341, "sum_payoffs": 41.504999992390694, "action": [0.0, 0]}, "[1.0, 0]": {"num_count": 4259, "sum_payoffs": 583.4549998930497, "action": [1.0, 0]}}}}