{"15": {"0": {"[1.0, 0.0]": {"num_count": 458, "sum_payoffs": 99.09544672517441, "action": [1.0, 0.0]}, "[2.0, -1.5707963267948966]": {"num_count": 468, "sum_payoffs": 102.23449678218631, "action": [2.0, -1.5707963267948966]}, "[0.0, -1.5707963267948966]": {"num_count": 451, "sum_payoffs": 96.92532587909704, "action": [0.0, -1.5707963267948966]}, "[0.0, 1.5707963267948966]": {"num_count": 433, "sum_payoffs": 91.28044609461784, "action": [0.0, 1.5707963267948966]}, "[2.0, 0.0]": {"num_count": 480, "sum_payoffs": 105.98767103306238, "action": [2.0, 0.0]}, "[2.0, 1.5707963267948966]": {"num_count": 467, "sum_payoffs": 101.84702399273117, "action": [2.0, 1.5707963267948966]}, "[0.0, 0.0]": {"num_count": 443, "sum_payoffs": 94.45673479034095, "action": [0.0, 0.0]}, "[1.0, 1.5707963267948966]": {"num_count": 439, "sum_payoffs": 93.17642177609872, "action": [1.0, 1.5707963267948966]}, "[1.0, -1.5707963267948966]": {"num_count": 461, "sum_payoffs": 100.02257012409214, "action": [1.0, -1.5707963267948966]}}, "1": {"[1.0, -1.5707963267948966]": {"num_count": 686, "sum_payoffs": 133.72235593932012, "action": [1.0, -1.5707963267948966]}, "[1.0, 0.0]": {"num_count": 709, "sum_payoffs": 140.06294573770046, "action": [1.0, 0.0]}, "[1.0, 1.5707963267948966]": {"num_count": 689, "sum_payoffs": 134.5834426679073, "action": [1.0, 1.5707963267948966]}, "[0.0, 1.5707963267948966]": {"num_count": 665, "sum_payoffs": 128.01724072267828, "action": [0.0, 1.5707963267948966]}, "[0.0, 0.0]": {"num_count": 672, "sum_payoffs": 129.8800963055527, "action": [0.0, 0.0]}, "[0.0, -1.5707963267948966]": {"num_count": 679, "sum_payoffs": 131.7737139120546, "action": [0.0, -1.5707963267948966]}}}}