{"9": {"0": {"[2.0, -1.5707963267948966]": {"num_count": 538, "sum_payoffs": 131.84125012788297, "action": [2.0, -1.5707963267948966]}, "[2.0, 0.0]": {"num_count": 531, "sum_payoffs": 129.4936269150832, "action": [2.0, 0.0]}, "[1.0, 0.0]": {"num_count": 504, "sum_payoffs": 120.492345587671, "action": [1.0, 0.0]}, "[0.0, 0.0]": {"num_count": 505, "sum_payoffs": 120.83846824058604, "action": [0.0, 0.0]}, "[1.0, 1.5707963267948966]": {"num_count": 503, "sum_payoffs": 120.1781557647086, "action": [1.0, 1.5707963267948966]}, "[1.0, -1.5707963267948966]": {"num_count": 525, "sum_payoffs": 127.43571980788566, "action": [1.0, -1.5707963267948966]}, "[0.0, 1.5707963267948966]": {"num_count": 475, "sum_payoffs": 110.95055730632772, "action": [0.0, 1.5707963267948966]}, "[0.0, -1.5707963267948966]": {"num_count": 494, "sum_payoffs": 117.15289453078813, "action": [0.0, -1.5707963267948966]}, "[2.0, 1.5707963267948966]": {"num_count": 525, "sum_payoffs": 127.54165930682593, "action": [2.0, 1.5707963267948966]}}, "1": {"[0.0, 1.5707963267948966]": {"num_count": 444, "sum_payoffs": 123.42595592102963, "action": [0.0, 1.5707963267948966]}, "[1.0, -1.5707963267948966]": {"num_count": 492, "sum_payoffs": 141.58182902817953, "action": [1.0, -1.5707963267948966]}, "[2.0, -1.5707963267948966]": {"num_count": 534, "sum_payoffs": 157.63652629495922, "action": [2.0, -1.5707963267948966]}, "[1.0, 0.0]": {"num_count": 545, "sum_payoffs": 161.8510277120748, "action": [1.0, 0.0]}, "[2.0, 1.5707963267948966]": {"num_count": 543, "sum_payoffs": 161.00614085259883, "action": [2.0, 1.5707963267948966]}, "[0.0, 0.0]": {"num_count": 495, "sum_payoffs": 142.6544682023817, "action": [0.0, 0.0]}, "[2.0, 0.0]": {"num_count": 599, "sum_payoffs": 182.72594435517271, "action": [2.0, 0.0]}, "[1.0, 1.5707963267948966]": {"num_count": 495, "sum_payoffs": 142.65636510391641, "action": [1.0, 1.5707963267948966]}, "[0.0, -1.5707963267948966]": {"num_count": 453, "sum_payoffs": 126.8079111067091, "action": [0.0, -1.5707963267948966]}}}}