{"2": {"0": {"[0.0, 0]": {"num_count": 1297, "sum_payoffs": 3.419999997948, "action": [0.0, 0]}, "[1.0, 0]": {"num_count": 1303, "sum_payoffs": 3.756315787219895, "action": [1.0, 0]}}, "1": {"[0.0, 0]": {"num_count": 1297, "sum_payoffs": 3.419999997948, "action": [0.0, 0]}, "[1.0, 0]": {"num_count": 1303, "sum_payoffs": 3.756315787219895, "action": [1.0, 0]}}}, "1": {"0": {"[0.0, 0]": {"num_count": 1292, "sum_payoffs": 0.89999999946, "action": [0.0, 0]}, "[1.0, 0]": {"num_count": 1308, "sum_payoffs": 1.79999999892, "action": [1.0, 0]}}, "1": {"[0.0, 0]": {"num_count": 1292, "sum_payoffs": 0.89999999946, "action": [0.0, 0]}, "[1.0, 0]": {"num_count": 1308, "sum_payoffs": 1.79999999892, "action": [1.0, 0]}}}}