{"6": {"0": {"[1.0, -1.5707963267948966]": {"num_count": 354, "sum_payoffs": 100.97341825493653, "action": [1.0, -1.5707963267948966]}, "[0.0, 0.0]": {"num_count": 330, "sum_payoffs": 91.51951983348596, "action": [0.0, 0.0]}, "[1.0, 0.0]": {"num_count": 348, "sum_payoffs": 98.67647417338067, "action": [1.0, 0.0]}, "[0.0, -1.5707963267948966]": {"num_count": 317, "sum_payoffs": 86.54713951770992, "action": [0.0, -1.5707963267948966]}, "[2.0, 1.5707963267948966]": {"num_count": 351, "sum_payoffs": 99.76508743703732, "action": [2.0, 1.5707963267948966]}, "[0.0, 1.5707963267948966]": {"num_count": 309, "sum_payoffs": 83.53812736469078, "action": [0.0, 1.5707963267948966]}, "[2.0, 0.0]": {"num_count": 378, "sum_payoffs": 110.44122279487385, "action": [2.0, 0.0]}, "[2.0, -1.5707963267948966]": {"num_count": 363, "sum_payoffs": 104.55505677259445, "action": [2.0, -1.5707963267948966]}, "[1.0, 1.5707963267948966]": {"num_count": 350, "sum_payoffs": 99.42104341912307, "action": [1.0, 1.5707963267948966]}}, "1": {"[1.0, 0.0]": {"num_count": 364, "sum_payoffs": 127.95122931506296, "action": [1.0, 0.0]}, "[1.0, -1.5707963267948966]": {"num_count": 334, "sum_payoffs": 114.32355968163789, "action": [1.0, -1.5707963267948966]}, "[0.0, -1.5707963267948966]": {"num_count": 291, "sum_payoffs": 95.06625405476065, "action": [0.0, -1.5707963267948966]}, "[0.0, 0.0]": {"num_count": 331, "sum_payoffs": 113.03910842711774, "action": [0.0, 0.0]}, "[1.0, 1.5707963267948966]": {"num_count": 318, "sum_payoffs": 107.15465518382707, "action": [1.0, 1.5707963267948966]}, "[2.0, -1.5707963267948966]": {"num_count": 391, "sum_payoffs": 140.3338248976379, "action": [2.0, -1.5707963267948966]}, "[2.0, 1.5707963267948966]": {"num_count": 355, "sum_payoffs": 123.87753926567194, "action": [2.0, 1.5707963267948966]}, "[2.0, 0.0]": {"num_count": 419, "sum_payoffs": 153.32535385564432, "action": [2.0, 0.0]}, "[0.0, 1.5707963267948966]": {"num_count": 297, "sum_payoffs": 97.73456992826046, "action": [0.0, 1.5707963267948966]}}}}