{"alphat_eff_gamelength_2": {"mean": 1.0, "variance": 0.0}, "runtime_gamelength_2": {"mean": 0.31984939575195315, "variance": 9.081617563651888e-05}, "max_timestep": {"mean": 1.0, "variance": 0.0}, "alphat_eff_gamelength_1": {"mean": 0.85, "variance": 0.052500000000000005}, "runtime_gamelength_1": {"mean": 0.22871875762939453, "variance": 0.0001339784461947602}, "winner": {"mean": [0.1, 0.1], "variance": [0.09000000000000001, 0.09000000000000001]}, "runtime": {"mean": 0.5488016605377197, "variance": 0.0002644077702370851}, "T_terminal": {"mean": 2.0, "variance": 0.0}, "trajectory_0": {"mean": [[1.0, 0.0, 1.5707963267948966, 0.0], [1.0, 0.8, 1.5707963267948966, 1.0], [1.0, 1.6, 1.5707963267948966, 2.0]], "variance": [[0.0, 0.0, 0.0, 0.0], [0.0, 0.16000000000000006, 0.0, 0.0], [0.0, 0.6400000000000002, 0.0, 0.0]]}, "trajectory_1": {"mean": [[0.0, 1.0, 0.0, 0.0], [0.8, 1.0, 0.0, 1.0], [1.6, 1.0, 0.0, 2.0]], "variance": [[0.0, 0.0, 0.0, 0.0], [0.16, 0.0, 0.0, 0.0], [0.64, 0.0, 0.0, 0.0]]}, "coll_payoff_0": {"mean": [0.3, 0.3], "variance": [0.20999999999999996, 0.20999999999999996]}, "coll_payoff_1": {"mean": [0.3, 0.3], "variance": [0.20999999999999996, 0.20999999999999996]}, "payoff_total": {"mean": [[0.29999999982, 0.29999999982], [0.3157894734947368, 0.3157894734947368]], "variance": [[0.209999999748, 0.209999999748], [0.2326869803301938, 0.2326869803301938]]}, "final_lead_payoff_0": {"mean": [0.5], "variance": [0.05]}, "final_lead_payoff_1": {"mean": [0.5], "variance": [0.05]}}