{"2": {"0": {"[1.0, 0]": {"num_count": 2853, "sum_payoffs": 613.2717066617586, "action": [1.0, 0]}, "[0.0, 0]": {"num_count": 247, "sum_payoffs": 40.550142850191484, "action": [0.0, 0]}}, "1": {"[1.0, 0]": {"num_count": 2867, "sum_payoffs": 613.6574209474068, "action": [1.0, 0]}, "[0.0, 0]": {"num_count": 233, "sum_payoffs": 33.082714280042964, "action": [0.0, 0]}}}, "1": {"0": {"[0.0, 0]": {"num_count": 2830, "sum_payoffs": 626.1685713212128, "action": [0.0, 0]}, "[1.0, 0]": {"num_count": 270, "sum_payoffs": 65.80285713157639, "action": [1.0, 0]}}, "1": {"[0.0, 0]": {"num_count": 262, "sum_payoffs": 63.102857132039425, "action": [0.0, 0]}, "[1.0, 0]": {"num_count": 2838, "sum_payoffs": 681.8657141687962, "action": [1.0, 0]}}}}