{"2": {"0": {"[0.0, 0]": {"num_count": 771, "sum_payoffs": 142.64009997147235, "action": [0.0, 0]}, "[1.0, 0]": {"num_count": 1829, "sum_payoffs": 430.033026229775, "action": [1.0, 0]}}, "1": {"[0.0, 0]": {"num_count": 782, "sum_payoffs": 145.70189997085993, "action": [0.0, 0]}, "[1.0, 0]": {"num_count": 1818, "sum_payoffs": 427.4086262302999, "action": [1.0, 0]}}}, "1": {"0": {"[0.0, 0]": {"num_count": 957, "sum_payoffs": 214.44299995710784, "action": [0.0, 0]}, "[1.0, 0]": {"num_count": 1643, "sum_payoffs": 418.0724999163772, "action": [1.0, 0]}}, "1": {"[0.0, 0]": {"num_count": 961, "sum_payoffs": 215.9009999568162, "action": [0.0, 0]}, "[1.0, 0]": {"num_count": 1639, "sum_payoffs": 417.343499916523, "action": [1.0, 0]}}}}