{"2": {"0": {"[0.0, 0]": {"num_count": 271, "sum_payoffs": 25.041700652260268, "action": [0.0, 0]}, "[1.0, 0]": {"num_count": 329, "sum_payoffs": 37.02792433377389, "action": [1.0, 0]}}, "1": {"[0.0, 0]": {"num_count": 260, "sum_payoffs": 23.394700652630867, "action": [0.0, 0]}, "[1.0, 0]": {"num_count": 340, "sum_payoffs": 39.950674333116346, "action": [1.0, 0]}}}, "1": {"0": {"[1.0, 0]": {"num_count": 327, "sum_payoffs": 36.98999999167741, "action": [1.0, 0]}, "[0.0, 0]": {"num_count": 273, "sum_payoffs": 25.734374994209887, "action": [0.0, 0]}}, "1": {"[0.0, 0]": {"num_count": 272, "sum_payoffs": 25.633124994232666, "action": [0.0, 0]}, "[1.0, 0]": {"num_count": 328, "sum_payoffs": 37.19249999163185, "action": [1.0, 0]}}}}