{"1": {"0": {"[1.0, 1.5707963267948966]": {"num_count": 445, "sum_payoffs": 115.05247374394396, "action": [1.0, 1.5707963267948966]}, "[2.0, -1.5707963267948966]": {"num_count": 555, "sum_payoffs": 154.73263365737012, "action": [2.0, -1.5707963267948966]}, "[1.0, -1.5707963267948966]": {"num_count": 449, "sum_payoffs": 116.45177409353585, "action": [1.0, -1.5707963267948966]}, "[0.0, 0.0]": {"num_count": 366, "sum_payoffs": 87.3563218245215, "action": [0.0, 0.0]}, "[0.0, 1.5707963267948966]": {"num_count": 366, "sum_payoffs": 87.33633181952733, "action": [0.0, 1.5707963267948966]}, "[0.0, -1.5707963267948966]": {"num_count": 364, "sum_payoffs": 86.67666165471972, "action": [0.0, -1.5707963267948966]}, "[2.0, 1.5707963267948966]": {"num_count": 553, "sum_payoffs": 154.01299347757995, "action": [2.0, 1.5707963267948966]}, "[1.0, 0.0]": {"num_count": 451, "sum_payoffs": 117.13143426333764, "action": [1.0, 0.0]}, "[2.0, 0.0]": {"num_count": 551, "sum_payoffs": 153.25337328780145, "action": [2.0, 0.0]}}, "1": {"[1.0, -1.5707963267948966]": {"num_count": 760, "sum_payoffs": 247.8560719227081, "action": [1.0, -1.5707963267948966]}, "[0.0, 1.5707963267948966]": {"num_count": 592, "sum_payoffs": 181.38930531709553, "action": [0.0, 1.5707963267948966]}, "[0.0, 0.0]": {"num_count": 598, "sum_payoffs": 183.72813590141345, "action": [0.0, 0.0]}, "[0.0, -1.5707963267948966]": {"num_count": 598, "sum_payoffs": 183.72813590141322, "action": [0.0, -1.5707963267948966]}, "[1.0, 1.5707963267948966]": {"num_count": 779, "sum_payoffs": 255.50224883297784, "action": [1.0, 1.5707963267948966]}, "[1.0, 0.0]": {"num_count": 773, "sum_payoffs": 253.1234382386714, "action": [1.0, 0.0]}}}}