{"runtime": 63.46950435638428, "winner": [0, 1], "collision_count": 0, "T_terminal": 12, "trajectories": [[1.0, 3.0, 0.0, 3.0, 3.0, 0.0, 0.0], [2.0, 3.0, 4.71238898038469, 4.0, 3.0, 1.5707963267948966, 1.0], [1.9999999999999998, 2.0, 3.141592653589793, 4.0, 3.0, 0.0, 2.0], [1.9999999999999998, 2.0, 3.141592653589793, 4.0, 3.0, 0.0, 3.0], [1.9999999999999998, 2.0, 4.71238898038469, 5.0, 3.0, 0.0, 4.0], [1.9999999999999998, 2.0, 4.71238898038469, 5.0, 3.0, 0.0, 5.0], [1.9999999999999998, 2.0, 0.0, 6.0, 3.0, 0.0, 6.0], [1.9999999999999998, 2.0, 0.0, 7.0, 3.0, 1.5707963267948966, 7.0], [4.0, 2.0, 0.0, 7.0, 3.0, 0.0, 8.0], [5.0, 2.0, 1.5707963267948966, 8.0, 3.0, 0.0, 9.0], [5.0, 4.0, 0.0, 9.0, 3.0, 0.0, 10.0], [7.0, 4.0, 0.0, 10.0, 3.0, 4.71238898038469, 11.0], [9.0, 4.0, 4.71238898038469, 10.0, 3.0, 3.141592653589793, 12.0]], "penalty_distance_0": [-0.027067056647322542, -0.02137558513207715, -0.02137558513207715, -0.008465843924640998, -0.008465843924640998, -0.0032388286638325124, -0.0012205454548348009, -0.008465843924640998, -0.008465843924640998, -0.0032388286638325124, -0.008465843924640998, -0.04862334688684284], "penalty_distance_1": [-0.027067056647322542, -0.02137558513207715, -0.02137558513207715, -0.008465843924640998, -0.008465843924640998, -0.0032388286638325124, -0.0012205454548348009, -0.008465843924640998, -0.008465843924640998, -0.0032388286638325124, -0.008465843924640998, -0.04862334688684284], "reward_progress_0": [0.0, -0.0, 0.0, 0.0, 0.0, 0.0, 0.0, 0.0, 0.0, 0.0, 0.0, 0.0], "reward_progress_1": [0.0, 0.0, 0.0, 0.0, 0.0, 0.0, 0.0, 0.0, 0.0, 0.0, 0.0, 0.0], "penalty_agressor_0": [0.0, 0.0, 0.0, 0.0, 0.0, 0.0, 0.0, 0.0, 0.0, 0.0, 0.0, 0.0], "penalty_agressor_1": [0.0, 0.0, 0.0, 0.0, 0.0, 0.0, 0.0, 0.0, 0.0, 0.0, 0.0, 0.0], "penalty_timestep_0": [-12.0], "penalty_timestep_1": [-12.0], "reward_lead_0": [-1.0], "reward_lead_1": [1.0], "payoff_total0": [-0.027067056647322542, -0.04844264177939969, -0.06981822691147685, -0.07828407083611785, -0.08674991476075886, -0.08998874342459137, -0.09120928887942617, -0.09967513280406717, -0.10814097672870818, -0.11137980539254069, -0.1198456493171817, -0.16846899620402453, -13.168468996204025], "payoff_total1": [-0.027067056647322542, -0.04844264177939969, -0.06981822691147685, -0.07828407083611785, -0.08674991476075886, -0.08998874342459137, -0.09120928887942617, -0.09967513280406717, -0.10814097672870818, -0.11137980539254069, -0.1198456493171817, -0.16846899620402453, -11.168468996204025]}