{"2": {"0": {"[1.0, 0]": {"num_count": 2396, "sum_payoffs": 450.42578282155944, "action": [1.0, 0]}, "[0.0, 0]": {"num_count": 204, "sum_payoffs": 26.12137499575524, "action": [0.0, 0]}}, "1": {"[0.0, 0]": {"num_count": 187, "sum_payoffs": 26.485874995696037, "action": [0.0, 0]}, "[1.0, 0]": {"num_count": 2413, "sum_payoffs": 455.89328282067083, "action": [1.0, 0]}}}, "1": {"0": {"[0.0, 0]": {"num_count": 202, "sum_payoffs": 35.48249999423424, "action": [0.0, 0]}, "[1.0, 0]": {"num_count": 2398, "sum_payoffs": 492.3674999199715, "action": [1.0, 0]}}, "1": {"[0.0, 0]": {"num_count": 242, "sum_payoffs": 43.784999992885105, "action": [0.0, 0]}, "[1.0, 0]": {"num_count": 2358, "sum_payoffs": 484.06499992132154, "action": [1.0, 0]}}}}