{"runtime_game_length_12": {"mean": 10.483684635162353, "variance": 0.26707743681693613}, "runtime_game_length_11": {"mean": 9.80193510055542, "variance": 1.1727419357678344}, "runtime_game_length_10": {"mean": 9.042370319366455, "variance": 0.4203875359982874}, "runtime_game_length_9": {"mean": 7.953353404998779, "variance": 0.3761494373222263}, "runtime_game_length_8": {"mean": 6.887065267562866, "variance": 0.20130535802651933}, "runtime_game_length_7": {"mean": 5.750967073440552, "variance": 0.0829275427378036}, "runtime_game_length_6": {"mean": 4.008225440979004, "variance": 1.598685236669695}, "runtime_game_length_5": {"mean": 2.67185115814209, "variance": 0.1262769226071138}, "runtime_game_length_4": {"mean": 0.129747211933136, "variance": 7.979199124955964e-05}, "runtime": {"mean": 56.169416666030884, "variance": 0.7401790304176643}, "winner": {"mean": [0.2, 0.8], "variance": [0.16000000000000006, 0.16000000000000006]}, "T_terminal": {"mean": 8.6, "variance": 0.8}, "trajectory_0": {"mean": [[1.0, 3.0, 0.0, 0.0], [2.0, 3.0, 0.9424777960769379, 1.0], [2.8, 2.8, 0.0, 2.0], [4.0, 2.8, 0.0, 3.0], [5.2, 2.8, 0.0, 4.0], [6.4, 2.8, 0.0, 5.0], [7.6, 2.8, 0.0, 6.0], [8.8, 2.8, 0.9424777960769379, 7.0]], "variance": [[0.0, 0.0, 0.0, 0.0], [0.0, 0.0, 3.553057584392169, 0.0], [0.16000000000000006, 0.15999999999999998, 0.0, 0.0], [0.0, 0.15999999999999998, 0.0, 0.0], [0.15999999999999998, 0.15999999999999998, 0.0, 0.0], [0.6399999999999999, 0.15999999999999998, 0.0, 0.0], [1.44, 0.15999999999999998, 0.0, 0.0], [2.5599999999999996, 0.15999999999999998, 3.553057584392169, 0.0]]}, "trajectory_1": {"mean": [[3.0, 3.0, 0.0, 0.0], [4.0, 3.0, 0.0, 1.0], [5.0, 3.0, 0.0, 2.0], [6.0, 3.0, 0.0, 3.0], [7.0, 3.0, 0.0, 4.0], [8.0, 3.0, 0.0, 5.0], [9.0, 3.0, 0.0, 6.0], [10.0, 3.0, 0.0, 7.0]], "variance": [[0.0, 0.0, 0.0, 0.0], [0.0, 0.0, 0.0, 0.0], [0.0, 0.0, 0.0, 0.0], [0.0, 0.0, 0.0, 0.0], [0.0, 0.0, 0.0, 0.0], [0.0, 0.0, 0.0, 0.0], [0.0, 0.0, 0.0, 0.0], [0.0, 0.0, 0.0, 0.0]]}, "penalty_distance_0": {"mean": [-0.10826822658929017, -0.08404853077003045, -0.08400918999544603, -0.09149916565128077, -0.09544633898859996, -0.07411432417753745, -0.055118429556012136], "variance": [0.0, 0.000717476205954827, 5.440754580123207e-05, 0.0006321833693183576, 0.002383696172281656, 0.00041477550860977413, 2.3420664444003564e-05]}, "penalty_distance_1": {"mean": [-0.027067056647322535, -0.021012132692507606, -0.0210022974988615, -0.02287479141282019, -0.023861584747149982, -0.018528581044384353, -0.013779607389003032], "variance": [0.0, 4.4842262872176665e-05, 3.400471612577004e-06, 3.9511460582397296e-05, 0.00014898101076760338, 2.5923469288110883e-05, 1.4637915277502223e-06]}, "reward_progress_0": {"mean": [0.0, 0.0, 0.0, 0.0, 0.0, 0.0, 0.0], "variance": [0.0, 0.0, 0.0, 0.0, 0.0, 0.0, 0.0]}, "reward_progress_1": {"mean": [0.0, 0.0, 0.0, 0.0, 0.0, 0.0, 0.0], "variance": [0.0, 0.0, 0.0, 0.0, 0.0, 0.0, 0.0]}, "penalty_timestep_0": {"mean": [-0.86], "variance": [0.006399999999999998]}, "penalty_timestep_1": {"mean": [-0.86], "variance": [0.006399999999999998]}, "reward_lead_0": {"mean": [-1.2], "variance": [2.560000000000001]}, "reward_lead_1": {"mean": [1.2], "variance": [2.560000000000001]}, "payoff_total_0": {"mean": [-0.10826822658929017, -0.19231675735932058, -0.2763259473547667, -0.3678251130060475, -0.46327145199464737, -0.5373857761721849, -0.5925042057281968, -0.37393169144512106], "variance": [0.0, 0.0007174762059548274, 0.0011670349609749176, 8.133580376075192e-05, 0.0015843961964059985, 0.0036204905980207107, 0.003061522061263616, 0.23559638513162823]}, "payoff_total_1": {"mean": [-0.027067056647322535, -0.048079189339830145, -0.06908148683869164, -0.09195627825151183, -0.11581786299866181, -0.13434644404304613, -0.1481260514320492, -0.6984829228612801], "variance": [0.0, 4.4842262872176665e-05, 7.293968506093227e-05, 5.083487735046994e-06, 9.902476227537502e-05, 0.00022628066237629472, 0.0001913451288289763, 1.1851682283105407]}}