{"6": {"0": {"[0.0, -1.5707963267948966]": {"num_count": 377, "sum_payoffs": 112.91779351477453, "action": [0.0, -1.5707963267948966]}, "[2.0, -1.5707963267948966]": {"num_count": 432, "sum_payoffs": 135.34826491605182, "action": [2.0, -1.5707963267948966]}, "[1.0, -1.5707963267948966]": {"num_count": 408, "sum_payoffs": 125.5656860491926, "action": [1.0, -1.5707963267948966]}, "[1.0, 0.0]": {"num_count": 392, "sum_payoffs": 119.05747050023423, "action": [1.0, 0.0]}, "[2.0, 1.5707963267948966]": {"num_count": 413, "sum_payoffs": 127.49720323338693, "action": [2.0, 1.5707963267948966]}, "[1.0, 1.5707963267948966]": {"num_count": 399, "sum_payoffs": 121.77659059057912, "action": [1.0, 1.5707963267948966]}, "[0.0, 0.0]": {"num_count": 367, "sum_payoffs": 108.93912011384317, "action": [0.0, 0.0]}, "[2.0, 0.0]": {"num_count": 448, "sum_payoffs": 141.90324350718282, "action": [2.0, 0.0]}, "[0.0, 1.5707963267948966]": {"num_count": 364, "sum_payoffs": 107.73783138626034, "action": [0.0, 1.5707963267948966]}}, "1": {"[0.0, 0.0]": {"num_count": 575, "sum_payoffs": 173.50235249377775, "action": [0.0, 0.0]}, "[0.0, -1.5707963267948966]": {"num_count": 553, "sum_payoffs": 165.0927230854816, "action": [0.0, -1.5707963267948966]}, "[1.0, -1.5707963267948966]": {"num_count": 627, "sum_payoffs": 193.70147300926243, "action": [1.0, -1.5707963267948966]}, "[1.0, 0.0]": {"num_count": 662, "sum_payoffs": 207.4284567285545, "action": [1.0, 0.0]}, "[0.0, 1.5707963267948966]": {"num_count": 551, "sum_payoffs": 164.2718025927862, "action": [0.0, 1.5707963267948966]}, "[1.0, 1.5707963267948966]": {"num_count": 632, "sum_payoffs": 195.64221085630467, "action": [1.0, 1.5707963267948966]}}}}