{"2": {"0": {"[1.0, 0]": {"num_count": 2427, "sum_payoffs": 530.0923262097555, "action": [1.0, 0]}, "[0.0, 0]": {"num_count": 173, "sum_payoffs": 27.09722367879107, "action": [0.0, 0]}}, "1": {"[0.0, 0]": {"num_count": 177, "sum_payoffs": 29.725673678265377, "action": [0.0, 0]}, "[1.0, 0]": {"num_count": 2423, "sum_payoffs": 559.6127762038494, "action": [1.0, 0]}}}, "1": {"0": {"[0.0, 0]": {"num_count": 190, "sum_payoffs": 37.78199999244364, "action": [0.0, 0]}, "[1.0, 0]": {"num_count": 2410, "sum_payoffs": 591.209999881745, "action": [1.0, 0]}}, "1": {"[1.0, 0]": {"num_count": 2431, "sum_payoffs": 599.3504998801172, "action": [1.0, 0]}, "[0.0, 0]": {"num_count": 169, "sum_payoffs": 37.17449999256515, "action": [0.0, 0]}}}}