{"2": {"0": {"[1.0, 0]": {"num_count": 3088, "sum_payoffs": 943.0710629693011, "action": [1.0, 0]}, "[0.0, 0]": {"num_count": 1012, "sum_payoffs": 253.49939994929645, "action": [0.0, 0]}}, "1": {"[0.0, 0]": {"num_count": 1029, "sum_payoffs": 259.45919994810447, "action": [0.0, 0]}, "[1.0, 0]": {"num_count": 3071, "sum_payoffs": 938.860862970143, "action": [1.0, 0]}}}, "1": {"0": {"[1.0, 0]": {"num_count": 2625, "sum_payoffs": 875.6459998248318, "action": [1.0, 0]}, "[0.0, 0]": {"num_count": 1475, "sum_payoffs": 452.80799990944445, "action": [0.0, 0]}}, "1": {"[0.0, 0]": {"num_count": 1477, "sum_payoffs": 453.7799999092501, "action": [0.0, 0]}, "[1.0, 0]": {"num_count": 2623, "sum_payoffs": 875.3219998248967, "action": [1.0, 0]}}}}