{"2": {"0": {"[1.0, 0]": {"num_count": 366, "sum_payoffs": 76.81328288065413, "action": [1.0, 0]}, "[0.0, 0]": {"num_count": 234, "sum_payoffs": 38.19996709825974, "action": [0.0, 0]}}, "1": {"[0.0, 0]": {"num_count": 238, "sum_payoffs": 39.68887499272362, "action": [0.0, 0]}, "[1.0, 0]": {"num_count": 362, "sum_payoffs": 76.2356249860232, "action": [1.0, 0]}}}, "1": {"0": {"[0.0, 0]": {"num_count": 252, "sum_payoffs": 46.72124999143442, "action": [0.0, 0]}, "[1.0, 0]": {"num_count": 348, "sum_payoffs": 76.2299999860249, "action": [1.0, 0]}}, "1": {"[1.0, 0]": {"num_count": 350, "sum_payoffs": 76.83749998591354, "action": [1.0, 0]}, "[0.0, 0]": {"num_count": 250, "sum_payoffs": 46.113749991545795, "action": [0.0, 0]}}}}