{"2": {"0": {"[1.0, 0]": {"num_count": 1169, "sum_payoffs": 447.78824988059756, "action": [1.0, 0]}, "[0.0, 0]": {"num_count": 431, "sum_payoffs": 133.7714999643277, "action": [0.0, 0]}}, "1": {"[0.0, 0]": {"num_count": 434, "sum_payoffs": 135.9584999637445, "action": [0.0, 0]}, "[1.0, 0]": {"num_count": 1166, "sum_payoffs": 449.2462498802089, "action": [1.0, 0]}}}, "1": {"0": {"[1.0, 0]": {"num_count": 1035, "sum_payoffs": 434.36249988418086, "action": [1.0, 0]}, "[0.0, 0]": {"num_count": 565, "sum_payoffs": 213.23249994313804, "action": [0.0, 0]}}, "1": {"[0.0, 0]": {"num_count": 570, "sum_payoffs": 215.86499994243604, "action": [0.0, 0]}, "[1.0, 0]": {"num_count": 1030, "sum_payoffs": 432.5399998846668, "action": [1.0, 0]}}}}