{"2": {"0": {"[1.0, 0]": {"num_count": 3378, "sum_payoffs": 939.0203287360703, "action": [1.0, 0]}, "[0.0, 0]": {"num_count": 222, "sum_payoffs": 44.56743748997231, "action": [0.0, 0]}}, "1": {"[1.0, 0]": {"num_count": 3379, "sum_payoffs": 946.4672662343944, "action": [1.0, 0]}, "[0.0, 0]": {"num_count": 221, "sum_payoffs": 43.95487499011019, "action": [0.0, 0]}}}, "1": {"0": {"[0.0, 0]": {"num_count": 228, "sum_payoffs": 60.215624986451274, "action": [0.0, 0]}, "[1.0, 0]": {"num_count": 3372, "sum_payoffs": 1033.9593747674444, "action": [1.0, 0]}}, "1": {"[1.0, 0]": {"num_count": 3360, "sum_payoffs": 1030.618124768197, "action": [1.0, 0]}, "[0.0, 0]": {"num_count": 240, "sum_payoffs": 63.86062498563112, "action": [0.0, 0]}}}}