{"2": {"0": {"[1.0, 0]": {"num_count": 2921, "sum_payoffs": 865.197662984879, "action": [1.0, 0]}, "[0.0, 0]": {"num_count": 179, "sum_payoffs": 35.33153683503903, "action": [0.0, 0]}}, "1": {"[1.0, 0]": {"num_count": 2883, "sum_payoffs": 862.9757998274292, "action": [1.0, 0]}, "[0.0, 0]": {"num_count": 217, "sum_payoffs": 48.34259999033161, "action": [0.0, 0]}}}, "1": {"0": {"[0.0, 0]": {"num_count": 213, "sum_payoffs": 60.11999998797567, "action": [0.0, 0]}, "[1.0, 0]": {"num_count": 2887, "sum_payoffs": 943.6859998112133, "action": [1.0, 0]}}, "1": {"[1.0, 0]": {"num_count": 2884, "sum_payoffs": 944.1719998111157, "action": [1.0, 0]}, "[0.0, 0]": {"num_count": 216, "sum_payoffs": 61.90199998761927, "action": [0.0, 0]}}}}