{"2": {"0": {"[1.0, 0]": {"num_count": 1175, "sum_payoffs": 450.52199987986825, "action": [1.0, 0]}, "[0.0, 0]": {"num_count": 425, "sum_payoffs": 131.40224996495945, "action": [0.0, 0]}}, "1": {"[0.0, 0]": {"num_count": 442, "sum_payoffs": 139.23899996286966, "action": [0.0, 0]}, "[1.0, 0]": {"num_count": 1158, "sum_payoffs": 445.60124988118, "action": [1.0, 0]}}}, "1": {"0": {"[1.0, 0]": {"num_count": 1022, "sum_payoffs": 428.48999988574633, "action": [1.0, 0]}, "[0.0, 0]": {"num_count": 578, "sum_payoffs": 219.50999994146395, "action": [0.0, 0]}}, "1": {"[0.0, 0]": {"num_count": 578, "sum_payoffs": 219.50999994146395, "action": [0.0, 0]}, "[1.0, 0]": {"num_count": 1022, "sum_payoffs": 428.8949998856384, "action": [1.0, 0]}}}}