{"2": {"0": {"[1.0, 0]": {"num_count": 995, "sum_payoffs": 137.78096050105583, "action": [1.0, 0]}, "[0.0, 0]": {"num_count": 605, "sum_payoffs": 63.01724998844637, "action": [0.0, 0]}}, "1": {"[1.0, 0]": {"num_count": 999, "sum_payoffs": 139.23221050078968, "action": [1.0, 0]}, "[0.0, 0]": {"num_count": 601, "sum_payoffs": 62.53799998853428, "action": [0.0, 0]}}}, "1": {"0": {"[1.0, 0]": {"num_count": 859, "sum_payoffs": 120.87749997783921, "action": [1.0, 0]}, "[0.0, 0]": {"num_count": 741, "sum_payoffs": 96.85499998224408, "action": [0.0, 0]}}, "1": {"[0.0, 0]": {"num_count": 742, "sum_payoffs": 97.1249999821946, "action": [0.0, 0]}, "[1.0, 0]": {"num_count": 858, "sum_payoffs": 120.74249997786396, "action": [1.0, 0]}}}}