{"runtime": 0.614051103591919, "winner": [0, 1], "T_terminal": 12, "trajectories": [[1.0, 3.0, 0.0, 3.0, 3.0, 0.0, 0.0], [1.0, 3.0, 1.5707963267948966, 3.0, 3.0, 0.0, 1.0], [1.0, 4.0, 3.141592653589793, 4.0, 3.0, 0.0, 2.0], [1.0, 4.0, 1.5707963267948966, 4.0, 3.0, 4.71238898038469, 3.0], [1.0, 4.0, 3.141592653589793, 4.0, 2.0, 3.141592653589793, 4.0], [1.0, 4.0, 3.141592653589793, 4.0, 2.0, 3.141592653589793, 5.0], [1.0, 4.0, 1.5707963267948966, 4.0, 2.0, 4.71238898038469, 6.0], [1.0, 5.0, 3.141592653589793, 4.0, 1.0, 4.71238898038469, 7.0], [1.0, 5.0, 4.71238898038469, 4.0, 1.0, 0.0, 8.0], [1.0, 5.0, 0.0, 4.0, 1.0, 1.5707963267948966, 9.0], [3.0, 5.0, 4.71238898038469, 4.0, 1.0, 0.0, 10.0], [2.9999999999999996, 3.0, 4.71238898038469, 5.0, 1.0, 1.5707963267948966, 11.0], [2.9999999999999996, 2.0, 4.71238898038469, 5.0, 1.0, 1.5707963267948966, 12.0], [1.0, 3.0, 1.5707963267948966, 3.0, 3.0, 0.0, 1.0], [1.0, 4.0, 3.141592653589793, 4.0, 3.0, 0.0, 2.0], [1.0, 4.0, 1.5707963267948966, 4.0, 3.0, 4.71238898038469, 3.0], [1.0, 4.0, 3.141592653589793, 4.0, 2.0, 3.141592653589793, 4.0], [1.0, 4.0, 3.141592653589793, 4.0, 2.0, 3.141592653589793, 5.0], [1.0, 4.0, 1.5707963267948966, 4.0, 2.0, 4.71238898038469, 6.0], [1.0, 5.0, 3.141592653589793, 4.0, 1.0, 4.71238898038469, 7.0], [1.0, 5.0, 4.71238898038469, 4.0, 1.0, 0.0, 8.0], [1.0, 5.0, 0.0, 4.0, 1.0, 1.5707963267948966, 9.0], [3.0, 5.0, 4.71238898038469, 4.0, 1.0, 0.0, 10.0], [2.9999999999999996, 3.0, 4.71238898038469, 5.0, 1.0, 1.5707963267948966, 11.0], [2.9999999999999996, 2.0, 4.71238898038469, 5.0, 1.0, 1.5707963267948966, 12.0]], "penalty_distance_0": [-0.08120116994196762, -0.025397531773922993, -0.025397531773922993, -0.016303476703341337, -0.016303476703341337, -0.016303476703341337, -0.00404276819945128, -0.00404276819945128, -0.00404276819945128, -0.009716485991497537, -0.03546344793717374, -0.06412675539623142, -0.08120116994196762, -0.025397531773922993, -0.025397531773922993, -0.016303476703341337, -0.016303476703341337, -0.016303476703341337, -0.00404276819945128, -0.00404276819945128, -0.00404276819945128, -0.009716485991497537, -0.03546344793717374, -0.06412675539623142], "penalty_distance_1": [-0.08120116994196762, -0.025397531773922993, -0.025397531773922993, -0.016303476703341337, -0.016303476703341337, -0.016303476703341337, -0.00404276819945128, -0.00404276819945128, -0.00404276819945128, -0.009716485991497537, -0.03546344793717374, -0.06412675539623142, -0.08120116994196762, -0.025397531773922993, -0.025397531773922993, -0.016303476703341337, -0.016303476703341337, -0.016303476703341337, -0.00404276819945128, -0.00404276819945128, -0.00404276819945128, -0.009716485991497537, -0.03546344793717374, -0.06412675539623142], "reward_progress_0": [0.0, 0.0, 0.0, 0.0, 0.0, 0.0, 0.0, 0.0, 0.0, 0.0, -0.0, 0.0, 0.0, 0.0, 0.0, 0.0, 0.0, 0.0, 0.0, 0.0, 0.0, 0.0, -0.0, 0.0], "reward_progress_1": [0.0, 0.0, 0.0, 0.0, 0.0, 0.0, 0.0, 0.0, 0.0, 0.0, 0.0, 0.0, 0.0, 0.0, 0.0, 0.0, 0.0, 0.0, 0.0, 0.0, 0.0, 0.0, 0.0, 0.0], "penalty_agressor_0": [0.0, 0.0, 0.0, 0.0, 0.0, 0.0, 0.0, 0.0, 0.0, 0.0, 0.0, 0.0, 0.0, 0.0, 0.0, 0.0, 0.0, 0.0, 0.0, 0.0, 0.0, 0.0, 0.0, 0.0], "penalty_agressor_1": [0.0, 0.0, 0.0, 0.0, 0.0, 0.0, 0.0, 0.0, 0.0, 0.0, 0.0, 0.0, 0.0, 0.0, 0.0, 0.0, 0.0, 0.0, 0.0, 0.0, 0.0, 0.0, 0.0, 0.0], "penalty_timestep_0": [-3.5999999999999996, -3.5999999999999996], "penalty_timestep_1": [-3.5999999999999996, -3.5999999999999996], "reward_lead_0": [-2.0000000000000004, -2.0000000000000004], "reward_lead_1": [2.0000000000000004, 2.0000000000000004], "payoff_total0": [-0.08120116994196762, -0.10659870171589061, -0.1319962334898136, -0.14829971019315494, -0.16460318689649628, -0.18090666359983762, -0.1849494317992889, -0.1889921999987402, -0.1930349681981915, -0.20275145418968904, -0.23821490212686278, -0.30234165752309416, -5.902341657523094, -5.983542827465062, -6.008940359238984, -6.034337891012908, -6.050641367716249, -6.06694484441959, -6.083248321122931, -6.087291089322383, -6.091333857521834, -6.095376625721285, -6.105093111712783, -6.140556559649957, -6.2046833150461875, -11.804683315046187], "payoff_total1": [-0.08120116994196762, -0.10659870171589061, -0.1319962334898136, -0.14829971019315494, -0.16460318689649628, -0.18090666359983762, -0.1849494317992889, -0.1889921999987402, -0.1930349681981915, -0.20275145418968904, -0.23821490212686278, -0.30234165752309416, -1.9023416575230934, -1.983542827465061, -2.008940359238984, -2.034337891012907, -2.0506413677162483, -2.0669448444195897, -2.083248321122931, -2.0872910893223824, -2.0913338575218337, -2.095376625721285, -2.1050931117127822, -2.140556559649956, -2.2046833150461875, -3.8046833150461863]}