{"runtime_game_length_10": 25.450494527816772, "runtime_game_length_9": 22.62213921546936, "runtime_game_length_8": 20.095155239105225, "runtime_game_length_7": 19.710418701171875, "runtime_game_length_6": 15.756476879119873, "runtime_game_length_5": 13.929285287857056, "runtime_game_length_4": 10.192049264907837, "runtime_game_length_3": 7.623184680938721, "runtime": 135.3799786567688, "winner": [1, 0], "T_terminal": 8, "trajectories": [[4.0, 1.0, 1.5707963267948966, 1.0, 4.0, 0.0, 0.0], [4.0, 2.0, 0.0, 2.0, 4.0, 0.0, 1.0], [5.0, 2.0, 0.0, 3.0, 4.0, 0.0, 2.0], [5.0, 2.0, 0.0, 4.0, 4.0, 0.0, 3.0], [6.0, 2.0, 0.0, 5.0, 4.0, 0.0, 4.0], [7.0, 2.0, 0.0, 6.0, 4.0, 0.0, 5.0], [8.0, 2.0, 0.0, 7.0, 4.0, 0.0, 6.0], [9.0, 2.0, 0.0, 8.0, 4.0, 0.0, 7.0], [10.0, 2.0, 4.71238898038469, 9.0, 4.0, 0.0, 8.0]], "penalty_distance_0": [0.0, 0.0, 0.0, 0.0, 0.0, 0.0, 0.0, 0.0], "penalty_distance_1": [-0.059105746561956225, -0.059105746561956225, -0.10687792566038574, -0.10687792566038574, -0.10687792566038574, -0.10687792566038574, -0.10687792566038574, -0.10687792566038574], "reward_progress_0": [0.0, 2.5, 0.0, 1.25, 1.0, 0.8333333333333334, 0.7142857142857143, 0.625], "reward_progress_1": [5.0, 2.5, 1.6666666666666667, 1.25, 1.0, 0.8333333333333334, 0.7142857142857143, 0.625], "penalty_agressor_0": [0.0, 0.0, 0.0, 0.0, 0.0, 0.0, 0.0, 0.0], "penalty_agressor_1": [0.0, 0.0, 0.0, 0.0, 0.0, 0.0, 0.0, 0.0], "penalty_timestep_0": [-0.8], "penalty_timestep_1": [-0.8], "reward_lead_0": [1.0], "reward_lead_1": [-1.0], "payoff_total_0": [0.0, 2.5, 2.5, 3.75, 4.75, 5.583333333333333, 6.2976190476190474, 6.9226190476190474, 7.122619047619048], "payoff_total_1": [4.940894253438044, 7.381788506876087, 8.941577247882368, 10.084699322221983, 10.977821396561597, 11.704276804234544, 12.311684592859873, 12.829806667199486, 11.029806667199486]}