{"2": {"0": {"[0.0, 0]": {"num_count": 370, "sum_payoffs": 39.61424998943598, "action": [0.0, 0]}, "[1.0, 0]": {"num_count": 1730, "sum_payoffs": 221.44649994094334, "action": [1.0, 0]}}, "1": {"[1.0, 0]": {"num_count": 1898, "sum_payoffs": 243.29696046143223, "action": [1.0, 0]}, "[0.0, 0]": {"num_count": 202, "sum_payoffs": 22.623789467651164, "action": [0.0, 0]}}}, "1": {"0": {"[1.0, 0]": {"num_count": 1902, "sum_payoffs": 262.9649999298828, "action": [1.0, 0]}, "[0.0, 0]": {"num_count": 198, "sum_payoffs": 23.482499993737935, "action": [0.0, 0]}}, "1": {"[1.0, 0]": {"num_count": 1896, "sum_payoffs": 260.8049999304587, "action": [1.0, 0]}, "[0.0, 0]": {"num_count": 204, "sum_payoffs": 23.212499993809942, "action": [0.0, 0]}}}}