{"2": {"0": {"[1.0, 0]": {"num_count": 547, "sum_payoffs": 2.4299999993520003, "action": [1.0, 0]}, "[0.0, 0]": {"num_count": 553, "sum_payoffs": 2.903684209752, "action": [0.0, 0]}}, "1": {"[1.0, 0]": {"num_count": 547, "sum_payoffs": 2.4299999993520003, "action": [1.0, 0]}, "[0.0, 0]": {"num_count": 553, "sum_payoffs": 2.903684209752, "action": [0.0, 0]}}}, "1": {"0": {"[0.0, 0]": {"num_count": 555, "sum_payoffs": 1.79999999952, "action": [0.0, 0]}, "[1.0, 0]": {"num_count": 545, "sum_payoffs": 0.89999999976, "action": [1.0, 0]}}, "1": {"[1.0, 0]": {"num_count": 545, "sum_payoffs": 0.89999999976, "action": [1.0, 0]}, "[0.0, 0]": {"num_count": 555, "sum_payoffs": 1.79999999952, "action": [0.0, 0]}}}}