{"runtime": 0.6264193058013916, "winner": [0, 1], "T_terminal": 12, "trajectories": [[1.0, 3.0, 0.0, 3.0, 3.0, 0.0, 0.0], [1.0, 3.0, 1.5707963267948966, 3.0, 3.0, 0.0, 1.0], [1.0000000000000002, 5.0, 0.0, 4.0, 3.0, 0.0, 2.0], [1.0000000000000002, 5.0, 4.71238898038469, 5.0, 3.0, 1.5707963267948966, 3.0], [1.0, 4.0, 3.141592653589793, 5.0, 4.0, 3.141592653589793, 4.0], [1.0, 4.0, 4.71238898038469, 4.0, 4.0, 4.71238898038469, 5.0], [1.0, 4.0, 3.141592653589793, 4.0, 3.0, 0.0, 6.0], [1.0, 4.0, 3.141592653589793, 5.0, 3.0, 4.71238898038469, 7.0], [1.0, 4.0, 4.71238898038469, 5.0, 3.0, 4.71238898038469, 8.0], [1.0, 4.0, 3.141592653589793, 5.0, 2.0, 3.141592653589793, 9.0], [1.0, 4.0, 1.5707963267948966, 4.0, 2.0, 4.71238898038469, 10.0], [1.0, 4.0, 3.141592653589793, 4.0, 1.0, 0.0, 11.0], [1.0, 4.0, 3.141592653589793, 5.0, 1.0, 1.5707963267948966, 12.0], [1.0, 3.0, 1.5707963267948966, 3.0, 3.0, 0.0, 1.0], [1.0000000000000002, 5.0, 0.0, 4.0, 3.0, 0.0, 2.0], [1.0000000000000002, 5.0, 4.71238898038469, 5.0, 3.0, 1.5707963267948966, 3.0], [1.0, 4.0, 3.141592653589793, 5.0, 4.0, 3.141592653589793, 4.0], [1.0, 4.0, 4.71238898038469, 4.0, 4.0, 4.71238898038469, 5.0], [1.0, 4.0, 3.141592653589793, 4.0, 3.0, 0.0, 6.0], [1.0, 4.0, 3.141592653589793, 5.0, 3.0, 4.71238898038469, 7.0], [1.0, 4.0, 4.71238898038469, 5.0, 3.0, 4.71238898038469, 8.0], [1.0, 4.0, 3.141592653589793, 5.0, 2.0, 3.141592653589793, 9.0], [1.0, 4.0, 1.5707963267948966, 4.0, 2.0, 4.71238898038469, 10.0], [1.0, 4.0, 3.141592653589793, 4.0, 1.0, 0.0, 11.0], [1.0, 4.0, 1.5707963267948966, 5.0, 1.0, 4.71238898038469, 12.0], [1.0, 3.0, 1.5707963267948966, 3.0, 3.0, 0.0, 1.0], [1.0000000000000002, 5.0, 0.0, 4.0, 3.0, 0.0, 2.0], [1.0000000000000002, 5.0, 4.71238898038469, 5.0, 3.0, 1.5707963267948966, 3.0], [1.0, 4.0, 3.141592653589793, 5.0, 4.0, 3.141592653589793, 4.0], [1.0, 4.0, 4.71238898038469, 4.0, 4.0, 4.71238898038469, 5.0], [1.0, 4.0, 3.141592653589793, 4.0, 3.0, 0.0, 6.0], [1.0, 4.0, 3.141592653589793, 5.0, 3.0, 4.71238898038469, 7.0], [1.0, 4.0, 4.71238898038469, 5.0, 3.0, 4.71238898038469, 8.0], [1.0, 4.0, 3.141592653589793, 5.0, 2.0, 3.141592653589793, 9.0], [1.0, 4.0, 1.5707963267948966, 4.0, 2.0, 4.71238898038469, 10.0], [1.0, 4.0, 3.141592653589793, 4.0, 1.0, 0.0, 11.0], [1.0, 4.0, 1.5707963267948966, 5.0, 1.0, 4.71238898038469, 12.0], [1.0, 3.0, 1.5707963267948966, 3.0, 3.0, 0.0, 1.0], [1.0000000000000002, 5.0, 0.0, 4.0, 3.0, 0.0, 2.0], [1.0000000000000002, 5.0, 4.71238898038469, 5.0, 3.0, 1.5707963267948966, 3.0], [1.0, 4.0, 3.141592653589793, 5.0, 4.0, 3.141592653589793, 4.0], [1.0, 4.0, 4.71238898038469, 4.0, 4.0, 4.71238898038469, 5.0], [1.0, 4.0, 3.141592653589793, 4.0, 3.0, 0.0, 6.0], [1.0, 4.0, 3.141592653589793, 5.0, 3.0, 4.71238898038469, 7.0], [1.0, 4.0, 4.71238898038469, 5.0, 3.0, 4.71238898038469, 8.0], [1.0, 4.0, 3.141592653589793, 5.0, 2.0, 3.141592653589793, 9.0], [1.0, 4.0, 1.5707963267948966, 4.0, 2.0, 4.71238898038469, 10.0], [1.0, 4.0, 3.141592653589793, 4.0, 1.0, 0.0, 11.0], [1.0, 4.0, 4.71238898038469, 5.0, 1.0, 1.5707963267948966, 12.0], [1.0, 3.0, 1.5707963267948966, 3.0, 3.0, 0.0, 1.0], [1.0000000000000002, 5.0, 0.0, 4.0, 3.0, 0.0, 2.0], [1.0000000000000002, 5.0, 4.71238898038469, 5.0, 3.0, 1.5707963267948966, 3.0], [1.0, 4.0, 3.141592653589793, 5.0, 4.0, 3.141592653589793, 4.0], [1.0, 4.0, 4.71238898038469, 4.0, 4.0, 4.71238898038469, 5.0], [1.0, 4.0, 3.141592653589793, 4.0, 3.0, 0.0, 6.0], [1.0, 4.0, 3.141592653589793, 5.0, 3.0, 4.71238898038469, 7.0], [1.0, 4.0, 4.71238898038469, 5.0, 3.0, 4.71238898038469, 8.0], [1.0, 4.0, 3.141592653589793, 5.0, 2.0, 3.141592653589793, 9.0], [1.0, 4.0, 1.5707963267948966, 4.0, 2.0, 4.71238898038469, 10.0], [1.0, 4.0, 3.141592653589793, 4.0, 1.0, 0.0, 11.0], [1.0, 4.0, 4.71238898038469, 5.0, 1.0, 1.5707963267948966, 12.0]], "penalty_distance_0": [-0.04060058497098381, -0.008151738351670669, -0.003426867298040082, -0.005494691666620253, -0.014936120510359183, -0.012698765886961496, -0.004858242995748769, -0.004858242995748769, -0.003426867298040082, -0.008151738351670669, -0.004310878827131727, -0.00202138409972564, -0.04060058497098381, -0.008151738351670669, -0.003426867298040082, -0.005494691666620253, -0.014936120510359183, -0.012698765886961496, -0.004858242995748769, -0.004858242995748769, -0.003426867298040082, -0.008151738351670669, -0.004310878827131727, -0.00202138409972564, -0.04060058497098381, -0.008151738351670669, -0.003426867298040082, -0.005494691666620253, -0.014936120510359183, -0.012698765886961496, -0.004858242995748769, -0.004858242995748769, -0.003426867298040082, -0.008151738351670669, -0.004310878827131727, -0.00202138409972564, -0.04060058497098381, -0.008151738351670669, -0.003426867298040082, -0.005494691666620253, -0.014936120510359183, -0.012698765886961496, -0.004858242995748769, -0.004858242995748769, -0.003426867298040082, -0.008151738351670669, -0.004310878827131727, -0.00202138409972564, -0.04060058497098381, -0.008151738351670669, -0.003426867298040082, -0.005494691666620253, -0.014936120510359183, -0.012698765886961496, -0.004858242995748769, -0.004858242995748769, -0.003426867298040082, -0.008151738351670669, -0.004310878827131727, -0.00202138409972564], "penalty_distance_1": [-0.04060058497098381, -0.008151738351670669, -0.003426867298040082, -0.005494691666620253, -0.014936120510359183, -0.012698765886961496, -0.004858242995748769, -0.004858242995748769, -0.003426867298040082, -0.008151738351670669, -0.004310878827131727, -0.00202138409972564, -0.04060058497098381, -0.008151738351670669, -0.003426867298040082, -0.005494691666620253, -0.014936120510359183, -0.012698765886961496, -0.004858242995748769, -0.004858242995748769, -0.003426867298040082, -0.008151738351670669, -0.004310878827131727, -0.00202138409972564, -0.04060058497098381, -0.008151738351670669, -0.003426867298040082, -0.005494691666620253, -0.014936120510359183, -0.012698765886961496, -0.004858242995748769, -0.004858242995748769, -0.003426867298040082, -0.008151738351670669, -0.004310878827131727, -0.00202138409972564, -0.04060058497098381, -0.008151738351670669, -0.003426867298040082, -0.005494691666620253, -0.014936120510359183, -0.012698765886961496, -0.004858242995748769, -0.004858242995748769, -0.003426867298040082, -0.008151738351670669, -0.004310878827131727, -0.00202138409972564, -0.04060058497098381, -0.008151738351670669, -0.003426867298040082, -0.005494691666620253, -0.014936120510359183, -0.012698765886961496, -0.004858242995748769, -0.004858242995748769, -0.003426867298040082, -0.008151738351670669, -0.004310878827131727, -0.00202138409972564], "reward_progress_0": [0.0, 0.0, 0.0, -0.0, 0.0, 0.0, 0.0, 0.0, 0.0, 0.0, 0.0, 0.0, 0.0, 0.0, 0.0, -0.0, 0.0, 0.0, 0.0, 0.0, 0.0, 0.0, 0.0, 0.0, 0.0, 0.0, 0.0, -0.0, 0.0, 0.0, 0.0, 0.0, 0.0, 0.0, 0.0, 0.0, 0.0, 0.0, 0.0, -0.0, 0.0, 0.0, 0.0, 0.0, 0.0, 0.0, 0.0, 0.0, 0.0, 0.0, 0.0, -0.0, 0.0, 0.0, 0.0, 0.0, 0.0, 0.0, 0.0, 0.0], "reward_progress_1": [0.0, 0.0, 0.0, 0.0, -0.0, 0.0, 0.0, 0.0, 0.0, -0.0, 0.0, 0.0, 0.0, 0.0, 0.0, 0.0, -0.0, 0.0, 0.0, 0.0, 0.0, -0.0, 0.0, 0.0, 0.0, 0.0, 0.0, 0.0, -0.0, 0.0, 0.0, 0.0, 0.0, -0.0, 0.0, 0.0, 0.0, 0.0, 0.0, 0.0, -0.0, 0.0, 0.0, 0.0, 0.0, -0.0, 0.0, 0.0, 0.0, 0.0, 0.0, 0.0, -0.0, 0.0, 0.0, 0.0, 0.0, -0.0, 0.0, 0.0], "penalty_agressor_0": [0.0, 0.0, 0.0, 0.0, 0.0, 0.0, 0.0, 0.0, 0.0, 0.0, 0.0, 0.0, 0.0, 0.0, 0.0, 0.0, 0.0, 0.0, 0.0, 0.0, 0.0, 0.0, 0.0, 0.0, 0.0, 0.0, 0.0, 0.0, 0.0, 0.0, 0.0, 0.0, 0.0, 0.0, 0.0, 0.0, 0.0, 0.0, 0.0, 0.0, 0.0, 0.0, 0.0, 0.0, 0.0, 0.0, 0.0, 0.0, 0.0, 0.0, 0.0, 0.0, 0.0, 0.0, 0.0, 0.0, 0.0, 0.0, 0.0, 0.0], "penalty_agressor_1": [0.0, 0.0, 0.0, 0.0, 0.0, 0.0, 0.0, 0.0, 0.0, 0.0, 0.0, 0.0, 0.0, 0.0, 0.0, 0.0, 0.0, 0.0, 0.0, 0.0, 0.0, 0.0, 0.0, 0.0, 0.0, 0.0, 0.0, 0.0, 0.0, 0.0, 0.0, 0.0, 0.0, 0.0, 0.0, 0.0, 0.0, 0.0, 0.0, 0.0, 0.0, 0.0, 0.0, 0.0, 0.0, 0.0, 0.0, 0.0, 0.0, 0.0, 0.0, 0.0, 0.0, 0.0, 0.0, 0.0, 0.0, 0.0, 0.0, 0.0], "penalty_timestep_0": [-10.8, -10.8, -10.8, -10.8, -10.8],