{"2": {"0": {"[0.0, 0]": {"num_count": 543, "sum_payoffs": 2.519999998488, "action": [0.0, 0]}, "[1.0, 0]": {"num_count": 557, "sum_payoffs": 3.756315787219895, "action": [1.0, 0]}}, "1": {"[1.0, 0]": {"num_count": 557, "sum_payoffs": 3.756315787219895, "action": [1.0, 0]}, "[0.0, 0]": {"num_count": 543, "sum_payoffs": 2.519999998488, "action": [0.0, 0]}}}, "1": {"0": {"[1.0, 0]": {"num_count": 555, "sum_payoffs": 1.79999999892, "action": [1.0, 0]}, "[0.0, 0]": {"num_count": 545, "sum_payoffs": 0.89999999946, "action": [0.0, 0]}}, "1": {"[0.0, 0]": {"num_count": 545, "sum_payoffs": 0.89999999946, "action": [0.0, 0]}, "[1.0, 0]": {"num_count": 555, "sum_payoffs": 1.79999999892, "action": [1.0, 0]}}}}