{"alphat_eff_gamelength_2": {"mean": 1.0, "variance": 0.0}, "runtime_gamelength_2": {"mean": 0.2502082109451294, "variance": 0.00024086828872270876}, "max_timestep": {"mean": 1.0, "variance": 0.0}, "alphat_eff_gamelength_1": {"mean": 0.75, "variance": 0.0625}, "runtime_gamelength_1": {"mean": 0.16683800220489503, "variance": 3.133000158243249e-05}, "winner": {"mean": [0.2, 0.3], "variance": [0.16000000000000006, 0.21000000000000002]}, "runtime": {"mean": 0.4172938108444214, "variance": 0.0002843124644920181}, "T_terminal": {"mean": 2.0, "variance": 0.0}, "trajectory_0": {"mean": [[1.0, 0.0, 1.5707963267948966, 0.0], [1.0, 0.7, 1.5707963267948966, 1.0], [1.0, 1.4, 1.5707963267948966, 2.0]], "variance": [[0.0, 0.0, 0.0, 0.0], [0.0, 0.21000000000000002, 0.0, 0.0], [0.0, 0.8400000000000001, 0.0, 0.0]]}, "trajectory_1": {"mean": [[0.0, 1.0, 0.0, 0.0], [0.8, 1.0, 0.0, 1.0], [1.6, 1.0, 0.0, 2.0]], "variance": [[0.0, 0.0, 0.0, 0.0], [0.16000000000000006, 0.0, 0.0, 0.0], [0.6400000000000002, 0.0, 0.0, 0.0]]}, "coll_payoff_0": {"mean": [0.5, 0.5], "variance": [0.25, 0.25]}, "coll_payoff_1": {"mean": [0.5, 0.5], "variance": [0.25, 0.25]}, "payoff_total": {"mean": [[0.49999999988749994, 0.49999999988749994], [0.5263157893552631, 0.5263157893552631]], "variance": [[0.2499999998875, 0.2499999998875], [0.27700831012465377, 0.27700831012465377]]}, "final_lead_payoff_0": {"mean": [0.45], "variance": [0.12250000000000001]}, "final_lead_payoff_1": {"mean": [0.55], "variance": [0.12249999999999998]}}