{"2": {"0": {"[1.0, 1.5707963267948966]": {"num_count": 118, "sum_payoffs": 26.039806179589824, "action": [1.0, 1.5707963267948966]}, "[2.0, 1.5707963267948966]": {"num_count": 127, "sum_payoffs": 29.718944870482314, "action": [2.0, 1.5707963267948966]}, "[2.0, -1.5707963267948966]": {"num_count": 126, "sum_payoffs": 29.411815826356317, "action": [2.0, -1.5707963267948966]}, "[0.0, 0.0]": {"num_count": 120, "sum_payoffs": 26.954185946110258, "action": [0.0, 0.0]}, "[0.0, -1.5707963267948966]": {"num_count": 108, "sum_payoffs": 22.256263169124523, "action": [0.0, -1.5707963267948966]}, "[2.0, 0.0]": {"num_count": 147, "sum_payoffs": 37.88334093199594, "action": [2.0, 0.0]}, "[0.0, 1.5707963267948966]": {"num_count": 110, "sum_payoffs": 23.073245981929716, "action": [0.0, 1.5707963267948966]}, "[1.0, -1.5707963267948966]": {"num_count": 117, "sum_payoffs": 25.721161154333124, "action": [1.0, -1.5707963267948966]}, "[1.0, 0.0]": {"num_count": 127, "sum_payoffs": 29.61193315898273, "action": [1.0, 0.0]}}, "1": {"[1.0, 1.5707963267948966]": {"num_count": 117, "sum_payoffs": 34.28785606631457, "action": [1.0, 1.5707963267948966]}, "[2.0, 0.0]": {"num_count": 150, "sum_payoffs": 49.93840035681687, "action": [2.0, 0.0]}, "[0.0, 0.0]": {"num_count": 117, "sum_payoffs": 34.23005887797637, "action": [0.0, 0.0]}, "[1.0, -1.5707963267948966]": {"num_count": 114, "sum_payoffs": 32.86530647177659, "action": [1.0, -1.5707963267948966]}, "[2.0, 1.5707963267948966]": {"num_count": 128, "sum_payoffs": 39.328922488795364, "action": [2.0, 1.5707963267948966]}, "[2.0, -1.5707963267948966]": {"num_count": 129, "sum_payoffs": 39.81281097925931, "action": [2.0, -1.5707963267948966]}, "[0.0, 1.5707963267948966]": {"num_count": 106, "sum_payoffs": 29.154009946734043, "action": [0.0, 1.5707963267948966]}, "[0.0, -1.5707963267948966]": {"num_count": 103, "sum_payoffs": 27.699628442073113, "action": [0.0, -1.5707963267948966]}, "[1.0, 0.0]": {"num_count": 136, "sum_payoffs": 43.23039566465292, "action": [1.0, 0.0]}}}}