{"2": {"0": {"[0.0, 0]": {"num_count": 542, "sum_payoffs": 83.539717086467, "action": [0.0, 0]}, "[1.0, 0]": {"num_count": 1058, "sum_payoffs": 212.73128284687394, "action": [1.0, 0]}}, "1": {"[0.0, 0]": {"num_count": 547, "sum_payoffs": 85.27109208607742, "action": [0.0, 0]}, "[1.0, 0]": {"num_count": 1053, "sum_payoffs": 212.45790784693514, "action": [1.0, 0]}}}, "1": {"0": {"[0.0, 0]": {"num_count": 646, "sum_payoffs": 121.03874997276658, "action": [0.0, 0]}, "[1.0, 0]": {"num_count": 954, "sum_payoffs": 204.20999995405018, "action": [1.0, 0]}}, "1": {"[0.0, 0]": {"num_count": 648, "sum_payoffs": 121.54499997265269, "action": [0.0, 0]}, "[1.0, 0]": {"num_count": 952, "sum_payoffs": 203.90624995411855, "action": [1.0, 0]}}}}