{"8": {"0": {"[1.0, 1.5707963267948966]": {"num_count": 343, "sum_payoffs": 86.3303374676477, "action": [1.0, 1.5707963267948966]}, "[2.0, 1.5707963267948966]": {"num_count": 356, "sum_payoffs": 90.96148226162099, "action": [2.0, 1.5707963267948966]}, "[1.0, 0.0]": {"num_count": 351, "sum_payoffs": 89.13445142517763, "action": [1.0, 0.0]}, "[0.0, -1.5707963267948966]": {"num_count": 329, "sum_payoffs": 81.25934267803748, "action": [0.0, -1.5707963267948966]}, "[0.0, 1.5707963267948966]": {"num_count": 318, "sum_payoffs": 77.33479023878859, "action": [0.0, 1.5707963267948966]}, "[2.0, 0.0]": {"num_count": 351, "sum_payoffs": 89.18489006612769, "action": [2.0, 0.0]}, "[1.0, -1.5707963267948966]": {"num_count": 353, "sum_payoffs": 89.90681687433802, "action": [1.0, -1.5707963267948966]}, "[2.0, -1.5707963267948966]": {"num_count": 367, "sum_payoffs": 94.92469248200057, "action": [2.0, -1.5707963267948966]}, "[0.0, 0.0]": {"num_count": 332, "sum_payoffs": 82.34541328252487, "action": [0.0, 0.0]}}, "1": {"[0.0, -1.5707963267948966]": {"num_count": 304, "sum_payoffs": 89.3486587764166, "action": [0.0, -1.5707963267948966]}, "[0.0, 0.0]": {"num_count": 316, "sum_payoffs": 94.2895311270082, "action": [0.0, 0.0]}, "[1.0, 0.0]": {"num_count": 359, "sum_payoffs": 112.10692694202396, "action": [1.0, 0.0]}, "[2.0, 1.5707963267948966]": {"num_count": 375, "sum_payoffs": 118.74705999041709, "action": [2.0, 1.5707963267948966]}, "[1.0, 1.5707963267948966]": {"num_count": 344, "sum_payoffs": 105.86169224369219, "action": [1.0, 1.5707963267948966]}, "[0.0, 1.5707963267948966]": {"num_count": 292, "sum_payoffs": 84.33593797951772, "action": [0.0, 1.5707963267948966]}, "[2.0, 0.0]": {"num_count": 395, "sum_payoffs": 127.2198523359974, "action": [2.0, 0.0]}, "[1.0, -1.5707963267948966]": {"num_count": 342, "sum_payoffs": 104.91352864455412, "action": [1.0, -1.5707963267948966]}, "[2.0, -1.5707963267948966]": {"num_count": 373, "sum_payoffs": 117.94613238806511, "action": [2.0, -1.5707963267948966]}}}}