{"alphat_eff_gamelength_1": {"mean": 0.15384615384615383, "variance": 7.703719777548943e-34}, "runtime_gamelength_1": {"mean": 0.10035843849182129, "variance": 2.3283107404949986e-05}, "max_timestep": {"mean": 1.0, "variance": 0.0}, "winner": {"mean": [0.0, 0.0], "variance": [0.0, 0.0]}, "runtime": {"mean": 0.1006734848022461, "variance": 2.35778765249961e-05}, "T_terminal": {"mean": 1.0, "variance": 0.0}, "trajectory_0": {"mean": [[1.0, 3.0, 0.0, 0.0], [3.0, 3.0, 0.15707963267948966, 1.0]], "variance": [[0.0, 0.0, 0.0, 0.0], [0.0, 0.0, 1.2090265391334463, 0.0]]}, "trajectory_1": {"mean": [[3.0, 3.0, 0.0, 0.0], [3.4, 3.0, -0.6283185307179586, 1.0]], "variance": [[0.0, 0.0, 0.0, 0.0], [0.24000000000000005, 0.0, 0.5921762640653614, 0.0]]}, "coll_payoff_0": {"mean": [0.4], "variance": [0.24000000000000005]}, "lead_payoff_0": {"mean": [0.8666666666666666], "variance": [0.026666666666666672]}, "coll_payoff_1": {"mean": [0.4], "variance": [0.24000000000000005]}, "lead_payoff_1": {"mean": [0.13333333333333333], "variance": [0.026666666666666665]}, "payoff_total": {"mean": [[0.5352490420669413, 0.4314176244536144]], "variance": [[0.0018637424578865267, 0.014430792263199432]]}, "final_lead_payoff_0": {"mean": [0.4862068965517242], "variance": [0.00028537455410225954]}, "final_lead_payoff_1": {"mean": [0.5137931034482758], "variance": [0.00028537455410225857]}}