{"runtime": 0.6489336490631104, "winner": [0, 1], "T_terminal": 12, "trajectories": [[1.0, 3.0, 0.0, 3.0, 3.0, 0.0, 0.0], [2.0, 3.0, 4.71238898038469, 4.0, 3.0, 0.0, 1.0], [1.9999999999999996, 1.0, 4.71238898038469, 4.0, 3.0, 0.0, 2.0], [1.9999999999999996, 1.0, 0.0, 4.0, 3.0, 1.5707963267948966, 3.0], [1.9999999999999996, 1.0, 4.71238898038469, 4.0, 3.0, 3.141592653589793, 4.0], [1.9999999999999996, 1.0, 4.71238898038469, 4.0, 3.0, 3.141592653589793, 5.0], [1.9999999999999996, 1.0, 3.141592653589793, 3.0, 3.0, 1.5707963267948966, 6.0], [1.9999999999999996, 1.0, 1.5707963267948966, 3.0, 4.0, 3.141592653589793, 7.0], [1.9999999999999996, 2.0, 0.0, 2.0, 4.0, 1.5707963267948966, 8.0], [2.9999999999999996, 2.0, 1.5707963267948966, 2.0, 5.0, 0.0, 9.0], [2.9999999999999996, 3.0, 1.5707963267948966, 3.0, 5.0, 1.5707963267948966, 10.0], [2.9999999999999996, 4.0, 3.141592653589793, 3.0, 5.0, 0.0, 11.0], [2.9999999999999996, 4.0, 1.5707963267948966, 3.0, 5.0, 1.5707963267948966, 12.0], [2.0, 3.0, 4.71238898038469, 4.0, 3.0, 0.0, 1.0], [1.9999999999999996, 1.0, 4.71238898038469, 4.0, 3.0, 0.0, 2.0], [1.9999999999999996, 1.0, 0.0, 4.0, 3.0, 1.5707963267948966, 3.0], [1.9999999999999996, 1.0, 4.71238898038469, 4.0, 3.0, 3.141592653589793, 4.0], [1.9999999999999996, 1.0, 4.71238898038469, 4.0, 3.0, 3.141592653589793, 5.0], [1.9999999999999996, 1.0, 3.141592653589793, 3.0, 3.0, 1.5707963267948966, 6.0], [1.9999999999999996, 1.0, 1.5707963267948966, 3.0, 4.0, 3.141592653589793, 7.0], [1.9999999999999996, 2.0, 0.0, 2.0, 4.0, 1.5707963267948966, 8.0], [2.9999999999999996, 2.0, 1.5707963267948966, 2.0, 5.0, 0.0, 9.0], [2.9999999999999996, 3.0, 1.5707963267948966, 3.0, 5.0, 1.5707963267948966, 10.0], [2.9999999999999996, 4.0, 3.141592653589793, 3.0, 5.0, 0.0, 11.0], [2.9999999999999996, 4.0, 1.5707963267948966, 3.0, 5.0, 1.5707963267948966, 12.0], [2.0, 3.0, 4.71238898038469, 4.0, 3.0, 0.0, 1.0], [1.9999999999999996, 1.0, 4.71238898038469, 4.0, 3.0, 0.0, 2.0], [1.9999999999999996, 1.0, 0.0, 4.0, 3.0, 1.5707963267948966, 3.0], [1.9999999999999996, 1.0, 4.71238898038469, 4.0, 3.0, 3.141592653589793, 4.0], [1.9999999999999996, 1.0, 4.71238898038469, 4.0, 3.0, 3.141592653589793, 5.0], [1.9999999999999996, 1.0, 3.141592653589793, 3.0, 3.0, 1.5707963267948966, 6.0], [1.9999999999999996, 1.0, 1.5707963267948966, 3.0, 4.0, 3.141592653589793, 7.0], [1.9999999999999996, 2.0, 0.0, 2.0, 4.0, 1.5707963267948966, 8.0], [2.9999999999999996, 2.0, 1.5707963267948966, 2.0, 5.0, 0.0, 9.0], [2.9999999999999996, 3.0, 1.5707963267948966, 3.0, 5.0, 1.5707963267948966, 10.0], [2.9999999999999996, 4.0, 3.141592653589793, 3.0, 5.0, 0.0, 11.0], [2.9999999999999996, 4.0, 1.5707963267948966, 3.0, 5.0, 1.5707963267948966, 12.0], [2.0, 3.0, 4.71238898038469, 4.0, 3.0, 0.0, 1.0], [1.9999999999999996, 1.0, 4.71238898038469, 4.0, 3.0, 0.0, 2.0], [1.9999999999999996, 1.0, 0.0, 4.0, 3.0, 1.5707963267948966, 3.0], [1.9999999999999996, 1.0, 4.71238898038469, 4.0, 3.0, 3.141592653589793, 4.0], [1.9999999999999996, 1.0, 4.71238898038469, 4.0, 3.0, 3.141592653589793, 5.0], [1.9999999999999996, 1.0, 3.141592653589793, 3.0, 3.0, 1.5707963267948966, 6.0], [1.9999999999999996, 1.0, 1.5707963267948966, 3.0, 4.0, 3.141592653589793, 7.0], [1.9999999999999996, 2.0, 0.0, 2.0, 4.0, 1.5707963267948966, 8.0], [2.9999999999999996, 2.0, 1.5707963267948966, 2.0, 5.0, 0.0, 9.0], [2.9999999999999996, 3.0, 1.5707963267948966, 3.0, 5.0, 1.5707963267948966, 10.0], [2.9999999999999996, 4.0, 3.141592653589793, 3.0, 5.0, 0.0, 11.0], [2.9999999999999996, 4.0, 1.5707963267948966, 4.0, 5.0, 4.71238898038469, 12.0], [2.0, 3.0, 4.71238898038469, 4.0, 3.0, 0.0, 1.0], [1.9999999999999996, 1.0, 4.71238898038469, 4.0, 3.0, 0.0, 2.0], [1.9999999999999996, 1.0, 0.0, 4.0, 3.0, 1.5707963267948966, 3.0], [1.9999999999999996, 1.0, 4.71238898038469, 4.0, 3.0, 3.141592653589793, 4.0], [1.9999999999999996, 1.0, 4.71238898038469, 4.0, 3.0, 3.141592653589793, 5.0], [1.9999999999999996, 1.0, 3.141592653589793, 3.0, 3.0, 1.5707963267948966, 6.0], [1.9999999999999996, 1.0, 1.5707963267948966, 3.0, 4.0, 3.141592653589793, 7.0], [1.9999999999999996, 2.0, 0.0, 2.0, 4.0, 1.5707963267948966, 8.0], [2.9999999999999996, 2.0, 1.5707963267948966, 2.0, 5.0, 0.0, 9.0], [2.9999999999999996, 3.0, 1.5707963267948966, 3.0, 5.0, 1.5707963267948966, 10.0], [2.9999999999999996, 4.0, 3.141592653589793, 3.0, 5.0, 0.0, 11.0], [1.9999999999999996, 4.0, 1.5707963267948966, 4.0, 5.0, 4.71238898038469, 12.0]], "penalty_distance_0": [0.0, 0.0, 0.0, 0.0, 0.0, 0.0, 0.0, 0.0, 0.0, 0.0, 0.0, 0.0, 0.0, 0.0, 0.0, 0.0, 0.0, 0.0, 0.0, 0.0, 0.0, 0.0, 0.0, 0.0, 0.0, 0.0, 0.0, 0.0, 0.0, 0.0, 0.0, 0.0, 0.0, 0.0, 0.0, 0.0, 0.0, 0.0, 0.0, 0.0, 0.0, 0.0, 0.0, 0.0, 0.0, 0.0, 0.0, 0.0, 0.0, 0.0, 0.0, 0.0, 0.0, 0.0, 0.0, 0.0, 0.0, 0.0, 0.0, 0.0], "penalty_distance_1": [0.0, 0.0, 0.0, 0.0, 0.0, 0.0, 0.0, 0.0, 0.0, 0.0, 0.0, 0.0, 0.0, 0.0, 0.0, 0.0, 0.0, 0.0, 0.0, 0.0, 0.0, 0.0, 0.0, 0.0, 0.0, 0.0, 0.0, 0.0, 0.0, 0.0, 0.0, 0.0, 0.0, 0.0, 0.0, 0.0, 0.0, 0.0, 0.0, 0.0, 0.0, 0.0, 0.0, 0.0, 0.0, 0.0, 0.0, 0.0, 0.0, 0.0, 0.0, 0.0, 0.0, 0.0, 0.0, 0.0, 0.0, 0.0, 0.0, 0.0], "reward_progress_0": [0.0, -0.0, 0.0, 0.0, 0.0, 0.0, 0.0, 0.0, 0.0, 0.0, 0.0, 0.0, 0.0, -0.0, 0.0, 0.0, 0.0, 0.0, 0.0, 0.0, 0.0, 0.0, 0.0, 0.0, 0.0, -0.0, 0.0, 0.0, 0.0, 0.0, 0.0, 0.0, 0.0, 0.0, 0.0, 0.0, 0.0, -0.0, 0.0, 0.0, 0.0, 0.0, 0.0, 0.0, 0.0, 0.0, 0.0, 0.0, 0.0, -0.0, 0.0, 0.0, 0.0, 0.0, 0.0, 0.0, 0.0, 0.0, 0.0, -0.0], "reward_progress_1": [0.0, 0.0, 0.0, 0.0, 0.0, -0.0, 0.0, -0.0, 0.0, 0.0, 0.0, 0.0, 0.0, 0.0, 0.0, 0.0, 0.0, -0.0, 0.0, -0.0, 0.0, 0.0, 0.0, 0.0, 0.0, 0.0, 0.0, 0.0, 0.0, -0.0, 0.0, -0.0, 0.0, 0.0, 0.0, 0.0, 0.0, 0.0, 0.0, 0.0, 0.0, -0.0, 0.0, -0.0, 0.0, 0.0, 0.0, 0.0, 0.0, 0.0, 0.0, 0.0, 0.0, -0.0, 0.0, -0.0, 0.0, 0.0, 0.0, 0.0], "penalty_agressor_0": [0.0, 0.0, 0.0, 0.0, 0.0, 0.0, 0.0, 0.0, 0.0, 0.0, 0.0, 0.0, 0.0, 0.0, 0.0, 0.0, 0.0, 0.0, 0.0, 0.0, 0.0, 0.0, 0.0, 0.0, 0.0, 0.0, 0.0, 0.0, 0.0, 0.0, 0.0, 0.0, 0.0, 0.0, 0.0, 0.0, 0.0, 0.0, 0.0, 0.0, 0.0, 0.0, 0.0, 0.0, 0.0, 0.0, 0.0, 0.0, 0.0, 0.0, 0.0, 0.0, 0.0, 0.0, 0.0, 0.0, 0.0, 0.0, 0.0, 0.0], "penalty_agressor_1": [0.0, 0.0, 0.0, 0.0, 0.0, 0.0, 0.0, 0.0, 0.0, 0.0, 0.0, 0.0, 0.0, 0.0, 0.0, 0.0, 0.0, 0.0, 0.0, 0.0, 0.0, 0.0, 0.0, 0.0, 0.0, 0.0, 0.0, 0.0, 0.0, 0.0, 0.0, 0.0, 0.0, 0.0, 0.0, 0.0, 0.0, 0.0, 0.0, 0.0, 0.0, 0.0, 0.0, 0.0, 0.0, 0.0, 0.0, 0.0, 0.0, 0.0, 0.0, 0.0, 0.0, 0.0, 0.0, 0.0, 0.0, 0.0, 0.0, 0.0], "penalty_timestep_0": [-3.5999999999999996, -3.5999999999999996, -3.5999999999999996, -3.5999999999999996, -3.5999999999999996], "penalty_timestep_1": [-3.5999999999999996, -3.5999999999999996, -3.5999999999999996, -3.5999999999999996, -3.5999999999999996], "reward_lead_0": [-4.440892098500626e-16, -4.440892098500626e-16, -4.440892098500626e-16, -1.0000000000000004, -2.0000000000000004], "reward_lead_1": [4.440892098500626e-16, 4.440892098500626e-16, 4.440892098500626e-16, 1.0000000000000004, 2.0000000000000004], "payoff_total0": [0.0, 0.0, 0.0, 0.0, 0.0, 0.0, 0.0, 0.0, 0.0, 0.0, 0.0, 0.0, -3.6, -3.6, -3.6, -3.6, -3.6, -3.6, -3.6, -3.6, -3.6, -3.6, -3.6, -3.6, -3.6, -7.2, -7.2, -7.2, -7.2, -7.2, -7.2, -7.2, -7.2, -7.2, -7.2, -7.2, -7.2, -7.2, -10.8, -10.8, -10.8, -10.8, -10.8, -10.8, -10.8, -10.8, -10.8, -10.8, -10.8, -10.8, -10.8, -15.4, -15.4, -15.4, -15.4, -15.4, -15.4, -15.4, -15.4, -15.4, -15.4, -15.4, -15.4, -15.4, -21.000000000000004],