{"4": {"0": {"[1.0, 0.0]": {"num_count": 12, "sum_payoffs": 4.261801003376722, "action": [1.0, 0.0]}, "[1.0, -1.5707963267948966]": {"num_count": 11, "sum_payoffs": 3.646321556160112, "action": [1.0, -1.5707963267948966]}, "[0.0, 0.0]": {"num_count": 11, "sum_payoffs": 3.8323147053368696, "action": [0.0, 0.0]}, "[2.0, -1.5707963267948966]": {"num_count": 10, "sum_payoffs": 3.0855249999693233, "action": [2.0, -1.5707963267948966]}, "[1.0, 1.5707963267948966]": {"num_count": 12, "sum_payoffs": 4.341169807848706, "action": [1.0, 1.5707963267948966]}, "[0.0, -1.5707963267948966]": {"num_count": 11, "sum_payoffs": 3.675598479448131, "action": [0.0, -1.5707963267948966]}, "[2.0, 0.0]": {"num_count": 11, "sum_payoffs": 3.5459519838772073, "action": [2.0, 0.0]}, "[0.0, 1.5707963267948966]": {"num_count": 11, "sum_payoffs": 3.803043727973627, "action": [0.0, 1.5707963267948966]}, "[2.0, 1.5707963267948966]": {"num_count": 11, "sum_payoffs": 3.612986972007648, "action": [2.0, 1.5707963267948966]}}, "1": {"[1.0, 1.5707963267948966]": {"num_count": 11, "sum_payoffs": 4.649749508857456, "action": [1.0, 1.5707963267948966]}, "[0.0, 1.5707963267948966]": {"num_count": 10, "sum_payoffs": 3.45974361029774, "action": [0.0, 1.5707963267948966]}, "[1.0, 0.0]": {"num_count": 12, "sum_payoffs": 5.354915861183172, "action": [1.0, 0.0]}, "[2.0, 1.5707963267948966]": {"num_count": 12, "sum_payoffs": 5.2334901249413335, "action": [2.0, 1.5707963267948966]}, "[0.0, 0.0]": {"num_count": 11, "sum_payoffs": 4.5906600951033205, "action": [0.0, 0.0]}, "[1.0, -1.5707963267948966]": {"num_count": 11, "sum_payoffs": 4.497784505888539, "action": [1.0, -1.5707963267948966]}, "[0.0, -1.5707963267948966]": {"num_count": 10, "sum_payoffs": 3.619832579828982, "action": [0.0, -1.5707963267948966]}, "[2.0, 0.0]": {"num_count": 12, "sum_payoffs": 5.346139560336457, "action": [2.0, 0.0]}, "[2.0, -1.5707963267948966]": {"num_count": 11, "sum_payoffs": 4.68482529295556, "action": [2.0, -1.5707963267948966]}}}}