{"2": {"0": {"[0.0, 0]": {"num_count": 282, "sum_payoffs": 5.039999998866, "action": [0.0, 0]}, "[1.0, 0]": {"num_count": 318, "sum_payoffs": 5.286315788284263, "action": [1.0, 0]}}, "1": {"[1.0, 0]": {"num_count": 309, "sum_payoffs": 6.186315788081763, "action": [1.0, 0]}, "[0.0, 0]": {"num_count": 291, "sum_payoffs": 4.1399999990685, "action": [0.0, 0]}}}, "1": {"0": {"[0.0, 0]": {"num_count": 268, "sum_payoffs": 0.8999999997975, "action": [0.0, 0]}, "[1.0, 0]": {"num_count": 332, "sum_payoffs": 1.799999999595, "action": [1.0, 0]}}, "1": {"[1.0, 0]": {"num_count": 313, "sum_payoffs": 1.799999999595, "action": [1.0, 0]}, "[0.0, 0]": {"num_count": 287, "sum_payoffs": 0.8999999997975, "action": [0.0, 0]}}}}