{"2": {"0": {"[2.0, -1.5707963267948966]": {"num_count": 562, "sum_payoffs": 127.98003170199418, "action": [2.0, -1.5707963267948966]}, "[1.0, 0.0]": {"num_count": 577, "sum_payoffs": 132.69251241740648, "action": [1.0, 0.0]}, "[1.0, 1.5707963267948966]": {"num_count": 469, "sum_payoffs": 99.14825194452388, "action": [1.0, 1.5707963267948966]}, "[0.0, -1.5707963267948966]": {"num_count": 403, "sum_payoffs": 79.16118026630794, "action": [0.0, -1.5707963267948966]}, "[2.0, 1.5707963267948966]": {"num_count": 558, "sum_payoffs": 126.74293286031327, "action": [2.0, 1.5707963267948966]}, "[0.0, 1.5707963267948966]": {"num_count": 399, "sum_payoffs": 77.97329594778849, "action": [0.0, 1.5707963267948966]}, "[2.0, 0.0]": {"num_count": 694, "sum_payoffs": 170.04742191291842, "action": [2.0, 0.0]}, "[0.0, 0.0]": {"num_count": 469, "sum_payoffs": 99.07747211707805, "action": [0.0, 0.0]}, "[1.0, -1.5707963267948966]": {"num_count": 469, "sum_payoffs": 99.14825194452361, "action": [1.0, -1.5707963267948966]}}, "1": {"[0.0, 1.5707963267948966]": {"num_count": 394, "sum_payoffs": 103.92521129010566, "action": [0.0, 1.5707963267948966]}, "[2.0, 0.0]": {"num_count": 710, "sum_payoffs": 224.70025852902083, "action": [2.0, 0.0]}, "[0.0, -1.5707963267948966]": {"num_count": 395, "sum_payoffs": 104.29915475311623, "action": [0.0, -1.5707963267948966]}, "[1.0, -1.5707963267948966]": {"num_count": 472, "sum_payoffs": 132.8356473716174, "action": [1.0, -1.5707963267948966]}, "[2.0, 1.5707963267948966]": {"num_count": 563, "sum_payoffs": 167.5226516897607, "action": [2.0, 1.5707963267948966]}, "[1.0, 0.0]": {"num_count": 579, "sum_payoffs": 173.61433410845794, "action": [1.0, 0.0]}, "[0.0, 0.0]": {"num_count": 465, "sum_payoffs": 130.3123438064367, "action": [0.0, 0.0]}, "[1.0, 1.5707963267948966]": {"num_count": 461, "sum_payoffs": 128.7768072271492, "action": [1.0, 1.5707963267948966]}, "[2.0, -1.5707963267948966]": {"num_count": 561, "sum_payoffs": 166.76661666393233, "action": [2.0, -1.5707963267948966]}}}}