{"alphat_eff_gamelength_12": {"mean": 1.8461538461538463, "variance": 0.0}, "runtime_gamelength_12": {"mean": 16.553908491134642, "variance": 0.9203918107257459}, "max_timestep": {"mean": 12.0, "variance": 0.0}, "winner": {"mean": [0.0, 0.0], "variance": [0.0, 0.0]}, "runtime": {"mean": 16.55420410633087, "variance": 0.9204897094851759}, "T_terminal": {"mean": 1.0, "variance": 0.0}, "trajectory_0": {"mean": [[1.0, 3.0, 0.0, 0.0], [2.5, 3.0, -1.0995574287564276, 1.0]], "variance": [[0.0, 0.0, 0.0, 0.0], [0.25, 0.0, 1.0116344511116593, 0.0]]}, "trajectory_1": {"mean": [[3.0, 3.0, 0.0, 0.0], [5.0, 3.0, 0.0, 1.0]], "variance": [[0.0, 0.0, 0.0, 0.0], [0.0, 0.0, 0.0, 0.0]]}, "coll_payoff_0": {"mean": [1.0], "variance": [0.0]}, "lead_payoff_0": {"mean": [0.375], "variance": [0.015625]}, "coll_payoff_1": {"mean": [1.0], "variance": [0.0]}, "lead_payoff_1": {"mean": [0.625], "variance": [0.015625]}, "payoff_total": {"mean": [[0.5050287355594707, 0.6616379309377514]], "variance": [[0.001045072829683315, 0.0010450728296833225]]}, "final_lead_payoff_0": {"mean": [0.4137931034482759], "variance": [0.0002972651605231859]}, "final_lead_payoff_1": {"mean": [0.5862068965517242], "variance": [0.00029726516052318595]}}