{"2": {"0": {"[0.0, 0]": {"num_count": 158, "sum_payoffs": 24.01537499159455, "action": [0.0, 0]}, "[1.0, 0]": {"num_count": 1442, "sum_payoffs": 273.2844077990848, "action": [1.0, 0]}}, "1": {"[1.0, 0]": {"num_count": 1410, "sum_payoffs": 268.1757828008726, "action": [1.0, 0]}, "[0.0, 0]": {"num_count": 190, "sum_payoffs": 29.670749989615135, "action": [0.0, 0]}}}, "1": {"0": {"[0.0, 0]": {"num_count": 147, "sum_payoffs": 24.74999999133746, "action": [0.0, 0]}, "[1.0, 0]": {"num_count": 1453, "sum_payoffs": 299.58749989514496, "action": [1.0, 0]}}, "1": {"[1.0, 0]": {"num_count": 1475, "sum_payoffs": 304.8524998933015, "action": [1.0, 0]}, "[0.0, 0]": {"num_count": 125, "sum_payoffs": 21.71249999240061, "action": [0.0, 0]}}}}