{"2": {"0": {"[0.0, -1.5707963267948966]": {"num_count": 282, "sum_payoffs": 55.82795557819882, "action": [0.0, -1.5707963267948966]}, "[2.0, -1.5707963267948966]": {"num_count": 376, "sum_payoffs": 86.53694890247402, "action": [2.0, -1.5707963267948966]}, "[0.0, 1.5707963267948966]": {"num_count": 285, "sum_payoffs": 56.717293517769114, "action": [0.0, 1.5707963267948966]}, "[1.0, 0.0]": {"num_count": 381, "sum_payoffs": 88.10024334198086, "action": [1.0, 0.0]}, "[1.0, 1.5707963267948966]": {"num_count": 322, "sum_payoffs": 68.6996718917977, "action": [1.0, 1.5707963267948966]}, "[0.0, 0.0]": {"num_count": 328, "sum_payoffs": 70.6511418087149, "action": [0.0, 0.0]}, "[2.0, 1.5707963267948966]": {"num_count": 371, "sum_payoffs": 84.85659342831384, "action": [2.0, 1.5707963267948966]}, "[1.0, -1.5707963267948966]": {"num_count": 317, "sum_payoffs": 67.05408164371427, "action": [1.0, -1.5707963267948966]}, "[2.0, 0.0]": {"num_count": 438, "sum_payoffs": 107.44111638047974, "action": [2.0, 0.0]}}, "1": {"[2.0, 0.0]": {"num_count": 450, "sum_payoffs": 143.10355689346258, "action": [2.0, 0.0]}, "[1.0, 0.0]": {"num_count": 387, "sum_payoffs": 117.28586791615332, "action": [1.0, 0.0]}, "[0.0, 0.0]": {"num_count": 318, "sum_payoffs": 89.78206547411827, "action": [0.0, 0.0]}, "[1.0, 1.5707963267948966]": {"num_count": 325, "sum_payoffs": 92.47919516968312, "action": [1.0, 1.5707963267948966]}, "[0.0, 1.5707963267948966]": {"num_count": 274, "sum_payoffs": 72.49744691666298, "action": [0.0, 1.5707963267948966]}, "[2.0, 1.5707963267948966]": {"num_count": 374, "sum_payoffs": 112.09547398352679, "action": [2.0, 1.5707963267948966]}, "[2.0, -1.5707963267948966]": {"num_count": 376, "sum_payoffs": 112.87769157025517, "action": [2.0, -1.5707963267948966]}, "[1.0, -1.5707963267948966]": {"num_count": 321, "sum_payoffs": 90.90302673241095, "action": [1.0, -1.5707963267948966]}, "[0.0, -1.5707963267948966]": {"num_count": 275, "sum_payoffs": 72.96981942599625, "action": [0.0, -1.5707963267948966]}}}}