{"2": {"0": {"[1.0, 0]": {"num_count": 4312, "sum_payoffs": 923.7215637513771, "action": [1.0, 0]}, "[0.0, 0]": {"num_count": 288, "sum_payoffs": 50.79471427700677, "action": [0.0, 0]}}, "1": {"[0.0, 0]": {"num_count": 319, "sum_payoffs": 50.0965714199836, "action": [0.0, 0]}, "[1.0, 0]": {"num_count": 4281, "sum_payoffs": 900.8834208981511, "action": [1.0, 0]}}}, "1": {"0": {"[0.0, 0]": {"num_count": 318, "sum_payoffs": 66.92142855995611, "action": [0.0, 0]}, "[1.0, 0]": {"num_count": 4282, "sum_payoffs": 998.9228569715161, "action": [1.0, 0]}}, "1": {"[1.0, 0]": {"num_count": 4352, "sum_payoffs": 1015.0071426830407, "action": [1.0, 0]}, "[0.0, 0]": {"num_count": 248, "sum_payoffs": 50.60571427703883, "action": [0.0, 0]}}}}