{"alphat_eff_gamelength_2": 1.0, "runtime_gamelength_2": 0.06020998954772949, "max_timestep": 1, "alphat_eff_gamelength_1": 0.5, "runtime_gamelength_1": 0.019892215728759766, "winner": [1, 0], "runtime": 0.08028006553649902, "T_terminal": 2, "trajectory_0": [[1.0, 0.0, 1.5707963267948966, 0], [1.0, 1.0, 1.5707963267948966, 1], [1.0, 2.0, 1.5707963267948966, 2]], "trajectory_1": [[0.0, 1.0, 0.0, 0], [0.0, 1.0, 0.0, 1], [1.0, 1.0, 0.0, 2]], "coll_payoff_0": [1.0, 1.0], "coll_payoff_1": [1.0, 1.0], "payoff_total": [[0.3333333332722222, 0.3333333332722222], [0.8508771928264618, 0.5175438595542398]], "final_lead_payoff_0": [0.75], "final_lead_payoff_1": [0.25]}