{"alphat_eff_gamelength_11": {"mean": 1.692307692307692, "variance": 4.930380657631324e-32}, "runtime_gamelength_11": {"mean": 91.63157751560212, "variance": 6.24978961401236}, "max_timestep": {"mean": 11.0, "variance": 0.0}, "winner": {"mean": [0.0, 0.0], "variance": [0.0, 0.0]}, "runtime": {"mean": 91.6318544626236, "variance": 6.2498521350515155}, "T_terminal": {"mean": 1.0, "variance": 0.0}, "trajectory_0": {"mean": [[1.0, 3.0, 0.0, 0.0], [2.9, 3.0, -0.47123889803846897, 1.0]], "variance": [[0.0, 0.0, 0.0, 0.0], [0.09, 0.0, 1.011634451111659, 0.0]]}, "trajectory_1": {"mean": [[3.0, 3.0, 0.0, 0.0], [5.0, 3.0, 0.0, 1.0]], "variance": [[0.0, 0.0, 0.0, 0.0], [0.0, 0.0, 0.0, 0.0]]}, "coll_payoff_0": {"mean": [1.0], "variance": [0.0]}, "lead_payoff_0": {"mean": [0.475], "variance": [0.005625]}, "coll_payoff_1": {"mean": [1.0], "variance": [0.0]}, "lead_payoff_1": {"mean": [0.525], "variance": [0.005625]}, "payoff_total": {"mean": [[0.5308908045215108, 0.6357758619757111]], "variance": [[0.0003762262186859935, 0.00037622621868599603]]}, "final_lead_payoff_0": {"mean": [0.4275862068965516], "variance": [0.00010701545778834693]}, "final_lead_payoff_1": {"mean": [0.5724137931034482], "variance": [0.00010701545778834693]}}