{"alphat_eff_gamelength_2": 1.0, "runtime_gamelength_2": 0.2854125499725342, "max_timestep": 1, "alphat_eff_gamelength_1": 0.5, "runtime_gamelength_1": 0.19879412651062012, "winner": [1, 0], "runtime": 0.48446011543273926, "T_terminal": 2, "trajectory_0": [[1.0, 0.0, 1.5707963267948966, 0], [1.0, 1.0, 1.5707963267948966, 1], [1.0, 2.0, 1.5707963267948966, 2]], "trajectory_1": [[0.0, 1.0, 0.0, 0], [0.0, 1.0, 0.0, 1], [0.0, 1.0, 0.0, 2]], "coll_payoff_0": [1.0, 1.0], "coll_payoff_1": [1.0, 1.0], "payoff_total": [[0.99999999965, 0.99999999965], [1.0526315785789473, 1.0526315785789473]], "final_lead_payoff_0": [1.0], "final_lead_payoff_1": [0.0]}