{"10": {"0": {"[0.0, -1.5707963267948966]": {"num_count": 227, "sum_payoffs": 57.85227413348317, "action": [0.0, -1.5707963267948966]}, "[0.0, 1.5707963267948966]": {"num_count": 226, "sum_payoffs": 57.46383930537755, "action": [0.0, 1.5707963267948966]}, "[0.0, 0.0]": {"num_count": 225, "sum_payoffs": 57.07098486558576, "action": [0.0, 0.0]}, "[2.0, -1.5707963267948966]": {"num_count": 243, "sum_payoffs": 63.893083421207855, "action": [2.0, -1.5707963267948966]}, "[2.0, 0.0]": {"num_count": 249, "sum_payoffs": 66.32498104520128, "action": [2.0, 0.0]}, "[1.0, -1.5707963267948966]": {"num_count": 238, "sum_payoffs": 62.01345267443517, "action": [1.0, -1.5707963267948966]}, "[1.0, 0.0]": {"num_count": 230, "sum_payoffs": 59.024540247104916, "action": [1.0, 0.0]}, "[1.0, 1.5707963267948966]": {"num_count": 229, "sum_payoffs": 58.516888522090845, "action": [1.0, 1.5707963267948966]}, "[2.0, 1.5707963267948966]": {"num_count": 233, "sum_payoffs": 60.109383711444714, "action": [2.0, 1.5707963267948966]}}, "1": {"[0.0, 0.0]": {"num_count": 327, "sum_payoffs": 76.4011975852124, "action": [0.0, 0.0]}, "[1.0, 1.5707963267948966]": {"num_count": 369, "sum_payoffs": 90.91840193302005, "action": [1.0, 1.5707963267948966]}, "[0.0, 1.5707963267948966]": {"num_count": 334, "sum_payoffs": 78.82301485679727, "action": [0.0, 1.5707963267948966]}, "[1.0, 0.0]": {"num_count": 367, "sum_payoffs": 90.24571840460013, "action": [1.0, 0.0]}, "[0.0, -1.5707963267948966]": {"num_count": 338, "sum_payoffs": 80.20536561169062, "action": [0.0, -1.5707963267948966]}, "[1.0, -1.5707963267948966]": {"num_count": 365, "sum_payoffs": 89.44210903632248, "action": [1.0, -1.5707963267948966]}}}}