{"alphat_eff_gamelength_2": [1.0, 1.0, 1.0, 1.0, 1.0, 1.0, 1.0, 1.0, 1.0, 1.0], "runtime_gamelength_2": [0.10551834106445312, 0.10869717597961426, 0.12332415580749512, 0.10943794250488281, 0.10329985618591309, 0.10763692855834961, 0.15107250213623047, 0.17876458168029785, 0.11090803146362305, 0.11496257781982422], "max_timestep": [1, 1, 1, 1, 1, 1, 1, 1, 1, 1], "alphat_eff_gamelength_1": [1.0, 1.0, 1.0, 1.0, 1.0, 1.0, 1.0, 1.0, 1.0, 1.0], "runtime_gamelength_1": [0.04887843132019043, 0.04906749725341797, 0.054184675216674805, 0.05178093910217285, 0.05054521560668945, 0.05156517028808594, 0.055794715881347656, 0.048755645751953125, 0.05170631408691406, 0.052059173583984375], "winner": [[0, 0], [0, 0], [0, 0], [0, 0], [0, 0], [0, 0], [0, 0], [0, 0], [0, 0], [0, 0]], "runtime": [0.1546170711517334, 0.15795564651489258, 0.17773175239562988, 0.16147470474243164, 0.15411996841430664, 0.15946245193481445, 0.207169771194458, 0.22776412963867188, 0.1630101203918457, 0.1672954559326172], "T_terminal": [2, 2, 2, 2, 2, 2, 2, 2, 2, 2], "trajectory_0": [[[1.0, 0.0, 1.5707963267948966, 0], [1.0, 1.0, 1.5707963267948966, 1], [1.0, 2.0, 1.5707963267948966, 2]], [[1.0, 0.0, 1.5707963267948966, 0], [1.0, 1.0, 1.5707963267948966, 1], [1.0, 2.0, 1.5707963267948966, 2]], [[1.0, 0.0, 1.5707963267948966, 0], [1.0, 1.0, 1.5707963267948966, 1], [1.0, 2.0, 1.5707963267948966, 2]], [[1.0, 0.0, 1.5707963267948966, 0], [1.0, 1.0, 1.5707963267948966, 1], [1.0, 2.0, 1.5707963267948966, 2]], [[1.0, 0.0, 1.5707963267948966, 0], [1.0, 1.0, 1.5707963267948966, 1], [1.0, 2.0, 1.5707963267948966, 2]], [[1.0, 0.0, 1.5707963267948966, 0], [1.0, 1.0, 1.5707963267948966, 1], [1.0, 2.0, 1.5707963267948966, 2]], [[1.0, 0.0, 1.5707963267948966, 0], [1.0, 1.0, 1.5707963267948966, 1], [1.0, 2.0, 1.5707963267948966, 2]], [[1.0, 0.0, 1.5707963267948966, 0], [1.0, 1.0, 1.5707963267948966, 1], [1.0, 2.0, 1.5707963267948966, 2]], [[1.0, 0.0, 1.5707963267948966, 0], [1.0, 1.0, 1.5707963267948966, 1], [1.0, 2.0, 1.5707963267948966, 2]], [[1.0, 0.0, 1.5707963267948966, 0], [1.0, 1.0, 1.5707963267948966, 1], [1.0, 2.0, 1.5707963267948966, 2]]], "trajectory_1": [[[0.0, 1.0, 0.0, 0], [1.0, 1.0, 0.0, 1], [2.0, 1.0, 0.0, 2]], [[0.0, 1.0, 0.0, 0], [1.0, 1.0, 0.0, 1], [2.0, 1.0, 0.0, 2]], [[0.0, 1.0, 0.0, 0], [1.0, 1.0, 0.0, 1], [2.0, 1.0, 0.0, 2]], [[0.0, 1.0, 0.0, 0], [1.0, 1.0, 0.0, 1], [2.0, 1.0, 0.0, 2]], [[0.0, 1.0, 0.0, 0], [1.0, 1.0, 0.0, 1], [2.0, 1.0, 0.0, 2]], [[0.0, 1.0, 0.0, 0], [1.0, 1.0, 0.0, 1], [2.0, 1.0, 0.0, 2]], [[0.0, 1.0, 0.0, 0], [1.0, 1.0, 0.0, 1], [2.0, 1.0, 0.0, 2]], [[0.0, 1.0, 0.0, 0], [1.0, 1.0, 0.0, 1], [2.0, 1.0, 0.0, 2]], [[0.0, 1.0, 0.0, 0], [1.0, 1.0, 0.0, 1], [2.0, 1.0, 0.0, 2]], [[0.0, 1.0, 0.0, 0], [1.0, 1.0, 0.0, 1], [2.0, 1.0, 0.0, 2]]], "coll_payoff_0": [[0.0, 0.0], [0.0, 0.0], [0.0, 0.0], [0.0, 0.0], [0.0, 0.0], [0.0, 0.0], [0.0, 0.0], [0.0, 0.0], [0.0, 0.0], [0.0, 0.0]], "coll_payoff_1": [[0.0, 0.0], [0.0, 0.0], [0.0, 0.0], [0.0, 0.0], [0.0, 0.0], [0.0, 0.0], [0.0, 0.0], [0.0, 0.0], [0.0, 0.0], [0.0, 0.0]], "payoff_total": [[[0.0, 0.0], [0.2857142856653061, 0.2857142856653061]], [[0.0, 0.0], [0.2857142856653061, 0.2857142856653061]], [[0.0, 0.0], [0.2857142856653061, 0.2857142856653061]], [[0.0, 0.0], [0.2857142856653061, 0.2857142856653061]], [[0.0, 0.0], [0.2857142856653061, 0.2857142856653061]], [[0.0, 0.0], [0.2857142856653061, 0.2857142856653061]], [[0.0, 0.0], [0.2857142856653061, 0.2857142856653061]], [[0.0, 0.0], [0.2857142856653061, 0.2857142856653061]], [[0.0, 0.0], [0.2857142856653061, 0.2857142856653061]], [[0.0, 0.0], [0.2857142856653061, 0.2857142856653061]]], "final_lead_payoff_0": [[0.5], [0.5], [0.5], [0.5], [0.5], [0.5], [0.5], [0.5], [0.5], [0.5]], "final_lead_payoff_1": [[0.5], [0.5], [0.5], [0.5], [0.5], [0.5], [0.5], [0.5], [0.5], [0.5]]}