{"runtime": 0.6277430057525635, "winner": [0, 1], "T_terminal": 12, "trajectories": [[1.0, 3.0, 0.0, 3.0, 3.0, 0.0, 0.0], [2.0, 3.0, 0.0, 4.0, 3.0, 0.0, 1.0], [2.0, 3.0, 1.5707963267948966, 4.0, 3.0, 4.71238898038469, 2.0], [2.0, 5.0, 3.141592653589793, 4.0, 3.0, 4.71238898038469, 3.0], [1.0, 5.0, 1.5707963267948966, 4.0, 2.0, 4.71238898038469, 4.0], [1.0, 5.0, 3.141592653589793, 4.0, 2.0, 4.71238898038469, 5.0], [1.0, 5.0, 3.141592653589793, 4.0, 2.0, 0.0, 6.0], [1.0, 5.0, 4.71238898038469, 5.0, 2.0, 1.5707963267948966, 7.0], [1.0, 5.0, 3.141592653589793, 5.0, 2.0, 1.5707963267948966, 8.0], [1.0, 5.0, 3.141592653589793, 5.0, 3.0, 0.0, 9.0], [1.0, 5.0, 4.71238898038469, 5.0, 3.0, 0.0, 10.0], [1.0, 5.0, 0.0, 5.0, 3.0, 1.5707963267948966, 11.0], [3.0, 5.0, 4.71238898038469, 5.0, 3.0, 0.0, 12.0], [2.0, 3.0, 0.0, 4.0, 3.0, 0.0, 1.0], [2.0, 3.0, 1.5707963267948966, 4.0, 3.0, 4.71238898038469, 2.0], [2.0, 5.0, 3.141592653589793, 4.0, 3.0, 4.71238898038469, 3.0], [1.0, 5.0, 1.5707963267948966, 4.0, 2.0, 4.71238898038469, 4.0], [1.0, 5.0, 3.141592653589793, 4.0, 2.0, 4.71238898038469, 5.0], [1.0, 5.0, 3.141592653589793, 4.0, 2.0, 0.0, 6.0], [1.0, 5.0, 4.71238898038469, 5.0, 2.0, 1.5707963267948966, 7.0], [1.0, 5.0, 3.141592653589793, 5.0, 2.0, 1.5707963267948966, 8.0], [1.0, 5.0, 3.141592653589793, 5.0, 3.0, 0.0, 9.0], [1.0, 5.0, 4.71238898038469, 5.0, 3.0, 0.0, 10.0], [1.0, 5.0, 0.0, 5.0, 3.0, 1.5707963267948966, 11.0], [3.0, 5.0, 4.71238898038469, 5.0, 3.0, 0.0, 12.0], [2.0, 3.0, 0.0, 4.0, 3.0, 0.0, 1.0], [2.0, 3.0, 1.5707963267948966, 4.0, 3.0, 4.71238898038469, 2.0], [2.0, 5.0, 3.141592653589793, 4.0, 3.0, 4.71238898038469, 3.0], [1.0, 5.0, 1.5707963267948966, 4.0, 2.0, 4.71238898038469, 4.0], [1.0, 5.0, 3.141592653589793, 4.0, 2.0, 4.71238898038469, 5.0], [1.0, 5.0, 3.141592653589793, 4.0, 2.0, 0.0, 6.0], [1.0, 5.0, 4.71238898038469, 5.0, 2.0, 1.5707963267948966, 7.0], [1.0, 5.0, 3.141592653589793, 5.0, 2.0, 1.5707963267948966, 8.0], [1.0, 5.0, 3.141592653589793, 5.0, 3.0, 0.0, 9.0], [1.0, 5.0, 4.71238898038469, 5.0, 3.0, 0.0, 10.0], [1.0, 5.0, 0.0, 5.0, 3.0, 1.5707963267948966, 11.0], [3.0, 5.0, 4.71238898038469, 5.0, 3.0, 0.0, 12.0], [2.0, 3.0, 0.0, 4.0, 3.0, 0.0, 1.0], [2.0, 3.0, 1.5707963267948966, 4.0, 3.0, 4.71238898038469, 2.0], [2.0, 5.0, 3.141592653589793, 4.0, 3.0, 4.71238898038469, 3.0], [1.0, 5.0, 1.5707963267948966, 4.0, 2.0, 4.71238898038469, 4.0], [1.0, 5.0, 3.141592653589793, 4.0, 2.0, 4.71238898038469, 5.0], [1.0, 5.0, 3.141592653589793, 4.0, 2.0, 0.0, 6.0], [1.0, 5.0, 4.71238898038469, 5.0, 2.0, 1.5707963267948966, 7.0], [1.0, 5.0, 3.141592653589793, 5.0, 2.0, 1.5707963267948966, 8.0], [1.0, 5.0, 3.141592653589793, 5.0, 3.0, 0.0, 9.0], [1.0, 5.0, 4.71238898038469, 5.0, 3.0, 0.0, 10.0], [1.0, 5.0, 0.0, 5.0, 3.0, 1.5707963267948966, 11.0], [3.0, 5.0, 4.71238898038469, 5.0, 3.0, 0.0, 12.0], [2.0, 3.0, 0.0, 4.0, 3.0, 0.0, 1.0], [2.0, 3.0, 1.5707963267948966, 4.0, 3.0, 4.71238898038469, 2.0], [2.0, 5.0, 3.141592653589793, 4.0, 3.0, 4.71238898038469, 3.0], [1.0, 5.0, 1.5707963267948966, 4.0, 2.0, 4.71238898038469, 4.0], [1.0, 5.0, 3.141592653589793, 4.0, 2.0, 4.71238898038469, 5.0], [1.0, 5.0, 3.141592653589793, 4.0, 2.0, 0.0, 6.0], [1.0, 5.0, 4.71238898038469, 5.0, 2.0, 1.5707963267948966, 7.0], [1.0, 5.0, 3.141592653589793, 5.0, 2.0, 1.5707963267948966, 8.0], [1.0, 5.0, 3.141592653589793, 5.0, 3.0, 0.0, 9.0], [1.0, 5.0, 4.71238898038469, 5.0, 3.0, 0.0, 10.0], [1.0, 5.0, 0.0, 5.0, 3.0, 1.5707963267948966, 11.0], [3.0, 5.0, 4.71238898038469, 5.0, 3.0, 0.0, 12.0]], "penalty_distance_0": [-0.013533528323661271, -0.013533528323661271, -0.005910574656195623, -0.001436959609043909, -0.001436959609043909, -0.001436959609043909, -0.0006737946999085467, -0.0006737946999085467, -0.0011422890993466942, -0.0011422890993466942, -0.0011422890993466942, -0.005910574656195623, -0.013533528323661271, -0.013533528323661271, -0.005910574656195623, -0.001436959609043909, -0.001436959609043909, -0.001436959609043909, -0.0006737946999085467, -0.0006737946999085467, -0.0011422890993466942, -0.0011422890993466942, -0.0011422890993466942, -0.005910574656195623, -0.013533528323661271, -0.013533528323661271, -0.005910574656195623, -0.001436959609043909, -0.001436959609043909, -0.001436959609043909, -0.0006737946999085467, -0.0006737946999085467, -0.0011422890993466942, -0.0011422890993466942, -0.0011422890993466942, -0.005910574656195623, -0.013533528323661271, -0.013533528323661271, -0.005910574656195623, -0.001436959609043909, -0.001436959609043909, -0.001436959609043909, -0.0006737946999085467, -0.0006737946999085467, -0.0011422890993466942, -0.0011422890993466942, -0.0011422890993466942, -0.005910574656195623, -0.013533528323661271, -0.013533528323661271, -0.005910574656195623, -0.001436959609043909, -0.001436959609043909, -0.001436959609043909, -0.0006737946999085467, -0.0006737946999085467, -0.0011422890993466942, -0.0011422890993466942, -0.0011422890993466942, -0.005910574656195623], "penalty_distance_1": [-0.013533528323661271, -0.013533528323661271, -0.005910574656195623, -0.001436959609043909, -0.001436959609043909, -0.001436959609043909, -0.0006737946999085467, -0.0006737946999085467, -0.0011422890993466942, -0.0011422890993466942, -0.0011422890993466942, -0.005910574656195623, -0.013533528323661271, -0.013533528323661271, -0.005910574656195623, -0.001436959609043909, -0.001436959609043909, -0.001436959609043909, -0.0006737946999085467, -0.0006737946999085467, -0.0011422890993466942, -0.0011422890993466942, -0.0011422890993466942, -0.005910574656195623, -0.013533528323661271, -0.013533528323661271, -0.005910574656195623, -0.001436959609043909, -0.001436959609043909, -0.001436959609043909, -0.0006737946999085467, -0.0006737946999085467, -0.0011422890993466942, -0.0011422890993466942, -0.0011422890993466942, -0.005910574656195623, -0.013533528323661271, -0.013533528323661271, -0.005910574656195623, -0.001436959609043909, -0.001436959609043909, -0.001436959609043909, -0.0006737946999085467, -0.0006737946999085467, -0.0011422890993466942, -0.0011422890993466942, -0.0011422890993466942, -0.005910574656195623, -0.013533528323661271, -0.013533528323661271, -0.005910574656195623, -0.001436959609043909, -0.001436959609043909, -0.001436959609043909, -0.0006737946999085467, -0.0006737946999085467, -0.0011422890993466942, -0.0011422890993466942, -0.0011422890993466942, -0.005910574656195623], "reward_progress_0": [0.0, 0.0, 0.0, -0.0, 0.0, 0.0, 0.0, 0.0, 0.0, 0.0, 0.0, 0.0, 0.0, 0.0, 0.0, -0.0, 0.0, 0.0, 0.0, 0.0, 0.0, 0.0, 0.0, 0.0, 0.0, 0.0, 0.0, -0.0, 0.0, 0.0, 0.0, 0.0, 0.0, 0.0, 0.0, 0.0, 0.0, 0.0, 0.0, -0.0, 0.0, 0.0, 0.0, 0.0, 0.0, 0.0, 0.0, 0.0, 0.0, 0.0, 0.0, -0.0, 0.0, 0.0, 0.0, 0.0, 0.0, 0.0, 0.0, 0.0], "reward_progress_1": [0.0, 0.0, 0.0, 0.0, 0.0, 0.0, 0.0, 0.0, 0.0, 0.0, 0.0, 0.0, 0.0, 0.0, 0.0, 0.0, 0.0, 0.0, 0.0, 0.0, 0.0, 0.0, 0.0, 0.0, 0.0, 0.0, 0.0, 0.0, 0.0, 0.0, 0.0, 0.0, 0.0, 0.0, 0.0, 0.0, 0.0, 0.0, 0.0, 0.0, 0.0, 0.0, 0.0, 0.0, 0.0, 0.0, 0.0, 0.0, 0.0, 0.0, 0.0, 0.0, 0.0, 0.0, 0.0, 0.0, 0.0, 0.0, 0.0, 0.0], "penalty_agressor_0": [0.0, 0.0, 0.0, 0.0, 0.0, 0.0, 0.0, 0.0, 0.0, 0.0, 0.0, 0.0, 0.0, 0.0, 0.0, 0.0, 0.0, 0.0, 0.0, 0.0, 0.0, 0.0, 0.0, 0.0, 0.0, 0.0, 0.0, 0.0, 0.0, 0.0, 0.0, 0.0, 0.0, 0.0, 0.0, 0.0, 0.0, 0.0, 0.0, 0.0, 0.0, 0.0, 0.0, 0.0, 0.0, 0.0, 0.0, 0.0, 0.0, 0.0, 0.0, 0.0, 0.0, 0.0, 0.0, 0.0, 0.0, 0.0, 0.0, 0.0], "penalty_agressor_1": [0.0, 0.0, 0.0, 0.0, 0.0, 0.0, 0.0, 0.0, 0.0, 0.0, 0.0, 0.0, 0.0, 0.0, 0.0, 0.0, 0.0, 0.0, 0.0, 0.0, 0.0, 0.0, 0.0, 0.0, 0.0, 0.0, 0.0, 0.0, 0.0, 0.0, 0.0, 0.0, 0.0, 0.0, 0.0, 0.0, 0.0, 0.0, 0.0, 0.0, 0.0, 0.0, 0.0, 0.0, 0.0, 0.0, 0.0, 0.0, 0.0, 0.0, 0.0, 0.0, 0.0, 0.0, 0.0, 0.0, 0.0, 0.0, 0.0, 0.0], "penalty_timestep_0": [-8.399999999999999, -8.399999999999999, -8.399999999999999, -8.399999999999999, -8.399999999999999], "penalty_timestep_1": [-8.399999999999999, -8.399999999999999, -8.399999999999999, -8.399999999999999, -8.399999999999999], "reward_lead_0": [-2.0, -2.0, -2.0, -2.0, -2.0],