{"2": {"0": {"[0.0, 0]": {"num_count": 41, "sum_payoffs": 9.520499998254575, "action": [0.0, 0]}, "[1.0, 0]": {"num_count": 59, "sum_payoffs": 18.343105259794992, "action": [1.0, 0]}}, "1": {"[1.0, 0]": {"num_count": 58, "sum_payoffs": 17.894605259877213, "action": [1.0, 0]}, "[0.0, 0]": {"num_count": 42, "sum_payoffs": 9.968999998172348, "action": [0.0, 0]}}}, "1": {"0": {"[0.0, 0]": {"num_count": 48, "sum_payoffs": 12.989999997618488, "action": [0.0, 0]}, "[1.0, 0]": {"num_count": 52, "sum_payoffs": 14.774999997291236, "action": [1.0, 0]}}, "1": {"[0.0, 0]": {"num_count": 48, "sum_payoffs": 12.989999997618488, "action": [0.0, 0]}, "[1.0, 0]": {"num_count": 52, "sum_payoffs": 14.774999997291236, "action": [1.0, 0]}}}}