{"2": {"0": {"[1.0, 0]": {"num_count": 475, "sum_payoffs": 103.10790787153819, "action": [1.0, 0]}, "[0.0, 0]": {"num_count": 125, "sum_payoffs": 21.9194999950681, "action": [0.0, 0]}}, "1": {"[0.0, 0]": {"num_count": 324, "sum_payoffs": 50.9478749885366, "action": [0.0, 0]}, "[1.0, 0]": {"num_count": 276, "sum_payoffs": 54.94328288237439, "action": [1.0, 0]}}}, "1": {"0": {"[1.0, 0]": {"num_count": 516, "sum_payoffs": 124.72874997193696, "action": [1.0, 0]}, "[0.0, 0]": {"num_count": 84, "sum_payoffs": 20.497499995388054, "action": [0.0, 0]}}, "1": {"[0.0, 0]": {"num_count": 112, "sum_payoffs": 7.481249998316713, "action": [0.0, 0]}, "[1.0, 0]": {"num_count": 488, "sum_payoffs": 92.78999997912311, "action": [1.0, 0]}}}}