{"2": {"0": {"[0.0, 0]": {"num_count": 2247, "sum_payoffs": 5.4236842093059865, "action": [0.0, 0]}, "[1.0, 0]": {"num_count": 2353, "sum_payoffs": 6.186315788081763, "action": [1.0, 0]}}, "1": {"[0.0, 0]": {"num_count": 2241, "sum_payoffs": 5.4236842093059865, "action": [0.0, 0]}, "[1.0, 0]": {"num_count": 2359, "sum_payoffs": 6.186315788081763, "action": [1.0, 0]}}}, "1": {"0": {"[0.0, 0]": {"num_count": 2316, "sum_payoffs": 0.8999999997975, "action": [0.0, 0]}, "[1.0, 0]": {"num_count": 2284, "sum_payoffs": 1.799999999595, "action": [1.0, 0]}}, "1": {"[1.0, 0]": {"num_count": 2383, "sum_payoffs": 1.799999999595, "action": [1.0, 0]}, "[0.0, 0]": {"num_count": 2217, "sum_payoffs": 0.8999999997975, "action": [0.0, 0]}}}}