{"2": {"0": {"[0.0, 0]": {"num_count": 872, "sum_payoffs": 278.29574990259795, "action": [0.0, 0]}, "[1.0, 0]": {"num_count": 2728, "sum_payoffs": 1032.992999638489, "action": [1.0, 0]}}, "1": {"[1.0, 0]": {"num_count": 2696, "sum_payoffs": 1022.0579996423166, "action": [1.0, 0]}, "[0.0, 0]": {"num_count": 904, "sum_payoffs": 291.4177498980048, "action": [0.0, 0]}}}, "1": {"0": {"[1.0, 0]": {"num_count": 2332, "sum_payoffs": 968.5574996609662, "action": [1.0, 0]}, "[0.0, 0]": {"num_count": 1268, "sum_payoffs": 488.6324998289865, "action": [0.0, 0]}}, "1": {"[1.0, 0]": {"num_count": 2314, "sum_payoffs": 961.4699996634477, "action": [1.0, 0]}, "[0.0, 0]": {"num_count": 1286, "sum_payoffs": 497.33999982593906, "action": [0.0, 0]}}}}