{"6": {"0": {"[0.0, 0.0]": {"num_count": 324, "sum_payoffs": 97.50628048308693, "action": [0.0, 0.0]}, "[2.0, 1.5707963267948966]": {"num_count": 357, "sum_payoffs": 111.1932046750087, "action": [2.0, 1.5707963267948966]}, "[1.0, -1.5707963267948966]": {"num_count": 335, "sum_payoffs": 102.14523567729093, "action": [1.0, -1.5707963267948966]}, "[0.0, 1.5707963267948966]": {"num_count": 325, "sum_payoffs": 97.96951831950457, "action": [0.0, 1.5707963267948966]}, "[0.0, -1.5707963267948966]": {"num_count": 316, "sum_payoffs": 94.23342045971647, "action": [0.0, -1.5707963267948966]}, "[1.0, 0.0]": {"num_count": 345, "sum_payoffs": 106.25219176397168, "action": [1.0, 0.0]}, "[1.0, 1.5707963267948966]": {"num_count": 350, "sum_payoffs": 108.23102141539891, "action": [1.0, 1.5707963267948966]}, "[2.0, 0.0]": {"num_count": 390, "sum_payoffs": 125.10519696853491, "action": [2.0, 0.0]}, "[2.0, -1.5707963267948966]": {"num_count": 358, "sum_payoffs": 111.67597234217779, "action": [2.0, -1.5707963267948966]}}, "1": {"[0.0, 1.5707963267948966]": {"num_count": 470, "sum_payoffs": 140.69242697861512, "action": [0.0, 1.5707963267948966]}, "[0.0, 0.0]": {"num_count": 507, "sum_payoffs": 155.1995389723706, "action": [0.0, 0.0]}, "[1.0, -1.5707963267948966]": {"num_count": 537, "sum_payoffs": 167.15329535015144, "action": [1.0, -1.5707963267948966]}, "[1.0, 1.5707963267948966]": {"num_count": 537, "sum_payoffs": 167.09770662618607, "action": [1.0, 1.5707963267948966]}, "[0.0, -1.5707963267948966]": {"num_count": 487, "sum_payoffs": 147.27816572275643, "action": [0.0, -1.5707963267948966]}, "[1.0, 0.0]": {"num_count": 562, "sum_payoffs": 177.1253805567558, "action": [1.0, 0.0]}}}}