{"6": {"0": {"[0.0, 0.0]": {"num_count": 111, "sum_payoffs": 32.51694216664835, "action": [0.0, 0.0]}, "[1.0, 1.5707963267948966]": {"num_count": 125, "sum_payoffs": 39.033111965673456, "action": [1.0, 1.5707963267948966]}, "[2.0, 0.0]": {"num_count": 130, "sum_payoffs": 41.41876352244801, "action": [2.0, 0.0]}, "[1.0, 0.0]": {"num_count": 123, "sum_payoffs": 38.17174689622663, "action": [1.0, 0.0]}, "[2.0, 1.5707963267948966]": {"num_count": 125, "sum_payoffs": 39.010865974500675, "action": [2.0, 1.5707963267948966]}, "[1.0, -1.5707963267948966]": {"num_count": 123, "sum_payoffs": 38.157047511976344, "action": [1.0, -1.5707963267948966]}, "[0.0, -1.5707963267948966]": {"num_count": 117, "sum_payoffs": 35.31572058027721, "action": [0.0, -1.5707963267948966]}, "[0.0, 1.5707963267948966]": {"num_count": 118, "sum_payoffs": 35.69533854091844, "action": [0.0, 1.5707963267948966]}, "[2.0, -1.5707963267948966]": {"num_count": 128, "sum_payoffs": 40.468242796693914, "action": [2.0, -1.5707963267948966]}}, "1": {"[0.0, 1.5707963267948966]": {"num_count": 175, "sum_payoffs": 53.10538848181481, "action": [0.0, 1.5707963267948966]}, "[0.0, 0.0]": {"num_count": 179, "sum_payoffs": 54.94555230694631, "action": [0.0, 0.0]}, "[1.0, 0.0]": {"num_count": 198, "sum_payoffs": 63.545554189644164, "action": [1.0, 0.0]}, "[1.0, 1.5707963267948966]": {"num_count": 180, "sum_payoffs": 55.47667070954739, "action": [1.0, 1.5707963267948966]}, "[1.0, -1.5707963267948966]": {"num_count": 192, "sum_payoffs": 60.83555400375231, "action": [1.0, -1.5707963267948966]}, "[0.0, -1.5707963267948966]": {"num_count": 176, "sum_payoffs": 53.66667172498862, "action": [0.0, -1.5707963267948966]}}}}