{"8": {"0": {"[2.0, -1.5707963267948966]": {"num_count": 11, "sum_payoffs": 3.233089577991118, "action": [2.0, -1.5707963267948966]}, "[0.0, -1.5707963267948966]": {"num_count": 11, "sum_payoffs": 3.136308763504296, "action": [0.0, -1.5707963267948966]}, "[1.0, 1.5707963267948966]": {"num_count": 11, "sum_payoffs": 3.2888033407429482, "action": [1.0, 1.5707963267948966]}, "[0.0, 1.5707963267948966]": {"num_count": 12, "sum_payoffs": 3.9314705811833877, "action": [0.0, 1.5707963267948966]}, "[2.0, 0.0]": {"num_count": 11, "sum_payoffs": 3.211838924947339, "action": [2.0, 0.0]}, "[2.0, 1.5707963267948966]": {"num_count": 11, "sum_payoffs": 3.09835719898034, "action": [2.0, 1.5707963267948966]}, "[1.0, -1.5707963267948966]": {"num_count": 11, "sum_payoffs": 3.0853963755306966, "action": [1.0, -1.5707963267948966]}, "[1.0, 0.0]": {"num_count": 11, "sum_payoffs": 3.1754015773869053, "action": [1.0, 0.0]}, "[0.0, 0.0]": {"num_count": 11, "sum_payoffs": 3.3198815721099866, "action": [0.0, 0.0]}}, "1": {"[1.0, 1.5707963267948966]": {"num_count": 16, "sum_payoffs": 4.265013432863267, "action": [1.0, 1.5707963267948966]}, "[0.0, 1.5707963267948966]": {"num_count": 17, "sum_payoffs": 4.727121084849055, "action": [0.0, 1.5707963267948966]}, "[1.0, -1.5707963267948966]": {"num_count": 17, "sum_payoffs": 4.844771405303493, "action": [1.0, -1.5707963267948966]}, "[1.0, 0.0]": {"num_count": 17, "sum_payoffs": 4.542240696569064, "action": [1.0, 0.0]}, "[0.0, -1.5707963267948966]": {"num_count": 16, "sum_payoffs": 4.102327345466495, "action": [0.0, -1.5707963267948966]}, "[0.0, 0.0]": {"num_count": 17, "sum_payoffs": 4.751951941192598, "action": [0.0, 0.0]}}}}