{"2": {"0": {"[0.0, 0]": {"num_count": 326, "sum_payoffs": 53.706599989258486, "action": [0.0, 0]}, "[1.0, 0]": {"num_count": 3774, "sum_payoffs": 840.257099831909, "action": [1.0, 0]}}, "1": {"[0.0, 0]": {"num_count": 232, "sum_payoffs": 35.55854999288822, "action": [0.0, 0]}, "[1.0, 0]": {"num_count": 3868, "sum_payoffs": 871.0897498257406, "action": [1.0, 0]}}}, "1": {"0": {"[0.0, 0]": {"num_count": 258, "sum_payoffs": 56.2499999887501, "action": [0.0, 0]}, "[1.0, 0]": {"num_count": 3842, "sum_payoffs": 942.223499811534, "action": [1.0, 0]}}, "1": {"[0.0, 0]": {"num_count": 262, "sum_payoffs": 56.128499988774394, "action": [0.0, 0]}, "[1.0, 0]": {"num_count": 3838, "sum_payoffs": 940.1579998119471, "action": [1.0, 0]}}}}