{"12": {"0": {"[1.0, 0.0]": {"num_count": 397, "sum_payoffs": 93.86619029756092, "action": [1.0, 0.0]}, "[1.0, 1.5707963267948966]": {"num_count": 398, "sum_payoffs": 94.16576279620764, "action": [1.0, 1.5707963267948966]}, "[0.0, 0.0]": {"num_count": 401, "sum_payoffs": 95.24062792652586, "action": [0.0, 0.0]}, "[2.0, 0.0]": {"num_count": 411, "sum_payoffs": 98.52377148660403, "action": [2.0, 0.0]}, "[1.0, -1.5707963267948966]": {"num_count": 405, "sum_payoffs": 96.5536708718348, "action": [1.0, -1.5707963267948966]}, "[2.0, 1.5707963267948966]": {"num_count": 393, "sum_payoffs": 92.47180933753606, "action": [2.0, 1.5707963267948966]}, "[0.0, -1.5707963267948966]": {"num_count": 389, "sum_payoffs": 91.19308978058989, "action": [0.0, -1.5707963267948966]}, "[2.0, -1.5707963267948966]": {"num_count": 417, "sum_payoffs": 100.578536577453, "action": [2.0, -1.5707963267948966]}, "[0.0, 1.5707963267948966]": {"num_count": 389, "sum_payoffs": 91.035687138684, "action": [0.0, 1.5707963267948966]}}, "1": {"[1.0, 0.0]": {"num_count": 618, "sum_payoffs": 135.67910960206274, "action": [1.0, 0.0]}, "[1.0, 1.5707963267948966]": {"num_count": 617, "sum_payoffs": 135.33083149049583, "action": [1.0, 1.5707963267948966]}, "[1.0, -1.5707963267948966]": {"num_count": 614, "sum_payoffs": 134.51544353416617, "action": [1.0, -1.5707963267948966]}, "[0.0, 0.0]": {"num_count": 590, "sum_payoffs": 127.24139259804976, "action": [0.0, 0.0]}, "[0.0, 1.5707963267948966]": {"num_count": 584, "sum_payoffs": 125.4402009650196, "action": [0.0, 1.5707963267948966]}, "[0.0, -1.5707963267948966]": {"num_count": 577, "sum_payoffs": 123.30928767512026, "action": [0.0, -1.5707963267948966]}}}}