{"15": {"0": {"[0.0, 1.5707963267948966]": {"num_count": 226, "sum_payoffs": 49.54083252209626, "action": [0.0, 1.5707963267948966]}, "[2.0, 0.0]": {"num_count": 250, "sum_payoffs": 58.03575242115234, "action": [2.0, 0.0]}, "[0.0, 0.0]": {"num_count": 217, "sum_payoffs": 46.43749240842987, "action": [0.0, 0.0]}, "[1.0, 0.0]": {"num_count": 227, "sum_payoffs": 49.8755436060798, "action": [1.0, 0.0]}, "[1.0, 1.5707963267948966]": {"num_count": 233, "sum_payoffs": 52.0375262645715, "action": [1.0, 1.5707963267948966]}, "[1.0, -1.5707963267948966]": {"num_count": 243, "sum_payoffs": 55.52440679462806, "action": [1.0, -1.5707963267948966]}, "[2.0, -1.5707963267948966]": {"num_count": 241, "sum_payoffs": 54.766171264823285, "action": [2.0, -1.5707963267948966]}, "[0.0, -1.5707963267948966]": {"num_count": 229, "sum_payoffs": 50.6128730552207, "action": [0.0, -1.5707963267948966]}, "[2.0, 1.5707963267948966]": {"num_count": 234, "sum_payoffs": 52.363101815312305, "action": [2.0, 1.5707963267948966]}}, "1": {"[1.0, 0.0]": {"num_count": 357, "sum_payoffs": 72.26927816230794, "action": [1.0, 0.0]}, "[1.0, 1.5707963267948966]": {"num_count": 362, "sum_payoffs": 73.88940479704507, "action": [1.0, 1.5707963267948966]}, "[0.0, 0.0]": {"num_count": 335, "sum_payoffs": 65.67247381997504, "action": [0.0, 0.0]}, "[0.0, -1.5707963267948966]": {"num_count": 342, "sum_payoffs": 67.77781892273933, "action": [0.0, -1.5707963267948966]}, "[0.0, 1.5707963267948966]": {"num_count": 346, "sum_payoffs": 68.94080181293242, "action": [0.0, 1.5707963267948966]}, "[1.0, -1.5707963267948966]": {"num_count": 358, "sum_payoffs": 72.63899940818469, "action": [1.0, -1.5707963267948966]}}}}