{"6": {"0": {"[2.0, 0.0]": {"num_count": 70, "sum_payoffs": 22.329572642736707, "action": [2.0, 0.0]}, "[2.0, 1.5707963267948966]": {"num_count": 68, "sum_payoffs": 21.29275047012575, "action": [2.0, 1.5707963267948966]}, "[1.0, -1.5707963267948966]": {"num_count": 70, "sum_payoffs": 22.381555540084054, "action": [1.0, -1.5707963267948966]}, "[1.0, 1.5707963267948966]": {"num_count": 63, "sum_payoffs": 18.79141566627332, "action": [1.0, 1.5707963267948966]}, "[0.0, 0.0]": {"num_count": 62, "sum_payoffs": 18.143507315317322, "action": [0.0, 0.0]}, "[1.0, 0.0]": {"num_count": 67, "sum_payoffs": 20.888690985407884, "action": [1.0, 0.0]}, "[0.0, 1.5707963267948966]": {"num_count": 64, "sum_payoffs": 19.1735127206918, "action": [0.0, 1.5707963267948966]}, "[2.0, -1.5707963267948966]": {"num_count": 70, "sum_payoffs": 22.346202582873126, "action": [2.0, -1.5707963267948966]}, "[0.0, -1.5707963267948966]": {"num_count": 66, "sum_payoffs": 20.373714968791518, "action": [0.0, -1.5707963267948966]}}, "1": {"[0.0, -1.5707963267948966]": {"num_count": 96, "sum_payoffs": 28.9444887144798, "action": [0.0, -1.5707963267948966]}, "[1.0, -1.5707963267948966]": {"num_count": 98, "sum_payoffs": 30.077129554542395, "action": [1.0, -1.5707963267948966]}, "[1.0, 1.5707963267948966]": {"num_count": 102, "sum_payoffs": 31.932708198813962, "action": [1.0, 1.5707963267948966]}, "[0.0, 1.5707963267948966]": {"num_count": 94, "sum_payoffs": 28.034757174613958, "action": [0.0, 1.5707963267948966]}, "[0.0, 0.0]": {"num_count": 103, "sum_payoffs": 32.5729638693428, "action": [0.0, 0.0]}, "[1.0, 0.0]": {"num_count": 107, "sum_payoffs": 34.39960340901353, "action": [1.0, 0.0]}}}}