{"2": {"0": {"[0.0, 0]": {"num_count": 700, "sum_payoffs": 90.96589284154894, "action": [0.0, 0]}, "[1.0, 0]": {"num_count": 1400, "sum_payoffs": 242.57535898096717, "action": [1.0, 0]}}, "1": {"[1.0, 0]": {"num_count": 1390, "sum_payoffs": 240.23793040993937, "action": [1.0, 0]}, "[0.0, 0]": {"num_count": 710, "sum_payoffs": 92.99089284120188, "action": [0.0, 0]}}}, "1": {"0": {"[1.0, 0]": {"num_count": 1283, "sum_payoffs": 237.34607138788007, "action": [1.0, 0]}, "[0.0, 0]": {"num_count": 817, "sum_payoffs": 128.523214263682, "action": [0.0, 0]}}, "1": {"[0.0, 0]": {"num_count": 819, "sum_payoffs": 129.043928549307, "action": [0.0, 0]}, "[1.0, 0]": {"num_count": 1281, "sum_payoffs": 236.99892853079675, "action": [1.0, 0]}}}}