{"2": {"0": {"[1.0, 0]": {"num_count": 2308, "sum_payoffs": 5.759999998703999, "action": [1.0, 0]}, "[0.0, 0]": {"num_count": 2292, "sum_payoffs": 5.039999998866, "action": [0.0, 0]}}, "1": {"[0.0, 0]": {"num_count": 2283, "sum_payoffs": 4.613684209488237, "action": [0.0, 0]}, "[1.0, 0]": {"num_count": 2317, "sum_payoffs": 6.186315788081763, "action": [1.0, 0]}}}, "1": {"0": {"[0.0, 0]": {"num_count": 2290, "sum_payoffs": 0.8999999997975, "action": [0.0, 0]}, "[1.0, 0]": {"num_count": 2310, "sum_payoffs": 1.799999999595, "action": [1.0, 0]}}, "1": {"[0.0, 0]": {"num_count": 2290, "sum_payoffs": 0.8999999997975, "action": [0.0, 0]}, "[1.0, 0]": {"num_count": 2310, "sum_payoffs": 1.799999999595, "action": [1.0, 0]}}}}