{"12": {"0": {"[1.0, 1.5707963267948966]": {"num_count": 233, "sum_payoffs": 56.27354944737212, "action": [1.0, 1.5707963267948966]}, "[0.0, -1.5707963267948966]": {"num_count": 226, "sum_payoffs": 53.66354882450647, "action": [0.0, -1.5707963267948966]}, "[1.0, -1.5707963267948966]": {"num_count": 234, "sum_payoffs": 56.538867048056154, "action": [1.0, -1.5707963267948966]}, "[2.0, 0.0]": {"num_count": 242, "sum_payoffs": 59.46871003247618, "action": [2.0, 0.0]}, "[1.0, 0.0]": {"num_count": 236, "sum_payoffs": 57.30531078569466, "action": [1.0, 0.0]}, "[0.0, 1.5707963267948966]": {"num_count": 220, "sum_payoffs": 51.39636570148803, "action": [0.0, 1.5707963267948966]}, "[2.0, 1.5707963267948966]": {"num_count": 233, "sum_payoffs": 56.202180213053765, "action": [2.0, 1.5707963267948966]}, "[0.0, 0.0]": {"num_count": 230, "sum_payoffs": 55.17546875055953, "action": [0.0, 0.0]}, "[2.0, -1.5707963267948966]": {"num_count": 246, "sum_payoffs": 61.01840711839861, "action": [2.0, -1.5707963267948966]}}, "1": {"[1.0, -1.5707963267948966]": {"num_count": 364, "sum_payoffs": 81.41051395846155, "action": [1.0, -1.5707963267948966]}, "[1.0, 0.0]": {"num_count": 359, "sum_payoffs": 79.82557856490965, "action": [1.0, 0.0]}, "[0.0, 1.5707963267948966]": {"num_count": 346, "sum_payoffs": 75.47488065015631, "action": [0.0, 1.5707963267948966]}, "[0.0, 0.0]": {"num_count": 340, "sum_payoffs": 73.54788648787917, "action": [0.0, 0.0]}, "[1.0, 1.5707963267948966]": {"num_count": 363, "sum_payoffs": 81.05994131734488, "action": [1.0, 1.5707963267948966]}, "[0.0, -1.5707963267948966]": {"num_count": 328, "sum_payoffs": 69.7192374578224, "action": [0.0, -1.5707963267948966]}}}}