{"alphat_eff_gamelength_2": {"mean": 1.0, "variance": 0.0}, "runtime_gamelength_2": {"mean": 0.06952617168426514, "variance": 0.00024552303660186687}, "max_timestep": {"mean": 1.0, "variance": 0.0}, "alphat_eff_gamelength_1": {"mean": 0.75, "variance": 0.0625}, "runtime_gamelength_1": {"mean": 0.021956658363342284, "variance": 5.597802845045408e-06}, "winner": {"mean": [0.1, 0.3], "variance": [0.09000000000000001, 0.21000000000000002]}, "runtime": {"mean": 0.09169902801513671, "variance": 0.00024771793720447017}, "T_terminal": {"mean": 2.0, "variance": 0.0}, "trajectory_0": {"mean": [[1.0, 0.0, 1.5707963267948966, 0.0], [1.0, 0.5, 1.5707963267948966, 1.0], [1.0, 1.3, 1.5707963267948966, 2.0]], "variance": [[0.0, 0.0, 0.0, 0.0], [0.0, 0.25, 0.0, 0.0], [0.0, 0.41000000000000003, 0.0, 0.0]]}, "trajectory_1": {"mean": [[0.0, 1.0, 0.0, 0.0], [0.8, 1.0, 0.0, 1.0], [1.5, 1.0, 0.0, 2.0]], "variance": [[0.0, 0.0, 0.0, 0.0], [0.16000000000000006, 0.0, 0.0, 0.0], [0.45, 0.0, 0.0, 0.0]]}, "coll_payoff_0": {"mean": [0.5, 0.3], "variance": [0.25, 0.21000000000000002]}, "coll_payoff_1": {"mean": [0.5, 0.3], "variance": [0.25, 0.21000000000000002]}, "payoff_total": {"mean": [[0.3333333332722222, 0.3333333332722222], [0.4307017543070028, 0.4640350876342251]], "variance": [[0.11111111107037039, 0.11111111107037039], [0.08480994148937082, 0.11288011691767494]]}, "final_lead_payoff_0": {"mean": [0.45], "variance": [0.0475]}, "final_lead_payoff_1": {"mean": [0.55], "variance": [0.0475]}}