{"2": {"0": {"[0.0, 0]": {"num_count": 961, "sum_payoffs": 148.28062497590452, "action": [0.0, 0]}, "[1.0, 0]": {"num_count": 2139, "sum_payoffs": 421.2348749315619, "action": [1.0, 0]}}, "1": {"[1.0, 0]": {"num_count": 2127, "sum_payoffs": 419.08440782664763, "action": [1.0, 0]}, "[0.0, 0]": {"num_count": 973, "sum_payoffs": 151.16009208069937, "action": [0.0, 0]}}}, "1": {"0": {"[0.0, 0]": {"num_count": 1546, "sum_payoffs": 313.5149999490523, "action": [0.0, 0]}, "[1.0, 0]": {"num_count": 1554, "sum_payoffs": 315.58499994871573, "action": [1.0, 0]}}, "1": {"[1.0, 0]": {"num_count": 1554, "sum_payoffs": 315.58499994871573, "action": [1.0, 0]}, "[0.0, 0]": {"num_count": 1546, "sum_payoffs": 313.5149999490523, "action": [0.0, 0]}}}}