{"2": {"0": {"[1.0, 0]": {"num_count": 2831, "sum_payoffs": 218.9470025877956, "action": [1.0, 0]}, "[0.0, 0]": {"num_count": 269, "sum_payoffs": 17.0536499965893, "action": [0.0, 0]}}, "1": {"[0.0, 0]": {"num_count": 336, "sum_payoffs": 21.49244999570148, "action": [0.0, 0]}, "[1.0, 0]": {"num_count": 2764, "sum_payoffs": 210.93610258939736, "action": [1.0, 0]}}}, "1": {"0": {"[1.0, 0]": {"num_count": 2707, "sum_payoffs": 224.87849995501355, "action": [1.0, 0]}, "[0.0, 0]": {"num_count": 393, "sum_payoffs": 27.206999994558537, "action": [0.0, 0]}}, "1": {"[0.0, 0]": {"num_count": 311, "sum_payoffs": 21.658499995668226, "action": [0.0, 0]}, "[1.0, 0]": {"num_count": 2789, "sum_payoffs": 232.8569999534168, "action": [1.0, 0]}}}}