{"2": {"0": {"[1.0, 0]": {"num_count": 57, "sum_payoffs": 13.334589471017312, "action": [1.0, 0]}, "[0.0, 0]": {"num_count": 43, "sum_payoffs": 8.097299998380542, "action": [0.0, 0]}}, "1": {"[1.0, 0]": {"num_count": 48, "sum_payoffs": 11.098989471464424, "action": [1.0, 0]}, "[0.0, 0]": {"num_count": 52, "sum_payoffs": 9.020699998195864, "action": [0.0, 0]}}}, "1": {"0": {"[0.0, 0]": {"num_count": 58, "sum_payoffs": 12.122999997575397, "action": [0.0, 0]}, "[1.0, 0]": {"num_count": 42, "sum_payoffs": 10.961999997807595, "action": [1.0, 0]}}, "1": {"[0.0, 0]": {"num_count": 44, "sum_payoffs": 3.995999999200801, "action": [0.0, 0]}, "[1.0, 0]": {"num_count": 56, "sum_payoffs": 8.234999998353, "action": [1.0, 0]}}}}