{"alphat_eff_gamelength_3": [0.46153846153846156, 0.46153846153846156, 0.46153846153846156, 0.46153846153846156, 0.46153846153846156, 0.46153846153846156, 0.46153846153846156, 0.46153846153846156, 0.46153846153846156, 0.46153846153846156], "runtime_gamelength_3": [5.010855436325073, 5.133016586303711, 5.0215559005737305, 5.0838587284088135, 5.082127571105957, 4.990789890289307, 5.0542216300964355, 5.012784719467163, 5.032808303833008, 5.027383327484131], "max_timestep": [3, 3, 3, 3, 3, 3, 3, 3, 3, 3], "winner": [[0, 0], [0, 0], [0, 0], [0, 0], [0, 0], [0, 0], [0, 0], [0, 0], [0, 0], [0, 0]], "runtime": [5.01111626625061, 5.133282423019409, 5.021825313568115, 5.084113121032715, 5.082406282424927, 4.991057872772217, 5.054526329040527, 5.013052701950073, 5.033080577850342, 5.027662038803101], "T_terminal": [1, 1, 1, 1, 1, 1, 1, 1, 1, 1], "trajectory_0": [[[1.0, 3.0, 0.0, 0], [2.0, 3.0, -1.5707963267948966, 1]], [[1.0, 3.0, 0.0, 0], [3.0, 3.0, 1.5707963267948966, 1]], [[1.0, 3.0, 0.0, 0], [3.0, 3.0, -1.5707963267948966, 1]], [[1.0, 3.0, 0.0, 0], [3.0, 3.0, -1.5707963267948966, 1]], [[1.0, 3.0, 0.0, 0], [2.0, 3.0, -1.5707963267948966, 1]], [[1.0, 3.0, 0.0, 0], [3.0, 3.0, 1.5707963267948966, 1]], [[1.0, 3.0, 0.0, 0], [3.0, 3.0, -1.5707963267948966, 1]], [[1.0, 3.0, 0.0, 0], [3.0, 3.0, -1.5707963267948966, 1]], [[1.0, 3.0, 0.0, 0], [2.0, 3.0, -1.5707963267948966, 1]], [[1.0, 3.0, 0.0, 0], [3.0, 3.0, -1.5707963267948966, 1]]], "trajectory_1": [[[3.0, 3.0, 0.0, 0], [5.0, 3.0, 1.5707963267948966, 1]], [[3.0, 3.0, 0.0, 0], [5.0, 3.0, 0.0, 1]], [[3.0, 3.0, 0.0, 0], [5.0, 3.0, 1.5707963267948966, 1]], [[3.0, 3.0, 0.0, 0], [5.0, 3.0, -1.5707963267948966, 1]], [[3.0, 3.0, 0.0, 0], [5.0, 3.0, -1.5707963267948966, 1]], [[3.0, 3.0, 0.0, 0], [5.0, 3.0, 1.5707963267948966, 1]], [[3.0, 3.0, 0.0, 0], [5.0, 3.0, 1.5707963267948966, 1]], [[3.0, 3.0, 0.0, 0], [5.0, 3.0, -1.5707963267948966, 1]], [[3.0, 3.0, 0.0, 0], [5.0, 3.0, -1.5707963267948966, 1]], [[3.0, 3.0, 0.0, 0], [5.0, 3.0, 1.5707963267948966, 1]]], "coll_payoff_0": [[1.0], [1.0], [1.0], [1.0], [1.0], [1.0], [1.0], [1.0], [1.0], [1.0]], "lead_payoff_0": [[0.25], [0.5], [0.5], [0.5], [0.25], [0.5], [0.5], [0.5], [0.25], [0.5]], "coll_payoff_1": [[1.0], [1.0], [1.0], [1.0], [1.0], [1.0], [1.0], [1.0], [1.0], [1.0]], "lead_payoff_1": [[0.75], [0.5], [0.5], [0.5], [0.75], [0.5], [0.5], [0.5], [0.75], [0.5]], "payoff_total": [[[0.47270114935692054, 0.6939655171403017]], [[0.537356321762021, 0.6293103447352011]], [[0.537356321762021, 0.6293103447352011]], [[0.537356321762021, 0.6293103447352011]], [[0.47270114935692054, 0.6939655171403017]], [[0.537356321762021, 0.6293103447352011]], [[0.537356321762021, 0.6293103447352011]], [[0.537356321762021, 0.6293103447352011]], [[0.47270114935692054, 0.6939655171403017]], [[0.537356321762021, 0.6293103447352011]]], "final_lead_payoff_0": [[0.39655172413793105], [0.43103448275862066], [0.43103448275862066], [0.43103448275862066], [0.39655172413793105], [0.43103448275862066], [0.43103448275862066], [0.43103448275862066], [0.39655172413793105], [0.43103448275862066]], "final_lead_payoff_1": [[0.603448275862069], [0.5689655172413793], [0.5689655172413793], [0.5689655172413793], [0.603448275862069], [0.5689655172413793], [0.5689655172413793], [0.5689655172413793], [0.603448275862069], [0.5689655172413793]]}