{"7": {"0": {"[1.0, -1.5707963267948966]": {"num_count": 234, "sum_payoffs": 62.43191088457292, "action": [1.0, -1.5707963267948966]}, "[0.0, 1.5707963267948966]": {"num_count": 212, "sum_payoffs": 53.742975840628105, "action": [0.0, 1.5707963267948966]}, "[2.0, 1.5707963267948966]": {"num_count": 242, "sum_payoffs": 65.67004133803508, "action": [2.0, 1.5707963267948966]}, "[0.0, -1.5707963267948966]": {"num_count": 215, "sum_payoffs": 54.95594323263408, "action": [0.0, -1.5707963267948966]}, "[2.0, 0.0]": {"num_count": 250, "sum_payoffs": 68.83477816167958, "action": [2.0, 0.0]}, "[0.0, 0.0]": {"num_count": 231, "sum_payoffs": 61.18537557742303, "action": [0.0, 0.0]}, "[1.0, 1.5707963267948966]": {"num_count": 236, "sum_payoffs": 63.22535127322043, "action": [1.0, 1.5707963267948966]}, "[2.0, -1.5707963267948966]": {"num_count": 249, "sum_payoffs": 68.4427548472952, "action": [2.0, -1.5707963267948966]}, "[1.0, 0.0]": {"num_count": 231, "sum_payoffs": 61.223120939080346, "action": [1.0, 0.0]}}, "1": {"[2.0, -1.5707963267948966]": {"num_count": 247, "sum_payoffs": 82.01183328093981, "action": [2.0, -1.5707963267948966]}, "[2.0, 0.0]": {"num_count": 268, "sum_payoffs": 91.54124420374194, "action": [2.0, 0.0]}, "[0.0, 1.5707963267948966]": {"num_count": 204, "sum_payoffs": 62.6226177215275, "action": [0.0, 1.5707963267948966]}, "[1.0, -1.5707963267948966]": {"num_count": 229, "sum_payoffs": 73.74839564918317, "action": [1.0, -1.5707963267948966]}, "[2.0, 1.5707963267948966]": {"num_count": 235, "sum_payoffs": 76.58085099412644, "action": [2.0, 1.5707963267948966]}, "[1.0, 1.5707963267948966]": {"num_count": 226, "sum_payoffs": 72.37724718402704, "action": [1.0, 1.5707963267948966]}, "[0.0, -1.5707963267948966]": {"num_count": 212, "sum_payoffs": 66.116404151345, "action": [0.0, -1.5707963267948966]}, "[1.0, 0.0]": {"num_count": 250, "sum_payoffs": 83.31749360585012, "action": [1.0, 0.0]}, "[0.0, 0.0]": {"num_count": 229, "sum_payoffs": 73.83460513919202, "action": [0.0, 0.0]}}}}