{"2": {"0": {"[0.0, 0]": {"num_count": 1070, "sum_payoffs": 163.72012497339702, "action": [0.0, 0]}, "[1.0, 0]": {"num_count": 2530, "sum_payoffs": 496.6317828140516, "action": [1.0, 0]}}, "1": {"[0.0, 0]": {"num_count": 1057, "sum_payoffs": 161.3058749737891, "action": [0.0, 0]}, "[1.0, 0]": {"num_count": 2543, "sum_payoffs": 500.50403281342255, "action": [1.0, 0]}}}, "1": {"0": {"[0.0, 0]": {"num_count": 1392, "sum_payoffs": 263.2949999572169, "action": [0.0, 0]}, "[1.0, 0]": {"num_count": 2208, "sum_payoffs": 466.953749924105, "action": [1.0, 0]}}, "1": {"[0.0, 0]": {"num_count": 1398, "sum_payoffs": 264.9149999569536, "action": [0.0, 0]}, "[1.0, 0]": {"num_count": 2202, "sum_payoffs": 465.73874992430257, "action": [1.0, 0]}}}}