{"1": {"0": {"[1.0, 1.5707963267948966]": {"num_count": 233, "sum_payoffs": 58.20089954052498, "action": [1.0, 1.5707963267948966]}, "[2.0, 0.0]": {"num_count": 261, "sum_payoffs": 68.8355821974232, "action": [2.0, 0.0]}, "[1.0, 0.0]": {"num_count": 229, "sum_payoffs": 56.741629175950564, "action": [1.0, 0.0]}, "[0.0, -1.5707963267948966]": {"num_count": 211, "sum_payoffs": 49.9050474679445, "action": [0.0, -1.5707963267948966]}, "[1.0, -1.5707963267948966]": {"num_count": 231, "sum_payoffs": 57.40129934075818, "action": [1.0, -1.5707963267948966]}, "[2.0, -1.5707963267948966]": {"num_count": 260, "sum_payoffs": 68.48575711002525, "action": [2.0, -1.5707963267948966]}, "[0.0, 0.0]": {"num_count": 207, "sum_payoffs": 48.445777103370105, "action": [0.0, 0.0]}, "[0.0, 1.5707963267948966]": {"num_count": 210, "sum_payoffs": 49.635182400523206, "action": [0.0, 1.5707963267948966]}, "[2.0, 1.5707963267948966]": {"num_count": 258, "sum_payoffs": 67.80609694022345, "action": [2.0, 1.5707963267948966]}}, "1": {"[0.0, -1.5707963267948966]": {"num_count": 209, "sum_payoffs": 65.81709144330317, "action": [0.0, -1.5707963267948966]}, "[1.0, 0.0]": {"num_count": 232, "sum_payoffs": 76.26186905275705, "action": [1.0, 0.0]}, "[2.0, 0.0]": {"num_count": 260, "sum_payoffs": 89.2553722989674, "action": [2.0, 0.0]}, "[0.0, 1.5707963267948966]": {"num_count": 207, "sum_payoffs": 64.93753122355969, "action": [0.0, 1.5707963267948966]}, "[2.0, 1.5707963267948966]": {"num_count": 260, "sum_payoffs": 89.21539228897893, "action": [2.0, 1.5707963267948966]}, "[1.0, 1.5707963267948966]": {"num_count": 233, "sum_payoffs": 76.77161418010836, "action": [1.0, 1.5707963267948966]}, "[1.0, -1.5707963267948966]": {"num_count": 230, "sum_payoffs": 75.42228884300188, "action": [1.0, -1.5707963267948966]}, "[0.0, 0.0]": {"num_count": 210, "sum_payoffs": 66.30684656566038, "action": [0.0, 0.0]}, "[2.0, -1.5707963267948966]": {"num_count": 259, "sum_payoffs": 88.70564716162768, "action": [2.0, -1.5707963267948966]}}}}