{"2": {"0": {"[1.0, 0]": {"num_count": 44, "sum_payoffs": 6.186315788081763, "action": [1.0, 0]}, "[0.0, 0]": {"num_count": 56, "sum_payoffs": 5.039999998866, "action": [0.0, 0]}}, "1": {"[1.0, 0]": {"num_count": 47, "sum_payoffs": 6.186315788081763, "action": [1.0, 0]}, "[0.0, 0]": {"num_count": 53, "sum_payoffs": 5.039999998866, "action": [0.0, 0]}}}, "1": {"0": {"[1.0, 0]": {"num_count": 46, "sum_payoffs": 0.8999999997975, "action": [1.0, 0]}, "[0.0, 0]": {"num_count": 54, "sum_payoffs": 1.799999999595, "action": [0.0, 0]}}, "1": {"[0.0, 0]": {"num_count": 53, "sum_payoffs": 1.799999999595, "action": [0.0, 0]}, "[1.0, 0]": {"num_count": 47, "sum_payoffs": 0.8999999997975, "action": [1.0, 0]}}}}