{"2": {"0": {"[1.0, 0]": {"num_count": 4291, "sum_payoffs": 691.3066803325896, "action": [1.0, 0]}, "[0.0, 0]": {"num_count": 309, "sum_payoffs": 34.92482142258439, "action": [0.0, 0]}}, "1": {"[0.0, 0]": {"num_count": 325, "sum_payoffs": 37.540607136421684, "action": [0.0, 0]}, "[1.0, 0]": {"num_count": 4275, "sum_payoffs": 685.0979660479405, "action": [1.0, 0]}}}, "1": {"0": {"[1.0, 0]": {"num_count": 4260, "sum_payoffs": 747.3857141575565, "action": [1.0, 0]}, "[0.0, 0]": {"num_count": 340, "sum_payoffs": 53.80071427649104, "action": [0.0, 0]}}, "1": {"[1.0, 0]": {"num_count": 4274, "sum_payoffs": 749.0346427287022, "action": [1.0, 0]}, "[0.0, 0]": {"num_count": 326, "sum_payoffs": 49.721785705761754, "action": [0.0, 0]}}}}