{"3": {"0": {"[1.0, 0.0]": {"num_count": 381, "sum_payoffs": 126.71441610583148, "action": [1.0, 0.0]}, "[2.0, 1.5707963267948966]": {"num_count": 418, "sum_payoffs": 143.04358464750635, "action": [2.0, 1.5707963267948966]}, "[0.0, 0.0]": {"num_count": 369, "sum_payoffs": 121.46644667997917, "action": [0.0, 0.0]}, "[1.0, 1.5707963267948966]": {"num_count": 416, "sum_payoffs": 142.1352441053684, "action": [1.0, 1.5707963267948966]}, "[0.0, -1.5707963267948966]": {"num_count": 387, "sum_payoffs": 129.18945948592062, "action": [0.0, -1.5707963267948966]}, "[2.0, 0.0]": {"num_count": 409, "sum_payoffs": 139.02463919594084, "action": [2.0, 0.0]}, "[2.0, -1.5707963267948966]": {"num_count": 427, "sum_payoffs": 146.83155738293428, "action": [2.0, -1.5707963267948966]}, "[0.0, 1.5707963267948966]": {"num_count": 380, "sum_payoffs": 126.1567801079276, "action": [0.0, 1.5707963267948966]}, "[1.0, -1.5707963267948966]": {"num_count": 413, "sum_payoffs": 140.8513693301122, "action": [1.0, -1.5707963267948966]}}, "1": {"[0.0, 1.5707963267948966]": {"num_count": 575, "sum_payoffs": 208.69317049239572, "action": [0.0, 1.5707963267948966]}, "[1.0, -1.5707963267948966]": {"num_count": 635, "sum_payoffs": 235.82676880958658, "action": [1.0, -1.5707963267948966]}, "[0.0, 0.0]": {"num_count": 548, "sum_payoffs": 196.81010505128717, "action": [0.0, 0.0]}, "[0.0, -1.5707963267948966]": {"num_count": 568, "sum_payoffs": 205.6645461054006, "action": [0.0, -1.5707963267948966]}, "[1.0, 1.5707963267948966]": {"num_count": 648, "sum_payoffs": 241.74210146639672, "action": [1.0, 1.5707963267948966]}, "[1.0, 0.0]": {"num_count": 626, "sum_payoffs": 231.8348994729299, "action": [1.0, 0.0]}}}}