{"2": {"0": {"[1.0, 0]": {"num_count": 557, "sum_payoffs": 3.7563157886285135, "action": [1.0, 0]}, "[0.0, 0]": {"num_count": 543, "sum_payoffs": 2.60999999941275, "action": [0.0, 0]}}, "1": {"[1.0, 0]": {"num_count": 557, "sum_payoffs": 3.7563157886285135, "action": [1.0, 0]}, "[0.0, 0]": {"num_count": 543, "sum_payoffs": 2.60999999941275, "action": [0.0, 0]}}}, "1": {"0": {"[1.0, 0]": {"num_count": 555, "sum_payoffs": 1.799999999595, "action": [1.0, 0]}, "[0.0, 0]": {"num_count": 545, "sum_payoffs": 0.8999999997975, "action": [0.0, 0]}}, "1": {"[1.0, 0]": {"num_count": 555, "sum_payoffs": 1.799999999595, "action": [1.0, 0]}, "[0.0, 0]": {"num_count": 545, "sum_payoffs": 0.8999999997975, "action": [0.0, 0]}}}}