{"2": {"0": {"[1.0, 0]": {"num_count": 60, "sum_payoffs": 18.950605258104407, "action": [1.0, 0]}, "[0.0, 0]": {"num_count": 40, "sum_payoffs": 9.061499997583603, "action": [0.0, 0]}}, "1": {"[0.0, 0]": {"num_count": 39, "sum_payoffs": 8.845499997641202, "action": [0.0, 0]}, "[1.0, 0]": {"num_count": 61, "sum_payoffs": 19.409605257982008, "action": [1.0, 0]}}}, "1": {"0": {"[1.0, 0]": {"num_count": 51, "sum_payoffs": 14.504999996132009, "action": [1.0, 0]}, "[0.0, 0]": {"num_count": 49, "sum_payoffs": 13.529999996392009, "action": [0.0, 0]}}, "1": {"[1.0, 0]": {"num_count": 51, "sum_payoffs": 14.369999996168008, "action": [1.0, 0]}, "[0.0, 0]": {"num_count": 49, "sum_payoffs": 13.394999996428007, "action": [0.0, 0]}}}}