{"runtime": 0.6978983879089355, "winner": [1, 0], "T_terminal": 12, "trajectories": [[1.0, 3.0, 0.0, 3.0, 3.0, 0.0, 0.0], [1.0, 3.0, 0.0, 3.0, 3.0, 1.5707963267948966, 1.0], [1.0, 3.0, 4.71238898038469, 3.0, 3.0, 3.141592653589793, 2.0], [1.0, 3.0, 4.71238898038469, 2.0, 3.0, 4.71238898038469, 3.0], [1.0, 3.0, 3.141592653589793, 2.0, 3.0, 0.0, 4.0], [1.0, 3.0, 1.5707963267948966, 2.0, 3.0, 4.71238898038469, 5.0], [1.0, 4.0, 0.0, 1.9999999999999998, 2.0, 4.71238898038469, 6.0], [3.0, 4.0, 1.5707963267948966, 1.9999999999999998, 2.0, 4.71238898038469, 7.0], [3.0, 5.0, 0.0, 1.9999999999999996, 1.0, 3.141592653589793, 8.0], [3.0, 5.0, 0.0, 1.9999999999999996, 1.0, 1.5707963267948966, 9.0], [5.0, 5.0, 1.5707963267948966, 1.9999999999999996, 2.0, 1.5707963267948966, 10.0], [5.0, 5.0, 1.5707963267948966, 1.9999999999999996, 3.0, 0.0, 11.0], [5.0, 5.0, 0.0, 2.9999999999999996, 3.0, 1.5707963267948966, 12.0], [1.0, 3.0, 0.0, 3.0, 3.0, 1.5707963267948966, 1.0], [1.0, 3.0, 4.71238898038469, 3.0, 3.0, 3.141592653589793, 2.0], [1.0, 3.0, 4.71238898038469, 2.0, 3.0, 4.71238898038469, 3.0], [1.0, 3.0, 3.141592653589793, 2.0, 3.0, 0.0, 4.0], [1.0, 3.0, 1.5707963267948966, 2.0, 3.0, 4.71238898038469, 5.0], [1.0, 4.0, 0.0, 1.9999999999999998, 2.0, 4.71238898038469, 6.0], [3.0, 4.0, 1.5707963267948966, 1.9999999999999998, 2.0, 4.71238898038469, 7.0], [3.0, 5.0, 0.0, 1.9999999999999996, 1.0, 3.141592653589793, 8.0], [3.0, 5.0, 0.0, 1.9999999999999996, 1.0, 1.5707963267948966, 9.0], [5.0, 5.0, 1.5707963267948966, 1.9999999999999996, 2.0, 1.5707963267948966, 10.0], [5.0, 5.0, 1.5707963267948966, 1.9999999999999996, 3.0, 0.0, 11.0], [5.0, 5.0, 1.5707963267948966, 2.9999999999999996, 3.0, 0.0, 12.0]], "penalty_distance_0": [-0.10826822658929017, -0.10826822658929017, -0.2943035529371539, -0.2943035529371539, -0.2943035529371539, -0.0855023405283086, -0.0855023405283086, -0.01295531465533005, -0.01295531465533005, -0.011495676872351262, -0.02173796893778844, -0.047284597249564984, -0.10826822658929017, -0.10826822658929017, -0.2943035529371539, -0.2943035529371539, -0.2943035529371539, -0.0855023405283086, -0.0855023405283086, -0.01295531465533005, -0.01295531465533005, -0.011495676872351262, -0.02173796893778844, -0.047284597249564984], "penalty_distance_1": [-0.10826822658929017, -0.10826822658929017, -0.2943035529371539, -0.2943035529371539, -0.2943035529371539, -0.0855023405283086, -0.0855023405283086, -0.01295531465533005, -0.01295531465533005, -0.011495676872351262, -0.02173796893778844, -0.047284597249564984, -0.10826822658929017, -0.10826822658929017, -0.2943035529371539, -0.2943035529371539, -0.2943035529371539, -0.0855023405283086, -0.0855023405283086, -0.01295531465533005, -0.01295531465533005, -0.011495676872351262, -0.02173796893778844, -0.047284597249564984], "reward_progress_0": [0.0, 0.0, 0.0, 0.0, 0.0, 0.0, 0.0, 0.0, 0.0, 0.0, 0.0, 0.0, 0.0, 0.0, 0.0, 0.0, 0.0, 0.0, 0.0, 0.0, 0.0, 0.0, 0.0, 0.0], "reward_progress_1": [0.0, 0.0, -0.0, 0.0, 0.0, -0.0, 0.0, -0.0, 0.0, 0.0, 0.0, 0.0, 0.0, 0.0, -0.0, 0.0, 0.0, -0.0, 0.0, -0.0, 0.0, 0.0, 0.0, 0.0], "penalty_agressor_0": [0.0, 0.0, 0.0, 0.0, 0.0, 0.0, 0.0, 0.0, 0.0, 0.0, 0.0, 0.0, 0.0, 0.0, 0.0, 0.0, 0.0, 0.0, 0.0, 0.0, 0.0, 0.0, 0.0, 0.0], "penalty_agressor_1": [0.0, 0.0, 0.0, 0.0, 0.0, 0.0, 0.0, 0.0, 0.0, 0.0, 0.0, 0.0, 0.0, 0.0, 0.0, 0.0, 0.0, 0.0, 0.0, 0.0, 0.0, 0.0, 0.0, 0.0], "penalty_timestep_0": [-9.600000000000001, -9.600000000000001], "penalty_timestep_1": [-9.600000000000001, -9.600000000000001], "reward_lead_0": [2.0000000000000004, 2.0000000000000004], "reward_lead_1": [-2.0000000000000004, -2.0000000000000004], "payoff_total0": [-0.10826822658929017, -0.21653645317858033, -0.5108400061157342, -0.8051435590528881, -1.099447111990042, -1.1849494525183506, -1.2704517930466592, -1.2834071077019893, -1.2963624223573194, -1.3078580992296707, -1.329596068167459, -1.376880665417024, -8.976880665417026, -9.085148892006316, -9.193417118595606, -9.48772067153276, -9.782024224469914, -10.076327777407068, -10.161830117935377, -10.247332458463685, -10.260287773119014, -10.273243087774345, -10.284738764646697, -10.306476733584486, -10.35376133083405, -17.953761330834052], "payoff_total1": [-0.10826822658929017, -0.21653645317858033, -0.5108400061157342, -0.8051435590528881, -1.099447111990042, -1.1849494525183506, -1.2704517930466592, -1.2834071077019893, -1.2963624223573194, -1.3078580992296707, -1.329596068167459, -1.376880665417024, -12.976880665417026, -13.085148892006316, -13.193417118595606, -13.48772067153276, -13.782024224469914, -14.076327777407068, -14.161830117935377, -14.247332458463685, -14.260287773119014, -14.273243087774345, -14.284738764646697, -14.306476733584486, -14.35376133083405, -25.953761330834052]}