{"12": {"0": {"[0.0, 1.5707963267948966]": {"num_count": 330, "sum_payoffs": 69.90454326987218, "action": [0.0, 1.5707963267948966]}, "[0.0, 0.0]": {"num_count": 352, "sum_payoffs": 77.01361834127599, "action": [0.0, 0.0]}, "[2.0, -1.5707963267948966]": {"num_count": 351, "sum_payoffs": 76.67618013566042, "action": [2.0, -1.5707963267948966]}, "[2.0, 1.5707963267948966]": {"num_count": 349, "sum_payoffs": 76.09025235059414, "action": [2.0, 1.5707963267948966]}, "[1.0, 0.0]": {"num_count": 345, "sum_payoffs": 74.78029230759368, "action": [1.0, 0.0]}, "[1.0, 1.5707963267948966]": {"num_count": 342, "sum_payoffs": 73.78257564190946, "action": [1.0, 1.5707963267948966]}, "[1.0, -1.5707963267948966]": {"num_count": 349, "sum_payoffs": 75.9972277873869, "action": [1.0, -1.5707963267948966]}, "[0.0, -1.5707963267948966]": {"num_count": 334, "sum_payoffs": 71.12259197420185, "action": [0.0, -1.5707963267948966]}, "[2.0, 0.0]": {"num_count": 348, "sum_payoffs": 75.70904387977227, "action": [2.0, 0.0]}}, "1": {"[0.0, -1.5707963267948966]": {"num_count": 309, "sum_payoffs": 77.1601908324633, "action": [0.0, -1.5707963267948966]}, "[1.0, -1.5707963267948966]": {"num_count": 338, "sum_payoffs": 87.76467278126198, "action": [1.0, -1.5707963267948966]}, "[2.0, 0.0]": {"num_count": 411, "sum_payoffs": 114.9734971504028, "action": [2.0, 0.0]}, "[0.0, 1.5707963267948966]": {"num_count": 305, "sum_payoffs": 75.65231824869089, "action": [0.0, 1.5707963267948966]}, "[0.0, 0.0]": {"num_count": 325, "sum_payoffs": 82.8818465519177, "action": [0.0, 0.0]}, "[2.0, -1.5707963267948966]": {"num_count": 370, "sum_payoffs": 99.55145402911823, "action": [2.0, -1.5707963267948966]}, "[1.0, 1.5707963267948966]": {"num_count": 316, "sum_payoffs": 79.61060194353988, "action": [1.0, 1.5707963267948966]}, "[1.0, 0.0]": {"num_count": 366, "sum_payoffs": 98.05338931971282, "action": [1.0, 0.0]}, "[2.0, 1.5707963267948966]": {"num_count": 360, "sum_payoffs": 95.92228338876005, "action": [2.0, 1.5707963267948966]}}}}