{"2": {"0": {"[1.0, 0]": {"num_count": 417, "sum_payoffs": 162.5669999024592, "action": [1.0, 0]}, "[0.0, 0]": {"num_count": 183, "sum_payoffs": 55.039499966976436, "action": [0.0, 0]}}, "1": {"[0.0, 0]": {"num_count": 186, "sum_payoffs": 57.0442499657736, "action": [0.0, 0]}, "[1.0, 0]": {"num_count": 414, "sum_payoffs": 162.74924990234987, "action": [1.0, 0]}}}, "1": {"0": {"[1.0, 0]": {"num_count": 382, "sum_payoffs": 162.80999990231317, "action": [1.0, 0]}, "[0.0, 0]": {"num_count": 218, "sum_payoffs": 79.78499995212894, "action": [0.0, 0]}}, "1": {"[1.0, 0]": {"num_count": 382, "sum_payoffs": 163.2149999020702, "action": [1.0, 0]}, "[0.0, 0]": {"num_count": 218, "sum_payoffs": 80.18999995188594, "action": [0.0, 0]}}}}