{"2": {"0": {"[0.0, 0]": {"num_count": 2079, "sum_payoffs": 6.659999996004, "action": [0.0, 0]}, "[1.0, 0]": {"num_count": 2021, "sum_payoffs": 6.186315785761895, "action": [1.0, 0]}}, "1": {"[0.0, 0]": {"num_count": 2141, "sum_payoffs": 6.659999996004, "action": [0.0, 0]}, "[1.0, 0]": {"num_count": 1959, "sum_payoffs": 6.186315785761895, "action": [1.0, 0]}}}, "1": {"0": {"[0.0, 0]": {"num_count": 2137, "sum_payoffs": 1.79999999892, "action": [0.0, 0]}, "[1.0, 0]": {"num_count": 1963, "sum_payoffs": 0.89999999946, "action": [1.0, 0]}}, "1": {"[1.0, 0]": {"num_count": 1977, "sum_payoffs": 0.89999999946, "action": [1.0, 0]}, "[0.0, 0]": {"num_count": 2123, "sum_payoffs": 1.79999999892, "action": [0.0, 0]}}}}