{"1": {"0": {"[2.0, 1.5707963267948966]": {"num_count": 412, "sum_payoffs": 115.08245875143498, "action": [2.0, 1.5707963267948966]}, "[0.0, 1.5707963267948966]": {"num_count": 285, "sum_payoffs": 68.15592202762146, "action": [0.0, 1.5707963267948966]}, "[1.0, -1.5707963267948966]": {"num_count": 337, "sum_payoffs": 87.0864567571004, "action": [1.0, -1.5707963267948966]}, "[2.0, 0.0]": {"num_count": 412, "sum_payoffs": 115.0024987314584, "action": [2.0, 0.0]}, "[1.0, 0.0]": {"num_count": 338, "sum_payoffs": 87.45627184949254, "action": [1.0, 0.0]}, "[1.0, 1.5707963267948966]": {"num_count": 339, "sum_payoffs": 87.84607694687885, "action": [1.0, 1.5707963267948966]}, "[0.0, 0.0]": {"num_count": 284, "sum_payoffs": 67.80609694022348, "action": [0.0, 0.0]}, "[0.0, -1.5707963267948966]": {"num_count": 283, "sum_payoffs": 67.41629184283715, "action": [0.0, -1.5707963267948966]}, "[2.0, -1.5707963267948966]": {"num_count": 410, "sum_payoffs": 114.3428285666508, "action": [2.0, -1.5707963267948966]}}, "1": {"[1.0, -1.5707963267948966]": {"num_count": 578, "sum_payoffs": 189.46526733473954, "action": [1.0, -1.5707963267948966]}, "[1.0, 1.5707963267948966]": {"num_count": 581, "sum_payoffs": 190.75462265686338, "action": [1.0, 1.5707963267948966]}, "[1.0, 0.0]": {"num_count": 573, "sum_payoffs": 187.4762618378197, "action": [1.0, 0.0]}, "[0.0, 1.5707963267948966]": {"num_count": 458, "sum_payoffs": 140.72963515895464, "action": [0.0, 1.5707963267948966]}, "[0.0, 0.0]": {"num_count": 454, "sum_payoffs": 139.15042476441525, "action": [0.0, 0.0]}, "[0.0, -1.5707963267948966]": {"num_count": 456, "sum_payoffs": 139.930034959188, "action": [0.0, -1.5707963267948966]}}}}