{"6": {"0": {"[0.0, -1.5707963267948966]": {"num_count": 11, "sum_payoffs": 3.30711850724678, "action": [0.0, -1.5707963267948966]}, "[1.0, -1.5707963267948966]": {"num_count": 12, "sum_payoffs": 3.950394672967431, "action": [1.0, -1.5707963267948966]}, "[1.0, 1.5707963267948966]": {"num_count": 11, "sum_payoffs": 3.5546158766466616, "action": [1.0, 1.5707963267948966]}, "[0.0, 0.0]": {"num_count": 11, "sum_payoffs": 3.5124866611537464, "action": [0.0, 0.0]}, "[2.0, -1.5707963267948966]": {"num_count": 11, "sum_payoffs": 3.3798389016203068, "action": [2.0, -1.5707963267948966]}, "[0.0, 1.5707963267948966]": {"num_count": 11, "sum_payoffs": 3.372557816571449, "action": [0.0, 1.5707963267948966]}, "[2.0, 0.0]": {"num_count": 11, "sum_payoffs": 3.556733754577095, "action": [2.0, 0.0]}, "[2.0, 1.5707963267948966]": {"num_count": 11, "sum_payoffs": 3.5664309422119556, "action": [2.0, 1.5707963267948966]}, "[1.0, 0.0]": {"num_count": 11, "sum_payoffs": 3.1786358956357406, "action": [1.0, 0.0]}}, "1": {"[0.0, 0.0]": {"num_count": 17, "sum_payoffs": 5.468746903619946, "action": [0.0, 0.0]}, "[0.0, 1.5707963267948966]": {"num_count": 16, "sum_payoffs": 4.7095038218703, "action": [0.0, 1.5707963267948966]}, "[1.0, -1.5707963267948966]": {"num_count": 17, "sum_payoffs": 5.517266906520581, "action": [1.0, -1.5707963267948966]}, "[0.0, -1.5707963267948966]": {"num_count": 15, "sum_payoffs": 4.249011830458389, "action": [0.0, -1.5707963267948966]}, "[1.0, 1.5707963267948966]": {"num_count": 17, "sum_payoffs": 5.284430544581976, "action": [1.0, 1.5707963267948966]}, "[1.0, 0.0]": {"num_count": 18, "sum_payoffs": 6.050820219980036, "action": [1.0, 0.0]}}}}