{"2": {"0": {"[0.0, 0]": {"num_count": 331, "sum_payoffs": 74.77537498317571, "action": [0.0, 0]}, "[1.0, 0]": {"num_count": 769, "sum_payoffs": 227.93118744871364, "action": [1.0, 0]}}, "1": {"[0.0, 0]": {"num_count": 335, "sum_payoffs": 76.44573353543146, "action": [0.0, 0]}, "[1.0, 0]": {"num_count": 765, "sum_payoffs": 227.62770389615025, "action": [1.0, 0]}}}, "1": {"0": {"[0.0, 0]": {"num_count": 412, "sum_payoffs": 114.58687497421732, "action": [0.0, 0]}, "[1.0, 0]": {"num_count": 688, "sum_payoffs": 220.06124995048475, "action": [1.0, 0]}}, "1": {"[0.0, 0]": {"num_count": 414, "sum_payoffs": 115.49812497401228, "action": [0.0, 0]}, "[1.0, 0]": {"num_count": 686, "sum_payoffs": 219.45374995062144, "action": [1.0, 0]}}}}