{"9": {"0": {"[0.0, 0.0]": {"num_count": 445, "sum_payoffs": 116.13430753039151, "action": [0.0, 0.0]}, "[1.0, -1.5707963267948966]": {"num_count": 462, "sum_payoffs": 122.21307359148054, "action": [1.0, -1.5707963267948966]}, "[1.0, 0.0]": {"num_count": 447, "sum_payoffs": 116.84778775765837, "action": [1.0, 0.0]}, "[1.0, 1.5707963267948966]": {"num_count": 446, "sum_payoffs": 116.42731765489127, "action": [1.0, 1.5707963267948966]}, "[0.0, -1.5707963267948966]": {"num_count": 434, "sum_payoffs": 112.12300820047172, "action": [0.0, -1.5707963267948966]}, "[2.0, 1.5707963267948966]": {"num_count": 467, "sum_payoffs": 124.03207912783854, "action": [2.0, 1.5707963267948966]}, "[2.0, -1.5707963267948966]": {"num_count": 470, "sum_payoffs": 125.1234032272543, "action": [2.0, -1.5707963267948966]}, "[0.0, 1.5707963267948966]": {"num_count": 431, "sum_payoffs": 111.13844351230563, "action": [0.0, 1.5707963267948966]}, "[2.0, 0.0]": {"num_count": 498, "sum_payoffs": 135.15981765305094, "action": [2.0, 0.0]}}, "1": {"[1.0, -1.5707963267948966]": {"num_count": 714, "sum_payoffs": 179.66619207404042, "action": [1.0, -1.5707963267948966]}, "[0.0, 0.0]": {"num_count": 659, "sum_payoffs": 161.6616019026268, "action": [0.0, 0.0]}, "[0.0, 1.5707963267948966]": {"num_count": 642, "sum_payoffs": 156.13406001760282, "action": [0.0, 1.5707963267948966]}, "[1.0, 0.0]": {"num_count": 735, "sum_payoffs": 186.5818347501237, "action": [1.0, 0.0]}, "[0.0, -1.5707963267948966]": {"num_count": 646, "sum_payoffs": 157.4508359302082, "action": [0.0, -1.5707963267948966]}, "[1.0, 1.5707963267948966]": {"num_count": 704, "sum_payoffs": 176.37084368034664, "action": [1.0, 1.5707963267948966]}}}}