{"runtime": 61.87559390068054, "winner": [0, 0], "T_terminal": 9, "trajectories": [[1.0, 3.0, 0.0, 3.0, 3.0, 0.0, 0.0], [2.0, 3.0, 4.71238898038469, 4.0, 3.0, 0.0, 1.0], [1.9999999999999996, 1.0, 0.0, 5.0, 3.0, 0.0, 2.0], [3.9999999999999996, 1.0, 0.0, 6.0, 3.0, 0.0, 3.0], [3.9999999999999996, 1.0, 0.0, 7.0, 3.0, 0.0, 4.0], [6.0, 1.0, 4.71238898038469, 8.0, 3.0, 0.0, 5.0], [6.0, 1.0, 0.0, 9.0, 3.0, 0.0, 6.0], [8.0, 1.0, 0.0, 10.0, 3.0, 0.0, 7.0], [10.0, 1.0, 0.0, 11.0, 3.0, 0.0, 8.0], [12.0, 1.0, 0.0, 12.0, 3.0, 0.0, 9.0]], "penalty_distance_0": [0.0, 0.0, 0.0, 0.0, 0.0, 0.0, 0.0, 0.0, 0.0], "penalty_distance_1": [0.0, 0.0, 0.0, 0.0, 0.0, 0.0, 0.0, 0.0, 0.0], "reward_progress_0": [0.0, -0.0, 0.0, 0.0, 0.0, 0.0, 0.0, 0.0, 0.0], "reward_progress_1": [0.0, 0.0, 0.0, 0.0, 0.0, 0.0, 0.0, 0.0, 0.0], "penalty_agressor_0": [0.0, 0.0, 0.0, 0.0, 0.0, 0.0, 0.0, 0.0, 0.0], "penalty_agressor_1": [0.0, 0.0, 0.0, 0.0, 0.0, 0.0, 0.0, 0.0, 0.0], "penalty_timestep_0": [-4.5], "penalty_timestep_1": [-4.5], "reward_lead_0": [0.0], "reward_lead_1": [0.0], "payoff_total0": [0.0, 0.0, 0.0, 0.0, 0.0, 0.0, 0.0, 0.0, 0.0, -4.5], "payoff_total1": [0.0, 0.0, 0.0, 0.0, 0.0, 0.0, 0.0, 0.0, 0.0, -4.5]}