{"2": {"0": {"[0.0, 0]": {"num_count": 740, "sum_payoffs": 151.92489469632685, "action": [0.0, 0]}, "[1.0, 0]": {"num_count": 1860, "sum_payoffs": 482.4461051345002, "action": [1.0, 0]}}, "1": {"[0.0, 0]": {"num_count": 746, "sum_payoffs": 154.14189469573546, "action": [0.0, 0]}, "[1.0, 0]": {"num_count": 1854, "sum_payoffs": 481.68710513470324, "action": [1.0, 0]}}}, "1": {"0": {"[1.0, 0]": {"num_count": 1659, "sum_payoffs": 467.6999998752902, "action": [1.0, 0]}, "[0.0, 0]": {"num_count": 941, "sum_payoffs": 235.19999993727737, "action": [0.0, 0]}}, "1": {"[0.0, 0]": {"num_count": 943, "sum_payoffs": 235.87499993709736, "action": [0.0, 0]}, "[1.0, 0]": {"num_count": 1657, "sum_payoffs": 467.2949998753982, "action": [1.0, 0]}}}}