{"15": {"0": {"[0.0, 1.5707963267948966]": {"num_count": 66, "sum_payoffs": 14.468847599245107, "action": [0.0, 1.5707963267948966]}, "[2.0, -1.5707963267948966]": {"num_count": 68, "sum_payoffs": 15.55658921563212, "action": [2.0, -1.5707963267948966]}, "[0.0, -1.5707963267948966]": {"num_count": 66, "sum_payoffs": 14.458381305525327, "action": [0.0, -1.5707963267948966]}, "[2.0, 0.0]": {"num_count": 68, "sum_payoffs": 15.421483506503929, "action": [2.0, 0.0]}, "[1.0, 0.0]": {"num_count": 66, "sum_payoffs": 14.4780155650477, "action": [1.0, 0.0]}, "[0.0, 0.0]": {"num_count": 63, "sum_payoffs": 13.320958172762683, "action": [0.0, 0.0]}, "[1.0, 1.5707963267948966]": {"num_count": 67, "sum_payoffs": 14.919850424551507, "action": [1.0, 1.5707963267948966]}, "[1.0, -1.5707963267948966]": {"num_count": 67, "sum_payoffs": 15.099978795086157, "action": [1.0, -1.5707963267948966]}, "[2.0, 1.5707963267948966]": {"num_count": 69, "sum_payoffs": 15.927904577005645, "action": [2.0, 1.5707963267948966]}}, "1": {"[1.0, 1.5707963267948966]": {"num_count": 102, "sum_payoffs": 20.94476873214732, "action": [1.0, 1.5707963267948966]}, "[1.0, 0.0]": {"num_count": 101, "sum_payoffs": 20.69479802867089, "action": [1.0, 0.0]}, "[0.0, 0.0]": {"num_count": 99, "sum_payoffs": 19.834900491562337, "action": [0.0, 0.0]}, "[1.0, -1.5707963267948966]": {"num_count": 100, "sum_payoffs": 20.137921099055422, "action": [1.0, -1.5707963267948966]}, "[0.0, 1.5707963267948966]": {"num_count": 100, "sum_payoffs": 20.272054020623735, "action": [0.0, 1.5707963267948966]}, "[0.0, -1.5707963267948966]": {"num_count": 98, "sum_payoffs": 19.56781198229685, "action": [0.0, -1.5707963267948966]}}}}