{"2": {"0": {"[0.0, 0]": {"num_count": 316, "sum_payoffs": 97.3214999740477, "action": [0.0, 0]}, "[1.0, 0]": {"num_count": 784, "sum_payoffs": 302.1704999194215, "action": [1.0, 0]}}, "1": {"[0.0, 0]": {"num_count": 318, "sum_payoffs": 98.96174997361035, "action": [0.0, 0]}, "[1.0, 0]": {"num_count": 782, "sum_payoffs": 303.0817499191786, "action": [1.0, 0]}}}, "1": {"0": {"[1.0, 0]": {"num_count": 718, "sum_payoffs": 303.54749991905646, "action": [1.0, 0]}, "[0.0, 0]": {"num_count": 382, "sum_payoffs": 141.54749996225368, "action": [0.0, 0]}}, "1": {"[1.0, 0]": {"num_count": 714, "sum_payoffs": 302.33249991938044, "action": [1.0, 0]}, "[0.0, 0]": {"num_count": 386, "sum_payoffs": 143.9774999616057, "action": [0.0, 0]}}}}