{"2": {"0": {"[0.0, 0]": {"num_count": 244, "sum_payoffs": 23.651249993692954, "action": [0.0, 0]}, "[1.0, 0]": {"num_count": 1856, "sum_payoffs": 234.42746046379762, "action": [1.0, 0]}}, "1": {"[0.0, 0]": {"num_count": 179, "sum_payoffs": 18.730499995005193, "action": [0.0, 0]}, "[1.0, 0]": {"num_count": 1921, "sum_payoffs": 248.21771046011995, "action": [1.0, 0]}}}, "1": {"0": {"[0.0, 0]": {"num_count": 205, "sum_payoffs": 23.279999993791954, "action": [0.0, 0]}, "[1.0, 0]": {"num_count": 1895, "sum_payoffs": 261.68249993022476, "action": [1.0, 0]}}, "1": {"[1.0, 0]": {"num_count": 1896, "sum_payoffs": 261.9524999301528, "action": [1.0, 0]}, "[0.0, 0]": {"num_count": 204, "sum_payoffs": 23.549999993719926, "action": [0.0, 0]}}}}