{"runtime_game_length_10": 10.333651781082153, "runtime_game_length_9": 8.258982419967651, "runtime_game_length_8": 6.758190393447876, "runtime_game_length_7": 6.7503321170806885, "runtime_game_length_6": 5.567129850387573, "runtime_game_length_5": 3.962937116622925, "runtime_game_length_4": 2.8603885173797607, "runtime_game_length_3": 1.5366928577423096, "runtime_game_length_2": 0.16775894165039062, "runtime": 46.19651246070862, "winner": [1, 0], "T_terminal": 9, "trajectory_0": [[1.0, 3.0, 0.0, 0], [1.0, 3.0, 1.5707963267948966, 1], [1.0, 4.0, 1.5707963267948966, 2], [1.0, 5.0, 0.0, 3], [3.0, 5.0, 0.0, 4], [5.0, 5.0, 0.0, 5], [7.0, 5.0, 0.0, 6], [9.0, 5.0, 0.0, 7], [11.0, 5.0, 0.0, 8], [13.0, 5.0, 0.0, 9]], "trajectory_1": [[3.0, 3.0, 0.0, 0], [4.0, 3.0, 0.0, 1], [5.0, 3.0, 0.0, 2], [6.0, 3.0, 0.0, 3], [7.0, 3.0, 0.0, 4], [8.0, 3.0, 0.0, 5], [9.0, 3.0, 0.0, 6], [10.0, 3.0, 0.0, 7], [11.0, 3.0, 0.0, 8], [12.0, 3.0, 1.5707963267948966, 9]], "penalty_distance_0": [-0.49787068367863946, -0.1295531465533005, -0.029338142528683102, -0.05848520188655074, -0.11129840096147688, -0.1936777103342182, -0.2801740694431617, -0.2838186599102289, -0.1793114044436235], "penalty_distance_1": [0.0, 0.0, 0.0, 0.0, 0.0, 0.0, 0.0, 0.0, 0.0], "reward_progress_0": [0.0, 0.0, 0.0, 0.10240000000000003, 0.08192000000000002, 0.06553600000000002, 0.052428800000000025, 0.041943040000000015, 0.033554432000000016], "reward_progress_1": [0.1, 0.08000000000000002, 0.06400000000000002, 0.051200000000000016, 0.04096000000000001, 0.03276800000000001, 0.026214400000000013, 0.020971520000000007, 0.016777216000000008], "penalty_timestep_0": [-0.9], "penalty_timestep_1": [-0.9], "reward_lead_0": [1.0], "reward_lead_1": [-1.0], "payoff_total_0": [-0.49787068367863946, -0.6274238302319399, -0.656761972760623, -0.6128471746471736, -0.6422255756086506, -0.7703672859428687, -0.9981125553860305, -1.2399881752962592, -1.3857451477398828, -1.285745147739883], "payoff_total_1": [0.1, 0.18000000000000002, 0.24400000000000005, 0.2952000000000001, 0.33616000000000007, 0.3689280000000001, 0.3951424000000001, 0.41611392000000014, 0.4328911360000001, -1.4671088639999998]}