{"2": {"0": {"[1.0, 0]": {"num_count": 1915, "sum_payoffs": 480.0431051751358, "action": [1.0, 0]}, "[0.0, 0]": {"num_count": 185, "sum_payoffs": 33.631499993834275, "action": [0.0, 0]}}, "1": {"[1.0, 0]": {"num_count": 1945, "sum_payoffs": 489.64160517337564, "action": [1.0, 0]}, "[0.0, 0]": {"num_count": 155, "sum_payoffs": 25.733999995282144, "action": [0.0, 0]}}}, "1": {"0": {"[1.0, 0]": {"num_count": 1947, "sum_payoffs": 532.0949999024771, "action": [1.0, 0]}, "[0.0, 0]": {"num_count": 153, "sum_payoffs": 35.53499999348521, "action": [0.0, 0]}}, "1": {"[0.0, 0]": {"num_count": 141, "sum_payoffs": 31.754999994178213, "action": [0.0, 0]}, "[1.0, 0]": {"num_count": 1959, "sum_payoffs": 536.1449999017348, "action": [1.0, 0]}}}}