{"2": {"0": {"[1.0, -1.5707963267948966]": {"num_count": 372, "sum_payoffs": 83.6399191569676, "action": [1.0, -1.5707963267948966]}, "[2.0, -1.5707963267948966]": {"num_count": 437, "sum_payoffs": 105.35341023386673, "action": [2.0, -1.5707963267948966]}, "[0.0, 1.5707963267948966]": {"num_count": 318, "sum_payoffs": 66.12976119538247, "action": [0.0, 1.5707963267948966]}, "[1.0, 0.0]": {"num_count": 444, "sum_payoffs": 107.75749804467891, "action": [1.0, 0.0]}, "[2.0, 0.0]": {"num_count": 525, "sum_payoffs": 135.59350757147442, "action": [2.0, 0.0]}, "[2.0, 1.5707963267948966]": {"num_count": 440, "sum_payoffs": 106.38767570965202, "action": [2.0, 1.5707963267948966]}, "[0.0, -1.5707963267948966]": {"num_count": 318, "sum_payoffs": 66.02546551715207, "action": [0.0, -1.5707963267948966]}, "[1.0, 1.5707963267948966]": {"num_count": 368, "sum_payoffs": 82.39988699933289, "action": [1.0, 1.5707963267948966]}, "[0.0, 0.0]": {"num_count": 378, "sum_payoffs": 85.68925680665353, "action": [0.0, 0.0]}}, "1": {"[1.0, 0.0]": {"num_count": 731, "sum_payoffs": 212.78447729119125, "action": [1.0, 0.0]}, "[0.0, 1.5707963267948966]": {"num_count": 514, "sum_payoffs": 134.7445842072039, "action": [0.0, 1.5707963267948966]}, "[1.0, -1.5707963267948966]": {"num_count": 633, "sum_payoffs": 177.20770046810813, "action": [1.0, -1.5707963267948966]}, "[1.0, 1.5707963267948966]": {"num_count": 627, "sum_payoffs": 174.97685936728433, "action": [1.0, 1.5707963267948966]}, "[0.0, 0.0]": {"num_count": 575, "sum_payoffs": 156.40860726457205, "action": [0.0, 0.0]}, "[0.0, -1.5707963267948966]": {"num_count": 520, "sum_payoffs": 136.88851224283582, "action": [0.0, -1.5707963267948966]}}}}