{"2": {"0": {"[0.0, 0]": {"num_count": 50, "sum_payoffs": 5.4236842093059865, "action": [0.0, 0]}, "[1.0, 0]": {"num_count": 50, "sum_payoffs": 5.286315788284263, "action": [1.0, 0]}}, "1": {"[0.0, 0]": {"num_count": 50, "sum_payoffs": 5.333684209326236, "action": [0.0, 0]}, "[1.0, 0]": {"num_count": 50, "sum_payoffs": 5.376315788264013, "action": [1.0, 0]}}}, "1": {"0": {"[0.0, 0]": {"num_count": 52, "sum_payoffs": 1.799999999595, "action": [0.0, 0]}, "[1.0, 0]": {"num_count": 48, "sum_payoffs": 0.8999999997975, "action": [1.0, 0]}}, "1": {"[0.0, 0]": {"num_count": 52, "sum_payoffs": 1.799999999595, "action": [0.0, 0]}, "[1.0, 0]": {"num_count": 48, "sum_payoffs": 0.8999999997975, "action": [1.0, 0]}}}}