{"2": {"0": {"[1.0, 0]": {"num_count": 1922, "sum_payoffs": 198.4254867974544, "action": [1.0, 0]}, "[0.0, 0]": {"num_count": 1178, "sum_payoffs": 91.75443747935564, "action": [0.0, 0]}}, "1": {"[1.0, 0]": {"num_count": 1935, "sum_payoffs": 201.05967429686157, "action": [1.0, 0]}, "[0.0, 0]": {"num_count": 1165, "sum_payoffs": 90.39599997966143, "action": [0.0, 0]}}}, "1": {"0": {"[1.0, 0]": {"num_count": 1841, "sum_payoffs": 202.17937495451247, "action": [1.0, 0]}, "[0.0, 0]": {"num_count": 1259, "sum_payoffs": 113.61937497443455, "action": [0.0, 0]}}, "1": {"[1.0, 0]": {"num_count": 1838, "sum_payoffs": 201.8756249545808, "action": [1.0, 0]}, "[0.0, 0]": {"num_count": 1262, "sum_payoffs": 114.12562497432062, "action": [0.0, 0]}}}}