{"2": {"0": {"[1.0, 0]": {"num_count": 985, "sum_payoffs": 217.49799244391377, "action": [1.0, 0]}, "[0.0, 0]": {"num_count": 115, "sum_payoffs": 19.304999996690565, "action": [0.0, 0]}}, "1": {"[0.0, 0]": {"num_count": 117, "sum_payoffs": 19.929857139440596, "action": [0.0, 0]}, "[1.0, 0]": {"num_count": 983, "sum_payoffs": 210.83284958791378, "action": [1.0, 0]}}}, "1": {"0": {"[0.0, 0]": {"num_count": 121, "sum_payoffs": 23.297142853149005, "action": [0.0, 0]}, "[1.0, 0]": {"num_count": 979, "sum_payoffs": 231.27428567464236, "action": [1.0, 0]}}, "1": {"[0.0, 0]": {"num_count": 111, "sum_payoffs": 21.56142856773229, "action": [0.0, 0]}, "[1.0, 0]": {"num_count": 989, "sum_payoffs": 235.3242856739481, "action": [1.0, 0]}}}}