{"2": {"0": {"[1.0, 0]": {"num_count": 1496, "sum_payoffs": 449.4264630680146, "action": [1.0, 0]}, "[0.0, 0]": {"num_count": 104, "sum_payoffs": 23.185799995362867, "action": [0.0, 0]}}, "1": {"[1.0, 0]": {"num_count": 1468, "sum_payoffs": 437.0334630704925, "action": [1.0, 0]}, "[0.0, 0]": {"num_count": 132, "sum_payoffs": 28.87199999422565, "action": [0.0, 0]}}}, "1": {"0": {"[1.0, 0]": {"num_count": 1450, "sum_payoffs": 479.7179999040668, "action": [1.0, 0]}, "[0.0, 0]": {"num_count": 150, "sum_payoffs": 40.51799999189627, "action": [0.0, 0]}}, "1": {"[1.0, 0]": {"num_count": 1404, "sum_payoffs": 462.54599990750046, "action": [1.0, 0]}, "[0.0, 0]": {"num_count": 196, "sum_payoffs": 55.421999988915324, "action": [0.0, 0]}}}}