{"2": {"0": {"[0.0, 0]": {"num_count": 281, "sum_payoffs": 84.56399997040216, "action": [0.0, 0]}, "[1.0, 0]": {"num_count": 3319, "sum_payoffs": 1217.4299995739034, "action": [1.0, 0]}}, "1": {"[0.0, 0]": {"num_count": 297, "sum_payoffs": 94.58774996689402, "action": [0.0, 0]}, "[1.0, 0]": {"num_count": 3303, "sum_payoffs": 1228.182749570139, "action": [1.0, 0]}}}, "1": {"0": {"[0.0, 0]": {"num_count": 291, "sum_payoffs": 109.75499996158544, "action": [0.0, 0]}, "[1.0, 0]": {"num_count": 3309, "sum_payoffs": 1347.4349995284074, "action": [1.0, 0]}}, "1": {"[1.0, 0]": {"num_count": 3405, "sum_payoffs": 1388.7449995139561, "action": [1.0, 0]}, "[0.0, 0]": {"num_count": 195, "sum_payoffs": 70.0649999754771, "action": [0.0, 0]}}}}