{"2": {"0": {"[0.0, 0]": {"num_count": 272, "sum_payoffs": 36.09449998736678, "action": [0.0, 0]}, "[1.0, 0]": {"num_count": 2828, "sum_payoffs": 525.5690327108064, "action": [1.0, 0]}}, "1": {"[1.0, 0]": {"num_count": 2905, "sum_payoffs": 550.6632827020184, "action": [1.0, 0]}, "[0.0, 0]": {"num_count": 195, "sum_payoffs": 28.13174999015379, "action": [0.0, 0]}}}, "1": {"0": {"[1.0, 0]": {"num_count": 2890, "sum_payoffs": 594.9337497917647, "action": [1.0, 0]}, "[0.0, 0]": {"num_count": 210, "sum_payoffs": 36.596249987191236, "action": [0.0, 0]}}, "1": {"[0.0, 0]": {"num_count": 201, "sum_payoffs": 32.849999988502425, "action": [0.0, 0]}, "[1.0, 0]": {"num_count": 2899, "sum_payoffs": 593.6174997922252, "action": [1.0, 0]}}}}