{"runtime_game_length_8": {"mean": 9.64356255531311, "variance": 0.7412835928253798}, "runtime_game_length_7": {"mean": 6.3136739253997805, "variance": 0.18500509566023085}, "runtime_game_length_6": {"mean": 2.28808217048645, "variance": 0.03199541190695982}, "runtime_game_length_5": {"mean": 1.6000917434692383, "variance": 0.002619913197108872}, "runtime_game_length_4": {"mean": 1.5718091964721679, "variance": 0.011343787102750866}, "runtime_game_length_3": {"mean": 1.5616798400878906, "variance": 0.002108176863043809}, "runtime_game_length_2": {"mean": 1.2713152885437011, "variance": 0.025586311442234545}, "runtime_game_length_1": {"mean": 0.17994475364685059, "variance": 4.5882277140663065e-05}, "runtime": {"mean": 24.430800342559813, "variance": 2.585469331455092}, "winner": {"mean": [0.0, 1.0], "variance": [0.0, 0.0]}, "T_terminal": {"mean": 8.0, "variance": 0.0}, "trajectory_0": {"mean": [[1.0, 3.0, 0.0, 0.0], [1.0, 3.0, 2.827433388230814, 1.0], [1.0, 3.6, 2.827433388230814, 2.0], [1.0, 3.6, 2.5132741228718345, 3.0], [1.2, 3.2, 2.199114857512855, 4.0], [1.2, 3.2, 3.141592653589793, 5.0], [0.9999999999999998, 3.0, 2.5132741228718345, 6.0], [1.4, 3.0, 0.0, 7.0], [3.4, 3.0, 1.8849555921538759, 8.0]], "variance": [[0.0, 0.0, 0.0, 0.0], [0.0, 0.0, 2.368705056261446, 0.0], [6.162975822039155e-32, 3.04, 1.3817446161525102, 0.0], [6.162975822039155e-32, 3.04, 2.5660971442832325, 0.0], [0.96, 2.56, 1.5791367041742972, 0.0], [0.96, 2.56, 0.9869604401089358, 0.0], [0.3999999999999999, 2.8, 3.553057584392169, 0.0], [1.0399999999999996, 2.0, 0.0, 0.0], [1.04, 2.0, 2.368705056261446, 0.0]]}, "trajectory_1": {"mean": [[3.0, 3.0, 0.0, 0.0], [4.0, 3.0, 1.2566370614359172, 1.0], [4.6, 3.0, 0.0, 2.0], [5.0, 3.0, 0.3141592653589793, 3.0], [5.6, 3.2, 1.8849555921538759, 4.0], [6.2, 3.2, 3.141592653589793, 5.0], [6.2, 3.0, 0.9424777960769379, 6.0], [7.0, 2.8, 0.0, 7.0], [8.0, 2.8, 3.141592653589793, 8.0]], "variance": [[0.0, 0.0, 0.0, 0.0], [0.0, 0.0, 3.3556654963703814, 0.0], [0.24000000000000005, 0.4, 0.0, 0.0], [0.0, 0.4, 0.39478417604357424, 0.0], [0.24000000000000005, 0.96, 5.329586376588253, 0.0], [0.15999999999999998, 0.96, 1.9739208802178716, 0.0], [0.15999999999999998, 0.4, 3.553057584392169, 0.0], [0.4, 0.5599999999999999, 0.0, 0.0], [0.4, 0.5599999999999999, 3.947841760435743, 0.0]]}, "penalty_distance_0": {"mean": [-0.024893534183931972, -0.006822965721876793, -0.004246790388809212, -0.003511426898157973, -0.0026151035531215986, -0.001240518203910778, -0.003175188185963386, -0.007741278336042015], "variance": [0.0, 7.566286541242585e-06, 5.760216888490067e-07, 1.0489219421241512e-05, 1.0316629234196178e-05, 3.802036072821938e-07, 2.554792866751673e-05, 0.00015316661344274527]}, "penalty_distance_1": {"mean": [-0.024893534183931972, -0.006822965721876793, -0.004246790388809212, -0.003511426898157973, -0.0026151035531215986, -0.001240518203910778, -0.003175188185963386, -0.007741278336042015], "variance": [0.0, 7.566286541242585e-06, 5.760216888490067e-07, 1.0489219421241512e-05, 1.0316629234196178e-05, 3.802036072821938e-07, 2.554792866751673e-05, 0.00015316661344274527]}, "reward_progress_0": {"mean": [0.0, 1.9984014443252824e-18, 0.0, 0.014579999999999996, 0.0, -0.011809800000000006, 0.02125764, 0.09565938000000002], "variance": [0.0, 4.952074332524903e-34, 0.0, 0.005101833600000001, 0.0, 0.0005578855041600004, 0.0018075490334784003, 1.5407439555097888e-34]}, "reward_progress_1": {"mean": [0.1, 0.054000000000000006, 0.032400000000000005, 0.04374, 0.039366, 0.0, 0.04251528, 0.04782969000000001], "variance": [0.0, 0.0019440000000000002, 0.0015746400000000008, 0.0012754584, 0.001033121304, 0.0, 0.00045188725836960007, 0.0]}, "penalty_timestep_0": {"mean": [-0.8], "variance": [0.0]}, "penalty_timestep_1": {"mean": [-0.8], "variance": [0.0]}, "reward_lead_0": {"mean": [-4.6], "variance": [2.2399999999999998]}, "reward_lead_1": {"mean": [4.6], "variance": [2.2399999999999998]}, "payoff_total_0": {"mean": [-0.024893534183931972, -0.03171649990580876, -0.03596329029461797, -0.02489471719277595, -0.027509820745897546, -0.04056013894980833, -0.022477687135771716, 0.06544041452818629, -5.334559585471814], "variance": [0.0, 7.5662865412426445e-06, 8.412989733051676e-06, 0.004695610379582148, 0.004290455127070684, 0.001977878383578139, 0.0033221210100333304, 0.0024645998445508373, 2.359497284026972]}, "payoff_total_1": {"mean": [0.07510646581606803, 0.12228350009419124, 0.15043670970538206, 0.19066528280722408, 0.22741617925410246, 0.22617566105019166, 0.26551575286422835, 0.3056041645281863, 4.105604164528186], "variance": [0.0, 0.002133294082221443, 4.192738029478655e-05, 0.001639811001627316, 0.0010798797316015209, 0.0011012924288561674, 0.0019248035785833853, 0.0028209504363118916, 2.3782548982538914]}}