{"12": {"0": {"[0.0, -1.5707963267948966]": {"num_count": 281, "sum_payoffs": 59.92611001269077, "action": [0.0, -1.5707963267948966]}, "[2.0, 0.0]": {"num_count": 307, "sum_payoffs": 68.60115082488718, "action": [2.0, 0.0]}, "[1.0, -1.5707963267948966]": {"num_count": 288, "sum_payoffs": 62.25126092026725, "action": [1.0, -1.5707963267948966]}, "[0.0, 1.5707963267948966]": {"num_count": 274, "sum_payoffs": 57.51361602816088, "action": [0.0, 1.5707963267948966]}, "[0.0, 0.0]": {"num_count": 290, "sum_payoffs": 62.77563063768144, "action": [0.0, 0.0]}, "[2.0, 1.5707963267948966]": {"num_count": 289, "sum_payoffs": 62.56407614809426, "action": [2.0, 1.5707963267948966]}, "[2.0, -1.5707963267948966]": {"num_count": 298, "sum_payoffs": 65.56744115569164, "action": [2.0, -1.5707963267948966]}, "[1.0, 0.0]": {"num_count": 285, "sum_payoffs": 61.25130212360996, "action": [1.0, 0.0]}, "[1.0, 1.5707963267948966]": {"num_count": 288, "sum_payoffs": 62.15539551581365, "action": [1.0, 1.5707963267948966]}}, "1": {"[0.0, 1.5707963267948966]": {"num_count": 271, "sum_payoffs": 68.29779955134974, "action": [0.0, 1.5707963267948966]}, "[1.0, -1.5707963267948966]": {"num_count": 278, "sum_payoffs": 70.91651823757836, "action": [1.0, -1.5707963267948966]}, "[2.0, 0.0]": {"num_count": 334, "sum_payoffs": 92.09437202671354, "action": [2.0, 0.0]}, "[2.0, 1.5707963267948966]": {"num_count": 301, "sum_payoffs": 79.50783234371869, "action": [2.0, 1.5707963267948966]}, "[0.0, -1.5707963267948966]": {"num_count": 269, "sum_payoffs": 67.41133439686801, "action": [0.0, -1.5707963267948966]}, "[2.0, -1.5707963267948966]": {"num_count": 298, "sum_payoffs": 78.40158738052071, "action": [2.0, -1.5707963267948966]}, "[0.0, 0.0]": {"num_count": 271, "sum_payoffs": 68.18398722190028, "action": [0.0, 0.0]}, "[1.0, 1.5707963267948966]": {"num_count": 278, "sum_payoffs": 70.85346628150869, "action": [1.0, 1.5707963267948966]}, "[1.0, 0.0]": {"num_count": 300, "sum_payoffs": 79.17954327110945, "action": [1.0, 0.0]}}}}