{"2": {"0": {"[0.0, 0.0]": {"num_count": 271, "sum_payoffs": 58.06748798554187, "action": [0.0, 0.0]}, "[0.0, 1.5707963267948966]": {"num_count": 237, "sum_payoffs": 46.79182147283791, "action": [0.0, 1.5707963267948966]}, "[2.0, -1.5707963267948966]": {"num_count": 302, "sum_payoffs": 68.4560980265752, "action": [2.0, -1.5707963267948966]}, "[2.0, 1.5707963267948966]": {"num_count": 302, "sum_payoffs": 68.51117918164428, "action": [2.0, 1.5707963267948966]}, "[1.0, 0.0]": {"num_count": 329, "sum_payoffs": 77.83591898414309, "action": [1.0, 0.0]}, "[0.0, -1.5707963267948966]": {"num_count": 243, "sum_payoffs": 48.744540765047375, "action": [0.0, -1.5707963267948966]}, "[1.0, -1.5707963267948966]": {"num_count": 272, "sum_payoffs": 58.4265475860984, "action": [1.0, -1.5707963267948966]}, "[2.0, 0.0]": {"num_count": 372, "sum_payoffs": 92.8776372529319, "action": [2.0, 0.0]}, "[1.0, 1.5707963267948966]": {"num_count": 272, "sum_payoffs": 58.40623165710612, "action": [1.0, 1.5707963267948966]}}, "1": {"[0.0, -1.5707963267948966]": {"num_count": 229, "sum_payoffs": 60.048671306550986, "action": [0.0, -1.5707963267948966]}, "[1.0, -1.5707963267948966]": {"num_count": 270, "sum_payoffs": 76.49566519818178, "action": [1.0, -1.5707963267948966]}, "[0.0, 0.0]": {"num_count": 277, "sum_payoffs": 79.27867586633107, "action": [0.0, 0.0]}, "[2.0, 0.0]": {"num_count": 373, "sum_payoffs": 119.17763942138569, "action": [2.0, 0.0]}, "[2.0, 1.5707963267948966]": {"num_count": 313, "sum_payoffs": 94.05514632427037, "action": [2.0, 1.5707963267948966]}, "[1.0, 0.0]": {"num_count": 320, "sum_payoffs": 96.98161787065776, "action": [1.0, 0.0]}, "[1.0, 1.5707963267948966]": {"num_count": 274, "sum_payoffs": 78.10073222962308, "action": [1.0, 1.5707963267948966]}, "[0.0, 1.5707963267948966]": {"num_count": 235, "sum_payoffs": 62.45605457102822, "action": [0.0, 1.5707963267948966]}, "[2.0, -1.5707963267948966]": {"num_count": 309, "sum_payoffs": 92.47626185372906, "action": [2.0, -1.5707963267948966]}}}}