{"runtime_game_length_7": {"mean": 5.2705078125, "variance": 0.007173272454133439}, "runtime_game_length_6": {"mean": 4.357911443710327, "variance": 0.0010111067054731392}, "runtime_game_length_5": {"mean": 3.3057954788208006, "variance": 0.002541067675415434}, "runtime_game_length_4": {"mean": 1.7521693706512451, "variance": 0.05886815379521977}, "runtime_game_length_3": {"mean": 0.7473779678344726, "variance": 0.043250973872036406}, "runtime_game_length_2": {"mean": 0.2423618793487549, "variance": 0.012928743062675493}, "runtime_game_length_1": {"mean": 0.07011165618896484, "variance": 0.00019673181738198765}, "runtime": {"mean": 15.74659080505371, "variance": 0.2731650417211404}, "winner": {"mean": [0.4, 0.2], "variance": [0.24000000000000005, 0.16000000000000006]}, "T_terminal": {"mean": 7.0, "variance": 0.0}, "trajectory_0": {"mean": [[1.0, 1.0, 0.0, 0.0], [3.0, 1.0, 0.0, 1.0], [4.0, 1.0, 0.0, 2.0], [5.6, 1.0, 0.6283185307179586, 3.0], [5.8, 1.4, 0.0, 4.0], [6.8, 1.4, 0.0, 5.0], [7.6, 1.4, 0.3141592653589793, 6.0], [8.4, 1.6, 2.5132741228718345, 7.0]], "variance": [[0.0, 0.0, 0.0, 0.0], [0.0, 0.0, 0.0, 0.0], [0.0, 0.0, 0.0, 0.0], [0.24000000000000005, 0.0, 0.5921762640653615, 0.0], [0.15999999999999998, 0.24, 0.0, 0.0], [0.96, 0.24, 0.0, 0.0], [3.84, 0.24, 0.39478417604357424, 0.0], [8.64, 0.24, 3.553057584392169, 0.0]]}, "trajectory_1": {"mean": [[1.0, 3.0, 0.0, 0.0], [3.0, 3.0, 0.0, 1.0], [4.6, 3.0, 0.0, 2.0], [6.0, 3.0, 1.2566370614359172, 3.0], [6.0, 2.8, 0.3141592653589793, 4.0], [6.4, 2.8, 0.3141592653589793, 5.0], [6.8, 2.8, 1.5707963267948966, 6.0], [7.2, 2.4, 0.9424777960769379, 7.0]], "variance": [[0.0, 0.0, 0.0, 0.0], [0.0, 0.0, 0.0, 0.0], [0.24000000000000005, 0.0, 0.0, 0.0], [0.0, 0.0, 3.3556654963703814, 0.0], [0.0, 0.15999999999999998, 0.39478417604357424, 0.0], [0.6399999999999999, 0.15999999999999998, 0.39478417604357424, 0.0], [2.56, 0.15999999999999998, 2.9608813203268074, 0.0], [5.760000000000001, 0.64, 0.5921762640653615, 0.0]]}, "penalty_distance_0": {"mean": [-0.013533528323661271, -0.010643478182178888, -0.010040139556695877, -0.018218383351789734, -0.00775909559480841, -0.0037703140372474368, -0.005421339299219447], "variance": [0.0, 1.5742924132300967e-06, 1.2751768547163762e-06, 5.753854098536198e-05, 8.366435343794137e-07, 1.1878451755931441e-05, 5.7409021135648155e-05]}, "penalty_distance_1": {"mean": [-0.12180175491295145, -0.09579130363960998, -0.0903612560102629, -0.16396545016610758, -0.06983186035327568, -0.033932826335226915, -0.048792053692975026], "variance": [1.925929944387236e-34, 0.00012751768547163757, 0.00010328932523202647, 0.004660621819814319, 6.77681262847325e-05, 0.0009621545922304462, 0.004650130711987499]}, "reward_progress_0": {"mean": [0.2, 0.09000000000000001, 0.12960000000000002, 0.014580000000000001, 0.06561, 0.04723920000000001, 0.04251528], "variance": [0.0, 0.0, 0.0015746400000000004, 0.0008503056, 0.0034437376800000004, 0.0033473130249600013, 0.002711323550217601]}, "reward_progress_1": {"mean": [0.2, 0.14400000000000002, 0.11340000000000003, 0.0, 0.026244, 0.023619600000000004, 0.02125764], "variance": [0.0, 0.0019440000000000002, 0.0015746400000000008, 0.0, 0.0027549901439999996, 0.0022315420166400006, 0.0018075490334784003]}, "penalty_timestep_0": {"mean": [-0.7000000000000001], "variance": [0.0]}, "penalty_timestep_1": {"mean": [-0.7000000000000001], "variance": [0.0]}, "reward_lead_0": {"mean": [1.2], "variance": [20.160000000000004]}, "reward_lead_1": {"mean": [-1.2], "variance": [20.160000000000004]}, "payoff_total_0": {"mean": [0.18646647167633873, 0.2658229934941599, 0.3853828539374641, 0.3817444705856743, 0.43959537499086593, 0.48306426095361843, 0.5201582016543991, 1.0201582016543989], "variance": [0.0, 1.5742924132300883e-06, 0.0015039933254147734, 0.001038219220310514, 0.0037409415210441234, 0.01463906450728326, 0.03146842707416731, 21.578718980512086]}, "payoff_total_1": {"mean": [0.07819824508704858, 0.1264069414474386, 0.14944568543717573, -0.01451976472893185, -0.058107625082207556, -0.0684208514174345, -0.09595526511040954, -1.9959552651104093], "variance": [0.0, 0.0030672975417789686, 0.00029663299284829535, 0.0065531770664675635, 0.008395853449486745, 0.015230434980052105, 0.03374884138110799, 21.447650788439883]}}