{"2": {"0": {"[1.0, 0.0]": {"num_count": 507, "sum_payoffs": 116.41527060625614, "action": [1.0, 0.0]}, "[0.0, 1.5707963267948966]": {"num_count": 365, "sum_payoffs": 71.99074374662223, "action": [0.0, 1.5707963267948966]}, "[2.0, 0.0]": {"num_count": 622, "sum_payoffs": 153.82526125683785, "action": [2.0, 0.0]}, "[0.0, 0.0]": {"num_count": 425, "sum_payoffs": 90.38616559787374, "action": [0.0, 0.0]}, "[1.0, 1.5707963267948966]": {"num_count": 423, "sum_payoffs": 89.87745256314444, "action": [1.0, 1.5707963267948966]}, "[2.0, 1.5707963267948966]": {"num_count": 484, "sum_payoffs": 109.0415661553055, "action": [2.0, 1.5707963267948966]}, "[2.0, -1.5707963267948966]": {"num_count": 489, "sum_payoffs": 110.70747233238129, "action": [2.0, -1.5707963267948966]}, "[1.0, -1.5707963267948966]": {"num_count": 424, "sum_payoffs": 90.19903090435497, "action": [1.0, -1.5707963267948966]}, "[0.0, -1.5707963267948966]": {"num_count": 361, "sum_payoffs": 70.73061294268005, "action": [0.0, -1.5707963267948966]}}, "1": {"[2.0, 0.0]": {"num_count": 622, "sum_payoffs": 197.46610387176617, "action": [2.0, 0.0]}, "[0.0, -1.5707963267948966]": {"num_count": 357, "sum_payoffs": 94.64593788489174, "action": [0.0, -1.5707963267948966]}, "[0.0, 0.0]": {"num_count": 430, "sum_payoffs": 122.21090539658854, "action": [0.0, 0.0]}, "[2.0, -1.5707963267948966]": {"num_count": 496, "sum_payoffs": 147.74721332530217, "action": [2.0, -1.5707963267948966]}, "[1.0, 1.5707963267948966]": {"num_count": 409, "sum_payoffs": 114.2131108169167, "action": [1.0, 1.5707963267948966]}, "[0.0, 1.5707963267948966]": {"num_count": 360, "sum_payoffs": 95.70051928966929, "action": [0.0, 1.5707963267948966]}, "[1.0, 0.0]": {"num_count": 506, "sum_payoffs": 151.5383069083371, "action": [1.0, 0.0]}, "[2.0, 1.5707963267948966]": {"num_count": 493, "sum_payoffs": 146.5680203133019, "action": [2.0, 1.5707963267948966]}, "[1.0, -1.5707963267948966]": {"num_count": 427, "sum_payoffs": 120.99819653380372, "action": [1.0, -1.5707963267948966]}}}}