{"2": {"0": {"[0.0, 0]": {"num_count": 857, "sum_payoffs": 176.43449996765332, "action": [0.0, 0]}, "[1.0, 0]": {"num_count": 2243, "sum_payoffs": 579.1301051569781, "action": [1.0, 0]}}, "1": {"[1.0, 0]": {"num_count": 2224, "sum_payoffs": 574.7861051577742, "action": [1.0, 0]}, "[0.0, 0]": {"num_count": 876, "sum_payoffs": 182.23649996658975, "action": [0.0, 0]}}}, "1": {"0": {"[1.0, 0]": {"num_count": 1931, "sum_payoffs": 540.8699999008669, "action": [1.0, 0]}, "[0.0, 0]": {"num_count": 1169, "sum_payoffs": 297.02999994554926, "action": [0.0, 0]}}, "1": {"[1.0, 0]": {"num_count": 1932, "sum_payoffs": 541.409999900768, "action": [1.0, 0]}, "[0.0, 0]": {"num_count": 1168, "sum_payoffs": 296.75999994559874, "action": [0.0, 0]}}}}