{"2": {"0": {"[0.0, 0]": {"num_count": 1275, "sum_payoffs": 3.2399999992710002, "action": [0.0, 0]}, "[1.0, 0]": {"num_count": 1325, "sum_payoffs": 6.186315788081763, "action": [1.0, 0]}}, "1": {"[0.0, 0]": {"num_count": 1290, "sum_payoffs": 4.1399999990685, "action": [0.0, 0]}, "[1.0, 0]": {"num_count": 1310, "sum_payoffs": 5.286315788284263, "action": [1.0, 0]}}}, "1": {"0": {"[1.0, 0]": {"num_count": 1308, "sum_payoffs": 1.799999999595, "action": [1.0, 0]}, "[0.0, 0]": {"num_count": 1292, "sum_payoffs": 0.8999999997975, "action": [0.0, 0]}}, "1": {"[0.0, 0]": {"num_count": 1292, "sum_payoffs": 0.8999999997975, "action": [0.0, 0]}, "[1.0, 0]": {"num_count": 1308, "sum_payoffs": 1.799999999595, "action": [1.0, 0]}}}}