{"2": {"0": {"[0.0, 0]": {"num_count": 529, "sum_payoffs": 164.02499996309473, "action": [0.0, 0]}, "[1.0, 0]": {"num_count": 1571, "sum_payoffs": 599.7847498650439, "action": [1.0, 0]}}, "1": {"[0.0, 0]": {"num_count": 555, "sum_payoffs": 175.68899996047048, "action": [0.0, 0]}, "[1.0, 0]": {"num_count": 1545, "sum_payoffs": 592.130249866767, "action": [1.0, 0]}}}, "1": {"0": {"[0.0, 0]": {"num_count": 901, "sum_payoffs": 355.79249991994396, "action": [0.0, 0]}, "[1.0, 0]": {"num_count": 1199, "sum_payoffs": 494.3024998887716, "action": [1.0, 0]}}, "1": {"[0.0, 0]": {"num_count": 902, "sum_payoffs": 356.60249991976167, "action": [0.0, 0]}, "[1.0, 0]": {"num_count": 1198, "sum_payoffs": 494.3024998887716, "action": [1.0, 0]}}}}