{"alphat_eff_gamelength_10": {"mean": 1.5384615384615385, "variance": 0.0}, "runtime_gamelength_10": {"mean": 13.679842543601989, "variance": 0.1481099202273077}, "max_timestep": {"mean": 10.0, "variance": 0.0}, "winner": {"mean": [0.0, 0.0], "variance": [0.0, 0.0]}, "runtime": {"mean": 13.68011691570282, "variance": 0.14811025354260268}, "T_terminal": {"mean": 1.0, "variance": 0.0}, "trajectory_0": {"mean": [[1.0, 3.0, 0.0, 0.0], [2.4, 3.0, -0.15707963267948966, 1.0]], "variance": [[0.0, 0.0, 0.0, 0.0], [0.24000000000000005, 0.0, 1.2090265391334463, 0.0]]}, "trajectory_1": {"mean": [[3.0, 3.0, 0.0, 0.0], [4.9, 3.0, 0.0, 1.0]], "variance": [[0.0, 0.0, 0.0, 0.0], [0.08999999999999998, 0.0, 0.0, 0.0]]}, "coll_payoff_0": {"mean": [1.0], "variance": [0.0]}, "lead_payoff_0": {"mean": [0.375], "variance": [0.015625]}, "coll_payoff_1": {"mean": [1.0], "variance": [0.0]}, "lead_payoff_1": {"mean": [0.625], "variance": [0.015625]}, "payoff_total": {"mean": [[0.5050287355594707, 0.6616379309377514]], "variance": [[0.001045072829683315, 0.0010450728296833225]]}, "final_lead_payoff_0": {"mean": [0.4137931034482759], "variance": [0.0002972651605231859]}, "final_lead_payoff_1": {"mean": [0.5862068965517242], "variance": [0.0002972651605231859]}}