{"15": {"0": {"[2.0, 0.0]": {"num_count": 549, "sum_payoffs": 120.92949127974103, "action": [2.0, 0.0]}, "[1.0, 1.5707963267948966]": {"num_count": 507, "sum_payoffs": 107.97198900741044, "action": [1.0, 1.5707963267948966]}, "[0.0, 1.5707963267948966]": {"num_count": 486, "sum_payoffs": 101.66304829540037, "action": [0.0, 1.5707963267948966]}, "[0.0, -1.5707963267948966]": {"num_count": 509, "sum_payoffs": 108.5867773006084, "action": [0.0, -1.5707963267948966]}, "[1.0, 0.0]": {"num_count": 506, "sum_payoffs": 107.67457425057451, "action": [1.0, 0.0]}, "[2.0, -1.5707963267948966]": {"num_count": 529, "sum_payoffs": 114.7153486256423, "action": [2.0, -1.5707963267948966]}, "[0.0, 0.0]": {"num_count": 499, "sum_payoffs": 105.59815526633052, "action": [0.0, 0.0]}, "[1.0, -1.5707963267948966]": {"num_count": 502, "sum_payoffs": 106.52873837290262, "action": [1.0, -1.5707963267948966]}, "[2.0, 1.5707963267948966]": {"num_count": 513, "sum_payoffs": 109.84170651572994, "action": [2.0, 1.5707963267948966]}}, "1": {"[0.0, -1.5707963267948966]": {"num_count": 741, "sum_payoffs": 141.24600319917909, "action": [0.0, -1.5707963267948966]}, "[1.0, -1.5707963267948966]": {"num_count": 788, "sum_payoffs": 153.9008563148143, "action": [1.0, -1.5707963267948966]}, "[0.0, 1.5707963267948966]": {"num_count": 741, "sum_payoffs": 141.27442435728784, "action": [0.0, 1.5707963267948966]}, "[1.0, 0.0]": {"num_count": 800, "sum_payoffs": 157.0609324163164, "action": [1.0, 0.0]}, "[1.0, 1.5707963267948966]": {"num_count": 779, "sum_payoffs": 151.37342457751726, "action": [1.0, 1.5707963267948966]}, "[0.0, 0.0]": {"num_count": 751, "sum_payoffs": 143.89865164807074, "action": [0.0, 0.0]}}}}