{"2": {"0": {"[0.0, 0]": {"num_count": 41, "sum_payoffs": 10.117499997302003, "action": [0.0, 0]}, "[1.0, 0]": {"num_count": 59, "sum_payoffs": 17.735605258428414, "action": [1.0, 0]}}, "1": {"[0.0, 0]": {"num_count": 47, "sum_payoffs": 12.0614999967836, "action": [0.0, 0]}, "[1.0, 0]": {"num_count": 53, "sum_payoffs": 16.763605258687612, "action": [1.0, 0]}}}, "1": {"0": {"[0.0, 0]": {"num_count": 42, "sum_payoffs": 10.154999997292006, "action": [0.0, 0]}, "[1.0, 0]": {"num_count": 58, "sum_payoffs": 17.879999995232012, "action": [1.0, 0]}}, "1": {"[0.0, 0]": {"num_count": 40, "sum_payoffs": 9.209999997544005, "action": [0.0, 0]}, "[1.0, 0]": {"num_count": 60, "sum_payoffs": 18.82499999498001, "action": [1.0, 0]}}}}