{"13": {"0": {"[2.0, -1.5707963267948966]": {"num_count": 184, "sum_payoffs": 44.0423582627024, "action": [2.0, -1.5707963267948966]}, "[1.0, 1.5707963267948966]": {"num_count": 184, "sum_payoffs": 44.05667192749869, "action": [1.0, 1.5707963267948966]}, "[2.0, 1.5707963267948966]": {"num_count": 172, "sum_payoffs": 39.58561908117518, "action": [2.0, 1.5707963267948966]}, "[1.0, 0.0]": {"num_count": 180, "sum_payoffs": 42.484009058922304, "action": [1.0, 0.0]}, "[2.0, 0.0]": {"num_count": 182, "sum_payoffs": 43.39830939902476, "action": [2.0, 0.0]}, "[0.0, 1.5707963267948966]": {"num_count": 172, "sum_payoffs": 39.573027377044376, "action": [0.0, 1.5707963267948966]}, "[1.0, -1.5707963267948966]": {"num_count": 183, "sum_payoffs": 43.68622228787124, "action": [1.0, -1.5707963267948966]}, "[0.0, 0.0]": {"num_count": 171, "sum_payoffs": 39.08392359722345, "action": [0.0, 0.0]}, "[0.0, -1.5707963267948966]": {"num_count": 172, "sum_payoffs": 39.60156874618082, "action": [0.0, -1.5707963267948966]}}, "1": {"[0.0, 0.0]": {"num_count": 263, "sum_payoffs": 55.498988374822716, "action": [0.0, 0.0]}, "[1.0, -1.5707963267948966]": {"num_count": 274, "sum_payoffs": 59.15175142829539, "action": [1.0, -1.5707963267948966]}, "[1.0, 0.0]": {"num_count": 273, "sum_payoffs": 58.8128257464267, "action": [1.0, 0.0]}, "[1.0, 1.5707963267948966]": {"num_count": 278, "sum_payoffs": 60.405056576693816, "action": [1.0, 1.5707963267948966]}, "[0.0, 1.5707963267948966]": {"num_count": 255, "sum_payoffs": 52.86973652245256, "action": [0.0, 1.5707963267948966]}, "[0.0, -1.5707963267948966]": {"num_count": 257, "sum_payoffs": 53.46695726062051, "action": [0.0, -1.5707963267948966]}}}}