{"2": {"0": {"[1.0, 0]": {"num_count": 2823, "sum_payoffs": 601.6771352351755, "action": [1.0, 0]}, "[0.0, 0]": {"num_count": 277, "sum_payoffs": 41.20971427864985, "action": [0.0, 0]}}, "1": {"[0.0, 0]": {"num_count": 180, "sum_payoffs": 27.979714280917776, "action": [0.0, 0]}, "[1.0, 0]": {"num_count": 2920, "sum_payoffs": 629.2788495161565, "action": [1.0, 0]}}}, "1": {"0": {"[1.0, 0]": {"num_count": 2885, "sum_payoffs": 673.9971427415749, "action": [1.0, 0]}, "[0.0, 0]": {"num_count": 215, "sum_payoffs": 43.31571427828859, "action": [0.0, 0]}}, "1": {"[1.0, 0]": {"num_count": 2903, "sum_payoffs": 679.3199998835184, "action": [1.0, 0]}, "[0.0, 0]": {"num_count": 197, "sum_payoffs": 40.538571421621825, "action": [0.0, 0]}}}}