{"2": {"0": {"[0.0, 0]": {"num_count": 306, "sum_payoffs": 93.31199997900451, "action": [0.0, 0]}, "[1.0, 0]": {"num_count": 794, "sum_payoffs": 306.726749930989, "action": [1.0, 0]}}, "1": {"[0.0, 0]": {"num_count": 313, "sum_payoffs": 96.95699997818438, "action": [0.0, 0]}, "[1.0, 0]": {"num_count": 787, "sum_payoffs": 305.2687499313172, "action": [1.0, 0]}}}, "1": {"0": {"[1.0, 0]": {"num_count": 700, "sum_payoffs": 294.8399999336615, "action": [1.0, 0]}, "[0.0, 0]": {"num_count": 400, "sum_payoffs": 150.0524999662393, "action": [0.0, 0]}}, "1": {"[0.0, 0]": {"num_count": 398, "sum_payoffs": 149.64749996633043, "action": [0.0, 0]}, "[1.0, 0]": {"num_count": 702, "sum_payoffs": 296.4599999332969, "action": [1.0, 0]}}}}