{"2": {"0": {"[0.0, 0]": {"num_count": 433, "sum_payoffs": 46.181999987684485, "action": [0.0, 0]}, "[1.0, 0]": {"num_count": 667, "sum_payoffs": 94.34471050115607, "action": [1.0, 0]}}, "1": {"[1.0, 0]": {"num_count": 670, "sum_payoffs": 95.73521050078524, "action": [1.0, 0]}, "[0.0, 0]": {"num_count": 430, "sum_payoffs": 46.006499987731296, "action": [0.0, 0]}}}, "1": {"0": {"[0.0, 0]": {"num_count": 500, "sum_payoffs": 64.25249998286593, "action": [0.0, 0]}, "[1.0, 0]": {"num_count": 600, "sum_payoffs": 85.91249997708954, "action": [1.0, 0]}}, "1": {"[0.0, 0]": {"num_count": 501, "sum_payoffs": 64.52249998279392, "action": [0.0, 0]}, "[1.0, 0]": {"num_count": 599, "sum_payoffs": 85.77749997712554, "action": [1.0, 0]}}}}