{"12": {"0": {"[2.0, 1.5707963267948966]": {"num_count": 120, "sum_payoffs": 25.59413344028629, "action": [2.0, 1.5707963267948966]}, "[0.0, 1.5707963267948966]": {"num_count": 116, "sum_payoffs": 24.09388444896739, "action": [0.0, 1.5707963267948966]}, "[1.0, 0.0]": {"num_count": 124, "sum_payoffs": 27.023066864234, "action": [1.0, 0.0]}, "[2.0, 0.0]": {"num_count": 124, "sum_payoffs": 27.042820315444377, "action": [2.0, 0.0]}, "[1.0, -1.5707963267948966]": {"num_count": 124, "sum_payoffs": 27.10957160022184, "action": [1.0, -1.5707963267948966]}, "[1.0, 1.5707963267948966]": {"num_count": 125, "sum_payoffs": 27.46760423868068, "action": [1.0, 1.5707963267948966]}, "[0.0, -1.5707963267948966]": {"num_count": 123, "sum_payoffs": 26.767179486347178, "action": [0.0, -1.5707963267948966]}, "[0.0, 0.0]": {"num_count": 123, "sum_payoffs": 26.744483015903885, "action": [0.0, 0.0]}, "[2.0, -1.5707963267948966]": {"num_count": 121, "sum_payoffs": 25.90852482679739, "action": [2.0, -1.5707963267948966]}}, "1": {"[2.0, -1.5707963267948966]": {"num_count": 121, "sum_payoffs": 31.52505259573213, "action": [2.0, -1.5707963267948966]}, "[1.0, -1.5707963267948966]": {"num_count": 119, "sum_payoffs": 30.78324431860326, "action": [1.0, -1.5707963267948966]}, "[1.0, 0.0]": {"num_count": 123, "sum_payoffs": 32.56421991807619, "action": [1.0, 0.0]}, "[0.0, -1.5707963267948966]": {"num_count": 118, "sum_payoffs": 30.3579849612634, "action": [0.0, -1.5707963267948966]}, "[0.0, 0.0]": {"num_count": 115, "sum_payoffs": 29.14436822369834, "action": [0.0, 0.0]}, "[1.0, 1.5707963267948966]": {"num_count": 125, "sum_payoffs": 33.355285317952806, "action": [1.0, 1.5707963267948966]}, "[2.0, 1.5707963267948966]": {"num_count": 124, "sum_payoffs": 32.94134733718074, "action": [2.0, 1.5707963267948966]}, "[2.0, 0.0]": {"num_count": 142, "sum_payoffs": 40.94499808859636, "action": [2.0, 0.0]}, "[0.0, 1.5707963267948966]": {"num_count": 113, "sum_payoffs": 28.084494948219103, "action": [0.0, 1.5707963267948966]}}}}