{"2": {"0": {"[1.0, 0]": {"num_count": 422, "sum_payoffs": 164.57174990125628, "action": [1.0, 0]}, "[0.0, 0]": {"num_count": 178, "sum_payoffs": 52.670249968398004, "action": [0.0, 0]}}, "1": {"[1.0, 0]": {"num_count": 420, "sum_payoffs": 165.48299990070947, "action": [1.0, 0]}, "[0.0, 0]": {"num_count": 180, "sum_payoffs": 54.31049996741386, "action": [0.0, 0]}}}, "1": {"0": {"[0.0, 0]": {"num_count": 221, "sum_payoffs": 81.40499995115691, "action": [0.0, 0]}, "[1.0, 0]": {"num_count": 379, "sum_payoffs": 161.39249990316367, "action": [1.0, 0]}}, "1": {"[1.0, 0]": {"num_count": 377, "sum_payoffs": 160.98749990340667, "action": [1.0, 0]}, "[0.0, 0]": {"num_count": 223, "sum_payoffs": 82.61999995042791, "action": [0.0, 0]}}}}