{"alphat_eff_gamelength_2": {"mean": 1.0, "variance": 0.0}, "runtime_gamelength_2": {"mean": 0.35886707305908205, "variance": 0.0002991069189897644}, "max_timestep": {"mean": 1.0, "variance": 0.0}, "alphat_eff_gamelength_1": {"mean": 0.65, "variance": 0.052500000000000005}, "runtime_gamelength_1": {"mean": 0.25884451866149905, "variance": 3.882703876115555e-05}, "winner": {"mean": [0.0, 0.2], "variance": [0.0, 0.16000000000000006]}, "runtime": {"mean": 0.6179513454437255, "variance": 0.00028328864349077773}, "T_terminal": {"mean": 2.0, "variance": 0.0}, "trajectory_0": {"mean": [[1.0, 0.0, 1.5707963267948966, 0.0], [1.0, 0.3, 1.5707963267948966, 1.0], [1.0, 0.8, 1.5707963267948966, 2.0]], "variance": [[0.0, 0.0, 0.0, 0.0], [0.0, 0.21000000000000002, 0.0, 0.0], [0.0, 0.7600000000000001, 0.0, 0.0]]}, "trajectory_1": {"mean": [[0.0, 1.0, 0.0, 0.0], [0.5, 1.0, 0.0, 1.0], [1.1, 1.0, 0.0, 2.0]], "variance": [[0.0, 0.0, 0.0, 0.0], [0.25, 0.0, 0.0, 0.0], [0.89, 0.0, 0.0, 0.0]]}, "coll_payoff_0": {"mean": [0.7, 0.7], "variance": [0.21000000000000002, 0.21000000000000002]}, "coll_payoff_1": {"mean": [0.7, 0.7], "variance": [0.21000000000000002, 0.21000000000000002]}, "payoff_total": {"mean": [[0.6999999998424998, 0.6999999998424998], [0.7368421050973685, 0.7368421050973685]], "variance": [[0.2099999999055, 0.2099999999055], [0.2326869805047091, 0.2326869805047091]]}, "final_lead_payoff_0": {"mean": [0.425], "variance": [0.063125]}, "final_lead_payoff_1": {"mean": [0.575], "variance": [0.063125]}}