{"alphat_eff_gamelength_2": [1.0, 1.0, 1.0, 1.0, 1.0, 1.0, 1.0, 1.0, 1.0, 1.0], "runtime_gamelength_2": [0.3521277904510498, 0.35103392601013184, 0.3618922233581543, 0.35607409477233887, 0.34130001068115234, 0.33814311027526855, 0.35700416564941406, 0.3706080913543701, 0.3570702075958252, 0.40341711044311523], "max_timestep": [1, 1, 1, 1, 1, 1, 1, 1, 1, 1], "alphat_eff_gamelength_1": [1.0, 0.5, 1.0, 0.5, 0.5, 0.5, 0.5, 1.0, 0.5, 0.5], "runtime_gamelength_1": [0.2643582820892334, 0.2552344799041748, 0.26685667037963867, 0.2635815143585205, 0.2554934024810791, 0.2543454170227051, 0.266948938369751, 0.24805116653442383, 0.261035680770874, 0.25253963470458984], "winner": [[0, 0], [0, 1], [0, 0], [0, 0], [0, 0], [0, 0], [0, 0], [0, 0], [0, 1], [0, 0]], "runtime": [0.6167101860046387, 0.6065037250518799, 0.6289927959442139, 0.6198899745941162, 0.5970697402954102, 0.5927164554595947, 0.6241986751556396, 0.6188850402832031, 0.6183631420135498, 0.6561837196350098], "T_terminal": [2, 2, 2, 2, 2, 2, 2, 2, 2, 2], "trajectory_0": [[[1.0, 0.0, 1.5707963267948966, 0], [1.0, 1.0, 1.5707963267948966, 1], [1.0, 2.0, 1.5707963267948966, 2]], [[1.0, 0.0, 1.5707963267948966, 0], [1.0, 0.0, 1.5707963267948966, 1], [1.0, 0.0, 1.5707963267948966, 2]], [[1.0, 0.0, 1.5707963267948966, 0], [1.0, 1.0, 1.5707963267948966, 1], [1.0, 2.0, 1.5707963267948966, 2]], [[1.0, 0.0, 1.5707963267948966, 0], [1.0, 0.0, 1.5707963267948966, 1], [1.0, 0.0, 1.5707963267948966, 2]], [[1.0, 0.0, 1.5707963267948966, 0], [1.0, 0.0, 1.5707963267948966, 1], [1.0, 0.0, 1.5707963267948966, 2]], [[1.0, 0.0, 1.5707963267948966, 0], [1.0, 0.0, 1.5707963267948966, 1], [1.0, 1.0, 1.5707963267948966, 2]], [[1.0, 0.0, 1.5707963267948966, 0], [1.0, 0.0, 1.5707963267948966, 1], [1.0, 1.0, 1.5707963267948966, 2]], [[1.0, 0.0, 1.5707963267948966, 0], [1.0, 1.0, 1.5707963267948966, 1], [1.0, 2.0, 1.5707963267948966, 2]], [[1.0, 0.0, 1.5707963267948966, 0], [1.0, 0.0, 1.5707963267948966, 1], [1.0, 0.0, 1.5707963267948966, 2]], [[1.0, 0.0, 1.5707963267948966, 0], [1.0, 0.0, 1.5707963267948966, 1], [1.0, 0.0, 1.5707963267948966, 2]]], "trajectory_1": [[[0.0, 1.0, 0.0, 0], [1.0, 1.0, 0.0, 1], [2.0, 1.0, 0.0, 2]], [[0.0, 1.0, 0.0, 0], [1.0, 1.0, 0.0, 1], [2.0, 1.0, 0.0, 2]], [[0.0, 1.0, 0.0, 0], [1.0, 1.0, 0.0, 1], [2.0, 1.0, 0.0, 2]], [[0.0, 1.0, 0.0, 0], [0.0, 1.0, 0.0, 1], [0.0, 1.0, 0.0, 2]], [[0.0, 1.0, 0.0, 0], [0.0, 1.0, 0.0, 1], [0.0, 1.0, 0.0, 2]], [[0.0, 1.0, 0.0, 0], [0.0, 1.0, 0.0, 1], [0.0, 1.0, 0.0, 2]], [[0.0, 1.0, 0.0, 0], [0.0, 1.0, 0.0, 1], [0.0, 1.0, 0.0, 2]], [[0.0, 1.0, 0.0, 0], [1.0, 1.0, 0.0, 1], [2.0, 1.0, 0.0, 2]], [[0.0, 1.0, 0.0, 0], [1.0, 1.0, 0.0, 1], [2.0, 1.0, 0.0, 2]], [[0.0, 1.0, 0.0, 0], [0.0, 1.0, 0.0, 1], [1.0, 1.0, 0.0, 2]]], "coll_payoff_0": [[0.0, 0.0], [1.0, 1.0], [0.0, 0.0], [1.0, 1.0], [1.0, 1.0], [1.0, 1.0], [1.0, 1.0], [0.0, 0.0], [1.0, 1.0], [1.0, 1.0]], "coll_payoff_1": [[0.0, 0.0], [1.0, 1.0], [0.0, 0.0], [1.0, 1.0], [1.0, 1.0], [1.0, 1.0], [1.0, 1.0], [0.0, 0.0], [1.0, 1.0], [1.0, 1.0]], "payoff_total": [[[0.0, 0.0], [0.0, 0.0]], [[0.999999999775, 0.999999999775], [1.0526315787105263, 1.0526315787105263]], [[0.0, 0.0], [0.0, 0.0]], [[0.999999999775, 0.999999999775], [1.0526315787105263, 1.0526315787105263]], [[0.999999999775, 0.999999999775], [1.0526315787105263, 1.0526315787105263]], [[0.999999999775, 0.999999999775], [1.0526315787105263, 1.0526315787105263]], [[0.999999999775, 0.999999999775], [1.0526315787105263, 1.0526315787105263]], [[0.0, 0.0], [0.0, 0.0]], [[0.999999999775, 0.999999999775], [1.0526315787105263, 1.0526315787105263]], [[0.999999999775, 0.999999999775], [1.0526315787105263, 1.0526315787105263]]], "final_lead_payoff_0": [[0.5], [0.0], [0.5], [0.5], [0.5], [0.75], [0.75], [0.5], [0.0], [0.25]], "final_lead_payoff_1": [[0.5], [1.0], [0.5], [0.5], [0.5], [0.25], [0.25], [0.5], [1.0], [0.75]]}