{"2": {"0": {"[0.0, 0]": {"num_count": 177, "sum_payoffs": 52.305749981692834, "action": [0.0, 0]}, "[1.0, 0]": {"num_count": 423, "sum_payoffs": 165.11849994220884, "action": [1.0, 0]}}, "1": {"[0.0, 0]": {"num_count": 179, "sum_payoffs": 53.7637499811825, "action": [0.0, 0]}, "[1.0, 0]": {"num_count": 421, "sum_payoffs": 165.84749994195363, "action": [1.0, 0]}}}, "1": {"0": {"[1.0, 0]": {"num_count": 377, "sum_payoffs": 160.17749994393833, "action": [1.0, 0]}, "[0.0, 0]": {"num_count": 223, "sum_payoffs": 82.41749997115376, "action": [0.0, 0]}}, "1": {"[1.0, 0]": {"num_count": 375, "sum_payoffs": 159.77249994408007, "action": [1.0, 0]}, "[0.0, 0]": {"num_count": 225, "sum_payoffs": 83.6324999707285, "action": [0.0, 0]}}}}