{"alphat_eff_gamelength_12": {"mean": 1.8461538461538463, "variance": 0.0}, "runtime_gamelength_12": {"mean": 156.1328687429428, "variance": 22.422078839150654}, "max_timestep": {"mean": 12.0, "variance": 0.0}, "winner": {"mean": [0.0, 0.0], "variance": [0.0, 0.0]}, "runtime": {"mean": 156.13319158554077, "variance": 22.42189499974942}, "T_terminal": {"mean": 1.0, "variance": 0.0}, "trajectory_0": {"mean": [[1.0, 3.0, 0.0, 0.0], [3.0, 3.0, -0.15707963267948966, 1.0]], "variance": [[0.0, 0.0, 0.0, 0.0], [0.0, 0.0, 1.2090265391334463, 0.0]]}, "trajectory_1": {"mean": [[3.0, 3.0, 0.0, 0.0], [5.0, 3.0, 0.0, 1.0]], "variance": [[0.0, 0.0, 0.0, 0.0], [0.0, 0.0, 0.0, 0.0]]}, "coll_payoff_0": {"mean": [1.0], "variance": [0.0]}, "lead_payoff_0": {"mean": [0.5], "variance": [0.0]}, "coll_payoff_1": {"mean": [1.0], "variance": [0.0]}, "lead_payoff_1": {"mean": [0.5], "variance": [0.0]}, "payoff_total": {"mean": [[0.5373563217620209, 0.629310344735201]], "variance": [[1.232595164407831e-32, 1.232595164407831e-32]]}, "final_lead_payoff_0": {"mean": [0.43103448275862066], "variance": [0.0]}, "final_lead_payoff_1": {"mean": [0.5689655172413792], "variance": [1.232595164407831e-32]}}