{"1": {"0": {"[0.0, -1.5707963267948966]": {"num_count": 247, "sum_payoffs": 56.94152922589224, "action": [0.0, -1.5707963267948966]}, "[2.0, -1.5707963267948966]": {"num_count": 328, "sum_payoffs": 86.65667164972558, "action": [2.0, -1.5707963267948966]}, "[2.0, 1.5707963267948966]": {"num_count": 324, "sum_payoffs": 85.17741128015703, "action": [2.0, 1.5707963267948966]}, "[1.0, 1.5707963267948966]": {"num_count": 286, "sum_payoffs": 71.12443776925574, "action": [1.0, 1.5707963267948966]}, "[0.0, 0.0]": {"num_count": 257, "sum_payoffs": 60.49975011485447, "action": [0.0, 0.0]}, "[2.0, 0.0]": {"num_count": 332, "sum_payoffs": 88.15592202428832, "action": [2.0, 0.0]}, "[0.0, 1.5707963267948966]": {"num_count": 254, "sum_payoffs": 59.43028484766638, "action": [0.0, 1.5707963267948966]}, "[1.0, 0.0]": {"num_count": 287, "sum_payoffs": 71.51424286664205, "action": [1.0, 0.0]}, "[1.0, -1.5707963267948966]": {"num_count": 285, "sum_payoffs": 70.73463267186942, "action": [1.0, -1.5707963267948966]}}, "1": {"[1.0, 0.0]": {"num_count": 287, "sum_payoffs": 94.34282856998374, "action": [1.0, 0.0]}, "[0.0, 1.5707963267948966]": {"num_count": 255, "sum_payoffs": 80.12993501912882, "action": [0.0, 1.5707963267948966]}, "[2.0, 0.0]": {"num_count": 329, "sum_payoffs": 113.23338328947392, "action": [2.0, 0.0]}, "[0.0, -1.5707963267948966]": {"num_count": 250, "sum_payoffs": 77.96101947726139, "action": [0.0, -1.5707963267948966]}, "[0.0, 0.0]": {"num_count": 250, "sum_payoffs": 77.94102947226723, "action": [0.0, 0.0]}, "[1.0, 1.5707963267948966]": {"num_count": 287, "sum_payoffs": 94.40279858496622, "action": [1.0, 1.5707963267948966]}, "[2.0, -1.5707963267948966]": {"num_count": 332, "sum_payoffs": 114.62268863656864, "action": [2.0, -1.5707963267948966]}, "[2.0, 1.5707963267948966]": {"num_count": 324, "sum_payoffs": 111.04447774261233, "action": [2.0, 1.5707963267948966]}, "[1.0, -1.5707963267948966]": {"num_count": 286, "sum_payoffs": 93.97301347759155, "action": [1.0, -1.5707963267948966]}}}}