{"2": {"0": {"[0.0, 0]": {"num_count": 439, "sum_payoffs": 137.05199995203148, "action": [0.0, 0]}, "[1.0, 0]": {"num_count": 1161, "sum_payoffs": 444.8722498442911, "action": [1.0, 0]}}, "1": {"[1.0, 0]": {"num_count": 1157, "sum_payoffs": 444.689999844355, "action": [1.0, 0]}, "[0.0, 0]": {"num_count": 443, "sum_payoffs": 139.42124995120238, "action": [0.0, 0]}}}, "1": {"0": {"[0.0, 0]": {"num_count": 577, "sum_payoffs": 218.69999992345743, "action": [0.0, 0]}, "[1.0, 0]": {"num_count": 1023, "sum_payoffs": 428.6924998499649, "action": [1.0, 0]}}, "1": {"[1.0, 0]": {"num_count": 1025, "sum_payoffs": 430.10999984946886, "action": [1.0, 0]}, "[0.0, 0]": {"num_count": 575, "sum_payoffs": 218.09249992367, "action": [0.0, 0]}}}}