{"2": {"0": {"[0.0, 0]": {"num_count": 1529, "sum_payoffs": 5.0399999986560005, "action": [0.0, 0]}, "[1.0, 0]": {"num_count": 1571, "sum_payoffs": 5.286315788064, "action": [1.0, 0]}}, "1": {"[1.0, 0]": {"num_count": 1595, "sum_payoffs": 5.37631578804, "action": [1.0, 0]}, "[0.0, 0]": {"num_count": 1505, "sum_payoffs": 4.94999999868, "action": [0.0, 0]}}}, "1": {"0": {"[1.0, 0]": {"num_count": 1669, "sum_payoffs": 1.79999999952, "action": [1.0, 0]}, "[0.0, 0]": {"num_count": 1431, "sum_payoffs": 0.89999999976, "action": [0.0, 0]}}, "1": {"[0.0, 0]": {"num_count": 1492, "sum_payoffs": 0.89999999976, "action": [0.0, 0]}, "[1.0, 0]": {"num_count": 1608, "sum_payoffs": 1.79999999952, "action": [1.0, 0]}}}}