{"alphat_eff_gamelength_8": [1.2307692307692308, 1.2307692307692308, 1.2307692307692308, 1.2307692307692308, 1.2307692307692308, 1.2307692307692308, 1.2307692307692308, 1.2307692307692308, 1.2307692307692308, 1.2307692307692308], "runtime_gamelength_8": [1.9994478225708008, 2.022427797317505, 2.0005998611450195, 2.027930736541748, 1.9974355697631836, 2.016439199447632, 1.9758498668670654, 1.9882678985595703, 2.0157713890075684, 2.001035451889038], "max_timestep": [8, 8, 8, 8, 8, 8, 8, 8, 8, 8], "winner": [[0, 0], [0, 0], [0, 0], [0, 0], [0, 0], [0, 0], [0, 0], [0, 0], [0, 0], [0, 0]], "runtime": [1.999685525894165, 2.0226926803588867, 2.0008907318115234, 2.0281941890716553, 1.9976999759674072, 2.016711950302124, 1.9761173725128174, 1.988542079925537, 2.0160465240478516, 2.001329183578491], "T_terminal": [1, 1, 1, 1, 1, 1, 1, 1, 1, 1], "trajectory_0": [[[1.0, 3.0, 0.0, 0], [1.0, 3.0, 0.0, 1]], [[1.0, 3.0, 0.0, 0], [3.0, 3.0, 0.0, 1]], [[1.0, 3.0, 0.0, 0], [2.0, 3.0, -1.5707963267948966, 1]], [[1.0, 3.0, 0.0, 0], [2.0, 3.0, 0.0, 1]], [[1.0, 3.0, 0.0, 0], [2.0, 3.0, 0.0, 1]], [[1.0, 3.0, 0.0, 0], [2.0, 3.0, 0.0, 1]], [[1.0, 3.0, 0.0, 0], [1.0, 3.0, 0.0, 1]], [[1.0, 3.0, 0.0, 0], [3.0, 3.0, 0.0, 1]], [[1.0, 3.0, 0.0, 0], [1.0, 3.0, 1.5707963267948966, 1]], [[1.0, 3.0, 0.0, 0], [2.0, 3.0, -1.5707963267948966, 1]]], "trajectory_1": [[[3.0, 3.0, 0.0, 0], [4.0, 3.0, 0.0, 1]], [[3.0, 3.0, 0.0, 0], [4.0, 3.0, 0.0, 1]], [[3.0, 3.0, 0.0, 0], [4.0, 3.0, 0.0, 1]], [[3.0, 3.0, 0.0, 0], [5.0, 3.0, 0.0, 1]], [[3.0, 3.0, 0.0, 0], [4.0, 3.0, 0.0, 1]], [[3.0, 3.0, 0.0, 0], [5.0, 3.0, 0.0, 1]], [[3.0, 3.0, 0.0, 0], [4.0, 3.0, 1.5707963267948966, 1]], [[3.0, 3.0, 0.0, 0], [4.0, 3.0, 0.0, 1]], [[3.0, 3.0, 0.0, 0], [3.0, 3.0, 0.0, 1]], [[3.0, 3.0, 0.0, 0], [5.0, 3.0, 0.0, 1]]], "coll_payoff_0": [[1.0], [1.0], [1.0], [1.0], [1.0], [1.0], [1.0], [1.0], [1.0], [1.0]], "lead_payoff_0": [[0.25], [0.75], [0.5], [0.25], [0.5], [0.25], [0.25], [0.75], [0.5], [0.25]], "coll_payoff_1": [[1.0], [1.0], [1.0], [1.0], [1.0], [1.0], [1.0], [1.0], [1.0], [1.0]], "lead_payoff_1": [[0.75], [0.25], [0.5], [0.75], [0.5], [0.75], [0.75], [0.25], [0.5], [0.75]], "payoff_total": [[[0.47270114935692054, 0.6939655171403017]], [[0.6020114941671217, 0.5646551723301005]], [[0.537356321762021, 0.6293103447352011]], [[0.47270114935692054, 0.6939655171403017]], [[0.537356321762021, 0.6293103447352011]], [[0.47270114935692054, 0.6939655171403017]], [[0.47270114935692054, 0.6939655171403017]], [[0.6020114941671217, 0.5646551723301005]], [[0.537356321762021, 0.6293103447352011]], [[0.47270114935692054, 0.6939655171403017]]], "final_lead_payoff_0": [[0.39655172413793105], [0.46551724137931033], [0.43103448275862066], [0.39655172413793105], [0.43103448275862066], [0.39655172413793105], [0.39655172413793105], [0.46551724137931033], [0.43103448275862066], [0.39655172413793105]], "final_lead_payoff_1": [[0.603448275862069], [0.5344827586206896], [0.5689655172413793], [0.603448275862069], [0.5689655172413793], [0.603448275862069], [0.603448275862069], [0.5344827586206896], [0.5689655172413793], [0.603448275862069]]}