{"alphat_eff_gamelength_2": [1.0, 1.0, 1.0, 1.0, 1.0, 1.0, 1.0, 1.0, 1.0, 1.0], "runtime_gamelength_2": [0.5810549259185791, 0.7809100151062012, 0.72760009765625, 0.6279296875, 0.8856620788574219, 0.6300818920135498, 0.6273231506347656, 0.7154507637023926, 0.5775432586669922, 0.6854467391967773], "max_timestep": [1, 1, 1, 1, 1, 1, 1, 1, 1, 1], "alphat_eff_gamelength_1": [0.5, 1.0, 0.5, 0.5, 0.5, 0.5, 0.5, 1.0, 1.0, 1.0], "runtime_gamelength_1": [0.37119555473327637, 0.5104289054870605, 0.40917205810546875, 0.4060814380645752, 0.44309544563293457, 0.39221620559692383, 0.406984806060791, 0.41731739044189453, 0.34272170066833496, 0.45546388626098633], "winner": [[0, 1], [0, 0], [0, 0], [0, 1], [0, 1], [1, 0], [1, 0], [0, 0], [0, 0], [0, 0]], "runtime": [0.9524333477020264, 1.2915959358215332, 1.1370315551757812, 1.0342047214508057, 1.3289926052093506, 1.0224952697753906, 1.034519910812378, 1.132981300354004, 0.9205491542816162, 1.1413569450378418], "T_terminal": [2, 2, 2, 2, 2, 2, 2, 2, 2, 2], "trajectory_0": [[[1.0, 0.0, 1.5707963267948966, 0], [1.0, 0.0, 1.5707963267948966, 1], [1.0, 0.0, 1.5707963267948966, 2]], [[1.0, 0.0, 1.5707963267948966, 0], [1.0, 1.0, 1.5707963267948966, 1], [1.0, 2.0, 1.5707963267948966, 2]], [[1.0, 0.0, 1.5707963267948966, 0], [1.0, 0.0, 1.5707963267948966, 1], [1.0, 0.0, 1.5707963267948966, 2]], [[1.0, 0.0, 1.5707963267948966, 0], [1.0, 0.0, 1.5707963267948966, 1], [1.0, 0.0, 1.5707963267948966, 2]], [[1.0, 0.0, 1.5707963267948966, 0], [1.0, 0.0, 1.5707963267948966, 1], [1.0, 0.0, 1.5707963267948966, 2]], [[1.0, 0.0, 1.5707963267948966, 0], [1.0, 1.0, 1.5707963267948966, 1], [1.0, 2.0, 1.5707963267948966, 2]], [[1.0, 0.0, 1.5707963267948966, 0], [1.0, 1.0, 1.5707963267948966, 1], [1.0, 2.0, 1.5707963267948966, 2]], [[1.0, 0.0, 1.5707963267948966, 0], [1.0, 1.0, 1.5707963267948966, 1], [1.0, 2.0, 1.5707963267948966, 2]], [[1.0, 0.0, 1.5707963267948966, 0], [1.0, 1.0, 1.5707963267948966, 1], [1.0, 2.0, 1.5707963267948966, 2]], [[1.0, 0.0, 1.5707963267948966, 0], [1.0, 1.0, 1.5707963267948966, 1], [1.0, 2.0, 1.5707963267948966, 2]]], "trajectory_1": [[[0.0, 1.0, 0.0, 0], [1.0, 1.0, 0.0, 1], [2.0, 1.0, 0.0, 2]], [[0.0, 1.0, 0.0, 0], [1.0, 1.0, 0.0, 1], [2.0, 1.0, 0.0, 2]], [[0.0, 1.0, 0.0, 0], [0.0, 1.0, 0.0, 1], [0.0, 1.0, 0.0, 2]], [[0.0, 1.0, 0.0, 0], [1.0, 1.0, 0.0, 1], [2.0, 1.0, 0.0, 2]], [[0.0, 1.0, 0.0, 0], [1.0, 1.0, 0.0, 1], [2.0, 1.0, 0.0, 2]], [[0.0, 1.0, 0.0, 0], [0.0, 1.0, 0.0, 1], [0.0, 1.0, 0.0, 2]], [[0.0, 1.0, 0.0, 0], [0.0, 1.0, 0.0, 1], [0.0, 1.0, 0.0, 2]], [[0.0, 1.0, 0.0, 0], [1.0, 1.0, 0.0, 1], [2.0, 1.0, 0.0, 2]], [[0.0, 1.0, 0.0, 0], [1.0, 1.0, 0.0, 1], [2.0, 1.0, 0.0, 2]], [[0.0, 1.0, 0.0, 0], [1.0, 1.0, 0.0, 1], [2.0, 1.0, 0.0, 2]]], "coll_payoff_0": [[1.0, 1.0], [0.0, 0.0], [1.0, 1.0], [1.0, 1.0], [1.0, 1.0], [1.0, 1.0], [1.0, 1.0], [0.0, 0.0], [0.0, 0.0], [0.0, 0.0]], "coll_payoff_1": [[1.0, 1.0], [0.0, 0.0], [1.0, 1.0], [1.0, 1.0], [1.0, 1.0], [1.0, 1.0], [1.0, 1.0], [0.0, 0.0], [0.0, 0.0], [0.0, 0.0]], "payoff_total": [[[0.99999999965, 0.99999999965], [1.0526315785789473, 1.0526315785789473]], [[0.0, 0.0], [0.0, 0.0]], [[0.99999999965, 0.99999999965], [1.0526315785789473, 1.0526315785789473]], [[0.99999999965, 0.99999999965], [1.0526315785789473, 1.0526315785789473]], [[0.99999999965, 0.99999999965], [1.0526315785789473, 1.0526315785789473]], [[0.99999999965, 0.99999999965], [1.0526315785789473, 1.0526315785789473]], [[0.99999999965, 0.99999999965], [1.0526315785789473, 1.0526315785789473]], [[0.0, 0.0], [0.0, 0.0]], [[0.0, 0.0], [0.0, 0.0]], [[0.0, 0.0], [0.0, 0.0]]], "final_lead_payoff_0": [[0.0], [0.5], [0.5], [0.0], [0.0], [1.0], [1.0], [0.5], [0.5], [0.5]], "final_lead_payoff_1": [[1.0], [0.5], [0.5], [1.0], [1.0], [0.0], [0.0], [0.5], [0.5], [0.5]]}