{"5": {"0": {"[0.0, 1.5707963267948966]": {"num_count": 65, "sum_payoffs": 19.58419576579674, "action": [0.0, 1.5707963267948966]}, "[2.0, -1.5707963267948966]": {"num_count": 65, "sum_payoffs": 19.618748204381415, "action": [2.0, -1.5707963267948966]}, "[1.0, 0.0]": {"num_count": 68, "sum_payoffs": 21.174051375358076, "action": [1.0, 0.0]}, "[1.0, 1.5707963267948966]": {"num_count": 66, "sum_payoffs": 19.899195369325977, "action": [1.0, 1.5707963267948966]}, "[2.0, 0.0]": {"num_count": 68, "sum_payoffs": 21.115763866535282, "action": [2.0, 0.0]}, "[2.0, 1.5707963267948966]": {"num_count": 68, "sum_payoffs": 20.955771801592164, "action": [2.0, 1.5707963267948966]}, "[0.0, 0.0]": {"num_count": 66, "sum_payoffs": 19.956127946253684, "action": [0.0, 0.0]}, "[1.0, -1.5707963267948966]": {"num_count": 69, "sum_payoffs": 21.434692776786793, "action": [1.0, -1.5707963267948966]}, "[0.0, -1.5707963267948966]": {"num_count": 65, "sum_payoffs": 19.451419841294513, "action": [0.0, -1.5707963267948966]}}, "1": {"[1.0, 0.0]": {"num_count": 70, "sum_payoffs": 26.760263281432888, "action": [1.0, 0.0]}, "[0.0, 1.5707963267948966]": {"num_count": 62, "sum_payoffs": 21.929905976786088, "action": [0.0, 1.5707963267948966]}, "[2.0, 1.5707963267948966]": {"num_count": 72, "sum_payoffs": 27.856183023938026, "action": [2.0, 1.5707963267948966]}, "[2.0, -1.5707963267948966]": {"num_count": 72, "sum_payoffs": 27.83979203405998, "action": [2.0, -1.5707963267948966]}, "[0.0, -1.5707963267948966]": {"num_count": 63, "sum_payoffs": 22.498372682382893, "action": [0.0, -1.5707963267948966]}, "[2.0, 0.0]": {"num_count": 74, "sum_payoffs": 28.954232196335518, "action": [2.0, 0.0]}, "[1.0, 1.5707963267948966]": {"num_count": 66, "sum_payoffs": 24.30727429570283, "action": [1.0, 1.5707963267948966]}, "[0.0, 0.0]": {"num_count": 60, "sum_payoffs": 20.77927109106771, "action": [0.0, 0.0]}, "[1.0, -1.5707963267948966]": {"num_count": 61, "sum_payoffs": 21.33499659102959, "action": [1.0, -1.5707963267948966]}}}}