{"2": {"0": {"[0.0, 0]": {"num_count": 218, "sum_payoffs": 46.058399990788445, "action": [0.0, 0]}, "[1.0, 0]": {"num_count": 3882, "sum_payoffs": 1148.4870629281893, "action": [1.0, 0]}}, "1": {"[1.0, 0]": {"num_count": 3700, "sum_payoffs": 1098.5280629381978, "action": [1.0, 0]}, "[0.0, 0]": {"num_count": 400, "sum_payoffs": 101.84939997963028, "action": [0.0, 0]}}}, "1": {"0": {"[1.0, 0]": {"num_count": 3804, "sum_payoffs": 1239.0119997521815, "action": [1.0, 0]}, "[0.0, 0]": {"num_count": 296, "sum_payoffs": 83.44799998330986, "action": [0.0, 0]}}, "1": {"[1.0, 0]": {"num_count": 3842, "sum_payoffs": 1256.9939997485887, "action": [1.0, 0]}, "[0.0, 0]": {"num_count": 258, "sum_payoffs": 78.42599998431432, "action": [0.0, 0]}}}}