{"2": {"0": {"[1.0, 0]": {"num_count": 2395, "sum_payoffs": 360.77598940153734, "action": [1.0, 0]}, "[0.0, 0]": {"num_count": 205, "sum_payoffs": 22.574699995485116, "action": [0.0, 0]}}, "1": {"[0.0, 0]": {"num_count": 202, "sum_payoffs": 22.75019999545002, "action": [0.0, 0]}, "[1.0, 0]": {"num_count": 2398, "sum_payoffs": 363.0790894010769, "action": [1.0, 0]}}}, "1": {"0": {"[0.0, 0]": {"num_count": 275, "sum_payoffs": 36.0179999927962, "action": [0.0, 0]}, "[1.0, 0]": {"num_count": 2325, "sum_payoffs": 382.2659999235347, "action": [1.0, 0]}}, "1": {"[1.0, 0]": {"num_count": 2413, "sum_payoffs": 401.6249999196603, "action": [1.0, 0]}, "[0.0, 0]": {"num_count": 187, "sum_payoffs": 25.892999994821274, "action": [0.0, 0]}}}}