{"2": {"0": {"[0.0, 0]": {"num_count": 224, "sum_payoffs": 35.0122499877456, "action": [0.0, 0]}, "[1.0, 0]": {"num_count": 376, "sum_payoffs": 79.45590786692732, "action": [1.0, 0]}}, "1": {"[1.0, 0]": {"num_count": 372, "sum_payoffs": 78.4591578672762, "action": [1.0, 0]}, "[0.0, 0]": {"num_count": 228, "sum_payoffs": 36.19124998733297, "action": [0.0, 0]}}}, "1": {"0": {"[1.0, 0]": {"num_count": 344, "sum_payoffs": 74.81249997381568, "action": [1.0, 0]}, "[0.0, 0]": {"num_count": 256, "sum_payoffs": 47.83499998325765, "action": [0.0, 0]}}, "1": {"[0.0, 0]": {"num_count": 257, "sum_payoffs": 48.34124998308046, "action": [0.0, 0]}, "[1.0, 0]": {"num_count": 343, "sum_payoffs": 74.71124997385111, "action": [1.0, 0]}}}}