{"2": {"0": {"[1.0, 0]": {"num_count": 48, "sum_payoffs": 4.476315787906974, "action": [1.0, 0]}, "[0.0, 0]": {"num_count": 52, "sum_payoffs": 5.849999997952501, "action": [0.0, 0]}}, "1": {"[1.0, 0]": {"num_count": 53, "sum_payoffs": 6.186315787308475, "action": [1.0, 0]}, "[0.0, 0]": {"num_count": 47, "sum_payoffs": 4.1399999985510005, "action": [0.0, 0]}}}, "1": {"0": {"[0.0, 0]": {"num_count": 52, "sum_payoffs": 1.79999999937, "action": [0.0, 0]}, "[1.0, 0]": {"num_count": 48, "sum_payoffs": 0.899999999685, "action": [1.0, 0]}}, "1": {"[0.0, 0]": {"num_count": 48, "sum_payoffs": 0.899999999685, "action": [0.0, 0]}, "[1.0, 0]": {"num_count": 52, "sum_payoffs": 1.79999999937, "action": [1.0, 0]}}}}