{"2": {"0": {"[1.0, 0]": {"num_count": 1855, "sum_payoffs": 280.1728894176546, "action": [1.0, 0]}, "[0.0, 0]": {"num_count": 245, "sum_payoffs": 28.06649999438678, "action": [0.0, 0]}}, "1": {"[0.0, 0]": {"num_count": 209, "sum_payoffs": 25.568999994886266, "action": [0.0, 0]}, "[1.0, 0]": {"num_count": 1891, "sum_payoffs": 290.3977894156104, "action": [1.0, 0]}}}, "1": {"0": {"[0.0, 0]": {"num_count": 223, "sum_payoffs": 30.752999993849222, "action": [0.0, 0]}, "[1.0, 0]": {"num_count": 1877, "sum_payoffs": 309.7709999380439, "action": [1.0, 0]}}, "1": {"[1.0, 0]": {"num_count": 1898, "sum_payoffs": 314.0639999371848, "action": [1.0, 0]}, "[0.0, 0]": {"num_count": 202, "sum_payoffs": 29.051999994189448, "action": [0.0, 0]}}}}