{"2": {"0": {"[0.0, 0]": {"num_count": 1355, "sum_payoffs": 175.3672499699354, "action": [0.0, 0]}, "[1.0, 0]": {"num_count": 3245, "sum_payoffs": 548.1038232142912, "action": [1.0, 0]}}, "1": {"[1.0, 0]": {"num_count": 3235, "sum_payoffs": 547.7075017857878, "action": [1.0, 0]}, "[0.0, 0]": {"num_count": 1365, "sum_payoffs": 177.95057139806335, "action": [0.0, 0]}}}, "1": {"0": {"[1.0, 0]": {"num_count": 2311, "sum_payoffs": 402.32571421672935, "action": [1.0, 0]}, "[0.0, 0]": {"num_count": 2289, "sum_payoffs": 397.55892850326103, "action": [0.0, 0]}}, "1": {"[1.0, 0]": {"num_count": 2311, "sum_payoffs": 402.32571421672935, "action": [1.0, 0]}, "[0.0, 0]": {"num_count": 2289, "sum_payoffs": 397.55892850326103, "action": [0.0, 0]}}}}