{"runtime_game_length_12": 31.876983404159546, "runtime_game_length_11": 28.734857082366943, "runtime_game_length_10": 25.68489360809326, "runtime_game_length_9": 23.820520877838135, "runtime_game_length_8": 19.631120681762695, "runtime_game_length_7": 15.633751392364502, "runtime_game_length_6": 11.132452726364136, "runtime_game_length_5": 5.173873662948608, "runtime_game_length_4": 0.41257786750793457, "runtime": 162.10143518447876, "winner": [0, 1], "T_terminal": 9, "trajectory_0": [[1.0, 3.0, 0.0, 0], [2.0, 3.0, 0.0, 1], [3.0, 3.0, 0.0, 2], [3.0, 3.0, 0.0, 3], [5.0, 3.0, 0.0, 4], [6.0, 3.0, 0.0, 5], [7.0, 3.0, 0.0, 6], [8.0, 3.0, 0.0, 7], [9.0, 3.0, 0.0, 8], [10.0, 3.0, 0.0, 9]], "trajectory_1": [[3.0, 3.0, 0.0, 0], [4.0, 3.0, 0.0, 1], [5.0, 3.0, 0.0, 2], [6.0, 3.0, 0.0, 3], [7.0, 3.0, 0.0, 4], [8.0, 3.0, 0.0, 5], [9.0, 3.0, 0.0, 6], [10.0, 3.0, 0.0, 7], [11.0, 3.0, 0.0, 8], [12.0, 3.0, 4.71238898038469, 9]], "penalty_distance_0": [-0.06766764161830635, -0.06090087745647572, -0.0201637626889849, -0.04932971073974533, -0.0443967396657708, -0.039957065699193724, -0.035961359129274346, -0.03236522321634692, -0.02912870089471223], "penalty_distance_1": [-0.06766764161830635, -0.06090087745647572, -0.0201637626889849, -0.04932971073974533, -0.0443967396657708, -0.039957065699193724, -0.035961359129274346, -0.03236522321634692, -0.02912870089471223], "reward_progress_0": [0.1, 0.09000000000000001, 0.0, 0.1458, 0.06561, 0.05904900000000001, 0.05314410000000001, 0.04782969000000001, 0.04304672100000001], "reward_progress_1": [0.1, 0.09000000000000001, 0.08100000000000002, 0.0729, 0.06561, 0.05904900000000001, 0.05314410000000001, 0.04782969000000001, 0.04304672100000001], "penalty_timestep_0": [-0.9], "penalty_timestep_1": [-0.9], "reward_lead_0": [-2.0], "reward_lead_1": [2.0], "payoff_total_0": [0.032332358381693654, 0.06143148092521794, 0.04126771823623304, 0.13773800749648768, 0.1589512678307169, 0.1780432021315232, 0.19522594300224883, 0.21069040978590192, 0.2246084298911898, -2.6753915701088102], "payoff_total_1": [0.032332358381693654, 0.06143148092521794, 0.12226771823623306, 0.14583800749648773, 0.16705126783071694, 0.18614320213152324, 0.20332594300224893, 0.21879040978590203, 0.23270842989118978, 1.33270842989119]}