{"2": {"0": {"[0.0, 0]": {"num_count": 304, "sum_payoffs": 62.119499988611445, "action": [0.0, 0]}, "[1.0, 0]": {"num_count": 3796, "sum_payoffs": 937.2851050913657, "action": [1.0, 0]}}, "1": {"[1.0, 0]": {"num_count": 3829, "sum_payoffs": 948.7901050892584, "action": [1.0, 0]}, "[0.0, 0]": {"num_count": 271, "sum_payoffs": 52.07249999045337, "action": [0.0, 0]}}}, "1": {"0": {"[1.0, 0]": {"num_count": 3834, "sum_payoffs": 1043.2049998088175, "action": [1.0, 0]}, "[0.0, 0]": {"num_count": 266, "sum_payoffs": 65.77499998794117, "action": [0.0, 0]}}, "1": {"[1.0, 0]": {"num_count": 3862, "sum_payoffs": 1050.0899998075536, "action": [1.0, 0]}, "[0.0, 0]": {"num_count": 238, "sum_payoffs": 56.72999998959943, "action": [0.0, 0]}}}}