{"alphat_eff_gamelength_2": 1.0, "runtime_gamelength_2": 0.932746171951294, "max_timestep": 1, "alphat_eff_gamelength_1": 1.0, "runtime_gamelength_1": 0.6496109962463379, "winner": [0, 0], "runtime": 1.5826082229614258, "T_terminal": 2, "trajectory_0": [[1.0, 0.0, 1.5707963267948966, 0], [1.0, 1.0, 1.5707963267948966, 1], [1.0, 2.0, 1.5707963267948966, 2]], "trajectory_1": [[0.0, 1.0, 0.0, 0], [1.0, 1.0, 0.0, 1], [2.0, 1.0, 0.0, 2]], "coll_payoff_0": [0.0, 0.0], "coll_payoff_1": [0.0, 0.0], "payoff_total": [[0.0, 0.0], [0.3333333332722222, 0.3333333332722222]], "final_lead_payoff_0": [0.5], "final_lead_payoff_1": [0.5]}