{"4": {"0": {"[2.0, 1.5707963267948966]": {"num_count": 462, "sum_payoffs": 156.7481658766631, "action": [2.0, 1.5707963267948966]}, "[1.0, 1.5707963267948966]": {"num_count": 440, "sum_payoffs": 147.25999003159325, "action": [1.0, 1.5707963267948966]}, "[2.0, -1.5707963267948966]": {"num_count": 495, "sum_payoffs": 171.20503426741288, "action": [2.0, -1.5707963267948966]}, "[1.0, -1.5707963267948966]": {"num_count": 456, "sum_payoffs": 154.2188189769854, "action": [1.0, -1.5707963267948966]}, "[1.0, 0.0]": {"num_count": 454, "sum_payoffs": 153.34651327081323, "action": [1.0, 0.0]}, "[0.0, -1.5707963267948966]": {"num_count": 424, "sum_payoffs": 140.38414460787837, "action": [0.0, -1.5707963267948966]}, "[0.0, 1.5707963267948966]": {"num_count": 413, "sum_payoffs": 135.68920233070236, "action": [0.0, 1.5707963267948966]}, "[0.0, 0.0]": {"num_count": 429, "sum_payoffs": 142.53506547321922, "action": [0.0, 0.0]}, "[2.0, 0.0]": {"num_count": 527, "sum_payoffs": 185.1430685988406, "action": [2.0, 0.0]}}, "1": {"[1.0, -1.5707963267948966]": {"num_count": 744, "sum_payoffs": 270.76510370109844, "action": [1.0, -1.5707963267948966]}, "[1.0, 1.5707963267948966]": {"num_count": 701, "sum_payoffs": 252.04757412575674, "action": [1.0, 1.5707963267948966]}, "[0.0, -1.5707963267948966]": {"num_count": 606, "sum_payoffs": 210.8400325659169, "action": [0.0, -1.5707963267948966]}, "[0.0, 1.5707963267948966]": {"num_count": 605, "sum_payoffs": 210.3057424546484, "action": [0.0, 1.5707963267948966]}, "[1.0, 0.0]": {"num_count": 781, "sum_payoffs": 287.0908717599877, "action": [1.0, 0.0]}, "[0.0, 0.0]": {"num_count": 663, "sum_payoffs": 235.46525993172955, "action": [0.0, 0.0]}}}}