{"2": {"0": {"[0.0, 0]": {"num_count": 613, "sum_payoffs": 125.36399996656836, "action": [0.0, 0]}, "[1.0, 0]": {"num_count": 1487, "sum_payoffs": 388.16849989648125, "action": [1.0, 0]}}, "1": {"[0.0, 0]": {"num_count": 630, "sum_payoffs": 130.70999996514252, "action": [0.0, 0]}, "[1.0, 0]": {"num_count": 1470, "sum_payoffs": 384.2804998975188, "action": [1.0, 0]}}}, "1": {"0": {"[0.0, 0]": {"num_count": 767, "sum_payoffs": 190.64999994915826, "action": [0.0, 0]}, "[1.0, 0]": {"num_count": 1333, "sum_payoffs": 376.8449998995121, "action": [1.0, 0]}}, "1": {"[1.0, 0]": {"num_count": 1331, "sum_payoffs": 376.70999989954805, "action": [1.0, 0]}, "[0.0, 0]": {"num_count": 769, "sum_payoffs": 191.5949999489062, "action": [0.0, 0]}}}}