{"9": {"0": {"[0.0, -1.5707963267948966]": {"num_count": 427, "sum_payoffs": 99.9099957171872, "action": [0.0, -1.5707963267948966]}, "[2.0, 1.5707963267948966]": {"num_count": 478, "sum_payoffs": 116.99479467070836, "action": [2.0, 1.5707963267948966]}, "[2.0, -1.5707963267948966]": {"num_count": 493, "sum_payoffs": 122.09430086972938, "action": [2.0, -1.5707963267948966]}, "[1.0, -1.5707963267948966]": {"num_count": 457, "sum_payoffs": 110.01203050029544, "action": [1.0, -1.5707963267948966]}, "[0.0, 0.0]": {"num_count": 442, "sum_payoffs": 104.90271309555138, "action": [0.0, 0.0]}, "[0.0, 1.5707963267948966]": {"num_count": 421, "sum_payoffs": 97.92875387832707, "action": [0.0, 1.5707963267948966]}, "[1.0, 0.0]": {"num_count": 455, "sum_payoffs": 109.33302093313515, "action": [1.0, 0.0]}, "[1.0, 1.5707963267948966]": {"num_count": 451, "sum_payoffs": 107.92390360744602, "action": [1.0, 1.5707963267948966]}, "[2.0, 0.0]": {"num_count": 476, "sum_payoffs": 116.41514325251613, "action": [2.0, 0.0]}}, "1": {"[1.0, 0.0]": {"num_count": 489, "sum_payoffs": 145.95283143838017, "action": [1.0, 0.0]}, "[2.0, -1.5707963267948966]": {"num_count": 477, "sum_payoffs": 141.25083369302993, "action": [2.0, -1.5707963267948966]}, "[0.0, 1.5707963267948966]": {"num_count": 395, "sum_payoffs": 109.60267764201615, "action": [0.0, 1.5707963267948966]}, "[1.0, 1.5707963267948966]": {"num_count": 447, "sum_payoffs": 129.6191953569057, "action": [1.0, 1.5707963267948966]}, "[2.0, 0.0]": {"num_count": 558, "sum_payoffs": 173.1282003975854, "action": [2.0, 0.0]}, "[0.0, -1.5707963267948966]": {"num_count": 399, "sum_payoffs": 111.23255852017053, "action": [0.0, -1.5707963267948966]}, "[2.0, 1.5707963267948966]": {"num_count": 468, "sum_payoffs": 137.7100428166314, "action": [2.0, 1.5707963267948966]}, "[1.0, -1.5707963267948966]": {"num_count": 446, "sum_payoffs": 129.21055425182902, "action": [1.0, -1.5707963267948966]}, "[0.0, 0.0]": {"num_count": 421, "sum_payoffs": 119.62963933815772, "action": [0.0, 0.0]}}}}