{"2": {"0": {"[1.0, 1.5707963267948966]": {"num_count": 471, "sum_payoffs": 99.75371008491432, "action": [1.0, 1.5707963267948966]}, "[1.0, 0.0]": {"num_count": 567, "sum_payoffs": 129.60134061252356, "action": [1.0, 0.0]}, "[0.0, 0.0]": {"num_count": 478, "sum_payoffs": 101.83701625759633, "action": [0.0, 0.0]}, "[2.0, 0.0]": {"num_count": 699, "sum_payoffs": 171.74244396684807, "action": [2.0, 0.0]}, "[1.0, -1.5707963267948966]": {"num_count": 473, "sum_payoffs": 100.33026963113551, "action": [1.0, -1.5707963267948966]}, "[0.0, 1.5707963267948966]": {"num_count": 396, "sum_payoffs": 77.07809137631052, "action": [0.0, 1.5707963267948966]}, "[2.0, -1.5707963267948966]": {"num_count": 559, "sum_payoffs": 127.09927642760067, "action": [2.0, -1.5707963267948966]}, "[2.0, 1.5707963267948966]": {"num_count": 561, "sum_payoffs": 127.65552004482964, "action": [2.0, 1.5707963267948966]}, "[0.0, -1.5707963267948966]": {"num_count": 396, "sum_payoffs": 77.10992328643344, "action": [0.0, -1.5707963267948966]}}, "1": {"[0.0, -1.5707963267948966]": {"num_count": 395, "sum_payoffs": 104.35695194145437, "action": [0.0, -1.5707963267948966]}, "[0.0, 1.5707963267948966]": {"num_count": 388, "sum_payoffs": 101.81039913132759, "action": [0.0, 1.5707963267948966]}, "[1.0, 0.0]": {"num_count": 570, "sum_payoffs": 170.36807680286392, "action": [1.0, 0.0]}, "[2.0, 1.5707963267948966]": {"num_count": 563, "sum_payoffs": 167.65019661293726, "action": [2.0, 1.5707963267948966]}, "[1.0, -1.5707963267948966]": {"num_count": 465, "sum_payoffs": 130.38187425859041, "action": [1.0, -1.5707963267948966]}, "[2.0, -1.5707963267948966]": {"num_count": 559, "sum_payoffs": 166.0453468641806, "action": [2.0, -1.5707963267948966]}, "[1.0, 1.5707963267948966]": {"num_count": 470, "sum_payoffs": 132.18955737324242, "action": [1.0, 1.5707963267948966]}, "[0.0, 0.0]": {"num_count": 478, "sum_payoffs": 135.28116374349457, "action": [0.0, 0.0]}, "[2.0, 0.0]": {"num_count": 712, "sum_payoffs": 225.665102193995, "action": [2.0, 0.0]}}}}