{"2": {"0": {"[0.0, 0]": {"num_count": 43, "sum_payoffs": 7.525610524810667, "action": [0.0, 0]}, "[1.0, 0]": {"num_count": 57, "sum_payoffs": 13.626189470958991, "action": [1.0, 0]}}, "1": {"[1.0, 0]": {"num_count": 56, "sum_payoffs": 12.794589471125306, "action": [1.0, 0]}, "[0.0, 0]": {"num_count": 44, "sum_payoffs": 7.91981052473183, "action": [0.0, 0]}}}, "1": {"0": {"[1.0, 0]": {"num_count": 52, "sum_payoffs": 9.665999998066802, "action": [1.0, 0]}, "[0.0, 0]": {"num_count": 48, "sum_payoffs": 8.072999998385402, "action": [0.0, 0]}}, "1": {"[1.0, 0]": {"num_count": 52, "sum_payoffs": 9.665999998066802, "action": [1.0, 0]}, "[0.0, 0]": {"num_count": 48, "sum_payoffs": 8.072999998385402, "action": [0.0, 0]}}}}