{"5": {"0": {"[1.0, -1.5707963267948966]": {"num_count": 528, "sum_payoffs": 160.45066327236384, "action": [1.0, -1.5707963267948966]}, "[2.0, -1.5707963267948966]": {"num_count": 531, "sum_payoffs": 161.64883435637788, "action": [2.0, -1.5707963267948966]}, "[1.0, 0.0]": {"num_count": 535, "sum_payoffs": 163.19788029337266, "action": [1.0, 0.0]}, "[2.0, 0.0]": {"num_count": 557, "sum_payoffs": 171.87359272098126, "action": [2.0, 0.0]}, "[2.0, 1.5707963267948966]": {"num_count": 556, "sum_payoffs": 171.4549416507203, "action": [2.0, 1.5707963267948966]}, "[0.0, -1.5707963267948966]": {"num_count": 460, "sum_payoffs": 133.80111779074784, "action": [0.0, -1.5707963267948966]}, "[0.0, 1.5707963267948966]": {"num_count": 429, "sum_payoffs": 121.99209997604973, "action": [0.0, 1.5707963267948966]}, "[0.0, 0.0]": {"num_count": 491, "sum_payoffs": 145.8124482558814, "action": [0.0, 0.0]}, "[1.0, 1.5707963267948966]": {"num_count": 513, "sum_payoffs": 154.57387871957442, "action": [1.0, 1.5707963267948966]}}, "1": {"[0.0, -1.5707963267948966]": {"num_count": 406, "sum_payoffs": 140.60129476821808, "action": [0.0, -1.5707963267948966]}, "[1.0, 1.5707963267948966]": {"num_count": 502, "sum_payoffs": 184.09213335664836, "action": [1.0, 1.5707963267948966]}, "[1.0, -1.5707963267948966]": {"num_count": 504, "sum_payoffs": 184.97583092812795, "action": [1.0, -1.5707963267948966]}, "[0.0, 0.0]": {"num_count": 448, "sum_payoffs": 159.4600529510483, "action": [0.0, 0.0]}, "[2.0, 0.0]": {"num_count": 638, "sum_payoffs": 247.26183531331972, "action": [2.0, 0.0]}, "[2.0, 1.5707963267948966]": {"num_count": 568, "sum_payoffs": 214.48209593761268, "action": [2.0, 1.5707963267948966]}, "[1.0, 0.0]": {"num_count": 549, "sum_payoffs": 205.77375986853363, "action": [1.0, 0.0]}, "[0.0, 1.5707963267948966]": {"num_count": 425, "sum_payoffs": 149.14362077026496, "action": [0.0, 1.5707963267948966]}, "[2.0, -1.5707963267948966]": {"num_count": 560, "sum_payoffs": 210.89749164671895, "action": [2.0, -1.5707963267948966]}}}}