{"12": {"0": {"[0.0, 0.0]": {"num_count": 226, "sum_payoffs": 53.56106554793614, "action": [0.0, 0.0]}, "[2.0, 1.5707963267948966]": {"num_count": 237, "sum_payoffs": 57.5146100949206, "action": [2.0, 1.5707963267948966]}, "[1.0, -1.5707963267948966]": {"num_count": 235, "sum_payoffs": 56.83390464447778, "action": [1.0, -1.5707963267948966]}, "[2.0, 0.0]": {"num_count": 235, "sum_payoffs": 56.74917908328594, "action": [2.0, 0.0]}, "[0.0, 1.5707963267948966]": {"num_count": 228, "sum_payoffs": 54.16977987374364, "action": [0.0, 1.5707963267948966]}, "[1.0, 0.0]": {"num_count": 228, "sum_payoffs": 54.19477876797954, "action": [1.0, 0.0]}, "[0.0, -1.5707963267948966]": {"num_count": 231, "sum_payoffs": 55.28141005977035, "action": [0.0, -1.5707963267948966]}, "[2.0, -1.5707963267948966]": {"num_count": 244, "sum_payoffs": 60.090848484402805, "action": [2.0, -1.5707963267948966]}, "[1.0, 1.5707963267948966]": {"num_count": 236, "sum_payoffs": 57.19403905392206, "action": [1.0, 1.5707963267948966]}}, "1": {"[1.0, -1.5707963267948966]": {"num_count": 364, "sum_payoffs": 81.92789795212404, "action": [1.0, -1.5707963267948966]}, "[0.0, -1.5707963267948966]": {"num_count": 343, "sum_payoffs": 75.0376021157848, "action": [0.0, -1.5707963267948966]}, "[1.0, 1.5707963267948966]": {"num_count": 352, "sum_payoffs": 78.04753634125736, "action": [1.0, 1.5707963267948966]}, "[1.0, 0.0]": {"num_count": 360, "sum_payoffs": 80.65411419053635, "action": [1.0, 0.0]}, "[0.0, 0.0]": {"num_count": 343, "sum_payoffs": 75.00885293801439, "action": [0.0, 0.0]}, "[0.0, 1.5707963267948966]": {"num_count": 338, "sum_payoffs": 73.52123143512254, "action": [0.0, 1.5707963267948966]}}}}