{"2": {"0": {"[0.0, 0]": {"num_count": 801, "sum_payoffs": 121.57537498024409, "action": [0.0, 0]}, "[1.0, 0]": {"num_count": 1799, "sum_payoffs": 356.9917499419973, "action": [1.0, 0]}}, "1": {"[0.0, 0]": {"num_count": 810, "sum_payoffs": 123.93899997985977, "action": [0.0, 0]}, "[1.0, 0]": {"num_count": 1790, "sum_payoffs": 355.53937494223317, "action": [1.0, 0]}}}, "1": {"0": {"[0.0, 0]": {"num_count": 1148, "sum_payoffs": 224.71874996348518, "action": [0.0, 0]}, "[1.0, 0]": {"num_count": 1452, "sum_payoffs": 303.13124995074094, "action": [1.0, 0]}}, "1": {"[1.0, 0]": {"num_count": 1451, "sum_payoffs": 303.02999995075743, "action": [1.0, 0]}, "[0.0, 0]": {"num_count": 1149, "sum_payoffs": 225.02249996343585, "action": [0.0, 0]}}}}