{"2": {"0": {"[1.0, -1.5707963267948966]": {"num_count": 322, "sum_payoffs": 72.56719465150124, "action": [1.0, -1.5707963267948966]}, "[0.0, 1.5707963267948966]": {"num_count": 279, "sum_payoffs": 58.23523020133362, "action": [0.0, 1.5707963267948966]}, "[2.0, 0.0]": {"num_count": 444, "sum_payoffs": 114.77015113722652, "action": [2.0, 0.0]}, "[2.0, 1.5707963267948966]": {"num_count": 376, "sum_payoffs": 90.96929794458352, "action": [2.0, 1.5707963267948966]}, "[1.0, 0.0]": {"num_count": 379, "sum_payoffs": 92.0444125610381, "action": [1.0, 0.0]}, "[2.0, -1.5707963267948966]": {"num_count": 373, "sum_payoffs": 89.91764985575978, "action": [2.0, -1.5707963267948966]}, "[0.0, -1.5707963267948966]": {"num_count": 277, "sum_payoffs": 57.528192415981884, "action": [0.0, -1.5707963267948966]}, "[1.0, 1.5707963267948966]": {"num_count": 323, "sum_payoffs": 72.80750927674275, "action": [1.0, 1.5707963267948966]}, "[0.0, 0.0]": {"num_count": 327, "sum_payoffs": 74.22339553629233, "action": [0.0, 0.0]}}, "1": {"[1.0, 1.5707963267948966]": {"num_count": 553, "sum_payoffs": 155.9255154771888, "action": [1.0, 1.5707963267948966]}, "[1.0, 0.0]": {"num_count": 610, "sum_payoffs": 177.00055766278194, "action": [1.0, 0.0]}, "[0.0, 1.5707963267948966]": {"num_count": 448, "sum_payoffs": 117.79946981070958, "action": [0.0, 1.5707963267948966]}, "[0.0, -1.5707963267948966]": {"num_count": 445, "sum_payoffs": 116.79996956100112, "action": [0.0, -1.5707963267948966]}, "[1.0, -1.5707963267948966]": {"num_count": 544, "sum_payoffs": 152.60261171224138, "action": [1.0, -1.5707963267948966]}, "[0.0, 0.0]": {"num_count": 500, "sum_payoffs": 136.53542791552937, "action": [0.0, 0.0]}}}}