{"2": {"0": {"[1.0, 0]": {"num_count": 2434, "sum_payoffs": 387.8576999224359, "action": [1.0, 0]}, "[0.0, 0]": {"num_count": 1166, "sum_payoffs": 143.1134999713767, "action": [0.0, 0]}}, "1": {"[0.0, 0]": {"num_count": 1157, "sum_payoffs": 141.9470999716098, "action": [0.0, 0]}, "[1.0, 0]": {"num_count": 2443, "sum_payoffs": 390.48209992191096, "action": [1.0, 0]}}}, "1": {"0": {"[0.0, 0]": {"num_count": 1446, "sum_payoffs": 218.26799995634758, "action": [0.0, 0]}, "[1.0, 0]": {"num_count": 2154, "sum_payoffs": 366.5519999266797, "action": [1.0, 0]}}, "1": {"[0.0, 0]": {"num_count": 1446, "sum_payoffs": 218.34899995633134, "action": [0.0, 0]}, "[1.0, 0]": {"num_count": 2154, "sum_payoffs": 366.6329999266635, "action": [1.0, 0]}}}}