{"4": {"0": {"[2.0, 1.5707963267948966]": {"num_count": 72, "sum_payoffs": 25.956759657465106, "action": [2.0, 1.5707963267948966]}, "[2.0, -1.5707963267948966]": {"num_count": 67, "sum_payoffs": 23.07672021442861, "action": [2.0, -1.5707963267948966]}, "[1.0, 1.5707963267948966]": {"num_count": 65, "sum_payoffs": 21.81607562080721, "action": [1.0, 1.5707963267948966]}, "[1.0, 0.0]": {"num_count": 64, "sum_payoffs": 21.448495893909385, "action": [1.0, 0.0]}, "[2.0, 0.0]": {"num_count": 68, "sum_payoffs": 23.588116900164263, "action": [2.0, 0.0]}, "[0.0, -1.5707963267948966]": {"num_count": 67, "sum_payoffs": 22.91221033401652, "action": [0.0, -1.5707963267948966]}, "[0.0, 1.5707963267948966]": {"num_count": 62, "sum_payoffs": 20.20790962293461, "action": [0.0, 1.5707963267948966]}, "[0.0, 0.0]": {"num_count": 66, "sum_payoffs": 22.52700204203511, "action": [0.0, 0.0]}, "[1.0, -1.5707963267948966]": {"num_count": 69, "sum_payoffs": 24.109367113245074, "action": [1.0, -1.5707963267948966]}}, "1": {"[1.0, 0.0]": {"num_count": 107, "sum_payoffs": 39.983521535725096, "action": [1.0, 0.0]}, "[1.0, -1.5707963267948966]": {"num_count": 102, "sum_payoffs": 37.31496347052652, "action": [1.0, -1.5707963267948966]}, "[0.0, 1.5707963267948966]": {"num_count": 94, "sum_payoffs": 32.83025479881775, "action": [0.0, 1.5707963267948966]}, "[0.0, 0.0]": {"num_count": 99, "sum_payoffs": 35.60736691056301, "action": [0.0, 0.0]}, "[0.0, -1.5707963267948966]": {"num_count": 95, "sum_payoffs": 33.45607188040031, "action": [0.0, -1.5707963267948966]}, "[1.0, 1.5707963267948966]": {"num_count": 103, "sum_payoffs": 37.753476729084504, "action": [1.0, 1.5707963267948966]}}}}