{"3": {"0": {"[2.0, 0.0]": {"num_count": 227, "sum_payoffs": 82.46362614131534, "action": [2.0, 0.0]}, "[1.0, 1.5707963267948966]": {"num_count": 246, "sum_payoffs": 91.81131894311282, "action": [1.0, 1.5707963267948966]}, "[0.0, 1.5707963267948966]": {"num_count": 223, "sum_payoffs": 80.40284482869974, "action": [0.0, 1.5707963267948966]}, "[1.0, 0.0]": {"num_count": 209, "sum_payoffs": 73.59879041533523, "action": [1.0, 0.0]}, "[0.0, 0.0]": {"num_count": 213, "sum_payoffs": 75.47291720642893, "action": [0.0, 0.0]}, "[0.0, -1.5707963267948966]": {"num_count": 226, "sum_payoffs": 81.98859735745353, "action": [0.0, -1.5707963267948966]}, "[1.0, -1.5707963267948966]": {"num_count": 260, "sum_payoffs": 98.8299860860717, "action": [1.0, -1.5707963267948966]}, "[2.0, -1.5707963267948966]": {"num_count": 254, "sum_payoffs": 95.64785211992825, "action": [2.0, -1.5707963267948966]}, "[2.0, 1.5707963267948966]": {"num_count": 242, "sum_payoffs": 89.90445698460334, "action": [2.0, 1.5707963267948966]}}, "1": {"[0.0, 1.5707963267948966]": {"num_count": 332, "sum_payoffs": 129.67294241113152, "action": [0.0, 1.5707963267948966]}, "[1.0, 1.5707963267948966]": {"num_count": 391, "sum_payoffs": 159.12212038368995, "action": [1.0, 1.5707963267948966]}, "[1.0, -1.5707963267948966]": {"num_count": 402, "sum_payoffs": 164.90135456232528, "action": [1.0, -1.5707963267948966]}, "[0.0, 0.0]": {"num_count": 291, "sum_payoffs": 109.4331159605379, "action": [0.0, 0.0]}, "[1.0, 0.0]": {"num_count": 368, "sum_payoffs": 147.7666932643285, "action": [1.0, 0.0]}, "[0.0, -1.5707963267948966]": {"num_count": 316, "sum_payoffs": 121.75563738164843, "action": [0.0, -1.5707963267948966]}}}}