{"runtime": 0.7532427310943604, "winner": [1, 0], "T_terminal": 12, "trajectories": [[1.0, 3.0, 0.0, 3.0, 3.0, 0.0, 0.0], [2.0, 3.0, 4.71238898038469, 3.0, 3.0, 1.5707963267948966, 1.0], [1.9999999999999996, 1.0, 3.141592653589793, 3.0, 3.0, 0.0, 2.0], [1.9999999999999996, 1.0, 4.71238898038469, 3.0, 3.0, 4.71238898038469, 3.0], [1.9999999999999996, 1.0, 4.71238898038469, 3.0, 3.0, 0.0, 4.0], [1.9999999999999996, 1.0, 3.141592653589793, 4.0, 3.0, 1.5707963267948966, 5.0], [1.9999999999999996, 1.0, 4.71238898038469, 4.0, 3.0, 3.141592653589793, 6.0], [1.9999999999999996, 1.0, 0.0, 3.0, 3.0, 3.141592653589793, 7.0], [2.9999999999999996, 1.0, 4.71238898038469, 2.0, 3.0, 4.71238898038469, 8.0], [2.9999999999999996, 1.0, 3.141592653589793, 2.0, 3.0, 4.71238898038469, 9.0], [1.9999999999999996, 1.0000000000000002, 1.5707963267948966, 1.9999999999999998, 2.0, 3.141592653589793, 10.0], [1.9999999999999996, 2.0, 0.0, 1.9999999999999998, 2.0, 1.5707963267948966, 11.0], [2.9999999999999996, 2.0, 0.0, 1.9999999999999998, 2.0, 0.0, 12.0]], "penalty_distance_0": [-0.036787944117144235, -0.010687792566038575, -0.010687792566038575, -0.010687792566038575, -0.005910574656195623, -0.005910574656195623, -0.010687792566038575, -0.010687792566038579, -0.010687792566038579, -0.03678794411714424, -0.09999999999999998, -0.03678794411714424], "penalty_distance_1": [-0.036787944117144235, -0.010687792566038575, -0.010687792566038575, -0.010687792566038575, -0.005910574656195623, -0.005910574656195623, -0.010687792566038575, -0.010687792566038579, -0.010687792566038579, -0.03678794411714424, -0.09999999999999998, -0.03678794411714424], "reward_progress_0": [0.0, -0.0, 0.0, 0.0, 0.0, 0.0, 0.0, 0.0, 0.0, -0.0, 0.0, 0.0], "reward_progress_1": [0.0, 0.0, 0.0, 0.0, 0.0, 0.0, -0.0, -0.0, 0.0, -0.0, 0.0, 0.0], "penalty_agressor_0": [0.0, 0.0, 0.0, 0.0, 0.0, 0.0, 0.0, 0.0, 0.0, 0.0, 0.0, 0.0], "penalty_agressor_1": [0.0, 0.0, 0.0, 0.0, 0.0, 0.0, 0.0, 0.0, 0.0, 0.0, 0.0, 0.0], "penalty_timestep_0": [-3.5999999999999996], "penalty_timestep_1": [-3.5999999999999996], "reward_lead_0": [0.9999999999999998], "reward_lead_1": [-0.9999999999999998], "payoff_total0": [-0.036787944117144235, -0.047475736683182806, -0.058163529249221385, -0.06885132181525996, -0.07476189647145559, -0.08067247112765122, -0.0913602636936898, -0.10204805625972838, -0.11273584882576695, -0.14952379294291118, -0.24952379294291116, -0.2863117370600554, -2.886311737060055], "payoff_total1": [-0.036787944117144235, -0.047475736683182806, -0.058163529249221385, -0.06885132181525996, -0.07476189647145559, -0.08067247112765122, -0.0913602636936898, -0.10204805625972838, -0.11273584882576695, -0.14952379294291118, -0.24952379294291116, -0.2863117370600554, -4.886311737060055]}