{"4": {"0": {"[0.0, 0.0]": {"num_count": 171, "sum_payoffs": 54.56304282346583, "action": [0.0, 0.0]}, "[1.0, 1.5707963267948966]": {"num_count": 181, "sum_payoffs": 59.12493150932078, "action": [1.0, 1.5707963267948966]}, "[0.0, 1.5707963267948966]": {"num_count": 161, "sum_payoffs": 49.90359263551392, "action": [0.0, 1.5707963267948966]}, "[2.0, -1.5707963267948966]": {"num_count": 186, "sum_payoffs": 61.48937972499212, "action": [2.0, -1.5707963267948966]}, "[2.0, 1.5707963267948966]": {"num_count": 180, "sum_payoffs": 58.665732996987224, "action": [2.0, 1.5707963267948966]}, "[1.0, 0.0]": {"num_count": 187, "sum_payoffs": 61.95723856363431, "action": [1.0, 0.0]}, "[1.0, -1.5707963267948966]": {"num_count": 174, "sum_payoffs": 55.955555277323626, "action": [1.0, -1.5707963267948966]}, "[2.0, 0.0]": {"num_count": 196, "sum_payoffs": 66.26955280633109, "action": [2.0, 0.0]}, "[0.0, -1.5707963267948966]": {"num_count": 164, "sum_payoffs": 51.29097104539467, "action": [0.0, -1.5707963267948966]}}, "1": {"[2.0, 1.5707963267948966]": {"num_count": 191, "sum_payoffs": 77.28468684257427, "action": [2.0, 1.5707963267948966]}, "[2.0, -1.5707963267948966]": {"num_count": 193, "sum_payoffs": 78.02604115666188, "action": [2.0, -1.5707963267948966]}, "[1.0, 1.5707963267948966]": {"num_count": 171, "sum_payoffs": 66.3300003340508, "action": [1.0, 1.5707963267948966]}, "[0.0, -1.5707963267948966]": {"num_count": 144, "sum_payoffs": 52.12306546749897, "action": [0.0, -1.5707963267948966]}, "[0.0, 0.0]": {"num_count": 169, "sum_payoffs": 65.41618992085667, "action": [0.0, 0.0]}, "[1.0, 0.0]": {"num_count": 193, "sum_payoffs": 78.318445683615, "action": [1.0, 0.0]}, "[0.0, 1.5707963267948966]": {"num_count": 146, "sum_payoffs": 53.22943301605068, "action": [0.0, 1.5707963267948966]}, "[2.0, 0.0]": {"num_count": 219, "sum_payoffs": 92.45057131227179, "action": [2.0, 0.0]}, "[1.0, -1.5707963267948966]": {"num_count": 174, "sum_payoffs": 68.03640339207065, "action": [1.0, -1.5707963267948966]}}}}