{"2": {"0": {"[0.0, 0]": {"num_count": 761, "sum_payoffs": 241.1167499156106, "action": [0.0, 0]}, "[1.0, 0]": {"num_count": 2339, "sum_payoffs": 887.1929996895096, "action": [1.0, 0]}}, "1": {"[0.0, 0]": {"num_count": 777, "sum_payoffs": 248.22449991312328, "action": [0.0, 0]}, "[1.0, 0]": {"num_count": 2323, "sum_payoffs": 883.0012496909757, "action": [1.0, 0]}}}, "1": {"0": {"[1.0, 0]": {"num_count": 2003, "sum_payoffs": 832.8824997084669, "action": [1.0, 0]}, "[0.0, 0]": {"num_count": 1097, "sum_payoffs": 421.60499985244473, "action": [0.0, 0]}}, "1": {"[0.0, 0]": {"num_count": 1111, "sum_payoffs": 428.48999985003513, "action": [0.0, 0]}, "[1.0, 0]": {"num_count": 1989, "sum_payoffs": 827.6174997103102, "action": [1.0, 0]}}}}