{"8": {"0": {"[0.0, -1.5707963267948966]": {"num_count": 11, "sum_payoffs": 3.0249386103119473, "action": [0.0, -1.5707963267948966]}, "[2.0, 1.5707963267948966]": {"num_count": 11, "sum_payoffs": 3.143303263707047, "action": [2.0, 1.5707963267948966]}, "[0.0, 1.5707963267948966]": {"num_count": 11, "sum_payoffs": 3.0063291694623713, "action": [0.0, 1.5707963267948966]}, "[1.0, 1.5707963267948966]": {"num_count": 11, "sum_payoffs": 2.960497921240032, "action": [1.0, 1.5707963267948966]}, "[2.0, -1.5707963267948966]": {"num_count": 11, "sum_payoffs": 3.0406306825039238, "action": [2.0, -1.5707963267948966]}, "[1.0, 0.0]": {"num_count": 11, "sum_payoffs": 3.2392913907163865, "action": [1.0, 0.0]}, "[1.0, -1.5707963267948966]": {"num_count": 11, "sum_payoffs": 3.215440603663919, "action": [1.0, -1.5707963267948966]}, "[0.0, 0.0]": {"num_count": 12, "sum_payoffs": 3.527315875127674, "action": [0.0, 0.0]}, "[2.0, 0.0]": {"num_count": 11, "sum_payoffs": 3.117569093773742, "action": [2.0, 0.0]}}, "1": {"[0.0, 0.0]": {"num_count": 16, "sum_payoffs": 4.342416057041374, "action": [0.0, 0.0]}, "[1.0, 1.5707963267948966]": {"num_count": 17, "sum_payoffs": 4.85486312747856, "action": [1.0, 1.5707963267948966]}, "[0.0, 1.5707963267948966]": {"num_count": 16, "sum_payoffs": 4.03211860541262, "action": [0.0, 1.5707963267948966]}, "[1.0, -1.5707963267948966]": {"num_count": 17, "sum_payoffs": 4.688041282812347, "action": [1.0, -1.5707963267948966]}, "[1.0, 0.0]": {"num_count": 18, "sum_payoffs": 5.366015340516032, "action": [1.0, 0.0]}, "[0.0, -1.5707963267948966]": {"num_count": 16, "sum_payoffs": 4.258247053533909, "action": [0.0, -1.5707963267948966]}}}}