{"2": {"0": {"[1.0, 0]": {"num_count": 55, "sum_payoffs": 13.174680448869305, "action": [1.0, 0]}, "[0.0, 0]": {"num_count": 45, "sum_payoffs": 8.524607141395778, "action": [0.0, 0]}}, "1": {"[1.0, 0]": {"num_count": 55, "sum_payoffs": 13.330894734556809, "action": [1.0, 0]}, "[0.0, 0]": {"num_count": 45, "sum_payoffs": 8.993249998458298, "action": [0.0, 0]}}}, "1": {"0": {"[0.0, 0]": {"num_count": 47, "sum_payoffs": 8.238214284302021, "action": [0.0, 0]}, "[1.0, 0]": {"num_count": 53, "sum_payoffs": 10.661785712457984, "action": [1.0, 0]}}, "1": {"[1.0, 0]": {"num_count": 53, "sum_payoffs": 10.574999998187147, "action": [1.0, 0]}, "[0.0, 0]": {"num_count": 47, "sum_payoffs": 8.324999998572856, "action": [0.0, 0]}}}}