{"12": {"0": {"[2.0, 0.0]": {"num_count": 536, "sum_payoffs": 118.20896006282818, "action": [2.0, 0.0]}, "[2.0, -1.5707963267948966]": {"num_count": 531, "sum_payoffs": 116.67399034851154, "action": [2.0, -1.5707963267948966]}, "[1.0, -1.5707963267948966]": {"num_count": 522, "sum_payoffs": 113.82539068130235, "action": [1.0, -1.5707963267948966]}, "[1.0, 1.5707963267948966]": {"num_count": 503, "sum_payoffs": 108.0038396702759, "action": [1.0, 1.5707963267948966]}, "[0.0, 0.0]": {"num_count": 508, "sum_payoffs": 109.55722158854455, "action": [0.0, 0.0]}, "[0.0, 1.5707963267948966]": {"num_count": 483, "sum_payoffs": 101.9508919768606, "action": [0.0, 1.5707963267948966]}, "[1.0, 0.0]": {"num_count": 514, "sum_payoffs": 111.35748992245345, "action": [1.0, 0.0]}, "[0.0, -1.5707963267948966]": {"num_count": 486, "sum_payoffs": 102.85791982761543, "action": [0.0, -1.5707963267948966]}, "[2.0, 1.5707963267948966]": {"num_count": 517, "sum_payoffs": 112.29432138783548, "action": [2.0, 1.5707963267948966]}}, "1": {"[2.0, -1.5707963267948966]": {"num_count": 541, "sum_payoffs": 144.2356051220877, "action": [2.0, -1.5707963267948966]}, "[0.0, -1.5707963267948966]": {"num_count": 444, "sum_payoffs": 110.26064740745878, "action": [0.0, -1.5707963267948966]}, "[0.0, 0.0]": {"num_count": 459, "sum_payoffs": 115.47655088217294, "action": [0.0, 0.0]}, "[1.0, 0.0]": {"num_count": 552, "sum_payoffs": 148.26358616221887, "action": [1.0, 0.0]}, "[2.0, 0.0]": {"num_count": 637, "sum_payoffs": 178.6681349331895, "action": [2.0, 0.0]}, "[1.0, 1.5707963267948966]": {"num_count": 484, "sum_payoffs": 124.26030189700822, "action": [1.0, 1.5707963267948966]}, "[0.0, 1.5707963267948966]": {"num_count": 430, "sum_payoffs": 105.50157732701189, "action": [0.0, 1.5707963267948966]}, "[2.0, 1.5707963267948966]": {"num_count": 546, "sum_payoffs": 146.10158350781538, "action": [2.0, 1.5707963267948966]}, "[1.0, -1.5707963267948966]": {"num_count": 507, "sum_payoffs": 132.32648245423064, "action": [1.0, -1.5707963267948966]}}}}