{"4": {"0": {"[0.0, 1.5707963267948966]": {"num_count": 66, "sum_payoffs": 22.40375260962037, "action": [0.0, 1.5707963267948966]}, "[1.0, -1.5707963267948966]": {"num_count": 68, "sum_payoffs": 23.80995039777491, "action": [1.0, -1.5707963267948966]}, "[2.0, 0.0]": {"num_count": 66, "sum_payoffs": 22.590557762717715, "action": [2.0, 0.0]}, "[2.0, -1.5707963267948966]": {"num_count": 67, "sum_payoffs": 23.09355467571221, "action": [2.0, -1.5707963267948966]}, "[2.0, 1.5707963267948966]": {"num_count": 66, "sum_payoffs": 22.48945600352926, "action": [2.0, 1.5707963267948966]}, "[1.0, 1.5707963267948966]": {"num_count": 66, "sum_payoffs": 22.64575332687045, "action": [1.0, 1.5707963267948966]}, "[1.0, 0.0]": {"num_count": 70, "sum_payoffs": 24.9056427749632, "action": [1.0, 0.0]}, "[0.0, -1.5707963267948966]": {"num_count": 65, "sum_payoffs": 22.078731134804535, "action": [0.0, -1.5707963267948966]}, "[0.0, 0.0]": {"num_count": 66, "sum_payoffs": 22.615713937388243, "action": [0.0, 0.0]}}, "1": {"[1.0, 0.0]": {"num_count": 105, "sum_payoffs": 38.58483381116567, "action": [1.0, 0.0]}, "[0.0, 0.0]": {"num_count": 96, "sum_payoffs": 33.75394185625001, "action": [0.0, 0.0]}, "[1.0, 1.5707963267948966]": {"num_count": 106, "sum_payoffs": 38.890997728751046, "action": [1.0, 1.5707963267948966]}, "[1.0, -1.5707963267948966]": {"num_count": 105, "sum_payoffs": 38.66357053690972, "action": [1.0, -1.5707963267948966]}, "[0.0, 1.5707963267948966]": {"num_count": 95, "sum_payoffs": 33.162064266372745, "action": [0.0, 1.5707963267948966]}, "[0.0, -1.5707963267948966]": {"num_count": 93, "sum_payoffs": 32.18902478165642, "action": [0.0, -1.5707963267948966]}}}}