{"8": {"0": {"[1.0, 0.0]": {"num_count": 448, "sum_payoffs": 122.71687392909618, "action": [1.0, 0.0]}, "[0.0, -1.5707963267948966]": {"num_count": 434, "sum_payoffs": 117.42357052149877, "action": [0.0, -1.5707963267948966]}, "[0.0, 0.0]": {"num_count": 440, "sum_payoffs": 119.67075545565072, "action": [0.0, 0.0]}, "[2.0, 0.0]": {"num_count": 509, "sum_payoffs": 145.4501603314413, "action": [2.0, 0.0]}, "[0.0, 1.5707963267948966]": {"num_count": 414, "sum_payoffs": 110.19004529052756, "action": [0.0, 1.5707963267948966]}, "[1.0, -1.5707963267948966]": {"num_count": 459, "sum_payoffs": 126.7495831555433, "action": [1.0, -1.5707963267948966]}, "[2.0, 1.5707963267948966]": {"num_count": 477, "sum_payoffs": 133.44294432233175, "action": [2.0, 1.5707963267948966]}, "[1.0, 1.5707963267948966]": {"num_count": 450, "sum_payoffs": 123.4227984380745, "action": [1.0, 1.5707963267948966]}, "[2.0, -1.5707963267948966]": {"num_count": 469, "sum_payoffs": 130.43087647224104, "action": [2.0, -1.5707963267948966]}}, "1": {"[0.0, 1.5707963267948966]": {"num_count": 631, "sum_payoffs": 162.43667290407967, "action": [0.0, 1.5707963267948966]}, "[1.0, 1.5707963267948966]": {"num_count": 703, "sum_payoffs": 187.03022652574222, "action": [1.0, 1.5707963267948966]}, "[1.0, -1.5707963267948966]": {"num_count": 707, "sum_payoffs": 188.3525872306632, "action": [1.0, -1.5707963267948966]}, "[0.0, 0.0]": {"num_count": 655, "sum_payoffs": 170.6502752805281, "action": [0.0, 0.0]}, "[0.0, -1.5707963267948966]": {"num_count": 630, "sum_payoffs": 162.18222759718697, "action": [0.0, -1.5707963267948966]}, "[1.0, 0.0]": {"num_count": 774, "sum_payoffs": 211.43187024161628, "action": [1.0, 0.0]}}}}