{"2": {"0": {"[0.0, 0]": {"num_count": 48, "sum_payoffs": 5.0399999986560005, "action": [0.0, 0]}, "[1.0, 0]": {"num_count": 52, "sum_payoffs": 5.286315788064, "action": [1.0, 0]}}, "1": {"[1.0, 0]": {"num_count": 57, "sum_payoffs": 6.186315787824, "action": [1.0, 0]}, "[0.0, 0]": {"num_count": 43, "sum_payoffs": 4.139999998896, "action": [0.0, 0]}}}, "1": {"0": {"[0.0, 0]": {"num_count": 41, "sum_payoffs": 0.89999999976, "action": [0.0, 0]}, "[1.0, 0]": {"num_count": 59, "sum_payoffs": 1.79999999952, "action": [1.0, 0]}}, "1": {"[1.0, 0]": {"num_count": 50, "sum_payoffs": 1.79999999952, "action": [1.0, 0]}, "[0.0, 0]": {"num_count": 50, "sum_payoffs": 0.89999999976, "action": [0.0, 0]}}}}