{"13": {"0": {"[0.0, -1.5707963267948966]": {"num_count": 337, "sum_payoffs": 77.08614271562027, "action": [0.0, -1.5707963267948966]}, "[0.0, 1.5707963267948966]": {"num_count": 334, "sum_payoffs": 76.18530968742267, "action": [0.0, 1.5707963267948966]}, "[1.0, -1.5707963267948966]": {"num_count": 350, "sum_payoffs": 81.6138266174277, "action": [1.0, -1.5707963267948966]}, "[1.0, 0.0]": {"num_count": 342, "sum_payoffs": 78.83802950261239, "action": [1.0, 0.0]}, "[1.0, 1.5707963267948966]": {"num_count": 344, "sum_payoffs": 79.4921138156173, "action": [1.0, 1.5707963267948966]}, "[2.0, -1.5707963267948966]": {"num_count": 355, "sum_payoffs": 83.29947530167219, "action": [2.0, -1.5707963267948966]}, "[2.0, 1.5707963267948966]": {"num_count": 352, "sum_payoffs": 82.26919667313817, "action": [2.0, 1.5707963267948966]}, "[0.0, 0.0]": {"num_count": 324, "sum_payoffs": 72.75533778931164, "action": [0.0, 0.0]}, "[2.0, 0.0]": {"num_count": 362, "sum_payoffs": 85.6974508883237, "action": [2.0, 0.0]}}, "1": {"[1.0, 0.0]": {"num_count": 538, "sum_payoffs": 115.83412993118121, "action": [1.0, 0.0]}, "[1.0, -1.5707963267948966]": {"num_count": 529, "sum_payoffs": 113.14616013037708, "action": [1.0, -1.5707963267948966]}, "[0.0, 1.5707963267948966]": {"num_count": 497, "sum_payoffs": 103.52780388159297, "action": [0.0, 1.5707963267948966]}, "[1.0, 1.5707963267948966]": {"num_count": 527, "sum_payoffs": 112.5166000239832, "action": [1.0, 1.5707963267948966]}, "[0.0, 0.0]": {"num_count": 494, "sum_payoffs": 102.6823609392051, "action": [0.0, 0.0]}, "[0.0, -1.5707963267948966]": {"num_count": 515, "sum_payoffs": 108.98648787669352, "action": [0.0, -1.5707963267948966]}}}}