{"2": {"0": {"[0.0, 0]": {"num_count": 196, "sum_payoffs": 57.955499979715356, "action": [0.0, 0]}, "[1.0, 0]": {"num_count": 2904, "sum_payoffs": 1072.1767496247721, "action": [1.0, 0]}}, "1": {"[1.0, 0]": {"num_count": 2917, "sum_payoffs": 1078.1909996226661, "action": [1.0, 0]}, "[0.0, 0]": {"num_count": 183, "sum_payoffs": 51.9412499818204, "action": [0.0, 0]}}}, "1": {"0": {"[0.0, 0]": {"num_count": 171, "sum_payoffs": 62.97749997795774, "action": [0.0, 0]}, "[1.0, 0]": {"num_count": 2929, "sum_payoffs": 1218.847499573393, "action": [1.0, 0]}}, "1": {"[1.0, 0]": {"num_count": 191, "sum_payoffs": 79.37999997221681, "action": [1.0, 0]}, "[0.0, 0]": {"num_count": 2909, "sum_payoffs": 1149.389999597692, "action": [0.0, 0]}}}}