{"7": {"0": {"[0.0, 0.0]": {"num_count": 118, "sum_payoffs": 33.91590994297297, "action": [0.0, 0.0]}, "[2.0, 1.5707963267948966]": {"num_count": 121, "sum_payoffs": 35.2698280833554, "action": [2.0, 1.5707963267948966]}, "[1.0, -1.5707963267948966]": {"num_count": 124, "sum_payoffs": 36.624016090325604, "action": [1.0, -1.5707963267948966]}, "[0.0, 1.5707963267948966]": {"num_count": 109, "sum_payoffs": 29.747122044442026, "action": [0.0, 1.5707963267948966]}, "[1.0, 0.0]": {"num_count": 122, "sum_payoffs": 35.72116584184656, "action": [1.0, 0.0]}, "[1.0, 1.5707963267948966]": {"num_count": 121, "sum_payoffs": 35.15393668701352, "action": [1.0, 1.5707963267948966]}, "[0.0, -1.5707963267948966]": {"num_count": 122, "sum_payoffs": 35.84869710147266, "action": [0.0, -1.5707963267948966]}, "[2.0, -1.5707963267948966]": {"num_count": 134, "sum_payoffs": 41.30870348346953, "action": [2.0, -1.5707963267948966]}, "[2.0, 0.0]": {"num_count": 129, "sum_payoffs": 39.050272425758145, "action": [2.0, 0.0]}}, "1": {"[1.0, 0.0]": {"num_count": 193, "sum_payoffs": 57.203920579300984, "action": [1.0, 0.0]}, "[0.0, 0.0]": {"num_count": 185, "sum_payoffs": 53.691128593249154, "action": [0.0, 0.0]}, "[0.0, 1.5707963267948966]": {"num_count": 178, "sum_payoffs": 50.747831208347726, "action": [0.0, 1.5707963267948966]}, "[1.0, 1.5707963267948966]": {"num_count": 185, "sum_payoffs": 53.747973876733816, "action": [1.0, 1.5707963267948966]}, "[0.0, -1.5707963267948966]": {"num_count": 173, "sum_payoffs": 48.623923547980674, "action": [0.0, -1.5707963267948966]}, "[1.0, -1.5707963267948966]": {"num_count": 186, "sum_payoffs": 54.23365924020345, "action": [1.0, -1.5707963267948966]}}}}