{"2": {"0": {"[1.0, 0]": {"num_count": 2873, "sum_payoffs": 535.1315327074569, "action": [1.0, 0]}, "[0.0, 0]": {"num_count": 227, "sum_payoffs": 31.72612498889573, "action": [0.0, 0]}}, "1": {"[1.0, 0]": {"num_count": 2834, "sum_payoffs": 532.5350327083667, "action": [1.0, 0]}, "[0.0, 0]": {"num_count": 266, "sum_payoffs": 40.70137498575446, "action": [0.0, 0]}}}, "1": {"0": {"[0.0, 0]": {"num_count": 209, "sum_payoffs": 36.191249987333, "action": [0.0, 0]}, "[1.0, 0]": {"num_count": 2891, "sum_payoffs": 592.503749792615, "action": [1.0, 0]}}, "1": {"[1.0, 0]": {"num_count": 2885, "sum_payoffs": 591.9974997927919, "action": [1.0, 0]}, "[0.0, 0]": {"num_count": 215, "sum_payoffs": 37.50749998687231, "action": [0.0, 0]}}}}