{"2": {"0": {"[0.0, 0]": {"num_count": 793, "sum_payoffs": 119.34787497811904, "action": [0.0, 0]}, "[1.0, 0]": {"num_count": 1807, "sum_payoffs": 358.1724078290741, "action": [1.0, 0]}}, "1": {"[1.0, 0]": {"num_count": 1812, "sum_payoffs": 360.2626578286915, "action": [1.0, 0]}, "[0.0, 0]": {"num_count": 788, "sum_payoffs": 118.71562497823496, "action": [0.0, 0]}}}, "1": {"0": {"[0.0, 0]": {"num_count": 975, "sum_payoffs": 180.37124996693157, "action": [0.0, 0]}, "[1.0, 0]": {"num_count": 1625, "sum_payoffs": 347.1749999363459, "action": [1.0, 0]}}, "1": {"[1.0, 0]": {"num_count": 1622, "sum_payoffs": 346.6687499364387, "action": [1.0, 0]}, "[0.0, 0]": {"num_count": 978, "sum_payoffs": 181.2824999667645, "action": [0.0, 0]}}}}