{"2": {"0": {"[0.0, 0]": {"num_count": 407, "sum_payoffs": 123.92999995662419, "action": [0.0, 0]}, "[1.0, 0]": {"num_count": 1193, "sum_payoffs": 458.3587498395696, "action": [1.0, 0]}}, "1": {"[0.0, 0]": {"num_count": 423, "sum_payoffs": 131.03774995413636, "action": [0.0, 0]}, "[1.0, 0]": {"num_count": 1177, "sum_payoffs": 453.07349984141985, "action": [1.0, 0]}}}, "1": {"0": {"[1.0, 0]": {"num_count": 928, "sum_payoffs": 384.34499986548616, "action": [1.0, 0]}, "[0.0, 0]": {"num_count": 672, "sum_payoffs": 263.45249990779524, "action": [0.0, 0]}}, "1": {"[1.0, 0]": {"num_count": 927, "sum_payoffs": 384.34499986548616, "action": [1.0, 0]}, "[0.0, 0]": {"num_count": 673, "sum_payoffs": 264.26249990751177, "action": [0.0, 0]}}}}