{"runtime_game_length_10": 8.32071328163147, "runtime_game_length_9": 6.6031272411346436, "runtime_game_length_8": 5.8985207080841064, "runtime_game_length_7": 5.836806297302246, "runtime_game_length_6": 4.9106059074401855, "runtime_game_length_5": 3.6767516136169434, "runtime_game_length_4": 2.349909543991089, "runtime_game_length_3": 1.5110478401184082, "runtime_game_length_2": 1.0295755863189697, "runtime": 40.13767099380493, "winner": [1, 0], "T_terminal": 9, "trajectories": [[2.0, 1.0, 0.0, 0.0, 2.0, 0.0, 0.0], [3.0, 1.0, 0.0, 0.0, 2.0, 0.0, 1.0], [4.0, 1.0, 0.0, 1.0, 2.0, 4.71238898038469, 2.0], [5.0, 1.0, 0.0, 1.0, 2.0, 0.0, 3.0], [6.0, 1.0, 0.0, 1.0, 2.0, 0.0, 4.0], [7.0, 1.0, 0.0, 2.0, 2.0, 0.0, 5.0], [8.0, 1.0, 4.71238898038469, 3.0, 2.0, 1.5707963267948966, 6.0], [8.0, 1.0, 0.0, 3.0, 2.0, 0.0, 7.0], [9.0, 1.0, 0.0, 3.0, 2.0, 0.0, 8.0], [10.0, 1.0, 4.71238898038469, 3.0, 2.0, 0.0, 9.0]], "penalty_distance_0": [0.0, 0.0, 0.0, 0.0, 0.0, 0.0, 0.0, 0.0, 0.0], "penalty_distance_1": [-0.04232921962320499, -0.04232921962320499, -0.016194143319162562, -0.0061027272741740034, -0.0061027272741740034, -0.0061027272741740034, -0.0061027272741740034, -0.0022818642187506046, -0.0008493257047191695], "reward_progress_0": [1.0, 0.5, 0.33333333333333337, 0.25, 0.2, 0.16666666666666669, 0.0, 0.125, 0.11111111111111112], "reward_progress_1": [0.0, 0.5, 0.0, 0.0, 0.2, 0.16666666666666669, 0.0, 0.0, 0.0], "penalty_agressor_0": [0.0, 0.0, 0.0, 0.0, 0.0, 0.0, 0.0, 0.0, 0.0], "penalty_agressor_1": [0.0, 0.0, 0.0, 0.0, 0.0, 0.0, 0.0, 0.0, 0.0], "penalty_timestep_0": [-0.9], "penalty_timestep_1": [-0.9], "reward_lead_0": [7.0], "reward_lead_1": [-7.0], "payoff_total_0": [1.0, 1.5, 1.8333333333333335, 2.0833333333333335, 2.2833333333333337, 2.45, 2.45, 2.575, 2.6861111111111113, 8.786111111111111], "payoff_total_1": [-0.04232921962320499, 0.41534156075359, 0.39914741743442744, 0.39304469016025345, 0.5869419628860794, 0.7475059022785722, 0.7414031750043981, 0.7391213107856476, 0.7382719850809284, -7.161728014919072]}