{"alphat_eff_gamelength_7": [1.0769230769230769, 1.0769230769230769, 1.0769230769230769, 1.0769230769230769, 1.0769230769230769, 1.0769230769230769, 1.0769230769230769, 1.0769230769230769, 1.0769230769230769, 1.0769230769230769], "runtime_gamelength_7": [1.7731635570526123, 1.7805066108703613, 1.8405866622924805, 1.7939975261688232, 1.8455400466918945, 1.752925157546997, 1.7537422180175781, 1.8564515113830566, 1.833749532699585, 1.7982463836669922], "max_timestep": [7, 7, 7, 7, 7, 7, 7, 7, 7, 7], "winner": [[0, 0], [0, 0], [0, 0], [0, 0], [0, 0], [0, 0], [0, 0], [0, 0], [0, 0], [0, 0]], "runtime": [1.7734415531158447, 1.7807791233062744, 1.840874195098877, 1.7942464351654053, 1.8458127975463867, 1.7531919479370117, 1.7542307376861572, 1.8567323684692383, 1.833984613418579, 1.7984814643859863], "T_terminal": [1, 1, 1, 1, 1, 1, 1, 1, 1, 1], "trajectory_0": [[[1.0, 3.0, 0.0, 0], [2.0, 3.0, -1.5707963267948966, 1]], [[1.0, 3.0, 0.0, 0], [2.0, 3.0, 1.5707963267948966, 1]], [[1.0, 3.0, 0.0, 0], [3.0, 3.0, 0.0, 1]], [[1.0, 3.0, 0.0, 0], [3.0, 3.0, 0.0, 1]], [[1.0, 3.0, 0.0, 0], [2.0, 3.0, 1.5707963267948966, 1]], [[1.0, 3.0, 0.0, 0], [2.0, 3.0, 1.5707963267948966, 1]], [[1.0, 3.0, 0.0, 0], [3.0, 3.0, -1.5707963267948966, 1]], [[1.0, 3.0, 0.0, 0], [3.0, 3.0, 0.0, 1]], [[1.0, 3.0, 0.0, 0], [3.0, 3.0, 0.0, 1]], [[1.0, 3.0, 0.0, 0], [1.0, 3.0, -1.5707963267948966, 1]]], "trajectory_1": [[[3.0, 3.0, 0.0, 0], [4.0, 3.0, 0.0, 1]], [[3.0, 3.0, 0.0, 0], [5.0, 3.0, 0.0, 1]], [[3.0, 3.0, 0.0, 0], [4.0, 3.0, 0.0, 1]], [[3.0, 3.0, 0.0, 0], [5.0, 3.0, 0.0, 1]], [[3.0, 3.0, 0.0, 0], [4.0, 3.0, 0.0, 1]], [[3.0, 3.0, 0.0, 0], [5.0, 3.0, 0.0, 1]], [[3.0, 3.0, 0.0, 0], [5.0, 3.0, 1.5707963267948966, 1]], [[3.0, 3.0, 0.0, 0], [5.0, 3.0, 0.0, 1]], [[3.0, 3.0, 0.0, 0], [5.0, 3.0, 1.5707963267948966, 1]], [[3.0, 3.0, 0.0, 0], [5.0, 3.0, 1.5707963267948966, 1]]], "coll_payoff_0": [[1.0], [1.0], [1.0], [1.0], [1.0], [1.0], [1.0], [1.0], [1.0], [1.0]], "lead_payoff_0": [[0.5], [0.25], [0.75], [0.5], [0.5], [0.25], [0.5], [0.5], [0.5], [0.0]], "coll_payoff_1": [[1.0], [1.0], [1.0], [1.0], [1.0], [1.0], [1.0], [1.0], [1.0], [1.0]], "lead_payoff_1": [[0.5], [0.75], [0.25], [0.5], [0.5], [0.75], [0.5], [0.5], [0.5], [1.0]], "payoff_total": [[[0.537356321762021, 0.6293103447352011]], [[0.47270114935692054, 0.6939655171403017]], [[0.6020114941671217, 0.5646551723301005]], [[0.537356321762021, 0.6293103447352011]], [[0.537356321762021, 0.6293103447352011]], [[0.47270114935692054, 0.6939655171403017]], [[0.537356321762021, 0.6293103447352011]], [[0.537356321762021, 0.6293103447352011]], [[0.537356321762021, 0.6293103447352011]], [[0.4080459769518199, 0.7586206895454024]]], "final_lead_payoff_0": [[0.43103448275862066], [0.39655172413793105], [0.46551724137931033], [0.43103448275862066], [0.43103448275862066], [0.39655172413793105], [0.43103448275862066], [0.43103448275862066], [0.43103448275862066], [0.3620689655172414]], "final_lead_payoff_1": [[0.5689655172413793], [0.603448275862069], [0.5344827586206896], [0.5689655172413793], [0.5689655172413793], [0.603448275862069], [0.5689655172413793], [0.5689655172413793], [0.5689655172413793], [0.6379310344827587]]}