{"alphat_eff_gamelength_12": {"mean": 1.8461538461538463, "variance": 0.0}, "runtime_gamelength_12": {"mean": 53.866296887397766, "variance": 0.028794703615565707}, "max_timestep": {"mean": 12.0, "variance": 0.0}, "winner": {"mean": [0.0, 0.0], "variance": [0.0, 0.0]}, "runtime": {"mean": 53.86656217575073, "variance": 0.02879277282304201}, "T_terminal": {"mean": 1.0, "variance": 0.0}, "trajectory_0": {"mean": [[1.0, 3.0, 0.0, 0.0], [2.7, 3.0, -0.9424777960769379, 1.0]], "variance": [[0.0, 0.0, 0.0, 0.0], [0.21000000000000002, 0.0, 0.5921762640653614, 0.0]]}, "trajectory_1": {"mean": [[3.0, 3.0, 0.0, 0.0], [5.0, 3.0, 0.0, 1.0]], "variance": [[0.0, 0.0, 0.0, 0.0], [0.0, 0.0, 0.0, 0.0]]}, "coll_payoff_0": {"mean": [1.0], "variance": [0.0]}, "lead_payoff_0": {"mean": [0.425], "variance": [0.013125000000000001]}, "coll_payoff_1": {"mean": [1.0], "variance": [0.0]}, "lead_payoff_1": {"mean": [0.575], "variance": [0.013125000000000001]}, "payoff_total": {"mean": [[0.5179597700404909, 0.6487068964567312]], "variance": [[0.0008778611769339848, 0.0008778611769339909]]}, "final_lead_payoff_0": {"mean": [0.4206896551724138], "variance": [0.0002497027348394762]}, "final_lead_payoff_1": {"mean": [0.5793103448275861], "variance": [0.0002497027348394762]}}