{"2": {"0": {"[2.0, -1.5707963267948966]": {"num_count": 11, "sum_payoffs": 3.1957934071403584, "action": [2.0, -1.5707963267948966]}, "[0.0, -1.5707963267948966]": {"num_count": 11, "sum_payoffs": 3.5669121955393615, "action": [0.0, -1.5707963267948966]}, "[1.0, -1.5707963267948966]": {"num_count": 11, "sum_payoffs": 3.346587575263043, "action": [1.0, -1.5707963267948966]}, "[1.0, 1.5707963267948966]": {"num_count": 12, "sum_payoffs": 3.958020988903549, "action": [1.0, 1.5707963267948966]}, "[0.0, 1.5707963267948966]": {"num_count": 11, "sum_payoffs": 3.207526670955776, "action": [0.0, 1.5707963267948966]}, "[2.0, 0.0]": {"num_count": 11, "sum_payoffs": 3.5213190500701708, "action": [2.0, 0.0]}, "[1.0, 0.0]": {"num_count": 11, "sum_payoffs": 3.672113218192856, "action": [1.0, 0.0]}, "[0.0, 0.0]": {"num_count": 11, "sum_payoffs": 3.667369213392911, "action": [0.0, 0.0]}, "[2.0, 1.5707963267948966]": {"num_count": 11, "sum_payoffs": 3.195793407140358, "action": [2.0, 1.5707963267948966]}}, "1": {"[0.0, 1.5707963267948966]": {"num_count": 15, "sum_payoffs": 4.771961844412527, "action": [0.0, 1.5707963267948966]}, "[1.0, 0.0]": {"num_count": 18, "sum_payoffs": 6.867001280910169, "action": [1.0, 0.0]}, "[0.0, 0.0]": {"num_count": 17, "sum_payoffs": 5.985123379408931, "action": [0.0, 0.0]}, "[0.0, -1.5707963267948966]": {"num_count": 16, "sum_payoffs": 5.163070637776715, "action": [0.0, -1.5707963267948966]}, "[1.0, 1.5707963267948966]": {"num_count": 17, "sum_payoffs": 6.307715706384887, "action": [1.0, 1.5707963267948966]}, "[1.0, -1.5707963267948966]": {"num_count": 17, "sum_payoffs": 6.3483475643694165, "action": [1.0, -1.5707963267948966]}}}}