{"6": {"0": {"[1.0, 0.0]": {"num_count": 233, "sum_payoffs": 65.41125992738687, "action": [1.0, 0.0]}, "[0.0, 0.0]": {"num_count": 226, "sum_payoffs": 62.51267182621745, "action": [0.0, 0.0]}, "[1.0, -1.5707963267948966]": {"num_count": 228, "sum_payoffs": 63.37009551157406, "action": [1.0, -1.5707963267948966]}, "[0.0, 1.5707963267948966]": {"num_count": 217, "sum_payoffs": 58.86189927430186, "action": [0.0, 1.5707963267948966]}, "[2.0, 0.0]": {"num_count": 256, "sum_payoffs": 74.72122755353664, "action": [2.0, 0.0]}, "[1.0, 1.5707963267948966]": {"num_count": 220, "sum_payoffs": 60.05477457517168, "action": [1.0, 1.5707963267948966]}, "[0.0, -1.5707963267948966]": {"num_count": 228, "sum_payoffs": 63.354066325519966, "action": [0.0, -1.5707963267948966]}, "[2.0, 1.5707963267948966]": {"num_count": 249, "sum_payoffs": 71.80173693583562, "action": [2.0, 1.5707963267948966]}, "[2.0, -1.5707963267948966]": {"num_count": 243, "sum_payoffs": 69.41784752205139, "action": [2.0, -1.5707963267948966]}}, "1": {"[0.0, -1.5707963267948966]": {"num_count": 208, "sum_payoffs": 69.09263157751826, "action": [0.0, -1.5707963267948966]}, "[1.0, -1.5707963267948966]": {"num_count": 234, "sum_payoffs": 81.25258446248154, "action": [1.0, -1.5707963267948966]}, "[0.0, 1.5707963267948966]": {"num_count": 205, "sum_payoffs": 67.77519672405643, "action": [0.0, 1.5707963267948966]}, "[2.0, -1.5707963267948966]": {"num_count": 250, "sum_payoffs": 88.98776062867518, "action": [2.0, -1.5707963267948966]}, "[1.0, 1.5707963267948966]": {"num_count": 230, "sum_payoffs": 79.41095847695499, "action": [1.0, 1.5707963267948966]}, "[0.0, 0.0]": {"num_count": 215, "sum_payoffs": 72.40573024208945, "action": [0.0, 0.0]}, "[2.0, 0.0]": {"num_count": 268, "sum_payoffs": 97.78264269897828, "action": [2.0, 0.0]}, "[2.0, 1.5707963267948966]": {"num_count": 246, "sum_payoffs": 87.06601318683592, "action": [2.0, 1.5707963267948966]}, "[1.0, 0.0]": {"num_count": 244, "sum_payoffs": 86.16588474968144, "action": [1.0, 0.0]}}}}