{"12": {"0": {"[1.0, 1.5707963267948966]": {"num_count": 237, "sum_payoffs": 57.32126143405507, "action": [1.0, 1.5707963267948966]}, "[0.0, -1.5707963267948966]": {"num_count": 221, "sum_payoffs": 51.41560545151898, "action": [0.0, -1.5707963267948966]}, "[1.0, -1.5707963267948966]": {"num_count": 232, "sum_payoffs": 55.524274779209755, "action": [1.0, -1.5707963267948966]}, "[2.0, 1.5707963267948966]": {"num_count": 238, "sum_payoffs": 57.681418435332745, "action": [2.0, 1.5707963267948966]}, "[0.0, 0.0]": {"num_count": 226, "sum_payoffs": 53.29067349700745, "action": [0.0, 0.0]}, "[1.0, 0.0]": {"num_count": 233, "sum_payoffs": 55.84225881198907, "action": [1.0, 0.0]}, "[2.0, 0.0]": {"num_count": 240, "sum_payoffs": 58.45929603265919, "action": [2.0, 0.0]}, "[2.0, -1.5707963267948966]": {"num_count": 244, "sum_payoffs": 59.81965161923983, "action": [2.0, -1.5707963267948966]}, "[0.0, 1.5707963267948966]": {"num_count": 229, "sum_payoffs": 54.43839393788832, "action": [0.0, 1.5707963267948966]}}, "1": {"[1.0, 1.5707963267948966]": {"num_count": 359, "sum_payoffs": 80.29760847938797, "action": [1.0, 1.5707963267948966]}, "[1.0, -1.5707963267948966]": {"num_count": 360, "sum_payoffs": 80.48892843004883, "action": [1.0, -1.5707963267948966]}, "[1.0, 0.0]": {"num_count": 359, "sum_payoffs": 80.25219067644781, "action": [1.0, 0.0]}, "[0.0, -1.5707963267948966]": {"num_count": 339, "sum_payoffs": 73.74503326809459, "action": [0.0, -1.5707963267948966]}, "[0.0, 1.5707963267948966]": {"num_count": 336, "sum_payoffs": 72.80121041046608, "action": [0.0, 1.5707963267948966]}, "[0.0, 0.0]": {"num_count": 347, "sum_payoffs": 76.36039788411874, "action": [0.0, 0.0]}}}}