{"2": {"0": {"[1.0, 0]": {"num_count": 405, "sum_payoffs": 122.65170391977264, "action": [1.0, 0]}, "[0.0, 0]": {"num_count": 195, "sum_payoffs": 43.68149999017167, "action": [0.0, 0]}}, "1": {"[1.0, 0]": {"num_count": 398, "sum_payoffs": 120.39889142027951, "action": [1.0, 0]}, "[0.0, 0]": {"num_count": 202, "sum_payoffs": 46.481062489541785, "action": [0.0, 0]}}}, "1": {"0": {"[0.0, 0]": {"num_count": 223, "sum_payoffs": 60.21562498645133, "action": [0.0, 0]}, "[1.0, 0]": {"num_count": 377, "sum_payoffs": 122.55749997242394, "action": [1.0, 0]}}, "1": {"[0.0, 0]": {"num_count": 224, "sum_payoffs": 60.67124998634882, "action": [0.0, 0]}, "[1.0, 0]": {"num_count": 376, "sum_payoffs": 122.40562497245811, "action": [1.0, 0]}}}}