{"alphat_eff_gamelength_2": {"mean": 1.0, "variance": 0.0}, "runtime_gamelength_2": {"mean": 0.2636652231216431, "variance": 0.000410111392857857}, "max_timestep": {"mean": 1.0, "variance": 0.0}, "alphat_eff_gamelength_1": {"mean": 1.0, "variance": 0.0}, "runtime_gamelength_1": {"mean": 0.17300593852996826, "variance": 0.00010694587987529758}, "winner": {"mean": [0.1, 0.2], "variance": [0.09000000000000001, 0.16000000000000003]}, "runtime": {"mean": 0.4369459629058838, "variance": 0.0005739169214712092}, "T_terminal": {"mean": 2.0, "variance": 0.0}, "trajectory_0": {"mean": [[1.0, 0.0, 1.5707963267948966, 0.0], [1.0, 1.0, 1.5707963267948966, 1.0], [1.0, 1.8, 1.5707963267948966, 2.0]], "variance": [[0.0, 0.0, 0.0, 0.0], [0.0, 0.0, 0.0, 0.0], [0.0, 0.16, 0.0, 0.0]]}, "trajectory_1": {"mean": [[0.0, 1.0, 0.0, 0.0], [1.0, 1.0, 0.0, 1.0], [1.9, 1.0, 0.0, 2.0]], "variance": [[0.0, 0.0, 0.0, 0.0], [0.0, 0.0, 0.0, 0.0], [0.09, 0.0, 0.0, 0.0]]}, "coll_payoff_0": {"mean": [0.0, 0.0], "variance": [0.0, 0.0]}, "coll_payoff_1": {"mean": [0.0, 0.0], "variance": [0.0, 0.0]}, "payoff_total": {"mean": [[0.0, 0.0], [0.3166666666086111, 0.3499999999358333]], "variance": [[0.0, 0.0], [0.008055555552601847, 0.008055555552601845]]}, "final_lead_payoff_0": {"mean": [0.475], "variance": [0.018125]}, "final_lead_payoff_1": {"mean": [0.525], "variance": [0.018125]}}