{"runtime": 55.4905731678009, "winner": [1, 0], "collision_count": 1, "T_terminal": 9, "trajectories": [[1.0, 3.0, 0.0, 3.0, 3.0, 0.0, 0.0], [3.0, 3.0, 0.0, 4.0, 3.0, 0.0, 1.0], [5.0, 3.0, 0.0, 5.0, 3.0, 0.0, 2.0], [7.0, 3.0, 0.0, 5.0, 3.0, 0.0, 3.0], [7.0, 3.0, 0.0, 6.0, 3.0, 0.0, 4.0], [8.0, 3.0, 0.0, 7.0, 3.0, 4.71238898038469, 5.0], [10.0, 3.0, 4.71238898038469, 7.0, 2.0, 0.0, 6.0], [10.0, 1.0, 0.0, 8.0, 2.0, 0.0, 7.0], [11.0, 1.0, 0.0, 9.0, 2.0, 0.0, 8.0], [13.0, 1.0, 4.71238898038469, 10.0, 2.0, 1.5707963267948966, 9.0]], "penalty_distance_0": [-0.33109149705429813, -0.9, -0.12180175491295143, -0.33109149705429813, -0.33109149705429813, -0.038096297660884494, -0.09619013309434717, -0.09619013309434717, -0.038096297660884494], "penalty_distance_1": [-0.33109149705429813, -0.9, -0.12180175491295143, -0.33109149705429813, -0.33109149705429813, -0.038096297660884494, -0.09619013309434717, -0.09619013309434717, -0.038096297660884494], "reward_progress_0": [0.0, 0.0, 0.0, 0.0, 0.0, 0.0, 0.0, 0.0, 0.0], "reward_progress_1": [0.0, 0.0, 0.0, 0.0, 0.0, 0.0, 0.0, 0.0, 0.0], "penalty_agressor_0": [0.0, 0.0, 0.0, 0.0, 0.0, 0.0, 0.0, 0.0, 0.0], "penalty_agressor_1": [0.0, 0.0, 0.0, 0.0, 0.0, 0.0, 0.0, 0.0, 0.0], "penalty_timestep_0": [-0.9], "penalty_timestep_1": [-0.9], "reward_lead_0": [3.0], "reward_lead_1": [-3.0], "payoff_total0": [-0.33109149705429813, -1.231091497054298, -1.3528932519672496, -1.6839847490215478, -2.015076246075846, -2.0531725437367303, -2.1493626768310774, -2.2455528099254245, -2.283649107586309, -0.1836491075863087], "payoff_total1": [-0.33109149705429813, -1.231091497054298, -1.3528932519672496, -1.6839847490215478, -2.015076246075846, -2.0531725437367303, -2.1493626768310774, -2.2455528099254245, -2.283649107586309, -6.183649107586309]}