{"runtime": 0.6055557727813721, "winner": [0, 1], "T_terminal": 12, "trajectories": [[1.0, 3.0, 0.0, 3.0, 3.0, 0.0, 0.0], [1.0, 3.0, 0.0, 4.0, 3.0, 1.5707963267948966, 1.0], [2.0, 3.0, 0.0, 4.0, 4.0, 1.5707963267948966, 2.0], [2.0, 3.0, 1.5707963267948966, 4.0, 5.0, 0.0, 3.0], [2.0, 3.0, 3.141592653589793, 5.0, 5.0, 1.5707963267948966, 4.0], [2.0, 3.0, 3.141592653589793, 5.0, 5.0, 3.141592653589793, 5.0], [2.0, 3.0, 3.141592653589793, 5.0, 5.0, 1.5707963267948966, 6.0], [2.0, 3.0, 4.71238898038469, 5.0, 5.0, 3.141592653589793, 7.0], [2.0, 3.0, 3.141592653589793, 4.0, 5.0, 1.5707963267948966, 8.0], [1.0, 3.0, 3.141592653589793, 4.0, 5.0, 0.0, 9.0], [1.0, 3.0, 4.71238898038469, 5.0, 5.0, 0.0, 10.0], [1.0, 3.0, 3.141592653589793, 6.0, 5.0, 4.71238898038469, 11.0], [1.0, 3.0, 4.71238898038469, 6.0, 4.0, 0.0, 12.0], [1.0, 3.0, 0.0, 4.0, 3.0, 1.5707963267948966, 1.0], [2.0, 3.0, 0.0, 4.0, 4.0, 1.5707963267948966, 2.0], [2.0, 3.0, 1.5707963267948966, 4.0, 5.0, 0.0, 3.0], [2.0, 3.0, 3.141592653589793, 5.0, 5.0, 1.5707963267948966, 4.0], [2.0, 3.0, 3.141592653589793, 5.0, 5.0, 3.141592653589793, 5.0], [2.0, 3.0, 3.141592653589793, 5.0, 5.0, 1.5707963267948966, 6.0], [2.0, 3.0, 4.71238898038469, 5.0, 5.0, 3.141592653589793, 7.0], [2.0, 3.0, 3.141592653589793, 4.0, 5.0, 1.5707963267948966, 8.0], [1.0, 3.0, 3.141592653589793, 4.0, 5.0, 0.0, 9.0], [1.0, 3.0, 4.71238898038469, 5.0, 5.0, 0.0, 10.0], [1.0, 3.0, 3.141592653589793, 6.0, 5.0, 4.71238898038469, 11.0], [1.0, 3.0, 1.5707963267948966, 6.0, 5.0, 3.141592653589793, 12.0], [1.0, 3.0, 0.0, 4.0, 3.0, 1.5707963267948966, 1.0], [2.0, 3.0, 0.0, 4.0, 4.0, 1.5707963267948966, 2.0], [2.0, 3.0, 1.5707963267948966, 4.0, 5.0, 0.0, 3.0], [2.0, 3.0, 3.141592653589793, 5.0, 5.0, 1.5707963267948966, 4.0], [2.0, 3.0, 3.141592653589793, 5.0, 5.0, 3.141592653589793, 5.0], [2.0, 3.0, 3.141592653589793, 5.0, 5.0, 1.5707963267948966, 6.0], [2.0, 3.0, 4.71238898038469, 5.0, 5.0, 3.141592653589793, 7.0], [2.0, 3.0, 3.141592653589793, 4.0, 5.0, 1.5707963267948966, 8.0], [1.0, 3.0, 3.141592653589793, 4.0, 5.0, 0.0, 9.0], [1.0, 3.0, 4.71238898038469, 5.0, 5.0, 0.0, 10.0], [1.0, 3.0, 3.141592653589793, 6.0, 5.0, 4.71238898038469, 11.0], [1.0, 3.0, 1.5707963267948966, 6.0, 5.0, 3.141592653589793, 12.0], [1.0, 3.0, 0.0, 4.0, 3.0, 1.5707963267948966, 1.0], [2.0, 3.0, 0.0, 4.0, 4.0, 1.5707963267948966, 2.0], [2.0, 3.0, 1.5707963267948966, 4.0, 5.0, 0.0, 3.0], [2.0, 3.0, 3.141592653589793, 5.0, 5.0, 1.5707963267948966, 4.0], [2.0, 3.0, 3.141592653589793, 5.0, 5.0, 3.141592653589793, 5.0], [2.0, 3.0, 3.141592653589793, 5.0, 5.0, 1.5707963267948966, 6.0], [2.0, 3.0, 4.71238898038469, 5.0, 5.0, 3.141592653589793, 7.0], [2.0, 3.0, 3.141592653589793, 4.0, 5.0, 1.5707963267948966, 8.0], [1.0, 3.0, 3.141592653589793, 4.0, 5.0, 0.0, 9.0], [1.0, 3.0, 4.71238898038469, 5.0, 5.0, 0.0, 10.0], [1.0, 3.0, 3.141592653589793, 6.0, 5.0, 4.71238898038469, 11.0], [1.0, 3.0, 1.5707963267948966, 6.0, 5.0, 3.141592653589793, 12.0]], "penalty_distance_0": [-0.01991482734714558, -0.0427511702641543, -0.023642298624782492, -0.010868984468894225, -0.010868984468894225, -0.010868984468894225, -0.010868984468894225, -0.023642298624782492, -0.010868984468894225, -0.004569156397386777, -0.0018336339080426936, -0.0024410909096696017, -0.01991482734714558, -0.0427511702641543, -0.023642298624782492, -0.010868984468894225, -0.010868984468894225, -0.010868984468894225, -0.010868984468894225, -0.023642298624782492, -0.010868984468894225, -0.004569156397386777, -0.0018336339080426936, -0.0018336339080426936, -0.01991482734714558, -0.0427511702641543, -0.023642298624782492, -0.010868984468894225, -0.010868984468894225, -0.010868984468894225, -0.010868984468894225, -0.023642298624782492, -0.010868984468894225, -0.004569156397386777, -0.0018336339080426936, -0.0018336339080426936, -0.01991482734714558, -0.0427511702641543, -0.023642298624782492, -0.010868984468894225, -0.010868984468894225, -0.010868984468894225, -0.010868984468894225, -0.023642298624782492, -0.010868984468894225, -0.004569156397386777, -0.0018336339080426936, -0.0018336339080426936], "penalty_distance_1": [-0.01991482734714558, -0.0427511702641543, -0.023642298624782492, -0.010868984468894225, -0.010868984468894225, -0.010868984468894225, -0.010868984468894225, -0.023642298624782492, -0.010868984468894225, -0.004569156397386777, -0.0018336339080426936, -0.0024410909096696017, -0.01991482734714558, -0.0427511702641543, -0.023642298624782492, -0.010868984468894225, -0.010868984468894225, -0.010868984468894225, -0.010868984468894225, -0.023642298624782492, -0.010868984468894225, -0.004569156397386777, -0.0018336339080426936, -0.0018336339080426936, -0.01991482734714558, -0.0427511702641543, -0.023642298624782492, -0.010868984468894225, -0.010868984468894225, -0.010868984468894225, -0.010868984468894225, -0.023642298624782492, -0.010868984468894225, -0.004569156397386777, -0.0018336339080426936, -0.0018336339080426936, -0.01991482734714558, -0.0427511702641543, -0.023642298624782492, -0.010868984468894225, -0.010868984468894225, -0.010868984468894225, -0.010868984468894225, -0.023642298624782492, -0.010868984468894225, -0.004569156397386777, -0.0018336339080426936, -0.0018336339080426936], "reward_progress_0": [0.0, 0.0, 0.0, 0.0, 0.0, 0.0, 0.0, 0.0, -0.0, 0.0, 0.0, 0.0, 0.0, 0.0, 0.0, 0.0, 0.0, 0.0, 0.0, 0.0, -0.0, 0.0, 0.0, 0.0, 0.0, 0.0, 0.0, 0.0, 0.0, 0.0, 0.0, 0.0, -0.0, 0.0, 0.0, 0.0, 0.0, 0.0, 0.0, 0.0, 0.0, 0.0, 0.0, 0.0, -0.0, 0.0, 0.0, 0.0], "reward_progress_1": [0.0, 0.0, 0.0, 0.0, 0.0, 0.0, 0.0, -0.0, 0.0, 0.0, 0.0, 0.0, 0.0, 0.0, 0.0, 0.0, 0.0, 0.0, 0.0, -0.0, 0.0, 0.0, 0.0, 0.0, 0.0, 0.0, 0.0, 0.0, 0.0, 0.0, 0.0, -0.0, 0.0, 0.0, 0.0, 0.0, 0.0, 0.0, 0.0, 0.0, 0.0, 0.0, 0.0, -0.0, 0.0, 0.0, 0.0, 0.0], "penalty_agressor_0": [0.0, 0.0, 0.0, 0.0, 0.0, 0.0, 0.0, 0.0, 0.0, 0.0, 0.0, 0.0, 0.0, 0.0, 0.0, 0.0, 0.0, 0.0, 0.0, 0.0, 0.0, 0.0, 0.0, 0.0, 0.0, 0.0, 0.0, 0.0, 0.0, 0.0, 0.0, 0.0, 0.0, 0.0, 0.0, 0.0, 0.0, 0.0, 0.0, 0.0, 0.0, 0.0, 0.0, 0.0, 0.0, 0.0, 0.0, 0.0], "penalty_agressor_1": [0.0, 0.0, 0.0, 0.0, 0.0, 0.0, 0.0, 0.0, 0.0, 0.0, 0.0, 0.0, 0.0, 0.0, 0.0, 0.0, 0.0, 0.0, 0.0, 0.0, 0.0, 0.0, 0.0, 0.0, 0.0, 0.0, 0.0, 0.0, 0.0, 0.0, 0.0, 0.0, 0.0, 0.0, 0.0, 0.0, 0.0, 0.0, 0.0, 0.0, 0.0, 0.0, 0.0, 0.0, 0.0, 0.0, 0.0, 0.0], "penalty_timestep_0": [-4.800000000000001, -4.800000000000001, -4.800000000000001, -4.800000000000001], "penalty_timestep_1": [-4.800000000000001, -4.800000000000001, -4.800000000000001, -4.800000000000001], "reward_lead_0": [-5.0, -5.0, -5.0, -5.0], "reward_lead_1": [5.0, 5.0, 5.0, 5.0], "payoff_total0": [-0.01991482734714558, -0.06266599761129987, -0.08630829623608237, -0.0971772807049766, -0.10804626517387082, -0.11891524964276505, -0.12978423411165926, -0.15342653273644175, -0.16429551720533597, -0.16886467360272275, -0.17069830751076545, -0.17313939842043505, -9.973139398420436, -9.993054225767581, -10.035805396031735, -10.059447694656518, -10.070316679125412, -10.081185663594306, -10.0920546480632, -10.102923632532095, -10.126565931156877, -10.137434915625771, -10.142004072023159, -10.143837705931201, -10.145671339839243, -19.945671339839244, -19.96558616718639, -20.008337337450545, -20.031979636075327, -20.04284862054422, -20.053717605013116, -20.06458658948201, -20.075455573950904, -20.099097872575687, -20.10996685704458, -20.114536013441967, -20.11636964735001, -20.118203281258054, -29.918203281258055, -29.9381181086052, -29.980869278869353, -30.004511577494135, -30.01538056196303, -30.026249546431924, -30.03711853090082, -30.047987515369712, -30.071629813994495, -30.08249879846339, -30.087067954860775, -30.08890158876882, -30.090735222676862, -39.89073522267686],