{"2": {"0": {"[0.0, 0]": {"num_count": 420, "sum_payoffs": 43.873499991956464, "action": [0.0, 0]}, "[1.0, 0]": {"num_count": 680, "sum_payoffs": 97.55771050843013, "action": [1.0, 0]}}, "1": {"[0.0, 0]": {"num_count": 424, "sum_payoffs": 44.8454999917782, "action": [0.0, 0]}, "[1.0, 0]": {"num_count": 676, "sum_payoffs": 96.95021050854139, "action": [1.0, 0]}}}, "1": {"0": {"[0.0, 0]": {"num_count": 453, "sum_payoffs": 54.2624999900518, "action": [0.0, 0]}, "[1.0, 0]": {"num_count": 647, "sum_payoffs": 96.0374999823932, "action": [1.0, 0]}}, "1": {"[1.0, 0]": {"num_count": 646, "sum_payoffs": 95.90249998241795, "action": [1.0, 0]}, "[0.0, 0]": {"num_count": 454, "sum_payoffs": 54.39749999002705, "action": [0.0, 0]}}}}