{"runtime": 41.50487208366394, "winner": [1, 0], "T_terminal": 6, "trajectories": [[1.0, 3.0, 0.0, 3.0, 3.0, 0.0, 0.0], [3.0, 3.0, 0.0, 4.0, 3.0, 0.0, 1.0], [5.0, 3.0, 0.0, 5.0, 3.0, 0.0, 2.0], [7.0, 3.0, 0.0, 6.0, 3.0, 1.5707963267948966, 3.0], [9.0, 3.0, 0.0, 6.0, 4.0, 1.5707963267948966, 4.0], [11.0, 3.0, 0.0, 6.0, 4.0, 0.0, 5.0], [13.0, 3.0, 4.71238898038469, 7.0, 4.0, 4.71238898038469, 6.0]], "penalty_distance_0": [0.0, 0.0, 0.0, 0.0, 0.0, 0.0], "penalty_distance_1": [0.0, 0.0, 0.0, 0.0, 0.0, 0.0], "reward_progress_0": [0.0, 0.0, 0.0, 0.0, 0.0, 0.0], "reward_progress_1": [0.0, 0.0, 0.0, 0.0, 0.0, 0.0], "penalty_agressor_0": [0.0, 0.0, 0.0, 0.0, 0.0, 0.0], "penalty_agressor_1": [0.0, 0.0, 0.0, 0.0, 0.0, 0.0], "penalty_timestep_0": [-4.199999999999999], "penalty_timestep_1": [-4.199999999999999], "reward_lead_0": [6.0], "reward_lead_1": [-6.0], "payoff_total0": [0.0, 0.0, 0.0, 0.0, 0.0, 0.0, 1.8000000000000007], "payoff_total1": [0.0, 0.0, 0.0, 0.0, 0.0, 0.0, -10.2]}