{"8": {"0": {"[1.0, 1.5707963267948966]": {"num_count": 232, "sum_payoffs": 65.34806221119761, "action": [1.0, 1.5707963267948966]}, "[2.0, 1.5707963267948966]": {"num_count": 241, "sum_payoffs": 69.06245586893749, "action": [2.0, 1.5707963267948966]}, "[2.0, 0.0]": {"num_count": 243, "sum_payoffs": 69.8475609686768, "action": [2.0, 0.0]}, "[2.0, -1.5707963267948966]": {"num_count": 247, "sum_payoffs": 71.55850858783914, "action": [2.0, -1.5707963267948966]}, "[0.0, -1.5707963267948966]": {"num_count": 220, "sum_payoffs": 60.468248406921475, "action": [0.0, -1.5707963267948966]}, "[0.0, 1.5707963267948966]": {"num_count": 222, "sum_payoffs": 61.18233666690462, "action": [0.0, 1.5707963267948966]}, "[1.0, -1.5707963267948966]": {"num_count": 241, "sum_payoffs": 69.05019454981587, "action": [1.0, -1.5707963267948966]}, "[1.0, 0.0]": {"num_count": 228, "sum_payoffs": 63.72662987009753, "action": [1.0, 0.0]}, "[0.0, 0.0]": {"num_count": 226, "sum_payoffs": 62.879912190837125, "action": [0.0, 0.0]}}, "1": {"[1.0, -1.5707963267948966]": {"num_count": 361, "sum_payoffs": 98.15649647671277, "action": [1.0, -1.5707963267948966]}, "[1.0, 0.0]": {"num_count": 371, "sum_payoffs": 102.08036795494426, "action": [1.0, 0.0]}, "[0.0, 1.5707963267948966]": {"num_count": 330, "sum_payoffs": 86.70299661509287, "action": [0.0, 1.5707963267948966]}, "[0.0, -1.5707963267948966]": {"num_count": 330, "sum_payoffs": 86.55804877845358, "action": [0.0, -1.5707963267948966]}, "[1.0, 1.5707963267948966]": {"num_count": 365, "sum_payoffs": 99.77554641465449, "action": [1.0, 1.5707963267948966]}, "[0.0, 0.0]": {"num_count": 343, "sum_payoffs": 91.49090934998324, "action": [0.0, 0.0]}}}}