{"9": {"0": {"[0.0, 0.0]": {"num_count": 445, "sum_payoffs": 105.96550267223387, "action": [0.0, 0.0]}, "[0.0, 1.5707963267948966]": {"num_count": 431, "sum_payoffs": 101.20165612105706, "action": [0.0, 1.5707963267948966]}, "[1.0, -1.5707963267948966]": {"num_count": 468, "sum_payoffs": 113.55565531205556, "action": [1.0, -1.5707963267948966]}, "[1.0, 0.0]": {"num_count": 460, "sum_payoffs": 110.92068422177216, "action": [1.0, 0.0]}, "[0.0, -1.5707963267948966]": {"num_count": 428, "sum_payoffs": 100.22016617730563, "action": [0.0, -1.5707963267948966]}, "[2.0, -1.5707963267948966]": {"num_count": 476, "sum_payoffs": 116.25115443933228, "action": [2.0, -1.5707963267948966]}, "[2.0, 1.5707963267948966]": {"num_count": 464, "sum_payoffs": 112.29844555050882, "action": [2.0, 1.5707963267948966]}, "[2.0, 0.0]": {"num_count": 476, "sum_payoffs": 116.30802879353864, "action": [2.0, 0.0]}, "[1.0, 1.5707963267948966]": {"num_count": 452, "sum_payoffs": 108.21272370460188, "action": [1.0, 1.5707963267948966]}}, "1": {"[2.0, 0.0]": {"num_count": 541, "sum_payoffs": 166.388060598041, "action": [2.0, 0.0]}, "[1.0, -1.5707963267948966]": {"num_count": 440, "sum_payoffs": 126.80185878414623, "action": [1.0, -1.5707963267948966]}, "[1.0, 0.0]": {"num_count": 489, "sum_payoffs": 145.89671329715273, "action": [1.0, 0.0]}, "[2.0, 1.5707963267948966]": {"num_count": 489, "sum_payoffs": 145.88034200118827, "action": [2.0, 1.5707963267948966]}, "[2.0, -1.5707963267948966]": {"num_count": 474, "sum_payoffs": 140.01508232308956, "action": [2.0, -1.5707963267948966]}, "[0.0, -1.5707963267948966]": {"num_count": 393, "sum_payoffs": 108.92551171188063, "action": [0.0, -1.5707963267948966]}, "[1.0, 1.5707963267948966]": {"num_count": 428, "sum_payoffs": 122.32120787778234, "action": [1.0, 1.5707963267948966]}, "[0.0, 1.5707963267948966]": {"num_count": 411, "sum_payoffs": 115.80549234395043, "action": [0.0, 1.5707963267948966]}, "[0.0, 0.0]": {"num_count": 435, "sum_payoffs": 124.8837156258783, "action": [0.0, 0.0]}}}}