{"2": {"0": {"[0.0, 0]": {"num_count": 535, "sum_payoffs": 166.75874995553076, "action": [0.0, 0]}, "[1.0, 0]": {"num_count": 1565, "sum_payoffs": 597.9622498405587, "action": [1.0, 0]}}, "1": {"[1.0, 0]": {"num_count": 1557, "sum_payoffs": 596.1397498410445, "action": [1.0, 0]}, "[0.0, 0]": {"num_count": 543, "sum_payoffs": 170.40374995455858, "action": [0.0, 0]}}}, "1": {"0": {"[0.0, 0]": {"num_count": 730, "sum_payoffs": 276.8174999261833, "action": [0.0, 0]}, "[1.0, 0]": {"num_count": 1370, "sum_payoffs": 573.2774998471373, "action": [1.0, 0]}}, "1": {"[0.0, 0]": {"num_count": 732, "sum_payoffs": 278.23499992580537, "action": [0.0, 0]}, "[1.0, 0]": {"num_count": 1368, "sum_payoffs": 573.0749998471913, "action": [1.0, 0]}}}}