{"12": {"0": {"[2.0, 0.0]": {"num_count": 361, "sum_payoffs": 87.87048059101022, "action": [2.0, 0.0]}, "[0.0, 0.0]": {"num_count": 332, "sum_payoffs": 77.8725751358855, "action": [0.0, 0.0]}, "[1.0, 0.0]": {"num_count": 337, "sum_payoffs": 79.60571661071857, "action": [1.0, 0.0]}, "[1.0, -1.5707963267948966]": {"num_count": 355, "sum_payoffs": 85.8719443372919, "action": [1.0, -1.5707963267948966]}, "[1.0, 1.5707963267948966]": {"num_count": 340, "sum_payoffs": 80.65919006656209, "action": [1.0, 1.5707963267948966]}, "[0.0, 1.5707963267948966]": {"num_count": 336, "sum_payoffs": 79.22682571344629, "action": [0.0, 1.5707963267948966]}, "[0.0, -1.5707963267948966]": {"num_count": 337, "sum_payoffs": 79.53620485857677, "action": [0.0, -1.5707963267948966]}, "[2.0, -1.5707963267948966]": {"num_count": 355, "sum_payoffs": 85.86431966949014, "action": [2.0, -1.5707963267948966]}, "[2.0, 1.5707963267948966]": {"num_count": 347, "sum_payoffs": 83.07179127471788, "action": [2.0, 1.5707963267948966]}}, "1": {"[1.0, -1.5707963267948966]": {"num_count": 542, "sum_payoffs": 121.04255303379439, "action": [1.0, -1.5707963267948966]}, "[0.0, -1.5707963267948966]": {"num_count": 492, "sum_payoffs": 105.6452389817803, "action": [0.0, -1.5707963267948966]}, "[1.0, 1.5707963267948966]": {"num_count": 536, "sum_payoffs": 119.09574400413024, "action": [1.0, 1.5707963267948966]}, "[1.0, 0.0]": {"num_count": 531, "sum_payoffs": 117.56893061538943, "action": [1.0, 0.0]}, "[0.0, 0.0]": {"num_count": 495, "sum_payoffs": 106.54250912072251, "action": [0.0, 0.0]}, "[0.0, 1.5707963267948966]": {"num_count": 504, "sum_payoffs": 109.30388354763016, "action": [0.0, 1.5707963267948966]}}}}