{"2": {"0": {"[0.0, 0]": {"num_count": 257, "sum_payoffs": 71.62424998090017, "action": [0.0, 0]}, "[1.0, 0]": {"num_count": 3343, "sum_payoffs": 1229.4584996721917, "action": [1.0, 0]}}, "1": {"[0.0, 0]": {"num_count": 201, "sum_payoffs": 65.79224998245536, "action": [0.0, 0]}, "[1.0, 0]": {"num_count": 3399, "sum_payoffs": 1257.5249996647085, "action": [1.0, 0]}}}, "1": {"0": {"[0.0, 0]": {"num_count": 165, "sum_payoffs": 55.07999998531188, "action": [0.0, 0]}, "[1.0, 0]": {"num_count": 3435, "sum_payoffs": 1399.882499626649, "action": [1.0, 0]}}, "1": {"[1.0, 0]": {"num_count": 3338, "sum_payoffs": 1364.0399996362094, "action": [1.0, 0]}, "[0.0, 0]": {"num_count": 262, "sum_payoffs": 97.40249997402573, "action": [0.0, 0]}}}}