{"2": {"0": {"[0.0, 0]": {"num_count": 76, "sum_payoffs": 20.2297499946054, "action": [0.0, 0]}, "[1.0, 0]": {"num_count": 1024, "sum_payoffs": 386.55224989692334, "action": [1.0, 0]}}, "1": {"[0.0, 0]": {"num_count": 133, "sum_payoffs": 32.80499999125199, "action": [0.0, 0]}, "[1.0, 0]": {"num_count": 967, "sum_payoffs": 361.94849990348337, "action": [1.0, 0]}}}, "1": {"0": {"[1.0, 0]": {"num_count": 1013, "sum_payoffs": 416.54249988893184, "action": [1.0, 0]}, "[0.0, 0]": {"num_count": 87, "sum_payoffs": 28.957499992277956, "action": [0.0, 0]}}, "1": {"[0.0, 0]": {"num_count": 89, "sum_payoffs": 29.564999992115954, "action": [0.0, 0]}, "[1.0, 0]": {"num_count": 1011, "sum_payoffs": 415.5299998892019, "action": [1.0, 0]}}}}