{"4": {"0": {"[1.0, 1.5707963267948966]": {"num_count": 11, "sum_payoffs": 3.596145766298966, "action": [1.0, 1.5707963267948966]}, "[0.0, 1.5707963267948966]": {"num_count": 11, "sum_payoffs": 3.5693728850049635, "action": [0.0, 1.5707963267948966]}, "[1.0, 0.0]": {"num_count": 11, "sum_payoffs": 3.805849475263519, "action": [1.0, 0.0]}, "[1.0, -1.5707963267948966]": {"num_count": 12, "sum_payoffs": 4.274441379554363, "action": [1.0, -1.5707963267948966]}, "[2.0, 1.5707963267948966]": {"num_count": 11, "sum_payoffs": 3.612748641009716, "action": [2.0, 1.5707963267948966]}, "[2.0, -1.5707963267948966]": {"num_count": 10, "sum_payoffs": 2.912592415097597, "action": [2.0, -1.5707963267948966]}, "[0.0, -1.5707963267948966]": {"num_count": 11, "sum_payoffs": 3.8500808555430135, "action": [0.0, -1.5707963267948966]}, "[2.0, 0.0]": {"num_count": 12, "sum_payoffs": 4.576690231971561, "action": [2.0, 0.0]}, "[0.0, 0.0]": {"num_count": 11, "sum_payoffs": 3.913935668358191, "action": [0.0, 0.0]}}, "1": {"[1.0, -1.5707963267948966]": {"num_count": 10, "sum_payoffs": 3.772369664710231, "action": [1.0, -1.5707963267948966]}, "[0.0, 1.5707963267948966]": {"num_count": 10, "sum_payoffs": 3.4622262544068825, "action": [0.0, 1.5707963267948966]}, "[2.0, 1.5707963267948966]": {"num_count": 11, "sum_payoffs": 4.629167445628132, "action": [2.0, 1.5707963267948966]}, "[1.0, 1.5707963267948966]": {"num_count": 11, "sum_payoffs": 4.5426353739555605, "action": [1.0, 1.5707963267948966]}, "[2.0, 0.0]": {"num_count": 13, "sum_payoffs": 5.937003782175028, "action": [2.0, 0.0]}, "[0.0, -1.5707963267948966]": {"num_count": 10, "sum_payoffs": 3.412537816178639, "action": [0.0, -1.5707963267948966]}, "[0.0, 0.0]": {"num_count": 12, "sum_payoffs": 5.144876223921273, "action": [0.0, 0.0]}, "[1.0, 0.0]": {"num_count": 12, "sum_payoffs": 5.376484367500873, "action": [1.0, 0.0]}, "[2.0, -1.5707963267948966]": {"num_count": 11, "sum_payoffs": 4.404470392920188, "action": [2.0, -1.5707963267948966]}}}}