{"2": {"0": {"[1.0, 0]": {"num_count": 1093, "sum_payoffs": 221.15528281733077, "action": [1.0, 0]}, "[0.0, 0]": {"num_count": 507, "sum_payoffs": 74.97449997375895, "action": [0.0, 0]}}, "1": {"[1.0, 0]": {"num_count": 1084, "sum_payoffs": 219.20115781801476, "action": [1.0, 0]}, "[0.0, 0]": {"num_count": 516, "sum_payoffs": 77.29312497294744, "action": [0.0, 0]}}}, "1": {"0": {"[1.0, 0]": {"num_count": 941, "sum_payoffs": 200.76749992973433, "action": [1.0, 0]}, "[0.0, 0]": {"num_count": 659, "sum_payoffs": 124.48124995643296, "action": [0.0, 0]}}, "1": {"[1.0, 0]": {"num_count": 939, "sum_payoffs": 200.36249992987607, "action": [1.0, 0]}, "[0.0, 0]": {"num_count": 661, "sum_payoffs": 125.08874995622034, "action": [0.0, 0]}}}}