{"13": {"0": {"[1.0, 1.5707963267948966]": {"num_count": 65, "sum_payoffs": 13.621271622020389, "action": [1.0, 1.5707963267948966]}, "[0.0, -1.5707963267948966]": {"num_count": 65, "sum_payoffs": 13.669295935048497, "action": [0.0, -1.5707963267948966]}, "[2.0, 0.0]": {"num_count": 71, "sum_payoffs": 16.260135226401864, "action": [2.0, 0.0]}, "[2.0, 1.5707963267948966]": {"num_count": 66, "sum_payoffs": 13.946561036673693, "action": [2.0, 1.5707963267948966]}, "[0.0, 0.0]": {"num_count": 69, "sum_payoffs": 15.284300541671746, "action": [0.0, 0.0]}, "[0.0, 1.5707963267948966]": {"num_count": 65, "sum_payoffs": 13.495095951381458, "action": [0.0, 1.5707963267948966]}, "[1.0, -1.5707963267948966]": {"num_count": 66, "sum_payoffs": 13.954992795350275, "action": [1.0, -1.5707963267948966]}, "[1.0, 0.0]": {"num_count": 68, "sum_payoffs": 14.793503256869096, "action": [1.0, 0.0]}, "[2.0, -1.5707963267948966]": {"num_count": 65, "sum_payoffs": 13.674164068567169, "action": [2.0, -1.5707963267948966]}}, "1": {"[0.0, -1.5707963267948966]": {"num_count": 65, "sum_payoffs": 16.264221170827355, "action": [0.0, -1.5707963267948966]}, "[0.0, 0.0]": {"num_count": 66, "sum_payoffs": 16.817678748438766, "action": [0.0, 0.0]}, "[1.0, 0.0]": {"num_count": 65, "sum_payoffs": 16.42267354981993, "action": [1.0, 0.0]}, "[1.0, -1.5707963267948966]": {"num_count": 68, "sum_payoffs": 17.719008288611086, "action": [1.0, -1.5707963267948966]}, "[2.0, 0.0]": {"num_count": 75, "sum_payoffs": 21.118297756207213, "action": [2.0, 0.0]}, "[1.0, 1.5707963267948966]": {"num_count": 66, "sum_payoffs": 16.918412360946704, "action": [1.0, 1.5707963267948966]}, "[0.0, 1.5707963267948966]": {"num_count": 60, "sum_payoffs": 14.018400636535874, "action": [0.0, 1.5707963267948966]}, "[2.0, 1.5707963267948966]": {"num_count": 67, "sum_payoffs": 17.407069274389837, "action": [2.0, 1.5707963267948966]}, "[2.0, -1.5707963267948966]": {"num_count": 68, "sum_payoffs": 17.83352903054626, "action": [2.0, -1.5707963267948966]}}}}