{"2": {"0": {"[0.0, 0]": {"num_count": 652, "sum_payoffs": 40.63679999187236, "action": [0.0, 0]}, "[1.0, 0]": {"num_count": 948, "sum_payoffs": 83.50690261487748, "action": [1.0, 0]}}, "1": {"[1.0, 0]": {"num_count": 961, "sum_payoffs": 85.57645261446366, "action": [1.0, 0]}, "[0.0, 0]": {"num_count": 639, "sum_payoffs": 38.93174999221339, "action": [0.0, 0]}}}, "1": {"0": {"[0.0, 0]": {"num_count": 792, "sum_payoffs": 64.70999998705884, "action": [0.0, 0]}, "[1.0, 0]": {"num_count": 808, "sum_payoffs": 67.04999998659089, "action": [1.0, 0]}}, "1": {"[0.0, 0]": {"num_count": 792, "sum_payoffs": 64.75049998705073, "action": [0.0, 0]}, "[1.0, 0]": {"num_count": 808, "sum_payoffs": 67.0904999865828, "action": [1.0, 0]}}}}