{"2": {"0": {"[1.0, 0]": {"num_count": 3863, "sum_payoffs": 952.6574998253915, "action": [1.0, 0]}, "[0.0, 0]": {"num_count": 237, "sum_payoffs": 45.932999991578946, "action": [0.0, 0]}}, "1": {"[1.0, 0]": {"num_count": 3783, "sum_payoffs": 939.4139998278166, "action": [1.0, 0]}, "[0.0, 0]": {"num_count": 317, "sum_payoffs": 62.33549998857185, "action": [0.0, 0]}}}, "1": {"0": {"[1.0, 0]": {"num_count": 3830, "sum_payoffs": 1041.7199998090907, "action": [1.0, 0]}, "[0.0, 0]": {"num_count": 270, "sum_payoffs": 68.20499998749567, "action": [0.0, 0]}}, "1": {"[1.0, 0]": {"num_count": 3844, "sum_payoffs": 1044.2849998086201, "action": [1.0, 0]}, "[0.0, 0]": {"num_count": 256, "sum_payoffs": 61.58999998870842, "action": [0.0, 0]}}}}