{"2": {"0": {"[0.0, 0]": {"num_count": 45, "sum_payoffs": 9.303749996743688, "action": [0.0, 0]}, "[1.0, 0]": {"num_count": 55, "sum_payoffs": 14.02815788982698, "action": [1.0, 0]}}, "1": {"[0.0, 0]": {"num_count": 45, "sum_payoffs": 10.21499999642475, "action": [0.0, 0]}, "[1.0, 0]": {"num_count": 55, "sum_payoffs": 14.757157889571829, "action": [1.0, 0]}}}, "1": {"0": {"[0.0, 0]": {"num_count": 48, "sum_payoffs": 9.967499996511378, "action": [0.0, 0]}, "[1.0, 0]": {"num_count": 52, "sum_payoffs": 11.632499995928633, "action": [1.0, 0]}}, "1": {"[0.0, 0]": {"num_count": 48, "sum_payoffs": 9.967499996511377, "action": [0.0, 0]}, "[1.0, 0]": {"num_count": 52, "sum_payoffs": 11.632499995928633, "action": [1.0, 0]}}}}