{"alphat_eff_gamelength_4": 0.6153846153846154, "runtime_gamelength_4": 21.668163061141968, "max_timestep": 4, "winner": [0, 0], "runtime": 21.668426513671875, "T_terminal": 1, "trajectory_0": [[1.0, 3.0, 0.0, 0], [3.0, 3.0, 0.0, 1]], "trajectory_1": [[3.0, 3.0, 0.0, 0], [5.0, 3.0, 0.0, 1]], "coll_payoff_0": [1.0], "lead_payoff_0": [0.5], "coll_payoff_1": [1.0], "lead_payoff_1": [0.5], "payoff_total": [[0.537356321762021, 0.6293103447352011]], "final_lead_payoff_0": [0.43103448275862066], "final_lead_payoff_1": [0.5689655172413793]}