{"1": {"0": {"[1.0, 0.0]": {"num_count": 174, "sum_payoffs": 44.85757120691667, "action": [1.0, 0.0]}, "[2.0, 0.0]": {"num_count": 204, "sum_payoffs": 57.0314842483659, "action": [2.0, 0.0]}, "[0.0, -1.5707963267948966]": {"num_count": 154, "sum_payoffs": 36.821589199260345, "action": [0.0, -1.5707963267948966]}, "[2.0, 1.5707963267948966]": {"num_count": 204, "sum_payoffs": 57.051474253360084, "action": [2.0, 1.5707963267948966]}, "[2.0, -1.5707963267948966]": {"num_count": 204, "sum_payoffs": 57.17141428332501, "action": [2.0, -1.5707963267948966]}, "[0.0, 0.0]": {"num_count": 153, "sum_payoffs": 36.491754116856534, "action": [0.0, 0.0]}, "[1.0, 1.5707963267948966]": {"num_count": 177, "sum_payoffs": 45.967016484093094, "action": [1.0, 1.5707963267948966]}, "[0.0, 1.5707963267948966]": {"num_count": 154, "sum_payoffs": 36.82158919926034, "action": [0.0, 1.5707963267948966]}, "[1.0, -1.5707963267948966]": {"num_count": 176, "sum_payoffs": 45.65717140668346, "action": [1.0, -1.5707963267948966]}}, "1": {"[0.0, 1.5707963267948966]": {"num_count": 241, "sum_payoffs": 73.87306345595361, "action": [0.0, 1.5707963267948966]}, "[1.0, -1.5707963267948966]": {"num_count": 292, "sum_payoffs": 96.07196400197944, "action": [1.0, -1.5707963267948966]}, "[0.0, -1.5707963267948966]": {"num_count": 242, "sum_payoffs": 74.3028485633283, "action": [0.0, -1.5707963267948966]}, "[1.0, 1.5707963267948966]": {"num_count": 293, "sum_payoffs": 96.46176909936575, "action": [1.0, 1.5707963267948966]}, "[1.0, 0.0]": {"num_count": 290, "sum_payoffs": 95.19240378223597, "action": [1.0, 0.0]}, "[0.0, 0.0]": {"num_count": 242, "sum_payoffs": 74.32283856832247, "action": [0.0, 0.0]}}}}