{"2": {"0": {"[1.0, 0]": {"num_count": 67, "sum_payoffs": 13.540460522705013, "action": [1.0, 0]}, "[0.0, 0]": {"num_count": 33, "sum_payoffs": 6.8842499981642025, "action": [0.0, 0]}}, "1": {"[1.0, 0]": {"num_count": 46, "sum_payoffs": 9.356210523820806, "action": [1.0, 0]}, "[0.0, 0]": {"num_count": 54, "sum_payoffs": 9.367499997502007, "action": [0.0, 0]}}}, "1": {"0": {"[1.0, 0]": {"num_count": 60, "sum_payoffs": 12.809999996584, "action": [1.0, 0]}, "[0.0, 0]": {"num_count": 40, "sum_payoffs": 6.142499998362004, "action": [0.0, 0]}}, "1": {"[0.0, 0]": {"num_count": 38, "sum_payoffs": 2.3549999993720006, "action": [0.0, 0]}, "[1.0, 0]": {"num_count": 62, "sum_payoffs": 7.957499997878005, "action": [1.0, 0]}}}}