{"6": {"0": {"[1.0, 0.0]": {"num_count": 12, "sum_payoffs": 3.835201960762306, "action": [1.0, 0.0]}, "[2.0, 0.0]": {"num_count": 11, "sum_payoffs": 3.399478793724728, "action": [2.0, 0.0]}, "[2.0, -1.5707963267948966]": {"num_count": 11, "sum_payoffs": 3.10805330705434, "action": [2.0, -1.5707963267948966]}, "[0.0, 1.5707963267948966]": {"num_count": 11, "sum_payoffs": 2.968812511039262, "action": [0.0, 1.5707963267948966]}, "[0.0, -1.5707963267948966]": {"num_count": 11, "sum_payoffs": 3.223500664159729, "action": [0.0, -1.5707963267948966]}, "[1.0, 1.5707963267948966]": {"num_count": 11, "sum_payoffs": 3.3325853333566435, "action": [1.0, 1.5707963267948966]}, "[0.0, 0.0]": {"num_count": 12, "sum_payoffs": 3.6611321603684672, "action": [0.0, 0.0]}, "[1.0, -1.5707963267948966]": {"num_count": 11, "sum_payoffs": 3.1345208848389445, "action": [1.0, -1.5707963267948966]}, "[2.0, 1.5707963267948966]": {"num_count": 10, "sum_payoffs": 2.587229548197582, "action": [2.0, 1.5707963267948966]}}, "1": {"[1.0, 1.5707963267948966]": {"num_count": 11, "sum_payoffs": 3.985041059505247, "action": [1.0, 1.5707963267948966]}, "[1.0, 0.0]": {"num_count": 12, "sum_payoffs": 4.721127446158579, "action": [1.0, 0.0]}, "[1.0, -1.5707963267948966]": {"num_count": 11, "sum_payoffs": 3.8923887396026675, "action": [1.0, -1.5707963267948966]}, "[2.0, 1.5707963267948966]": {"num_count": 11, "sum_payoffs": 4.089971841448838, "action": [2.0, 1.5707963267948966]}, "[0.0, 1.5707963267948966]": {"num_count": 10, "sum_payoffs": 3.402151263677443, "action": [0.0, 1.5707963267948966]}, "[2.0, 0.0]": {"num_count": 12, "sum_payoffs": 4.926870900717479, "action": [2.0, 0.0]}, "[0.0, -1.5707963267948966]": {"num_count": 11, "sum_payoffs": 3.896563101351106, "action": [0.0, -1.5707963267948966]}, "[0.0, 0.0]": {"num_count": 11, "sum_payoffs": 4.027987791388952, "action": [0.0, 0.0]}, "[2.0, -1.5707963267948966]": {"num_count": 11, "sum_payoffs": 3.9170598027054044, "action": [2.0, -1.5707963267948966]}}}}