{"2": {"0": {"[1.0, 0]": {"num_count": 1457, "sum_payoffs": 328.5602762500772, "action": [1.0, 0]}, "[0.0, 0]": {"num_count": 143, "sum_payoffs": 23.52599999529477, "action": [0.0, 0]}}, "1": {"[1.0, 0]": {"num_count": 1450, "sum_payoffs": 329.43507624990224, "action": [1.0, 0]}, "[0.0, 0]": {"num_count": 150, "sum_payoffs": 26.150399994769934, "action": [0.0, 0]}}}, "1": {"0": {"[0.0, 0]": {"num_count": 96, "sum_payoffs": 17.7344999964531, "action": [0.0, 0]}, "[1.0, 0]": {"num_count": 1504, "sum_payoffs": 371.1734999257579, "action": [1.0, 0]}}, "1": {"[0.0, 0]": {"num_count": 122, "sum_payoffs": 25.14599999497083, "action": [0.0, 0]}, "[1.0, 0]": {"num_count": 1478, "sum_payoffs": 365.46299992690007, "action": [1.0, 0]}}}}