{"1": {"0": {"[1.0, 1.5707963267948966]": {"num_count": 448, "sum_payoffs": 111.10444775759531, "action": [1.0, 1.5707963267948966]}, "[2.0, 1.5707963267948966]": {"num_count": 534, "sum_payoffs": 141.08945524884984, "action": [2.0, 1.5707963267948966]}, "[2.0, -1.5707963267948966]": {"num_count": 538, "sum_payoffs": 142.48875559844166, "action": [2.0, -1.5707963267948966]}, "[0.0, 1.5707963267948966]": {"num_count": 381, "sum_payoffs": 88.26586705175623, "action": [0.0, 1.5707963267948966]}, "[1.0, 0.0]": {"num_count": 449, "sum_payoffs": 111.49425285498162, "action": [1.0, 0.0]}, "[2.0, 0.0]": {"num_count": 536, "sum_payoffs": 141.8490754386282, "action": [2.0, 0.0]}, "[0.0, 0.0]": {"num_count": 386, "sum_payoffs": 90.0149924887461, "action": [0.0, 0.0]}, "[0.0, -1.5707963267948966]": {"num_count": 384, "sum_payoffs": 89.23538229397344, "action": [0.0, -1.5707963267948966]}, "[1.0, -1.5707963267948966]": {"num_count": 444, "sum_payoffs": 109.74512741799175, "action": [1.0, -1.5707963267948966]}}, "1": {"[1.0, 0.0]": {"num_count": 447, "sum_payoffs": 146.43678158479003, "action": [1.0, 0.0]}, "[1.0, 1.5707963267948966]": {"num_count": 450, "sum_payoffs": 147.70614690191985, "action": [1.0, 1.5707963267948966]}, "[2.0, 1.5707963267948966]": {"num_count": 532, "sum_payoffs": 182.8685656866641, "action": [2.0, 1.5707963267948966]}, "[2.0, 0.0]": {"num_count": 541, "sum_payoffs": 186.6966516430476, "action": [2.0, 0.0]}, "[0.0, 0.0]": {"num_count": 388, "sum_payoffs": 121.53923036455176, "action": [0.0, 0.0]}, "[1.0, -1.5707963267948966]": {"num_count": 448, "sum_payoffs": 146.8665666921646, "action": [1.0, -1.5707963267948966]}, "[0.0, 1.5707963267948966]": {"num_count": 378, "sum_payoffs": 117.3813093257644, "action": [0.0, 1.5707963267948966]}, "[0.0, -1.5707963267948966]": {"num_count": 382, "sum_payoffs": 119.16041977024555, "action": [0.0, -1.5707963267948966]}, "[2.0, -1.5707963267948966]": {"num_count": 534, "sum_payoffs": 183.70814589641913, "action": [2.0, -1.5707963267948966]}}}}