{"2": {"0": {"[0.0, 0]": {"num_count": 40, "sum_payoffs": 9.438749997876279, "action": [0.0, 0]}, "[1.0, 0]": {"num_count": 60, "sum_payoffs": 19.113453943067885, "action": [1.0, 0]}}, "1": {"[1.0, 0]": {"num_count": 63, "sum_payoffs": 21.5738289425143, "action": [1.0, 0]}, "[0.0, 0]": {"num_count": 37, "sum_payoffs": 9.985499997753259, "action": [0.0, 0]}}}, "1": {"0": {"[1.0, 0]": {"num_count": 48, "sum_payoffs": 16.700624996242347, "action": [1.0, 0]}, "[0.0, 0]": {"num_count": 52, "sum_payoffs": 15.260624996566357, "action": [0.0, 0]}}, "1": {"[1.0, 0]": {"num_count": 45, "sum_payoffs": 15.941249996413207, "action": [1.0, 0]}, "[0.0, 0]": {"num_count": 55, "sum_payoffs": 14.501249996737213, "action": [0.0, 0]}}}}