{"2": {"0": {"[1.0, 0]": {"num_count": 3763, "sum_payoffs": 285.24955257452734, "action": [1.0, 0]}, "[0.0, 0]": {"num_count": 337, "sum_payoffs": 19.249649996150076, "action": [0.0, 0]}}, "1": {"[1.0, 0]": {"num_count": 3789, "sum_payoffs": 287.963952573984, "action": [1.0, 0]}, "[0.0, 0]": {"num_count": 311, "sum_payoffs": 20.471849995905604, "action": [0.0, 0]}}}, "1": {"0": {"[0.0, 0]": {"num_count": 491, "sum_payoffs": 34.05149999318967, "action": [0.0, 0]}, "[1.0, 0]": {"num_count": 3609, "sum_payoffs": 298.7504999402437, "action": [1.0, 0]}}, "1": {"[1.0, 0]": {"num_count": 3750, "sum_payoffs": 311.8319999376297, "action": [1.0, 0]}, "[0.0, 0]": {"num_count": 350, "sum_payoffs": 23.8859999952227, "action": [0.0, 0]}}}}