{"alphat_eff_gamelength_9": 1.3846153846153846, "runtime_gamelength_9": 48.29853391647339, "max_timestep": 9, "winner": [0, 0], "runtime": 48.29878115653992, "T_terminal": 1, "trajectory_0": [[1.0, 3.0, 0.0, 0], [3.0, 3.0, -1.5707963267948966, 1]], "trajectory_1": [[3.0, 3.0, 0.0, 0], [5.0, 3.0, 0.0, 1]], "coll_payoff_0": [1.0], "lead_payoff_0": [0.5], "coll_payoff_1": [1.0], "lead_payoff_1": [0.5], "payoff_total": [[0.537356321762021, 0.6293103447352011]], "final_lead_payoff_0": [0.43103448275862066], "final_lead_payoff_1": [0.5689655172413793]}