{"2": {"0": {"[1.0, 0]": {"num_count": 3532, "sum_payoffs": 331.7261742674649, "action": [1.0, 0]}, "[0.0, 0]": {"num_count": 568, "sum_payoffs": 42.462562490446096, "action": [0.0, 0]}}, "1": {"[0.0, 0]": {"num_count": 332, "sum_payoffs": 24.686437494445556, "action": [0.0, 0]}, "[1.0, 0]": {"num_count": 3768, "sum_payoffs": 362.6242992605172, "action": [1.0, 0]}}}, "1": {"0": {"[0.0, 0]": {"num_count": 348, "sum_payoffs": 29.936249993264557, "action": [0.0, 0]}, "[1.0, 0]": {"num_count": 3752, "sum_payoffs": 386.55562491300816, "action": [1.0, 0]}}, "1": {"[0.0, 0]": {"num_count": 348, "sum_payoffs": 30.391874993162055, "action": [0.0, 0]}, "[1.0, 0]": {"num_count": 3752, "sum_payoffs": 387.4162499128149, "action": [1.0, 0]}}}}