{"2": {"0": {"[2.0, 1.5707963267948966]": {"num_count": 69, "sum_payoffs": 16.789214085860397, "action": [2.0, 1.5707963267948966]}, "[2.0, 0.0]": {"num_count": 76, "sum_payoffs": 20.21809746969997, "action": [2.0, 0.0]}, "[1.0, -1.5707963267948966]": {"num_count": 64, "sum_payoffs": 14.674510568424644, "action": [1.0, -1.5707963267948966]}, "[0.0, 0.0]": {"num_count": 66, "sum_payoffs": 15.491710663914557, "action": [0.0, 0.0]}, "[0.0, 1.5707963267948966]": {"num_count": 61, "sum_payoffs": 13.133215998571647, "action": [0.0, 1.5707963267948966]}, "[2.0, -1.5707963267948966]": {"num_count": 67, "sum_payoffs": 15.934532731024529, "action": [2.0, -1.5707963267948966]}, "[1.0, 1.5707963267948966]": {"num_count": 65, "sum_payoffs": 15.172848355973139, "action": [1.0, 1.5707963267948966]}, "[0.0, -1.5707963267948966]": {"num_count": 61, "sum_payoffs": 13.336158005809567, "action": [0.0, -1.5707963267948966]}, "[1.0, 0.0]": {"num_count": 71, "sum_payoffs": 17.899202569734104, "action": [1.0, 0.0]}}, "1": {"[2.0, -1.5707963267948966]": {"num_count": 69, "sum_payoffs": 22.010081911975316, "action": [2.0, -1.5707963267948966]}, "[1.0, 0.0]": {"num_count": 76, "sum_payoffs": 25.73028702622177, "action": [1.0, 0.0]}, "[0.0, -1.5707963267948966]": {"num_count": 59, "sum_payoffs": 16.69078503953766, "action": [0.0, -1.5707963267948966]}, "[1.0, -1.5707963267948966]": {"num_count": 64, "sum_payoffs": 19.460595785894647, "action": [1.0, -1.5707963267948966]}, "[1.0, 1.5707963267948966]": {"num_count": 63, "sum_payoffs": 18.84351302303115, "action": [1.0, 1.5707963267948966]}, "[0.0, 1.5707963267948966]": {"num_count": 57, "sum_payoffs": 15.653477606456152, "action": [0.0, 1.5707963267948966]}, "[2.0, 0.0]": {"num_count": 78, "sum_payoffs": 27.01660039106398, "action": [2.0, 0.0]}, "[2.0, 1.5707963267948966]": {"num_count": 69, "sum_payoffs": 21.957934072860088, "action": [2.0, 1.5707963267948966]}, "[0.0, 0.0]": {"num_count": 65, "sum_payoffs": 20.029930683573692, "action": [0.0, 0.0]}}}}