{"2": {"0": {"[1.0, 0]": {"num_count": 1434, "sum_payoffs": 217.49039995650395, "action": [1.0, 0]}, "[0.0, 0]": {"num_count": 166, "sum_payoffs": 20.823110522151218, "action": [0.0, 0]}}, "1": {"[1.0, 0]": {"num_count": 1443, "sum_payoffs": 222.08309995558562, "action": [1.0, 0]}, "[0.0, 0]": {"num_count": 157, "sum_payoffs": 19.729610522369914, "action": [0.0, 0]}}}, "1": {"0": {"[1.0, 0]": {"num_count": 1455, "sum_payoffs": 241.08299995178874, "action": [1.0, 0]}, "[0.0, 0]": {"num_count": 145, "sum_payoffs": 20.87099999582574, "action": [0.0, 0]}}, "1": {"[0.0, 0]": {"num_count": 203, "sum_payoffs": 29.375999994124648, "action": [0.0, 0]}, "[1.0, 0]": {"num_count": 1397, "sum_payoffs": 230.1479999539752, "action": [1.0, 0]}}}}