{"2": {"0": {"[0.0, 0]": {"num_count": 736, "sum_payoffs": 73.47374998652955, "action": [0.0, 0]}, "[1.0, 0]": {"num_count": 1364, "sum_payoffs": 188.56121049174368, "action": [1.0, 0]}}, "1": {"[1.0, 0]": {"num_count": 1355, "sum_payoffs": 186.74621049207656, "action": [1.0, 0]}, "[0.0, 0]": {"num_count": 745, "sum_payoffs": 75.04574998624135, "action": [0.0, 0]}}}, "1": {"0": {"[0.0, 0]": {"num_count": 877, "sum_payoffs": 108.80249998005317, "action": [0.0, 0]}, "[1.0, 0]": {"num_count": 1223, "sum_payoffs": 176.42999996765897, "action": [1.0, 0]}}, "1": {"[0.0, 0]": {"num_count": 880, "sum_payoffs": 109.4099999799418, "action": [0.0, 0]}, "[1.0, 0]": {"num_count": 1220, "sum_payoffs": 175.95749996774558, "action": [1.0, 0]}}}}