{"6": {"0": {"[1.0, 1.5707963267948966]": {"num_count": 183, "sum_payoffs": 57.12209597719631, "action": [1.0, 1.5707963267948966]}, "[0.0, -1.5707963267948966]": {"num_count": 176, "sum_payoffs": 53.936127176476965, "action": [0.0, -1.5707963267948966]}, "[1.0, -1.5707963267948966]": {"num_count": 177, "sum_payoffs": 54.38870392408466, "action": [1.0, -1.5707963267948966]}, "[0.0, 1.5707963267948966]": {"num_count": 167, "sum_payoffs": 49.9683888433903, "action": [0.0, 1.5707963267948966]}, "[2.0, 0.0]": {"num_count": 188, "sum_payoffs": 59.4950048102868, "action": [2.0, 0.0]}, "[2.0, 1.5707963267948966]": {"num_count": 184, "sum_payoffs": 57.51192991596667, "action": [2.0, 1.5707963267948966]}, "[0.0, 0.0]": {"num_count": 171, "sum_payoffs": 51.712338587446574, "action": [0.0, 0.0]}, "[2.0, -1.5707963267948966]": {"num_count": 183, "sum_payoffs": 57.224871681397474, "action": [2.0, -1.5707963267948966]}, "[1.0, 0.0]": {"num_count": 171, "sum_payoffs": 51.65263483351663, "action": [1.0, 0.0]}}, "1": {"[0.0, 0.0]": {"num_count": 246, "sum_payoffs": 73.51439529641125, "action": [0.0, 0.0]}, "[1.0, 1.5707963267948966]": {"num_count": 287, "sum_payoffs": 91.1602609649433, "action": [1.0, 1.5707963267948966]}, "[0.0, 1.5707963267948966]": {"num_count": 244, "sum_payoffs": 72.78816810035882, "action": [0.0, 1.5707963267948966]}, "[1.0, -1.5707963267948966]": {"num_count": 270, "sum_payoffs": 83.82135913601428, "action": [1.0, -1.5707963267948966]}, "[0.0, -1.5707963267948966]": {"num_count": 248, "sum_payoffs": 74.52299739489612, "action": [0.0, -1.5707963267948966]}, "[1.0, 0.0]": {"num_count": 305, "sum_payoffs": 98.89741341121466, "action": [1.0, 0.0]}}}}