{"2": {"0": {"[1.0, -1.5707963267948966]": {"num_count": 64, "sum_payoffs": 15.036394843592637, "action": [1.0, -1.5707963267948966]}, "[0.0, 0.0]": {"num_count": 67, "sum_payoffs": 16.370220684092516, "action": [0.0, 0.0]}, "[2.0, -1.5707963267948966]": {"num_count": 68, "sum_payoffs": 16.91936640096375, "action": [2.0, -1.5707963267948966]}, "[0.0, 1.5707963267948966]": {"num_count": 61, "sum_payoffs": 13.735740823008237, "action": [0.0, 1.5707963267948966]}, "[2.0, 0.0]": {"num_count": 77, "sum_payoffs": 21.09039682710104, "action": [2.0, 0.0]}, "[1.0, 1.5707963267948966]": {"num_count": 64, "sum_payoffs": 15.12330790878468, "action": [1.0, 1.5707963267948966]}, "[2.0, 1.5707963267948966]": {"num_count": 68, "sum_payoffs": 16.954131627040564, "action": [2.0, 1.5707963267948966]}, "[1.0, 0.0]": {"num_count": 70, "sum_payoffs": 17.735661152030602, "action": [1.0, 0.0]}, "[0.0, -1.5707963267948966]": {"num_count": 61, "sum_payoffs": 13.625578512870076, "action": [0.0, -1.5707963267948966]}}, "1": {"[0.0, -1.5707963267948966]": {"num_count": 90, "sum_payoffs": 24.159333372803157, "action": [0.0, -1.5707963267948966]}, "[1.0, -1.5707963267948966]": {"num_count": 102, "sum_payoffs": 29.742302756770787, "action": [1.0, -1.5707963267948966]}, "[1.0, 1.5707963267948966]": {"num_count": 105, "sum_payoffs": 31.18516828030105, "action": [1.0, 1.5707963267948966]}, "[0.0, 0.0]": {"num_count": 99, "sum_payoffs": 28.21183610631018, "action": [0.0, 0.0]}, "[1.0, 0.0]": {"num_count": 112, "sum_payoffs": 34.327691221218444, "action": [1.0, 0.0]}, "[0.0, 1.5707963267948966]": {"num_count": 92, "sum_payoffs": 25.138626334861737, "action": [0.0, 1.5707963267948966]}}}}