{"2": {"0": {"[1.0, 0]": {"num_count": 57, "sum_payoffs": 14.76278289233789, "action": [1.0, 0]}, "[0.0, 0]": {"num_count": 43, "sum_payoffs": 8.529749998613916, "action": [0.0, 0]}}, "1": {"[1.0, 0]": {"num_count": 57, "sum_payoffs": 15.39503289223515, "action": [1.0, 0]}, "[0.0, 0]": {"num_count": 43, "sum_payoffs": 8.626499998598193, "action": [0.0, 0]}}}, "1": {"0": {"[0.0, 0]": {"num_count": 45, "sum_payoffs": 8.549999998610621, "action": [0.0, 0]}, "[1.0, 0]": {"num_count": 55, "sum_payoffs": 12.948749997895824, "action": [1.0, 0]}}, "1": {"[1.0, 0]": {"num_count": 55, "sum_payoffs": 12.948749997895824, "action": [1.0, 0]}, "[0.0, 0]": {"num_count": 45, "sum_payoffs": 8.752499998577717, "action": [0.0, 0]}}}}