{"2": {"0": {"[1.0, 0]": {"num_count": 1802, "sum_payoffs": 357.9339077694648, "action": [1.0, 0]}, "[0.0, 0]": {"num_count": 798, "sum_payoffs": 120.93749995767249, "action": [0.0, 0]}}, "1": {"[1.0, 0]": {"num_count": 1792, "sum_payoffs": 356.3847827700074, "action": [1.0, 0]}, "[0.0, 0]": {"num_count": 808, "sum_payoffs": 123.58012495674737, "action": [0.0, 0]}}}, "1": {"0": {"[0.0, 0]": {"num_count": 985, "sum_payoffs": 182.90249993598601, "action": [0.0, 0]}, "[1.0, 0]": {"num_count": 1615, "sum_payoffs": 344.6437498793699, "action": [1.0, 0]}}, "1": {"[0.0, 0]": {"num_count": 990, "sum_payoffs": 184.42124993545445, "action": [0.0, 0]}, "[1.0, 0]": {"num_count": 1610, "sum_payoffs": 343.73249987968893, "action": [1.0, 0]}}}}