{"6": {"0": {"[0.0, 0.0]": {"num_count": 184, "sum_payoffs": 53.16124326362201, "action": [0.0, 0.0]}, "[2.0, 0.0]": {"num_count": 185, "sum_payoffs": 53.63823973599079, "action": [2.0, 0.0]}, "[1.0, 0.0]": {"num_count": 183, "sum_payoffs": 52.86520152560658, "action": [1.0, 0.0]}, "[1.0, 1.5707963267948966]": {"num_count": 177, "sum_payoffs": 50.10882096003114, "action": [1.0, 1.5707963267948966]}, "[2.0, -1.5707963267948966]": {"num_count": 185, "sum_payoffs": 53.64831245621526, "action": [2.0, -1.5707963267948966]}, "[0.0, 1.5707963267948966]": {"num_count": 164, "sum_payoffs": 44.72097236507643, "action": [0.0, 1.5707963267948966]}, "[1.0, -1.5707963267948966]": {"num_count": 180, "sum_payoffs": 51.54541823320123, "action": [1.0, -1.5707963267948966]}, "[2.0, 1.5707963267948966]": {"num_count": 180, "sum_payoffs": 51.49812272288024, "action": [2.0, 1.5707963267948966]}, "[0.0, -1.5707963267948966]": {"num_count": 162, "sum_payoffs": 43.82029142167978, "action": [0.0, -1.5707963267948966]}}, "1": {"[0.0, -1.5707963267948966]": {"num_count": 152, "sum_payoffs": 48.663846358143005, "action": [0.0, -1.5707963267948966]}, "[1.0, 1.5707963267948966]": {"num_count": 178, "sum_payoffs": 61.10065295051348, "action": [1.0, 1.5707963267948966]}, "[2.0, 1.5707963267948966]": {"num_count": 180, "sum_payoffs": 62.15944408897163, "action": [2.0, 1.5707963267948966]}, "[0.0, 0.0]": {"num_count": 170, "sum_payoffs": 57.21507580754881, "action": [0.0, 0.0]}, "[0.0, 1.5707963267948966]": {"num_count": 158, "sum_payoffs": 51.57210504474838, "action": [0.0, 1.5707963267948966]}, "[2.0, 0.0]": {"num_count": 203, "sum_payoffs": 73.48293952336242, "action": [2.0, 0.0]}, "[1.0, 0.0]": {"num_count": 190, "sum_payoffs": 67.10877046292741, "action": [1.0, 0.0]}, "[2.0, -1.5707963267948966]": {"num_count": 190, "sum_payoffs": 67.03077926361293, "action": [2.0, -1.5707963267948966]}, "[1.0, -1.5707963267948966]": {"num_count": 179, "sum_payoffs": 61.73785020400245, "action": [1.0, -1.5707963267948966]}}}}