{"2": {"0": {"[1.0, 0]": {"num_count": 3832, "sum_payoffs": 1411.1617496237466, "action": [1.0, 0]}, "[0.0, 0]": {"num_count": 268, "sum_payoffs": 72.71774998060852, "action": [0.0, 0]}}, "1": {"[1.0, 0]": {"num_count": 3878, "sum_payoffs": 1439.4104996162148, "action": [1.0, 0]}, "[0.0, 0]": {"num_count": 222, "sum_payoffs": 65.60999998250391, "action": [0.0, 0]}}}, "1": {"0": {"[0.0, 0]": {"num_count": 3791, "sum_payoffs": 1488.374999603044, "action": [0.0, 0]}, "[1.0, 0]": {"num_count": 309, "sum_payoffs": 128.99249996560167, "action": [1.0, 0]}}, "1": {"[1.0, 0]": {"num_count": 3853, "sum_payoffs": 1609.0649995708513, "action": [1.0, 0]}, "[0.0, 0]": {"num_count": 247, "sum_payoffs": 94.97249997467377, "action": [0.0, 0]}}}}