{"7": {"0": {"[1.0, 1.5707963267948966]": {"num_count": 11, "sum_payoffs": 3.0925704890618038, "action": [1.0, 1.5707963267948966]}, "[2.0, -1.5707963267948966]": {"num_count": 11, "sum_payoffs": 3.010258284642825, "action": [2.0, -1.5707963267948966]}, "[2.0, 0.0]": {"num_count": 11, "sum_payoffs": 3.2773823854181994, "action": [2.0, 0.0]}, "[0.0, -1.5707963267948966]": {"num_count": 11, "sum_payoffs": 2.8369453387384023, "action": [0.0, -1.5707963267948966]}, "[2.0, 1.5707963267948966]": {"num_count": 11, "sum_payoffs": 2.999716394862599, "action": [2.0, 1.5707963267948966]}, "[1.0, 0.0]": {"num_count": 11, "sum_payoffs": 3.193749798128603, "action": [1.0, 0.0]}, "[0.0, 0.0]": {"num_count": 11, "sum_payoffs": 3.193467335939349, "action": [0.0, 0.0]}, "[0.0, 1.5707963267948966]": {"num_count": 11, "sum_payoffs": 2.9591901739312125, "action": [0.0, 1.5707963267948966]}, "[1.0, -1.5707963267948966]": {"num_count": 12, "sum_payoffs": 3.5781095826899794, "action": [1.0, -1.5707963267948966]}}, "1": {"[0.0, 0.0]": {"num_count": 11, "sum_payoffs": 3.6716670868761616, "action": [0.0, 0.0]}, "[1.0, 0.0]": {"num_count": 12, "sum_payoffs": 4.553470171921187, "action": [1.0, 0.0]}, "[0.0, 1.5707963267948966]": {"num_count": 10, "sum_payoffs": 3.1945347729690665, "action": [0.0, 1.5707963267948966]}, "[1.0, 1.5707963267948966]": {"num_count": 11, "sum_payoffs": 3.6117492064448693, "action": [1.0, 1.5707963267948966]}, "[0.0, -1.5707963267948966]": {"num_count": 11, "sum_payoffs": 3.8747481865656983, "action": [0.0, -1.5707963267948966]}, "[2.0, -1.5707963267948966]": {"num_count": 11, "sum_payoffs": 3.660181486846109, "action": [2.0, -1.5707963267948966]}, "[2.0, 0.0]": {"num_count": 12, "sum_payoffs": 4.5616474089564285, "action": [2.0, 0.0]}, "[2.0, 1.5707963267948966]": {"num_count": 11, "sum_payoffs": 4.065396009670097, "action": [2.0, 1.5707963267948966]}, "[1.0, -1.5707963267948966]": {"num_count": 11, "sum_payoffs": 3.7735923566429066, "action": [1.0, -1.5707963267948966]}}}}