{"6": {"0": {"[0.0, 1.5707963267948966]": {"num_count": 260, "sum_payoffs": 70.14951930320692, "action": [0.0, 1.5707963267948966]}, "[2.0, 0.0]": {"num_count": 309, "sum_payoffs": 89.63252127824005, "action": [2.0, 0.0]}, "[2.0, 1.5707963267948966]": {"num_count": 301, "sum_payoffs": 86.44671408910428, "action": [2.0, 1.5707963267948966]}, "[0.0, -1.5707963267948966]": {"num_count": 260, "sum_payoffs": 70.1468106516001, "action": [0.0, -1.5707963267948966]}, "[1.0, -1.5707963267948966]": {"num_count": 292, "sum_payoffs": 82.8021516386815, "action": [1.0, -1.5707963267948966]}, "[1.0, 1.5707963267948966]": {"num_count": 293, "sum_payoffs": 83.17500661872266, "action": [1.0, 1.5707963267948966]}, "[0.0, 0.0]": {"num_count": 286, "sum_payoffs": 80.47919900339674, "action": [0.0, 0.0]}, "[2.0, -1.5707963267948966]": {"num_count": 302, "sum_payoffs": 86.81963318770337, "action": [2.0, -1.5707963267948966]}, "[1.0, 0.0]": {"num_count": 297, "sum_payoffs": 84.80885206519154, "action": [1.0, 0.0]}}, "1": {"[2.0, 0.0]": {"num_count": 339, "sum_payoffs": 123.37526313800808, "action": [2.0, 0.0]}, "[2.0, 1.5707963267948966]": {"num_count": 300, "sum_payoffs": 105.04058380426348, "action": [2.0, 1.5707963267948966]}, "[0.0, 0.0]": {"num_count": 278, "sum_payoffs": 94.95543543882079, "action": [0.0, 0.0]}, "[0.0, 1.5707963267948966]": {"num_count": 251, "sum_payoffs": 82.58551609859414, "action": [0.0, 1.5707963267948966]}, "[1.0, -1.5707963267948966]": {"num_count": 281, "sum_payoffs": 96.27540941680482, "action": [1.0, -1.5707963267948966]}, "[0.0, -1.5707963267948966]": {"num_count": 259, "sum_payoffs": 86.2146829557808, "action": [0.0, -1.5707963267948966]}, "[2.0, -1.5707963267948966]": {"num_count": 296, "sum_payoffs": 103.11326956557804, "action": [2.0, -1.5707963267948966]}, "[1.0, 0.0]": {"num_count": 316, "sum_payoffs": 112.52167818747623, "action": [1.0, 0.0]}, "[1.0, 1.5707963267948966]": {"num_count": 280, "sum_payoffs": 95.88445966458973, "action": [1.0, 1.5707963267948966]}}}}