{"2": {"0": {"[1.0, 0]": {"num_count": 1181, "sum_payoffs": 4.47631578828, "action": [1.0, 0]}, "[0.0, 0]": {"num_count": 1419, "sum_payoffs": 6.659999998224, "action": [0.0, 0]}}, "1": {"[0.0, 0]": {"num_count": 1254, "sum_payoffs": 4.94999999868, "action": [0.0, 0]}, "[1.0, 0]": {"num_count": 1346, "sum_payoffs": 6.186315787824, "action": [1.0, 0]}}}, "1": {"0": {"[1.0, 0]": {"num_count": 1256, "sum_payoffs": 0.89999999976, "action": [1.0, 0]}, "[0.0, 0]": {"num_count": 1344, "sum_payoffs": 1.79999999952, "action": [0.0, 0]}}, "1": {"[1.0, 0]": {"num_count": 1353, "sum_payoffs": 1.79999999952, "action": [1.0, 0]}, "[0.0, 0]": {"num_count": 1247, "sum_payoffs": 0.89999999976, "action": [0.0, 0]}}}}