{"2": {"0": {"[0.0, 0]": {"num_count": 609, "sum_payoffs": 124.21349996687512, "action": [0.0, 0]}, "[1.0, 0]": {"num_count": 1491, "sum_payoffs": 389.40410515931194, "action": [1.0, 0]}}, "1": {"[1.0, 0]": {"num_count": 1482, "sum_payoffs": 387.52460515981386, "action": [1.0, 0]}, "[0.0, 0]": {"num_count": 618, "sum_payoffs": 127.06499996611447, "action": [0.0, 0]}}}, "1": {"0": {"[1.0, 0]": {"num_count": 1341, "sum_payoffs": 379.54499989879235, "action": [1.0, 0]}, "[0.0, 0]": {"num_count": 759, "sum_payoffs": 188.08499994984257, "action": [0.0, 0]}}, "1": {"[1.0, 0]": {"num_count": 1338, "sum_payoffs": 378.8699998989723, "action": [1.0, 0]}, "[0.0, 0]": {"num_count": 762, "sum_payoffs": 189.29999994951854, "action": [0.0, 0]}}}}