{"2": {"0": {"[1.0, 0]": {"num_count": 2254, "sum_payoffs": 232.40667428980726, "action": [1.0, 0]}, "[0.0, 0]": {"num_count": 1346, "sum_payoffs": 105.05024997636353, "action": [0.0, 0]}}, "1": {"[1.0, 0]": {"num_count": 2255, "sum_payoffs": 232.9078617896941, "action": [1.0, 0]}, "[0.0, 0]": {"num_count": 1345, "sum_payoffs": 105.09581247635332, "action": [0.0, 0]}}}, "1": {"0": {"[0.0, 0]": {"num_count": 1508, "sum_payoffs": 139.6912499685683, "action": [0.0, 0]}, "[1.0, 0]": {"num_count": 2092, "sum_payoffs": 226.7324999489896, "action": [1.0, 0]}}, "1": {"[1.0, 0]": {"num_count": 2090, "sum_payoffs": 226.52999994903516, "action": [1.0, 0]}, "[0.0, 0]": {"num_count": 1510, "sum_payoffs": 140.09624996847717, "action": [0.0, 0]}}}}