{"2": {"0": {"[1.0, 0]": {"num_count": 1393, "sum_payoffs": 178.29446047876738, "action": [1.0, 0]}, "[0.0, 0]": {"num_count": 207, "sum_payoffs": 20.99028946808678, "action": [0.0, 0]}}, "1": {"[0.0, 0]": {"num_count": 184, "sum_payoffs": 20.625789468183985, "action": [0.0, 0]}, "[1.0, 0]": {"num_count": 1416, "sum_payoffs": 184.24796047717967, "action": [1.0, 0]}}}, "1": {"0": {"[1.0, 0]": {"num_count": 1376, "sum_payoffs": 190.739999949138, "action": [1.0, 0]}, "[0.0, 0]": {"num_count": 224, "sum_payoffs": 25.97999999307193, "action": [0.0, 0]}}, "1": {"[0.0, 0]": {"num_count": 255, "sum_payoffs": 31.379999991631877, "action": [0.0, 0]}, "[1.0, 0]": {"num_count": 1345, "sum_payoffs": 187.49999995000184, "action": [1.0, 0]}}}}