{"2": {"0": {"[1.0, 0]": {"num_count": 3336, "sum_payoffs": 419.1682104145641, "action": [1.0, 0]}, "[0.0, 0]": {"num_count": 264, "sum_payoffs": 28.807499992317936, "action": [0.0, 0]}}, "1": {"[1.0, 0]": {"num_count": 3227, "sum_payoffs": 405.31721041825534, "action": [1.0, 0]}, "[0.0, 0]": {"num_count": 373, "sum_payoffs": 37.55549998998498, "action": [0.0, 0]}}}, "1": {"0": {"[1.0, 0]": {"num_count": 3318, "sum_payoffs": 454.66499987877506, "action": [1.0, 0]}, "[0.0, 0]": {"num_count": 282, "sum_payoffs": 33.67499999101986, "action": [0.0, 0]}}, "1": {"[1.0, 0]": {"num_count": 3304, "sum_payoffs": 452.032499879477, "action": [1.0, 0]}, "[0.0, 0]": {"num_count": 296, "sum_payoffs": 35.2274999906059, "action": [0.0, 0]}}}}