{"alphat_eff_gamelength_13": {"mean": 2.0, "variance": 0.0}, "runtime_gamelength_13": {"mean": 132.95234055519103, "variance": 17.578227280519513}, "max_timestep": {"mean": 13.0, "variance": 0.0}, "winner": {"mean": [0.0, 0.0], "variance": [0.0, 0.0]}, "runtime": {"mean": 132.9526557445526, "variance": 17.578369522449965}, "T_terminal": {"mean": 1.0, "variance": 0.0}, "trajectory_0": {"mean": [[1.0, 3.0, 0.0, 0.0], [3.0, 3.0, 0.0, 1.0]], "variance": [[0.0, 0.0, 0.0, 0.0], [0.0, 0.0, 0.0, 0.0]]}, "trajectory_1": {"mean": [[3.0, 3.0, 0.0, 0.0], [4.0, 3.0, 0.15707963267948966, 1.0]], "variance": [[0.0, 0.0, 0.0, 0.0], [0.0, 0.0, 0.22206609902451055, 0.0]]}, "coll_payoff_0": {"mean": [1.0], "variance": [0.0]}, "lead_payoff_0": {"mean": [0.6666666666666667], "variance": [1.232595164407831e-32]}, "coll_payoff_1": {"mean": [1.0], "variance": [0.0]}, "lead_payoff_1": {"mean": [0.33333333333333337], "variance": [3.0814879110195774e-33]}, "payoff_total": {"mean": [[0.5881226052798532, 0.578544061217369]], "variance": [[0.0, 1.232595164407831e-32]]}, "final_lead_payoff_0": {"mean": [0.4655172413793104], "variance": [3.0814879110195774e-33]}, "final_lead_payoff_1": {"mean": [0.5344827586206896], "variance": [0.0]}}