{"15": {"0": {"[0.0, -1.5707963267948966]": {"num_count": 120, "sum_payoffs": 26.44426859878229, "action": [0.0, -1.5707963267948966]}, "[0.0, 1.5707963267948966]": {"num_count": 117, "sum_payoffs": 25.1579660871162, "action": [0.0, 1.5707963267948966]}, "[2.0, 1.5707963267948966]": {"num_count": 121, "sum_payoffs": 26.71717234275554, "action": [2.0, 1.5707963267948966]}, "[1.0, 0.0]": {"num_count": 123, "sum_payoffs": 27.53588626533536, "action": [1.0, 0.0]}, "[0.0, 0.0]": {"num_count": 124, "sum_payoffs": 27.880332270320984, "action": [0.0, 0.0]}, "[1.0, -1.5707963267948966]": {"num_count": 122, "sum_payoffs": 27.130802823483823, "action": [1.0, -1.5707963267948966]}, "[2.0, 0.0]": {"num_count": 126, "sum_payoffs": 28.80332974711122, "action": [2.0, 0.0]}, "[2.0, -1.5707963267948966]": {"num_count": 126, "sum_payoffs": 28.623111585133053, "action": [2.0, -1.5707963267948966]}, "[1.0, 1.5707963267948966]": {"num_count": 121, "sum_payoffs": 26.816756927320686, "action": [1.0, 1.5707963267948966]}}, "1": {"[0.0, 0.0]": {"num_count": 183, "sum_payoffs": 36.81071615481001, "action": [0.0, 0.0]}, "[0.0, 1.5707963267948966]": {"num_count": 181, "sum_payoffs": 36.22295229307551, "action": [0.0, 1.5707963267948966]}, "[1.0, -1.5707963267948966]": {"num_count": 187, "sum_payoffs": 38.23236937374264, "action": [1.0, -1.5707963267948966]}, "[1.0, 1.5707963267948966]": {"num_count": 186, "sum_payoffs": 37.828167638747956, "action": [1.0, 1.5707963267948966]}, "[1.0, 0.0]": {"num_count": 184, "sum_payoffs": 37.211786991132094, "action": [1.0, 0.0]}, "[0.0, -1.5707963267948966]": {"num_count": 179, "sum_payoffs": 35.37428306437861, "action": [0.0, -1.5707963267948966]}}}}