{"4": {"0": {"[1.0, 1.5707963267948966]": {"num_count": 387, "sum_payoffs": 122.62071228042679, "action": [1.0, 1.5707963267948966]}, "[2.0, 1.5707963267948966]": {"num_count": 425, "sum_payoffs": 138.69638139962555, "action": [2.0, 1.5707963267948966]}, "[1.0, 0.0]": {"num_count": 412, "sum_payoffs": 133.20896136289082, "action": [1.0, 0.0]}, "[2.0, 0.0]": {"num_count": 447, "sum_payoffs": 148.08966795291417, "action": [2.0, 0.0]}, "[1.0, -1.5707963267948966]": {"num_count": 402, "sum_payoffs": 128.99245078426617, "action": [1.0, -1.5707963267948966]}, "[0.0, 1.5707963267948966]": {"num_count": 335, "sum_payoffs": 101.06390233971112, "action": [0.0, 1.5707963267948966]}, "[2.0, -1.5707963267948966]": {"num_count": 448, "sum_payoffs": 148.50075848407357, "action": [2.0, -1.5707963267948966]}, "[0.0, 0.0]": {"num_count": 397, "sum_payoffs": 126.87646380351954, "action": [0.0, 0.0]}, "[0.0, -1.5707963267948966]": {"num_count": 347, "sum_payoffs": 105.98207567872507, "action": [0.0, -1.5707963267948966]}}, "1": {"[2.0, 1.5707963267948966]": {"num_count": 451, "sum_payoffs": 183.21854644443496, "action": [2.0, 1.5707963267948966]}, "[1.0, 0.0]": {"num_count": 433, "sum_payoffs": 174.35892922028424, "action": [1.0, 0.0]}, "[2.0, 0.0]": {"num_count": 507, "sum_payoffs": 211.55905602854892, "action": [2.0, 0.0]}, "[0.0, 0.0]": {"num_count": 354, "sum_payoffs": 135.22393377202653, "action": [0.0, 0.0]}, "[0.0, 1.5707963267948966]": {"num_count": 313, "sum_payoffs": 115.33401590882374, "action": [0.0, 1.5707963267948966]}, "[1.0, 1.5707963267948966]": {"num_count": 380, "sum_payoffs": 148.00455678163965, "action": [1.0, 1.5707963267948966]}, "[0.0, -1.5707963267948966]": {"num_count": 302, "sum_payoffs": 110.01258894696923, "action": [0.0, -1.5707963267948966]}, "[2.0, -1.5707963267948966]": {"num_count": 468, "sum_payoffs": 191.83724861092776, "action": [2.0, -1.5707963267948966]}, "[1.0, -1.5707963267948966]": {"num_count": 392, "sum_payoffs": 153.94467007086152, "action": [1.0, -1.5707963267948966]}}}}