{"6": {"0": {"[0.0, 1.5707963267948966]": {"num_count": 161, "sum_payoffs": 42.857171040697764, "action": [0.0, 1.5707963267948966]}, "[0.0, 0.0]": {"num_count": 171, "sum_payoffs": 47.00033735880765, "action": [0.0, 0.0]}, "[2.0, 1.5707963267948966]": {"num_count": 179, "sum_payoffs": 50.34611837721215, "action": [2.0, 1.5707963267948966]}, "[2.0, -1.5707963267948966]": {"num_count": 184, "sum_payoffs": 52.60626931051443, "action": [2.0, -1.5707963267948966]}, "[1.0, -1.5707963267948966]": {"num_count": 181, "sum_payoffs": 51.22159823903547, "action": [1.0, -1.5707963267948966]}, "[2.0, 0.0]": {"num_count": 189, "sum_payoffs": 54.72127190592586, "action": [2.0, 0.0]}, "[1.0, 1.5707963267948966]": {"num_count": 180, "sum_payoffs": 50.92855188184845, "action": [1.0, 1.5707963267948966]}, "[1.0, 0.0]": {"num_count": 176, "sum_payoffs": 49.19937975396164, "action": [1.0, 0.0]}, "[0.0, -1.5707963267948966]": {"num_count": 179, "sum_payoffs": 50.396209323054144, "action": [0.0, -1.5707963267948966]}}, "1": {"[1.0, -1.5707963267948966]": {"num_count": 167, "sum_payoffs": 56.60880861086976, "action": [1.0, -1.5707963267948966]}, "[2.0, 1.5707963267948966]": {"num_count": 190, "sum_payoffs": 67.92837045684416, "action": [2.0, 1.5707963267948966]}, "[1.0, 1.5707963267948966]": {"num_count": 177, "sum_payoffs": 61.34064899857209, "action": [1.0, 1.5707963267948966]}, "[2.0, 0.0]": {"num_count": 206, "sum_payoffs": 75.86182975774344, "action": [2.0, 0.0]}, "[0.0, 1.5707963267948966]": {"num_count": 148, "sum_payoffs": 47.37902548602043, "action": [0.0, 1.5707963267948966]}, "[1.0, 0.0]": {"num_count": 190, "sum_payoffs": 67.86186413795394, "action": [1.0, 0.0]}, "[2.0, -1.5707963267948966]": {"num_count": 190, "sum_payoffs": 67.96601251982614, "action": [2.0, -1.5707963267948966]}, "[0.0, 0.0]": {"num_count": 174, "sum_payoffs": 59.89376881911559, "action": [0.0, 0.0]}, "[0.0, -1.5707963267948966]": {"num_count": 158, "sum_payoffs": 52.183420475344256, "action": [0.0, -1.5707963267948966]}}}}