{"2": {"0": {"[0.0, 0]": {"num_count": 236, "sum_payoffs": 61.782749986098835, "action": [0.0, 0]}, "[1.0, 0]": {"num_count": 3864, "sum_payoffs": 1425.7417496792193, "action": [1.0, 0]}}, "1": {"[1.0, 0]": {"num_count": 3863, "sum_payoffs": 1434.489749677252, "action": [1.0, 0]}, "[0.0, 0]": {"num_count": 237, "sum_payoffs": 66.88574998495064, "action": [0.0, 0]}}}, "1": {"0": {"[1.0, 0]": {"num_count": 3866, "sum_payoffs": 1575.6524996454027, "action": [1.0, 0]}, "[0.0, 0]": {"num_count": 234, "sum_payoffs": 85.25249998081847, "action": [0.0, 0]}}, "1": {"[0.0, 0]": {"num_count": 257, "sum_payoffs": 93.75749997890496, "action": [0.0, 0]}, "[1.0, 0]": {"num_count": 3843, "sum_payoffs": 1566.7424996474094, "action": [1.0, 0]}}}}