{"8": {"0": {"[0.0, 0.0]": {"num_count": 334, "sum_payoffs": 92.18666384181485, "action": [0.0, 0.0]}, "[1.0, 0.0]": {"num_count": 339, "sum_payoffs": 94.04429792656866, "action": [1.0, 0.0]}, "[2.0, 0.0]": {"num_count": 368, "sum_payoffs": 105.32658394472331, "action": [2.0, 0.0]}, "[2.0, -1.5707963267948966]": {"num_count": 357, "sum_payoffs": 101.1342173032511, "action": [2.0, -1.5707963267948966]}, "[0.0, 1.5707963267948966]": {"num_count": 323, "sum_payoffs": 87.9548617942401, "action": [0.0, 1.5707963267948966]}, "[0.0, -1.5707963267948966]": {"num_count": 343, "sum_payoffs": 95.71457458687591, "action": [0.0, -1.5707963267948966]}, "[2.0, 1.5707963267948966]": {"num_count": 350, "sum_payoffs": 98.39540382514285, "action": [2.0, 1.5707963267948966]}, "[1.0, 1.5707963267948966]": {"num_count": 335, "sum_payoffs": 92.6020799077914, "action": [1.0, 1.5707963267948966]}, "[1.0, -1.5707963267948966]": {"num_count": 351, "sum_payoffs": 98.81098487703234, "action": [1.0, -1.5707963267948966]}}, "1": {"[1.0, 0.0]": {"num_count": 566, "sum_payoffs": 155.8088933271236, "action": [1.0, 0.0]}, "[1.0, -1.5707963267948966]": {"num_count": 535, "sum_payoffs": 144.6201595116427, "action": [1.0, -1.5707963267948966]}, "[0.0, 0.0]": {"num_count": 497, "sum_payoffs": 131.2181807827772, "action": [0.0, 0.0]}, "[0.0, -1.5707963267948966]": {"num_count": 483, "sum_payoffs": 126.27087382615365, "action": [0.0, -1.5707963267948966]}, "[0.0, 1.5707963267948966]": {"num_count": 485, "sum_payoffs": 126.86106630333133, "action": [0.0, 1.5707963267948966]}, "[1.0, 1.5707963267948966]": {"num_count": 534, "sum_payoffs": 144.35303406852267, "action": [1.0, 1.5707963267948966]}}}}