{"2": {"0": {"[1.0, 0]": {"num_count": 1480, "sum_payoffs": 412.42920385456495, "action": [1.0, 0]}, "[0.0, 0]": {"num_count": 120, "sum_payoffs": 24.81862499441577, "action": [0.0, 0]}}, "1": {"[0.0, 0]": {"num_count": 133, "sum_payoffs": 29.192624993431615, "action": [0.0, 0]}, "[1.0, 0]": {"num_count": 1467, "sum_payoffs": 413.5227038543188, "action": [1.0, 0]}}}, "1": {"0": {"[1.0, 0]": {"num_count": 1488, "sum_payoffs": 461.84624989608153, "action": [1.0, 0]}, "[0.0, 0]": {"num_count": 112, "sum_payoffs": 30.903749993046674, "action": [0.0, 0]}}, "1": {"[0.0, 0]": {"num_count": 148, "sum_payoffs": 35.15624999208981, "action": [0.0, 0]}, "[1.0, 0]": {"num_count": 1452, "sum_payoffs": 445.44374989977194, "action": [1.0, 0]}}}}