{"runtime": 0.6835951805114746, "winner": [1, 0], "T_terminal": 12, "trajectories": [[1.0, 3.0, 0.0, 3.0, 3.0, 0.0, 0.0], [2.0, 3.0, 0.0, 4.0, 3.0, 0.0, 1.0], [4.0, 3.0, 4.71238898038469, 4.0, 3.0, 4.71238898038469, 2.0], [4.0, 2.0, 0.0, 4.0, 2.0, 4.71238898038469, 3.0], [4.0, 2.0, 0.0, 4.0, 1.0, 3.141592653589793, 4.0], [5.0, 2.0, 4.71238898038469, 3.0, 1.0000000000000002, 1.5707963267948966, 5.0], [5.0, 1.0, 4.71238898038469, 3.0, 1.0000000000000002, 3.141592653589793, 6.0], [5.0, 1.0, 0.0, 2.0, 1.0000000000000004, 4.71238898038469, 7.0], [5.0, 1.0, 0.0, 2.0, 1.0000000000000004, 3.141592653589793, 8.0], [7.0, 1.0, 0.0, 2.0, 1.0000000000000004, 1.5707963267948966, 9.0], [7.0, 1.0, 1.5707963267948966, 2.0, 2.0000000000000004, 1.5707963267948966, 10.0], [7.0, 2.0, 3.141592653589793, 2.0, 2.0000000000000004, 1.5707963267948966, 11.0], [5.0, 2.0000000000000004, 3.141592653589793, 2.0, 3.0000000000000004, 1.5707963267948966, 12.0]], "penalty_distance_0": [-0.013533528323661271, -0.1, -0.1, -0.036787944117144235, -0.010687792566038575, -0.013533528323661271, -0.004978706836786395, -0.004978706836786395, -0.0006737946999085467, -0.0006102727274174004, -0.0006737946999085467, -0.004232921962320499], "penalty_distance_1": [-0.013533528323661271, -0.1, -0.1, -0.036787944117144235, -0.010687792566038575, -0.013533528323661271, -0.004978706836786395, -0.004978706836786395, -0.0006737946999085467, -0.0006102727274174004, -0.0006737946999085467, -0.004232921962320499], "reward_progress_0": [0.0, 0.0, 0.0, 0.0, 0.0, 0.0, 0.0, 0.0, 0.0, 0.0, 0.0, -0.0], "reward_progress_1": [0.0, 0.0, 0.0, 0.0, -0.0, 0.0, -0.0, 0.0, 0.0, 0.0, 0.0, 0.0], "penalty_agressor_0": [0.0, 0.0, 0.0, 0.0, 0.0, 0.0, 0.0, 0.0, 0.0, 0.0, 0.0, 0.0], "penalty_agressor_1": [0.0, 0.0, 0.0, 0.0, 0.0, 0.0, 0.0, 0.0, 0.0, 0.0, 0.0, 0.0], "penalty_timestep_0": [-2.4000000000000004], "penalty_timestep_1": [-2.4000000000000004], "reward_lead_0": [3.0], "reward_lead_1": [-3.0], "payoff_total0": [-0.013533528323661271, -0.11353352832366127, -0.2135335283236613, -0.25032147244080555, -0.2610092650068441, -0.2745427933305054, -0.2795215001672918, -0.28450020700407824, -0.28517400170398677, -0.2857842744314042, -0.2864580691313127, -0.2906909910936332, 0.3093090089063664], "payoff_total1": [-0.013533528323661271, -0.11353352832366127, -0.2135335283236613, -0.25032147244080555, -0.2610092650068441, -0.2745427933305054, -0.2795215001672918, -0.28450020700407824, -0.28517400170398677, -0.2857842744314042, -0.2864580691313127, -0.2906909910936332, -5.690690991093634]}