{"9": {"0": {"[1.0, 0.0]": {"num_count": 67, "sum_payoffs": 16.309657587734073, "action": [1.0, 0.0]}, "[0.0, 1.5707963267948966]": {"num_count": 65, "sum_payoffs": 15.519787879479907, "action": [0.0, 1.5707963267948966]}, "[0.0, 0.0]": {"num_count": 66, "sum_payoffs": 15.953727577377698, "action": [0.0, 0.0]}, "[1.0, -1.5707963267948966]": {"num_count": 66, "sum_payoffs": 15.985077829252774, "action": [1.0, -1.5707963267948966]}, "[2.0, 0.0]": {"num_count": 68, "sum_payoffs": 16.7602832683045, "action": [2.0, 0.0]}, "[1.0, 1.5707963267948966]": {"num_count": 68, "sum_payoffs": 16.793435988336824, "action": [1.0, 1.5707963267948966]}, "[2.0, -1.5707963267948966]": {"num_count": 68, "sum_payoffs": 16.775786966706487, "action": [2.0, -1.5707963267948966]}, "[0.0, -1.5707963267948966]": {"num_count": 65, "sum_payoffs": 15.585035945460707, "action": [0.0, -1.5707963267948966]}, "[2.0, 1.5707963267948966]": {"num_count": 67, "sum_payoffs": 16.33804118634003, "action": [2.0, 1.5707963267948966]}}, "1": {"[1.0, -1.5707963267948966]": {"num_count": 66, "sum_payoffs": 19.207775054666644, "action": [1.0, -1.5707963267948966]}, "[0.0, 0.0]": {"num_count": 66, "sum_payoffs": 19.39857781369606, "action": [0.0, 0.0]}, "[0.0, -1.5707963267948966]": {"num_count": 62, "sum_payoffs": 17.291654100851986, "action": [0.0, -1.5707963267948966]}, "[2.0, 0.0]": {"num_count": 71, "sum_payoffs": 22.07419100970832, "action": [2.0, 0.0]}, "[2.0, -1.5707963267948966]": {"num_count": 71, "sum_payoffs": 21.879100003260607, "action": [2.0, -1.5707963267948966]}, "[2.0, 1.5707963267948966]": {"num_count": 69, "sum_payoffs": 20.90654995603123, "action": [2.0, 1.5707963267948966]}, "[1.0, 1.5707963267948966]": {"num_count": 66, "sum_payoffs": 19.414190742996734, "action": [1.0, 1.5707963267948966]}, "[1.0, 0.0]": {"num_count": 66, "sum_payoffs": 19.29932415781733, "action": [1.0, 0.0]}, "[0.0, 1.5707963267948966]": {"num_count": 63, "sum_payoffs": 17.78872159761845, "action": [0.0, 1.5707963267948966]}}}}