{"6": {"0": {"[0.0, 1.5707963267948966]": {"num_count": 11, "sum_payoffs": 3.3838131413602146, "action": [0.0, 1.5707963267948966]}, "[2.0, 1.5707963267948966]": {"num_count": 11, "sum_payoffs": 3.2984315007360556, "action": [2.0, 1.5707963267948966]}, "[0.0, -1.5707963267948966]": {"num_count": 11, "sum_payoffs": 3.498726400256199, "action": [0.0, -1.5707963267948966]}, "[1.0, 1.5707963267948966]": {"num_count": 11, "sum_payoffs": 3.448498270084251, "action": [1.0, 1.5707963267948966]}, "[0.0, 0.0]": {"num_count": 12, "sum_payoffs": 4.1257081283060035, "action": [0.0, 0.0]}, "[2.0, 0.0]": {"num_count": 12, "sum_payoffs": 4.011776520464478, "action": [2.0, 0.0]}, "[1.0, -1.5707963267948966]": {"num_count": 11, "sum_payoffs": 3.5474835381089633, "action": [1.0, -1.5707963267948966]}, "[1.0, 0.0]": {"num_count": 11, "sum_payoffs": 3.5511355249831054, "action": [1.0, 0.0]}, "[2.0, -1.5707963267948966]": {"num_count": 10, "sum_payoffs": 2.844710521511196, "action": [2.0, -1.5707963267948966]}}, "1": {"[1.0, 1.5707963267948966]": {"num_count": 16, "sum_payoffs": 5.086597214926875, "action": [1.0, 1.5707963267948966]}, "[0.0, 1.5707963267948966]": {"num_count": 17, "sum_payoffs": 5.449451622359708, "action": [0.0, 1.5707963267948966]}, "[1.0, -1.5707963267948966]": {"num_count": 17, "sum_payoffs": 5.48705603085126, "action": [1.0, -1.5707963267948966]}, "[1.0, 0.0]": {"num_count": 18, "sum_payoffs": 6.141642100803838, "action": [1.0, 0.0]}, "[0.0, 0.0]": {"num_count": 17, "sum_payoffs": 5.639226732404067, "action": [0.0, 0.0]}, "[0.0, -1.5707963267948966]": {"num_count": 15, "sum_payoffs": 4.377433712251079, "action": [0.0, -1.5707963267948966]}}}}