{"2": {"0": {"[1.0, 0]": {"num_count": 694, "sum_payoffs": 123.42950185854095, "action": [1.0, 0]}, "[0.0, 0]": {"num_count": 406, "sum_payoffs": 54.37928570496375, "action": [0.0, 0]}}, "1": {"[0.0, 0]": {"num_count": 404, "sum_payoffs": 54.30117856211994, "action": [0.0, 0]}, "[1.0, 0]": {"num_count": 696, "sum_payoffs": 124.28868042982207, "action": [1.0, 0]}}}, "1": {"0": {"[0.0, 0]": {"num_count": 465, "sum_payoffs": 74.62928570149184, "action": [0.0, 0]}, "[1.0, 0]": {"num_count": 635, "sum_payoffs": 117.75535712267119, "action": [1.0, 0]}}, "1": {"[0.0, 0]": {"num_count": 468, "sum_payoffs": 75.49714284420021, "action": [0.0, 0]}, "[1.0, 0]": {"num_count": 632, "sum_payoffs": 117.23464283704615, "action": [1.0, 0]}}}}