{"2": {"0": {"[1.0, 0]": {"num_count": 50, "sum_payoffs": 14.580426312873401, "action": [1.0, 0]}, "[0.0, 0]": {"num_count": 50, "sum_payoffs": 10.759949997848025, "action": [0.0, 0]}}, "1": {"[0.0, 0]": {"num_count": 26, "sum_payoffs": 6.791399998641723, "action": [0.0, 0]}, "[1.0, 0]": {"num_count": 74, "sum_payoffs": 21.173376311554822, "action": [1.0, 0]}}}, "1": {"0": {"[0.0, 0]": {"num_count": 40, "sum_payoffs": 8.5004999982999, "action": [0.0, 0]}, "[1.0, 0]": {"num_count": 60, "sum_payoffs": 16.636499996672683, "action": [1.0, 0]}}, "1": {"[1.0, 0]": {"num_count": 55, "sum_payoffs": 15.907499996818482, "action": [1.0, 0]}, "[0.0, 0]": {"num_count": 45, "sum_payoffs": 9.958499998008298, "action": [0.0, 0]}}}}