{"2": {"0": {"[0.0, 0]": {"num_count": 371, "sum_payoffs": 55.4788420858456, "action": [0.0, 0]}, "[1.0, 0]": {"num_count": 729, "sum_payoffs": 149.62215784236966, "action": [1.0, 0]}}, "1": {"[0.0, 0]": {"num_count": 377, "sum_payoffs": 57.5144999798699, "action": [0.0, 0]}, "[1.0, 0]": {"num_count": 723, "sum_payoffs": 149.04449994783502, "action": [1.0, 0]}}}, "1": {"0": {"[0.0, 0]": {"num_count": 441, "sum_payoffs": 81.24749997156376, "action": [0.0, 0]}, "[1.0, 0]": {"num_count": 659, "sum_payoffs": 142.75124995003856, "action": [1.0, 0]}}, "1": {"[0.0, 0]": {"num_count": 443, "sum_payoffs": 81.95624997131571, "action": [0.0, 0]}, "[1.0, 0]": {"num_count": 657, "sum_payoffs": 142.44749995014485, "action": [1.0, 0]}}}}