{"2": {"0": {"[0.0, 0]": {"num_count": 1600, "sum_payoffs": 6.659999998501499, "action": [0.0, 0]}, "[1.0, 0]": {"num_count": 1500, "sum_payoffs": 6.186315788081763, "action": [1.0, 0]}}, "1": {"[0.0, 0]": {"num_count": 1616, "sum_payoffs": 6.659999998501499, "action": [0.0, 0]}, "[1.0, 0]": {"num_count": 1484, "sum_payoffs": 6.186315788081763, "action": [1.0, 0]}}}, "1": {"0": {"[1.0, 0]": {"num_count": 1516, "sum_payoffs": 0.8999999997975, "action": [1.0, 0]}, "[0.0, 0]": {"num_count": 1584, "sum_payoffs": 1.799999999595, "action": [0.0, 0]}}, "1": {"[1.0, 0]": {"num_count": 1507, "sum_payoffs": 0.8999999997975, "action": [1.0, 0]}, "[0.0, 0]": {"num_count": 1593, "sum_payoffs": 1.799999999595, "action": [0.0, 0]}}}}