{"7": {"0": {"[2.0, -1.5707963267948966]": {"num_count": 186, "sum_payoffs": 50.45604272416335, "action": [2.0, -1.5707963267948966]}, "[2.0, 0.0]": {"num_count": 179, "sum_payoffs": 47.67072047499544, "action": [2.0, 0.0]}, "[0.0, 1.5707963267948966]": {"num_count": 172, "sum_payoffs": 44.84819470404127, "action": [0.0, 1.5707963267948966]}, "[0.0, -1.5707963267948966]": {"num_count": 163, "sum_payoffs": 41.06314522174033, "action": [0.0, -1.5707963267948966]}, "[1.0, 1.5707963267948966]": {"num_count": 173, "sum_payoffs": 45.095198808462314, "action": [1.0, 1.5707963267948966]}, "[1.0, 0.0]": {"num_count": 189, "sum_payoffs": 51.80755823969786, "action": [1.0, 0.0]}, "[2.0, 1.5707963267948966]": {"num_count": 177, "sum_payoffs": 46.80067390952192, "action": [2.0, 1.5707963267948966]}, "[1.0, -1.5707963267948966]": {"num_count": 182, "sum_payoffs": 48.86542740821521, "action": [1.0, -1.5707963267948966]}, "[0.0, 0.0]": {"num_count": 179, "sum_payoffs": 47.610919288321554, "action": [0.0, 0.0]}}, "1": {"[0.0, -1.5707963267948966]": {"num_count": 162, "sum_payoffs": 50.434088385035984, "action": [0.0, -1.5707963267948966]}, "[0.0, 0.0]": {"num_count": 166, "sum_payoffs": 52.35420458312433, "action": [0.0, 0.0]}, "[2.0, -1.5707963267948966]": {"num_count": 182, "sum_payoffs": 59.81241653409586, "action": [2.0, -1.5707963267948966]}, "[1.0, 0.0]": {"num_count": 194, "sum_payoffs": 65.40924877045273, "action": [1.0, 0.0]}, "[0.0, 1.5707963267948966]": {"num_count": 156, "sum_payoffs": 47.70828743351223, "action": [0.0, 1.5707963267948966]}, "[1.0, 1.5707963267948966]": {"num_count": 174, "sum_payoffs": 56.03436756923737, "action": [1.0, 1.5707963267948966]}, "[2.0, 1.5707963267948966]": {"num_count": 183, "sum_payoffs": 60.22481738990366, "action": [2.0, 1.5707963267948966]}, "[1.0, -1.5707963267948966]": {"num_count": 177, "sum_payoffs": 57.43761010455109, "action": [1.0, -1.5707963267948966]}, "[2.0, 0.0]": {"num_count": 206, "sum_payoffs": 71.22086313573502, "action": [2.0, 0.0]}}}}