{"1": {"0": {"[0.0, 0.0]": {"num_count": 165, "sum_payoffs": 39.45027485599371, "action": [0.0, 0.0]}, "[2.0, -1.5707963267948966]": {"num_count": 192, "sum_payoffs": 50.09495251538907, "action": [2.0, -1.5707963267948966]}, "[2.0, 1.5707963267948966]": {"num_count": 193, "sum_payoffs": 50.604697642740376, "action": [2.0, 1.5707963267948966]}, "[2.0, 0.0]": {"num_count": 191, "sum_payoffs": 49.66516740801441, "action": [2.0, 0.0]}, "[1.0, 0.0]": {"num_count": 176, "sum_payoffs": 43.85807095720815, "action": [1.0, 0.0]}, "[1.0, -1.5707963267948966]": {"num_count": 177, "sum_payoffs": 44.14792602962361, "action": [1.0, -1.5707963267948966]}, "[1.0, 1.5707963267948966]": {"num_count": 177, "sum_payoffs": 44.12793602462944, "action": [1.0, 1.5707963267948966]}, "[0.0, -1.5707963267948966]": {"num_count": 164, "sum_payoffs": 39.04047975361323, "action": [0.0, -1.5707963267948966]}, "[0.0, 1.5707963267948966]": {"num_count": 165, "sum_payoffs": 39.450274855993726, "action": [0.0, 1.5707963267948966]}}, "1": {"[0.0, 0.0]": {"num_count": 164, "sum_payoffs": 52.11394301979995, "action": [0.0, 0.0]}, "[0.0, 1.5707963267948966]": {"num_count": 165, "sum_payoffs": 52.60369814215707, "action": [0.0, 1.5707963267948966]}, "[2.0, 0.0]": {"num_count": 191, "sum_payoffs": 64.9975012385423, "action": [2.0, 0.0]}, "[2.0, 1.5707963267948966]": {"num_count": 194, "sum_payoffs": 66.28685656066625, "action": [2.0, 1.5707963267948966]}, "[2.0, -1.5707963267948966]": {"num_count": 192, "sum_payoffs": 65.36731633093443, "action": [2.0, -1.5707963267948966]}, "[0.0, -1.5707963267948966]": {"num_count": 164, "sum_payoffs": 52.1339330247941, "action": [0.0, -1.5707963267948966]}, "[1.0, 0.0]": {"num_count": 176, "sum_payoffs": 57.7311344231616, "action": [1.0, 0.0]}, "[1.0, -1.5707963267948966]": {"num_count": 177, "sum_payoffs": 58.32083957048963, "action": [1.0, -1.5707963267948966]}, "[1.0, 1.5707963267948966]": {"num_count": 177, "sum_payoffs": 58.22088954551877, "action": [1.0, 1.5707963267948966]}}}}