{"10": {"0": {"[2.0, -1.5707963267948966]": {"num_count": 184, "sum_payoffs": 48.78337421296432, "action": [2.0, -1.5707963267948966]}, "[2.0, 1.5707963267948966]": {"num_count": 184, "sum_payoffs": 48.68572780944411, "action": [2.0, 1.5707963267948966]}, "[0.0, 1.5707963267948966]": {"num_count": 169, "sum_payoffs": 42.66351699556859, "action": [0.0, 1.5707963267948966]}, "[1.0, -1.5707963267948966]": {"num_count": 184, "sum_payoffs": 48.76739728949796, "action": [1.0, -1.5707963267948966]}, "[1.0, 0.0]": {"num_count": 174, "sum_payoffs": 44.70304841489865, "action": [1.0, 0.0]}, "[0.0, 0.0]": {"num_count": 173, "sum_payoffs": 44.35643994429442, "action": [0.0, 0.0]}, "[2.0, 0.0]": {"num_count": 182, "sum_payoffs": 47.9842297901327, "action": [2.0, 0.0]}, "[1.0, 1.5707963267948966]": {"num_count": 178, "sum_payoffs": 46.375969698871856, "action": [1.0, 1.5707963267948966]}, "[0.0, -1.5707963267948966]": {"num_count": 172, "sum_payoffs": 43.90332253828251, "action": [0.0, -1.5707963267948966]}}, "1": {"[0.0, -1.5707963267948966]": {"num_count": 270, "sum_payoffs": 64.97913518269569, "action": [0.0, -1.5707963267948966]}, "[1.0, -1.5707963267948966]": {"num_count": 278, "sum_payoffs": 67.78948579678612, "action": [1.0, -1.5707963267948966]}, "[1.0, 0.0]": {"num_count": 268, "sum_payoffs": 64.21426937981786, "action": [1.0, 0.0]}, "[1.0, 1.5707963267948966]": {"num_count": 268, "sum_payoffs": 64.17491068680636, "action": [1.0, 1.5707963267948966]}, "[0.0, 0.0]": {"num_count": 258, "sum_payoffs": 60.68107500799526, "action": [0.0, 0.0]}, "[0.0, 1.5707963267948966]": {"num_count": 258, "sum_payoffs": 60.616803078278515, "action": [0.0, 1.5707963267948966]}}}}