{"2": {"0": {"[1.0, 0]": {"num_count": 1912, "sum_payoffs": 588.9570630401133, "action": [1.0, 0]}, "[0.0, 0]": {"num_count": 688, "sum_payoffs": 170.2979999659391, "action": [0.0, 0]}}, "1": {"[0.0, 0]": {"num_count": 693, "sum_payoffs": 172.33919996553107, "action": [0.0, 0]}, "[1.0, 0]": {"num_count": 1907, "sum_payoffs": 588.957063040114, "action": [1.0, 0]}}}, "1": {"0": {"[1.0, 0]": {"num_count": 1328, "sum_payoffs": 432.0899999135911, "action": [1.0, 0]}, "[0.0, 0]": {"num_count": 1272, "sum_payoffs": 410.8499999178384, "action": [0.0, 0]}}, "1": {"[1.0, 0]": {"num_count": 1328, "sum_payoffs": 432.0899999135911, "action": [1.0, 0]}, "[0.0, 0]": {"num_count": 1272, "sum_payoffs": 410.8499999178384, "action": [0.0, 0]}}}}