{"alphat_eff_gamelength_14": 2.1538461538461537, "runtime_gamelength_14": 32.71072006225586, "max_timestep": 14, "winner": [0, 0], "runtime": 32.711021900177, "T_terminal": 1, "trajectory_0": [[1.0, 3.0, 0.0, 0], [1.0, 3.0, 0.0, 1]], "trajectory_1": [[3.0, 3.0, 0.0, 0], [4.0, 3.0, 1.5707963267948966, 1]], "coll_payoff_0": [1.0], "lead_payoff_0": [0.0], "coll_payoff_1": [1.0], "lead_payoff_1": [1.0], "payoff_total": [[0.4310344826951149, 0.7356321838021073]], "final_lead_payoff_0": [0.39655172413793105], "final_lead_payoff_1": [0.603448275862069]}