{"runtime": 485.5964415073395, "winner": [0, 1], "T_terminal": 9, "trajectories": [[1.0, 3.0, 0.0, 3.0, 3.0, 0.0, 0.0], [1.0, 3.0, 1.5707963267948966, 4.0, 3.0, 0.0, 1.0], [1.0000000000000002, 5.0, 3.141592653589793, 5.0, 3.0, 0.0, 2.0], [1.0000000000000002, 5.0, 3.141592653589793, 6.0, 3.0, 0.0, 3.0], [1.0000000000000002, 5.0, 1.5707963267948966, 7.0, 3.0, 0.0, 4.0], [1.0000000000000002, 5.0, 0.0, 8.0, 3.0, 0.0, 5.0], [3.0, 5.0, 0.0, 9.0, 3.0, 0.0, 6.0], [5.0, 5.0, 0.0, 10.0, 3.0, 0.0, 7.0], [7.0, 5.0, 1.5707963267948966, 11.0, 3.0, 0.0, 8.0], [7.0, 5.0, 0.0, 12.0, 3.0, 1.5707963267948966, 9.0]], "penalty_distance_0": [-0.49787068367863946, -0.1142289099346694, -0.04584084770106734, -0.017917628339095222, -0.006891098337480864, -0.017917628339095222, -0.04584084770106734, -0.1142289099346694, -0.04584084770106734], "penalty_distance_1": [-0.49787068367863946, -0.1142289099346694, -0.04584084770106734, -0.017917628339095222, -0.006891098337480864, -0.017917628339095222, -0.04584084770106734, -0.1142289099346694, -0.04584084770106734], "reward_progress_0": [0.0, 0.0, 0.0, 0.0, 0.0, 0.0, 0.0, 0.0, 0.0], "reward_progress_1": [0.0, 0.0, 0.0, 0.0, 0.0, 0.0, 0.0, 0.0, 0.0], "penalty_agressor_0": [0.0, 0.0, 0.0, 0.0, 0.0, 0.0, 0.0, 0.0, 0.0], "penalty_agressor_1": [0.0, 0.0, 0.0, 0.0, 0.0, 0.0, 0.0, 0.0, 0.0], "penalty_timestep_0": [-0.9], "penalty_timestep_1": [-0.9], "reward_lead_0": [-5.0], "reward_lead_1": [5.0], "payoff_total_0": [-0.49787068367863946, -0.6120995936133089, -0.6579404413143762, -0.6758580696534715, -0.6827491679909524, -0.7006667963300477, -0.746507644031115, -0.8607365539657844, -0.9065774016668517, -6.806577401666852], "payoff_total_1": [-0.49787068367863946, -0.6120995936133089, -0.6579404413143762, -0.6758580696534715, -0.6827491679909524, -0.7006667963300477, -0.746507644031115, -0.8607365539657844, -0.9065774016668517, 3.193422598333148]}