{"2": {"0": {"[0.0, 0]": {"num_count": 144, "sum_payoffs": 29.01449999226284, "action": [0.0, 0]}, "[1.0, 0]": {"num_count": 956, "sum_payoffs": 241.27499993565556, "action": [1.0, 0]}}, "1": {"[0.0, 0]": {"num_count": 115, "sum_payoffs": 23.526394730568427, "action": [0.0, 0]}, "[1.0, 0]": {"num_count": 985, "sum_payoffs": 248.46410519689607, "action": [1.0, 0]}}}, "1": {"0": {"[0.0, 0]": {"num_count": 149, "sum_payoffs": 35.399999990559955, "action": [0.0, 0]}, "[1.0, 0]": {"num_count": 951, "sum_payoffs": 261.8249999301762, "action": [1.0, 0]}}, "1": {"[1.0, 0]": {"num_count": 1009, "sum_payoffs": 278.56499992571315, "action": [1.0, 0]}, "[0.0, 0]": {"num_count": 91, "sum_payoffs": 19.739999994735996, "action": [0.0, 0]}}}}