{"2": {"0": {"[0.0, 0]": {"num_count": 1272, "sum_payoffs": 4.94999999888625, "action": [0.0, 0]}, "[1.0, 0]": {"num_count": 1328, "sum_payoffs": 5.376315788264013, "action": [1.0, 0]}}, "1": {"[1.0, 0]": {"num_count": 1410, "sum_payoffs": 6.186315788081763, "action": [1.0, 0]}, "[0.0, 0]": {"num_count": 1190, "sum_payoffs": 4.1399999990685, "action": [0.0, 0]}}}, "1": {"0": {"[0.0, 0]": {"num_count": 1281, "sum_payoffs": 0.8999999997975, "action": [0.0, 0]}, "[1.0, 0]": {"num_count": 1319, "sum_payoffs": 1.799999999595, "action": [1.0, 0]}}, "1": {"[1.0, 0]": {"num_count": 1351, "sum_payoffs": 1.799999999595, "action": [1.0, 0]}, "[0.0, 0]": {"num_count": 1249, "sum_payoffs": 0.8999999997975, "action": [0.0, 0]}}}}