{"3": {"0": {"[1.0, -1.5707963267948966]": {"num_count": 187, "sum_payoffs": 66.19545657715368, "action": [1.0, -1.5707963267948966]}, "[0.0, -1.5707963267948966]": {"num_count": 169, "sum_payoffs": 57.13105185145675, "action": [0.0, -1.5707963267948966]}, "[1.0, 1.5707963267948966]": {"num_count": 187, "sum_payoffs": 66.15674269455744, "action": [1.0, 1.5707963267948966]}, "[0.0, 0.0]": {"num_count": 169, "sum_payoffs": 57.31650445330236, "action": [0.0, 0.0]}, "[2.0, -1.5707963267948966]": {"num_count": 193, "sum_payoffs": 69.09039379612462, "action": [2.0, -1.5707963267948966]}, "[2.0, 0.0]": {"num_count": 177, "sum_payoffs": 61.205202111402095, "action": [2.0, 0.0]}, "[0.0, 1.5707963267948966]": {"num_count": 171, "sum_payoffs": 58.33362790530814, "action": [0.0, 1.5707963267948966]}, "[2.0, 1.5707963267948966]": {"num_count": 187, "sum_payoffs": 66.14662202390139, "action": [2.0, 1.5707963267948966]}, "[1.0, 0.0]": {"num_count": 160, "sum_payoffs": 52.75834781533556, "action": [1.0, 0.0]}}, "1": {"[0.0, 0.0]": {"num_count": 146, "sum_payoffs": 58.456534993039405, "action": [0.0, 0.0]}, "[2.0, 1.5707963267948966]": {"num_count": 210, "sum_payoffs": 95.18043957981963, "action": [2.0, 1.5707963267948966]}, "[1.0, 0.0]": {"num_count": 166, "sum_payoffs": 69.75766954957949, "action": [1.0, 0.0]}, "[0.0, -1.5707963267948966]": {"num_count": 158, "sum_payoffs": 65.13114633543846, "action": [0.0, -1.5707963267948966]}, "[1.0, -1.5707963267948966]": {"num_count": 177, "sum_payoffs": 75.72458333118442, "action": [1.0, -1.5707963267948966]}, "[2.0, 0.0]": {"num_count": 205, "sum_payoffs": 92.07519028211787, "action": [2.0, 0.0]}, "[1.0, 1.5707963267948966]": {"num_count": 187, "sum_payoffs": 81.79025545171179, "action": [1.0, 1.5707963267948966]}, "[0.0, 1.5707963267948966]": {"num_count": 149, "sum_payoffs": 60.029799865440076, "action": [0.0, 1.5707963267948966]}, "[2.0, -1.5707963267948966]": {"num_count": 202, "sum_payoffs": 90.4834276579215, "action": [2.0, -1.5707963267948966]}}}}