{"2": {"0": {"[1.0, 0]": {"num_count": 552, "sum_payoffs": 5.376315786247895, "action": [1.0, 0]}, "[0.0, 0]": {"num_count": 548, "sum_payoffs": 4.94999999703, "action": [0.0, 0]}}, "1": {"[0.0, 0]": {"num_count": 558, "sum_payoffs": 5.84999999649, "action": [0.0, 0]}, "[1.0, 0]": {"num_count": 542, "sum_payoffs": 4.476315786787895, "action": [1.0, 0]}}}, "1": {"0": {"[1.0, 0]": {"num_count": 561, "sum_payoffs": 1.79999999892, "action": [1.0, 0]}, "[0.0, 0]": {"num_count": 539, "sum_payoffs": 0.0, "action": [0.0, 0]}}, "1": {"[0.0, 0]": {"num_count": 550, "sum_payoffs": 0.89999999946, "action": [0.0, 0]}, "[1.0, 0]": {"num_count": 550, "sum_payoffs": 0.89999999946, "action": [1.0, 0]}}}}