{"2": {"0": {"[1.0, 0]": {"num_count": 2225, "sum_payoffs": 841.9949998105203, "action": [1.0, 0]}, "[0.0, 0]": {"num_count": 875, "sum_payoffs": 286.86149993545865, "action": [0.0, 0]}}, "1": {"[0.0, 0]": {"num_count": 875, "sum_payoffs": 287.4082499353356, "action": [0.0, 0]}, "[1.0, 0]": {"num_count": 2225, "sum_payoffs": 843.2707498102329, "action": [1.0, 0]}}}, "1": {"0": {"[1.0, 0]": {"num_count": 2026, "sum_payoffs": 843.8174998101567, "action": [1.0, 0]}, "[0.0, 0]": {"num_count": 1074, "sum_payoffs": 411.47999990741175, "action": [0.0, 0]}}, "1": {"[1.0, 0]": {"num_count": 2026, "sum_payoffs": 844.4249998100202, "action": [1.0, 0]}, "[0.0, 0]": {"num_count": 1074, "sum_payoffs": 411.68249990736615, "action": [0.0, 0]}}}}