{"2": {"0": {"[1.0, 0]": {"num_count": 309, "sum_payoffs": 6.186315787824, "action": [1.0, 0]}, "[0.0, 0]": {"num_count": 291, "sum_payoffs": 4.049999998920001, "action": [0.0, 0]}}, "1": {"[1.0, 0]": {"num_count": 301, "sum_payoffs": 5.286315788064, "action": [1.0, 0]}, "[0.0, 0]": {"num_count": 299, "sum_payoffs": 4.94999999868, "action": [0.0, 0]}}}, "1": {"0": {"[0.0, 0]": {"num_count": 296, "sum_payoffs": 0.89999999976, "action": [0.0, 0]}, "[1.0, 0]": {"num_count": 304, "sum_payoffs": 1.79999999952, "action": [1.0, 0]}}, "1": {"[0.0, 0]": {"num_count": 296, "sum_payoffs": 0.89999999976, "action": [0.0, 0]}, "[1.0, 0]": {"num_count": 304, "sum_payoffs": 1.79999999952, "action": [1.0, 0]}}}}