{"2": {"0": {"[0.0, 0]": {"num_count": 1013, "sum_payoffs": 187.9551236466202, "action": [0.0, 0]}, "[1.0, 0]": {"num_count": 2587, "sum_payoffs": 603.1021261951483, "action": [1.0, 0]}}, "1": {"[0.0, 0]": {"num_count": 1009, "sum_payoffs": 187.15772364678008, "action": [0.0, 0]}, "[1.0, 0]": {"num_count": 2591, "sum_payoffs": 604.9930261947694, "action": [1.0, 0]}}}, "1": {"0": {"[1.0, 0]": {"num_count": 2283, "sum_payoffs": 577.6019998844681, "action": [1.0, 0]}, "[0.0, 0]": {"num_count": 1317, "sum_payoffs": 297.9134999404116, "action": [0.0, 0]}}, "1": {"[0.0, 0]": {"num_count": 1320, "sum_payoffs": 299.0069999401929, "action": [0.0, 0]}, "[1.0, 0]": {"num_count": 2280, "sum_payoffs": 577.237499884541, "action": [1.0, 0]}}}}