{"2": {"0": {"[2.0, 0.0]": {"num_count": 446, "sum_payoffs": 115.3040508539326, "action": [2.0, 0.0]}, "[2.0, -1.5707963267948966]": {"num_count": 371, "sum_payoffs": 89.12956563712368, "action": [2.0, -1.5707963267948966]}, "[2.0, 1.5707963267948966]": {"num_count": 376, "sum_payoffs": 90.81285442723785, "action": [2.0, 1.5707963267948966]}, "[1.0, 1.5707963267948966]": {"num_count": 319, "sum_payoffs": 71.41690023367008, "action": [1.0, 1.5707963267948966]}, "[1.0, -1.5707963267948966]": {"num_count": 324, "sum_payoffs": 73.01914259049991, "action": [1.0, -1.5707963267948966]}, "[0.0, 0.0]": {"num_count": 326, "sum_payoffs": 73.69999781495159, "action": [0.0, 0.0]}, "[1.0, 0.0]": {"num_count": 380, "sum_payoffs": 92.23551266311829, "action": [1.0, 0.0]}, "[0.0, -1.5707963267948966]": {"num_count": 278, "sum_payoffs": 57.72809246592356, "action": [0.0, -1.5707963267948966]}, "[0.0, 1.5707963267948966]": {"num_count": 280, "sum_payoffs": 58.46402884544443, "action": [0.0, 1.5707963267948966]}}, "1": {"[0.0, -1.5707963267948966]": {"num_count": 446, "sum_payoffs": 117.14186383120395, "action": [0.0, -1.5707963267948966]}, "[0.0, 1.5707963267948966]": {"num_count": 445, "sum_payoffs": 116.76813765087815, "action": [0.0, 1.5707963267948966]}, "[1.0, 1.5707963267948966]": {"num_count": 553, "sum_payoffs": 156.00971250911184, "action": [1.0, 1.5707963267948966]}, "[0.0, 0.0]": {"num_count": 497, "sum_payoffs": 135.51065044934387, "action": [0.0, 0.0]}, "[1.0, 0.0]": {"num_count": 619, "sum_payoffs": 180.37177060646775, "action": [1.0, 0.0]}, "[1.0, -1.5707963267948966]": {"num_count": 540, "sum_payoffs": 151.26415050828396, "action": [1.0, -1.5707963267948966]}}}}