{"2": {"0": {"[0.0, 0]": {"num_count": 326, "sum_payoffs": 34.02578570845275, "action": [0.0, 0]}, "[1.0, 0]": {"num_count": 4274, "sum_payoffs": 685.3229998824878, "action": [1.0, 0]}}, "1": {"[1.0, 0]": {"num_count": 4238, "sum_payoffs": 681.7625355973842, "action": [1.0, 0]}, "[0.0, 0]": {"num_count": 362, "sum_payoffs": 47.11532142049463, "action": [0.0, 0]}}}, "1": {"0": {"[1.0, 0]": {"num_count": 4208, "sum_payoffs": 738.3599998733902, "action": [1.0, 0]}, "[0.0, 0]": {"num_count": 392, "sum_payoffs": 60.39642856107458, "action": [0.0, 0]}}, "1": {"[1.0, 0]": {"num_count": 4235, "sum_payoffs": 744.4349998723484, "action": [1.0, 0]}, "[0.0, 0]": {"num_count": 365, "sum_payoffs": 56.92499999024111, "action": [0.0, 0]}}}}