{"alphat_eff_gamelength_8": [1.2307692307692308, 1.2307692307692308, 1.2307692307692308, 1.2307692307692308, 1.2307692307692308, 1.2307692307692308, 1.2307692307692308, 1.2307692307692308, 1.2307692307692308, 1.2307692307692308], "runtime_gamelength_8": [10.307157278060913, 10.693374633789062, 10.468776226043701, 10.24174451828003, 10.98471999168396, 10.430394411087036, 10.174316167831421, 10.250548839569092, 10.280269145965576, 10.531987190246582], "max_timestep": [8, 8, 8, 8, 8, 8, 8, 8, 8, 8], "winner": [[0, 0], [0, 0], [0, 0], [0, 0], [0, 0], [0, 0], [0, 0], [0, 0], [0, 0], [0, 0]], "runtime": [10.30741834640503, 10.693636655807495, 10.469009399414062, 10.241988897323608, 10.984987497329712, 10.430666446685791, 10.17456841468811, 10.250820636749268, 10.28051209449768, 10.532268285751343], "T_terminal": [1, 1, 1, 1, 1, 1, 1, 1, 1, 1], "trajectory_0": [[[1.0, 3.0, 0.0, 0], [2.0, 3.0, 1.5707963267948966, 1]], [[1.0, 3.0, 0.0, 0], [3.0, 3.0, 0.0, 1]], [[1.0, 3.0, 0.0, 0], [2.0, 3.0, 0.0, 1]], [[1.0, 3.0, 0.0, 0], [2.0, 3.0, 0.0, 1]], [[1.0, 3.0, 0.0, 0], [1.0, 3.0, 0.0, 1]], [[1.0, 3.0, 0.0, 0], [3.0, 3.0, 0.0, 1]], [[1.0, 3.0, 0.0, 0], [3.0, 3.0, 0.0, 1]], [[1.0, 3.0, 0.0, 0], [1.0, 3.0, 0.0, 1]], [[1.0, 3.0, 0.0, 0], [3.0, 3.0, 0.0, 1]], [[1.0, 3.0, 0.0, 0], [3.0, 3.0, 0.0, 1]]], "trajectory_1": [[[3.0, 3.0, 0.0, 0], [5.0, 3.0, 0.0, 1]], [[3.0, 3.0, 0.0, 0], [4.0, 3.0, 0.0, 1]], [[3.0, 3.0, 0.0, 0], [5.0, 3.0, 0.0, 1]], [[3.0, 3.0, 0.0, 0], [5.0, 3.0, 0.0, 1]], [[3.0, 3.0, 0.0, 0], [5.0, 3.0, 0.0, 1]], [[3.0, 3.0, 0.0, 0], [5.0, 3.0, 0.0, 1]], [[3.0, 3.0, 0.0, 0], [5.0, 3.0, 0.0, 1]], [[3.0, 3.0, 0.0, 0], [5.0, 3.0, 0.0, 1]], [[3.0, 3.0, 0.0, 0], [4.0, 3.0, 0.0, 1]], [[3.0, 3.0, 0.0, 0], [5.0, 3.0, 0.0, 1]]], "coll_payoff_0": [[1.0], [1.0], [1.0], [1.0], [1.0], [1.0], [1.0], [1.0], [1.0], [1.0]], "lead_payoff_0": [[0.25], [0.75], [0.25], [0.25], [0.0], [0.5], [0.5], [0.0], [0.75], [0.5]], "coll_payoff_1": [[1.0], [1.0], [1.0], [1.0], [1.0], [1.0], [1.0], [1.0], [1.0], [1.0]], "lead_payoff_1": [[0.75], [0.25], [0.75], [0.75], [1.0], [0.5], [0.5], [1.0], [0.25], [0.5]], "payoff_total": [[[0.47270114935692054, 0.6939655171403017]], [[0.6020114941671217, 0.5646551723301005]], [[0.47270114935692054, 0.6939655171403017]], [[0.47270114935692054, 0.6939655171403017]], [[0.4080459769518199, 0.7586206895454024]], [[0.537356321762021, 0.6293103447352011]], [[0.537356321762021, 0.6293103447352011]], [[0.4080459769518199, 0.7586206895454024]], [[0.6020114941671217, 0.5646551723301005]], [[0.537356321762021, 0.6293103447352011]]], "final_lead_payoff_0": [[0.39655172413793105], [0.46551724137931033], [0.39655172413793105], [0.39655172413793105], [0.3620689655172414], [0.43103448275862066], [0.43103448275862066], [0.3620689655172414], [0.46551724137931033], [0.43103448275862066]], "final_lead_payoff_1": [[0.603448275862069], [0.5344827586206896], [0.603448275862069], [0.603448275862069], [0.6379310344827587], [0.5689655172413793], [0.5689655172413793], [0.6379310344827587], [0.5344827586206896], [0.5689655172413793]]}