{"4": {"0": {"[2.0, -1.5707963267948966]": {"num_count": 251, "sum_payoffs": 82.94961974264376, "action": [2.0, -1.5707963267948966]}, "[2.0, 1.5707963267948966]": {"num_count": 245, "sum_payoffs": 80.31174052034994, "action": [2.0, 1.5707963267948966]}, "[0.0, -1.5707963267948966]": {"num_count": 209, "sum_payoffs": 64.19477317940553, "action": [0.0, -1.5707963267948966]}, "[0.0, 0.0]": {"num_count": 215, "sum_payoffs": 66.86979997779059, "action": [0.0, 0.0]}, "[2.0, 0.0]": {"num_count": 257, "sum_payoffs": 85.66184589029768, "action": [2.0, 0.0]}, "[1.0, 1.5707963267948966]": {"num_count": 231, "sum_payoffs": 73.99518040389236, "action": [1.0, 1.5707963267948966]}, "[1.0, -1.5707963267948966]": {"num_count": 241, "sum_payoffs": 78.48109533599855, "action": [1.0, -1.5707963267948966]}, "[1.0, 0.0]": {"num_count": 239, "sum_payoffs": 77.5565364918901, "action": [1.0, 0.0]}, "[0.0, 1.5707963267948966]": {"num_count": 212, "sum_payoffs": 65.4738339452062, "action": [0.0, 1.5707963267948966]}}, "1": {"[0.0, -1.5707963267948966]": {"num_count": 199, "sum_payoffs": 74.30686567298501, "action": [0.0, -1.5707963267948966]}, "[0.0, 0.0]": {"num_count": 211, "sum_payoffs": 80.45869005177353, "action": [0.0, 0.0]}, "[1.0, 0.0]": {"num_count": 256, "sum_payoffs": 104.00740973813997, "action": [1.0, 0.0]}, "[1.0, 1.5707963267948966]": {"num_count": 222, "sum_payoffs": 86.18054143825759, "action": [1.0, 1.5707963267948966]}, "[2.0, 1.5707963267948966]": {"num_count": 248, "sum_payoffs": 99.73478629977213, "action": [2.0, 1.5707963267948966]}, "[0.0, 1.5707963267948966]": {"num_count": 202, "sum_payoffs": 75.82023315208404, "action": [0.0, 1.5707963267948966]}, "[2.0, -1.5707963267948966]": {"num_count": 256, "sum_payoffs": 103.91669660856994, "action": [2.0, -1.5707963267948966]}, "[1.0, -1.5707963267948966]": {"num_count": 220, "sum_payoffs": 85.05258523386158, "action": [1.0, -1.5707963267948966]}, "[2.0, 0.0]": {"num_count": 286, "sum_payoffs": 119.87847825897363, "action": [2.0, 0.0]}}}}