{"runtime": 38.10324048995972, "winner": [1, 0], "collision_count": 2, "T_terminal": 6, "trajectories": [[1.0, 3.0, 0.0, 3.0, 3.0, 0.0, 0.0], [3.0, 3.0, 0.0, 4.0, 3.0, 0.0, 1.0], [5.0, 3.0, 0.0, 5.0, 3.0, 0.0, 2.0], [7.0, 3.0, 0.0, 6.0, 3.0, 4.71238898038469, 3.0], [9.0, 3.0, 0.0, 6.0, 3.0, 0.0, 4.0], [11.0, 3.0, 0.0, 7.0, 3.0, 0.0, 5.0], [13.0, 3.0, 4.71238898038469, 8.0, 3.0, 0.0, 6.0]], "penalty_distance_0": [-0.18393972058572117, -0.5, -0.18393972058572117, -0.024893534183931972, -0.00915781944436709, -0.0033689734995427335], "penalty_distance_1": [-0.18393972058572117, -0.5, -0.18393972058572117, -0.024893534183931972, -0.00915781944436709, -0.0033689734995427335], "reward_progress_0": [0.0, 0.0, 0.0, 0.0, 0.0, 0.0], "reward_progress_1": [0.0, 0.0, 0.0, 0.0, 0.0, 0.0], "penalty_agressor_0": [0.0, 0.0, 0.0, 0.0, 0.0, 0.0], "penalty_agressor_1": [0.0, 0.0, 0.0, 0.0, 0.0, 0.0], "penalty_timestep_0": [-3.0], "penalty_timestep_1": [-3.0], "reward_lead_0": [5.0], "reward_lead_1": [-5.0], "payoff_total0": [-0.18393972058572117, -0.6839397205857212, -0.8678794411714423, -0.8927729753553743, -0.9019307947997414, -0.905299768299284, 1.094700231700716], "payoff_total1": [-0.18393972058572117, -0.6839397205857212, -0.8678794411714423, -0.8927729753553743, -0.9019307947997414, -0.905299768299284, -8.905299768299283]}