{"alphat_eff_gamelength_7": {"mean": 1.0769230769230769, "variance": 0.0}, "runtime_gamelength_7": {"mean": 66.55819456577301, "variance": 0.24185888897806138}, "max_timestep": {"mean": 7.0, "variance": 0.0}, "winner": {"mean": [0.0, 0.0], "variance": [0.0, 0.0]}, "runtime": {"mean": 66.55846703052521, "variance": 0.24186738125164595}, "T_terminal": {"mean": 1.0, "variance": 0.0}, "trajectory_0": {"mean": [[1.0, 3.0, 0.0, 0.0], [3.0, 3.0, -0.47123889803846897, 1.0]], "variance": [[0.0, 0.0, 0.0, 0.0], [0.0, 0.0, 0.5181542310571913, 0.0]]}, "trajectory_1": {"mean": [[3.0, 3.0, 0.0, 0.0], [5.0, 3.0, 0.0, 1.0]], "variance": [[0.0, 0.0, 0.0, 0.0], [0.0, 0.0, 0.0, 0.0]]}, "coll_payoff_0": {"mean": [1.0], "variance": [0.0]}, "lead_payoff_0": {"mean": [0.5], "variance": [0.0]}, "coll_payoff_1": {"mean": [1.0], "variance": [0.0]}, "lead_payoff_1": {"mean": [0.5], "variance": [0.0]}, "payoff_total": {"mean": [[0.5373563217620209, 0.629310344735201]], "variance": [[1.232595164407831e-32, 1.232595164407831e-32]]}, "final_lead_payoff_0": {"mean": [0.43103448275862066], "variance": [0.0]}, "final_lead_payoff_1": {"mean": [0.5689655172413792], "variance": [1.232595164407831e-32]}}