{"2": {"0": {"[0.0, 0]": {"num_count": 372, "sum_payoffs": 55.884374990918616, "action": [0.0, 0]}, "[1.0, 0]": {"num_count": 728, "sum_payoffs": 149.7132828704086, "action": [1.0, 0]}}, "1": {"[0.0, 0]": {"num_count": 376, "sum_payoffs": 56.6538749907935, "action": [0.0, 0]}, "[1.0, 0]": {"num_count": 724, "sum_payoffs": 148.21478287065196, "action": [1.0, 0]}}}, "1": {"0": {"[0.0, 0]": {"num_count": 523, "sum_payoffs": 104.33249998304525, "action": [0.0, 0]}, "[1.0, 0]": {"num_count": 577, "sum_payoffs": 119.66624998055309, "action": [1.0, 0]}}, "1": {"[1.0, 0]": {"num_count": 577, "sum_payoffs": 119.86874998052019, "action": [1.0, 0]}, "[0.0, 0]": {"num_count": 523, "sum_payoffs": 104.53499998301233, "action": [0.0, 0]}}}}