{"2": {"0": {"[1.0, 0]": {"num_count": 377, "sum_payoffs": 79.27928288185336, "action": [1.0, 0]}, "[0.0, 0]": {"num_count": 223, "sum_payoffs": 34.504874994392935, "action": [0.0, 0]}}, "1": {"[0.0, 0]": {"num_count": 217, "sum_payoffs": 33.23474999459935, "action": [0.0, 0]}, "[1.0, 0]": {"num_count": 383, "sum_payoffs": 81.82515788143967, "action": [1.0, 0]}}}, "1": {"0": {"[0.0, 0]": {"num_count": 253, "sum_payoffs": 46.82249999239141, "action": [0.0, 0]}, "[1.0, 0]": {"num_count": 347, "sum_payoffs": 75.72374998769487, "action": [1.0, 0]}}, "1": {"[0.0, 0]": {"num_count": 254, "sum_payoffs": 47.32874999230915, "action": [0.0, 0]}, "[1.0, 0]": {"num_count": 346, "sum_payoffs": 75.62249998771134, "action": [1.0, 0]}}}}