{"2": {"0": {"[1.0, 0]": {"num_count": 57, "sum_payoffs": 15.212782889412365, "action": [1.0, 0]}, "[0.0, 0]": {"num_count": 43, "sum_payoffs": 8.853749996901188, "action": [0.0, 0]}}, "1": {"[0.0, 0]": {"num_count": 42, "sum_payoffs": 7.942499997220128, "action": [0.0, 0]}, "[1.0, 0]": {"num_count": 58, "sum_payoffs": 15.577282889284788, "action": [1.0, 0]}}}, "1": {"0": {"[1.0, 0]": {"num_count": 52, "sum_payoffs": 11.531249995964071, "action": [1.0, 0]}, "[0.0, 0]": {"num_count": 48, "sum_payoffs": 9.76499999658225, "action": [0.0, 0]}}, "1": {"[0.0, 0]": {"num_count": 48, "sum_payoffs": 10.169999996440502, "action": [0.0, 0]}, "[1.0, 0]": {"num_count": 52, "sum_payoffs": 11.733749995893195, "action": [1.0, 0]}}}}