{"2": {"0": {"[0.0, 0]": {"num_count": 573, "sum_payoffs": 70.69409998586082, "action": [0.0, 0]}, "[1.0, 0]": {"num_count": 1027, "sum_payoffs": 168.34428944001505, "action": [1.0, 0]}}, "1": {"[1.0, 0]": {"num_count": 1036, "sum_payoffs": 170.94438943949535, "action": [1.0, 0]}, "[0.0, 0]": {"num_count": 564, "sum_payoffs": 69.11459998617686, "action": [0.0, 0]}}}, "1": {"0": {"[0.0, 0]": {"num_count": 657, "sum_payoffs": 97.49699998050131, "action": [0.0, 0]}, "[1.0, 0]": {"num_count": 943, "sum_payoffs": 163.32299996733775, "action": [1.0, 0]}}, "1": {"[1.0, 0]": {"num_count": 944, "sum_payoffs": 163.64699996727296, "action": [1.0, 0]}, "[0.0, 0]": {"num_count": 656, "sum_payoffs": 97.33499998053371, "action": [0.0, 0]}}}}