{"6": {"0": {"[0.0, -1.5707963267948966]": {"num_count": 116, "sum_payoffs": 31.676799847268438, "action": [0.0, -1.5707963267948966]}, "[2.0, 1.5707963267948966]": {"num_count": 123, "sum_payoffs": 34.85291258260899, "action": [2.0, 1.5707963267948966]}, "[2.0, 0.0]": {"num_count": 130, "sum_payoffs": 37.860256701094535, "action": [2.0, 0.0]}, "[2.0, -1.5707963267948966]": {"num_count": 126, "sum_payoffs": 36.16487768919302, "action": [2.0, -1.5707963267948966]}, "[0.0, 1.5707963267948966]": {"num_count": 111, "sum_payoffs": 29.431594224976703, "action": [0.0, 1.5707963267948966]}, "[1.0, 1.5707963267948966]": {"num_count": 117, "sum_payoffs": 32.02218121811741, "action": [1.0, 1.5707963267948966]}, "[1.0, -1.5707963267948966]": {"num_count": 125, "sum_payoffs": 35.60188336771471, "action": [1.0, -1.5707963267948966]}, "[1.0, 0.0]": {"num_count": 126, "sum_payoffs": 36.10752033070394, "action": [1.0, 0.0]}, "[0.0, 0.0]": {"num_count": 126, "sum_payoffs": 36.09389734673285, "action": [0.0, 0.0]}}, "1": {"[2.0, -1.5707963267948966]": {"num_count": 131, "sum_payoffs": 47.22704533095511, "action": [2.0, -1.5707963267948966]}, "[1.0, 0.0]": {"num_count": 128, "sum_payoffs": 45.6030872064209, "action": [1.0, 0.0]}, "[1.0, -1.5707963267948966]": {"num_count": 124, "sum_payoffs": 43.45126749627633, "action": [1.0, -1.5707963267948966]}, "[0.0, 1.5707963267948966]": {"num_count": 109, "sum_payoffs": 35.752326182437116, "action": [0.0, 1.5707963267948966]}, "[2.0, 1.5707963267948966]": {"num_count": 123, "sum_payoffs": 42.96829028746836, "action": [2.0, 1.5707963267948966]}, "[1.0, 1.5707963267948966]": {"num_count": 118, "sum_payoffs": 40.48340802307445, "action": [1.0, 1.5707963267948966]}, "[2.0, 0.0]": {"num_count": 139, "sum_payoffs": 51.37036437712341, "action": [2.0, 0.0]}, "[0.0, -1.5707963267948966]": {"num_count": 108, "sum_payoffs": 35.34713137000716, "action": [0.0, -1.5707963267948966]}, "[0.0, 0.0]": {"num_count": 120, "sum_payoffs": 41.5131232475586, "action": [0.0, 0.0]}}}}