{"8": {"0": {"[1.0, -1.5707963267948966]": {"num_count": 398, "sum_payoffs": 100.27794376009173, "action": [1.0, -1.5707963267948966]}, "[1.0, 0.0]": {"num_count": 416, "sum_payoffs": 106.60131197330199, "action": [1.0, 0.0]}, "[0.0, -1.5707963267948966]": {"num_count": 374, "sum_payoffs": 91.76008966732756, "action": [0.0, -1.5707963267948966]}, "[0.0, 0.0]": {"num_count": 377, "sum_payoffs": 92.81053596784868, "action": [0.0, 0.0]}, "[0.0, 1.5707963267948966]": {"num_count": 377, "sum_payoffs": 92.80347852507745, "action": [0.0, 1.5707963267948966]}, "[1.0, 1.5707963267948966]": {"num_count": 400, "sum_payoffs": 100.89483576919471, "action": [1.0, 1.5707963267948966]}, "[2.0, 0.0]": {"num_count": 419, "sum_payoffs": 107.70727661510466, "action": [2.0, 0.0]}, "[2.0, 1.5707963267948966]": {"num_count": 422, "sum_payoffs": 108.80560159628833, "action": [2.0, 1.5707963267948966]}, "[2.0, -1.5707963267948966]": {"num_count": 417, "sum_payoffs": 106.98538720247619, "action": [2.0, -1.5707963267948966]}}, "1": {"[2.0, 0.0]": {"num_count": 463, "sum_payoffs": 148.83084321387153, "action": [2.0, 0.0]}, "[0.0, 1.5707963267948966]": {"num_count": 343, "sum_payoffs": 99.7413772421476, "action": [0.0, 1.5707963267948966]}, "[1.0, 0.0]": {"num_count": 419, "sum_payoffs": 130.69449169799222, "action": [1.0, 0.0]}, "[2.0, -1.5707963267948966]": {"num_count": 416, "sum_payoffs": 129.39016110134287, "action": [2.0, -1.5707963267948966]}, "[1.0, -1.5707963267948966]": {"num_count": 386, "sum_payoffs": 117.17155154005025, "action": [1.0, -1.5707963267948966]}, "[1.0, 1.5707963267948966]": {"num_count": 389, "sum_payoffs": 118.42752370137278, "action": [1.0, 1.5707963267948966]}, "[0.0, -1.5707963267948966]": {"num_count": 348, "sum_payoffs": 101.77873592472693, "action": [0.0, -1.5707963267948966]}, "[0.0, 0.0]": {"num_count": 394, "sum_payoffs": 120.45992612194458, "action": [0.0, 0.0]}, "[2.0, 1.5707963267948966]": {"num_count": 442, "sum_payoffs": 140.09945720733052, "action": [2.0, 1.5707963267948966]}}}}