{"10": {"0": {"[2.0, 1.5707963267948966]": {"num_count": 528, "sum_payoffs": 123.630387595924, "action": [2.0, 1.5707963267948966]}, "[2.0, -1.5707963267948966]": {"num_count": 519, "sum_payoffs": 120.77667051728102, "action": [2.0, -1.5707963267948966]}, "[0.0, 0.0]": {"num_count": 505, "sum_payoffs": 116.19972526374359, "action": [0.0, 0.0]}, "[1.0, 1.5707963267948966]": {"num_count": 504, "sum_payoffs": 115.84845038917932, "action": [1.0, 1.5707963267948966]}, "[0.0, -1.5707963267948966]": {"num_count": 480, "sum_payoffs": 108.19888094165039, "action": [0.0, -1.5707963267948966]}, "[1.0, 0.0]": {"num_count": 513, "sum_payoffs": 118.77940963256468, "action": [1.0, 0.0]}, "[2.0, 0.0]": {"num_count": 542, "sum_payoffs": 128.111856364639, "action": [2.0, 0.0]}, "[1.0, -1.5707963267948966]": {"num_count": 525, "sum_payoffs": 122.63547447727788, "action": [1.0, -1.5707963267948966]}, "[0.0, 1.5707963267948966]": {"num_count": 484, "sum_payoffs": 109.45297946795904, "action": [0.0, 1.5707963267948966]}}, "1": {"[0.0, 0.0]": {"num_count": 476, "sum_payoffs": 129.22480841303252, "action": [0.0, 0.0]}, "[1.0, -1.5707963267948966]": {"num_count": 513, "sum_payoffs": 142.79670862058603, "action": [1.0, -1.5707963267948966]}, "[0.0, 1.5707963267948966]": {"num_count": 452, "sum_payoffs": 120.47041732476158, "action": [0.0, 1.5707963267948966]}, "[1.0, 0.0]": {"num_count": 529, "sum_payoffs": 148.70933465729252, "action": [1.0, 0.0]}, "[1.0, 1.5707963267948966]": {"num_count": 488, "sum_payoffs": 133.65253546815498, "action": [1.0, 1.5707963267948966]}, "[2.0, 0.0]": {"num_count": 613, "sum_payoffs": 180.08218991462675, "action": [2.0, 0.0]}, "[2.0, 1.5707963267948966]": {"num_count": 554, "sum_payoffs": 157.95404981850356, "action": [2.0, 1.5707963267948966]}, "[0.0, -1.5707963267948966]": {"num_count": 445, "sum_payoffs": 117.9351021071085, "action": [0.0, -1.5707963267948966]}, "[2.0, -1.5707963267948966]": {"num_count": 530, "sum_payoffs": 149.07995191963272, "action": [2.0, -1.5707963267948966]}}}}