{"2": {"0": {"[1.0, 0]": {"num_count": 2838, "sum_payoffs": 452.11968938326874, "action": [1.0, 0]}, "[0.0, 0]": {"num_count": 1262, "sum_payoffs": 152.73629996945266, "action": [0.0, 0]}}, "1": {"[1.0, 0]": {"num_count": 2840, "sum_payoffs": 452.7757893831379, "action": [1.0, 0]}, "[0.0, 0]": {"num_count": 1260, "sum_payoffs": 152.51759996949642, "action": [0.0, 0]}}}, "1": {"0": {"[1.0, 0]": {"num_count": 2272, "sum_payoffs": 378.86399992421684, "action": [1.0, 0]}, "[0.0, 0]": {"num_count": 1828, "sum_payoffs": 286.87499994262714, "action": [0.0, 0]}}, "1": {"[1.0, 0]": {"num_count": 2271, "sum_payoffs": 378.86399992421684, "action": [1.0, 0]}, "[0.0, 0]": {"num_count": 1829, "sum_payoffs": 287.19899994256224, "action": [0.0, 0]}}}}