{"alphat_eff_gamelength_2": [1.0, 1.0, 1.0, 1.0, 1.0, 1.0, 1.0, 1.0, 1.0, 1.0], "runtime_gamelength_2": [0.06201672554016113, 0.07306408882141113, 0.062360286712646484, 0.10196423530578613, 0.05961036682128906, 0.05653667449951172, 0.07078099250793457, 0.06309390068054199, 0.053586483001708984, 0.06488943099975586], "max_timestep": [1, 1, 1, 1, 1, 1, 1, 1, 1, 1], "alphat_eff_gamelength_1": [0.5, 0.5, 0.5, 1.0, 0.5, 1.0, 0.5, 0.5, 1.0, 0.5], "runtime_gamelength_1": [0.020163536071777344, 0.025112628936767578, 0.022581100463867188, 0.018322467803955078, 0.022413969039916992, 0.0200040340423584, 0.023966312408447266, 0.022554397583007812, 0.018082141876220703, 0.024242401123046875], "winner": [[1, 0], [1, 0], [0, 1], [0, 0], [0, 1], [1, 0], [0, 0], [1, 0], [0, 0], [0, 1]], "runtime": [0.08233523368835449, 0.09845447540283203, 0.08512330055236816, 0.12046360969543457, 0.08220577239990234, 0.07669472694396973, 0.09491991996765137, 0.0858309268951416, 0.07181978225708008, 0.08931422233581543], "T_terminal": [2, 2, 2, 2, 2, 2, 2, 2, 2, 2], "trajectory_0": [[[1.0, 0.0, 1.5707963267948966, 0], [1.0, 1.0, 1.5707963267948966, 1], [1.0, 2.0, 1.5707963267948966, 2]], [[1.0, 0.0, 1.5707963267948966, 0], [1.0, 1.0, 1.5707963267948966, 1], [1.0, 2.0, 1.5707963267948966, 2]], [[1.0, 0.0, 1.5707963267948966, 0], [1.0, 0.0, 1.5707963267948966, 1], [1.0, 0.0, 1.5707963267948966, 2]], [[1.0, 0.0, 1.5707963267948966, 0], [1.0, 1.0, 1.5707963267948966, 1], [1.0, 2.0, 1.5707963267948966, 2]], [[1.0, 0.0, 1.5707963267948966, 0], [1.0, 0.0, 1.5707963267948966, 1], [1.0, 1.0, 1.5707963267948966, 2]], [[1.0, 0.0, 1.5707963267948966, 0], [1.0, 1.0, 1.5707963267948966, 1], [1.0, 2.0, 1.5707963267948966, 2]], [[1.0, 0.0, 1.5707963267948966, 0], [1.0, 0.0, 1.5707963267948966, 1], [1.0, 0.0, 1.5707963267948966, 2]], [[1.0, 0.0, 1.5707963267948966, 0], [1.0, 1.0, 1.5707963267948966, 1], [1.0, 2.0, 1.5707963267948966, 2]], [[1.0, 0.0, 1.5707963267948966, 0], [1.0, 1.0, 1.5707963267948966, 1], [1.0, 2.0, 1.5707963267948966, 2]], [[1.0, 0.0, 1.5707963267948966, 0], [1.0, 0.0, 1.5707963267948966, 1], [1.0, 1.0, 1.5707963267948966, 2]]], "trajectory_1": [[[0.0, 1.0, 0.0, 0], [0.0, 1.0, 0.0, 1], [1.0, 1.0, 0.0, 2]], [[0.0, 1.0, 0.0, 0], [0.0, 1.0, 0.0, 1], [0.0, 1.0, 0.0, 2]], [[0.0, 1.0, 0.0, 0], [1.0, 1.0, 0.0, 1], [2.0, 1.0, 0.0, 2]], [[0.0, 1.0, 0.0, 0], [1.0, 1.0, 0.0, 1], [2.0, 1.0, 0.0, 2]], [[0.0, 1.0, 0.0, 0], [1.0, 1.0, 0.0, 1], [2.0, 1.0, 0.0, 2]], [[0.0, 1.0, 0.0, 0], [1.0, 1.0, 0.0, 1], [1.0, 1.0, 0.0, 2]], [[0.0, 1.0, 0.0, 0], [0.0, 1.0, 0.0, 1], [0.0, 1.0, 0.0, 2]], [[0.0, 1.0, 0.0, 0], [0.0, 1.0, 0.0, 1], [0.0, 1.0, 0.0, 2]], [[0.0, 1.0, 0.0, 0], [1.0, 1.0, 0.0, 1], [2.0, 1.0, 0.0, 2]], [[0.0, 1.0, 0.0, 0], [1.0, 1.0, 0.0, 1], [2.0, 1.0, 0.0, 2]]], "coll_payoff_0": [[1.0, 1.0], [1.0, 1.0], [1.0, 1.0], [0.0, 0.0], [1.0, 1.0], [0.0, 0.0], [1.0, 1.0], [1.0, 1.0], [0.0, 0.0], [1.0, 1.0]], "coll_payoff_1": [[1.0, 1.0], [1.0, 1.0], [1.0, 1.0], [0.0, 0.0], [1.0, 1.0], [0.0, 0.0], [1.0, 1.0], [1.0, 1.0], [0.0, 0.0], [1.0, 1.0]], "payoff_total": [[[0.99999999965, 0.99999999965], [1.0526315785789473, 1.0526315785789473]], [[0.99999999965, 0.99999999965], [1.0526315785789473, 1.0526315785789473]], [[0.99999999965, 0.99999999965], [1.0526315785789473, 1.0526315785789473]], [[0.0, 0.0], [0.0, 0.0]], [[0.99999999965, 0.99999999965], [1.0526315785789473, 1.0526315785789473]], [[0.0, 0.0], [0.0, 0.0]], [[0.99999999965, 0.99999999965], [1.0526315785789473, 1.0526315785789473]], [[0.99999999965, 0.99999999965], [1.0526315785789473, 1.0526315785789473]], [[0.0, 0.0], [0.0, 0.0]], [[0.99999999965, 0.99999999965], [1.0526315785789473, 1.0526315785789473]]], "final_lead_payoff_0": [[0.75], [1.0], [0.0], [0.5], [0.25], [0.75], [0.5], [1.0], [0.5], [0.25]], "final_lead_payoff_1": [[0.25], [0.0], [1.0], [0.5], [0.75], [0.25], [0.5], [0.0], [0.5], [0.75]]}