{"2": {"0": {"[1.0, 0]": {"num_count": 1031, "sum_payoffs": 385.09424976893536, "action": [1.0, 0]}, "[0.0, 0]": {"num_count": 69, "sum_payoffs": 20.04749998797152, "action": [0.0, 0]}}, "1": {"[1.0, 0]": {"num_count": 1005, "sum_payoffs": 371.97224977680884, "action": [1.0, 0]}, "[0.0, 0]": {"num_count": 95, "sum_payoffs": 24.785999985128445, "action": [0.0, 0]}}}, "1": {"0": {"[1.0, 0]": {"num_count": 849, "sum_payoffs": 348.5024997909019, "action": [1.0, 0]}, "[0.0, 0]": {"num_count": 251, "sum_payoffs": 92.33999994459587, "action": [0.0, 0]}}, "1": {"[1.0, 0]": {"num_count": 1027, "sum_payoffs": 424.84499974510106, "action": [1.0, 0]}, "[0.0, 0]": {"num_count": 73, "sum_payoffs": 25.717499984569514, "action": [0.0, 0]}}}}