{"10": {"0": {"[1.0, -1.5707963267948966]": {"num_count": 520, "sum_payoffs": 120.61081362915793, "action": [1.0, -1.5707963267948966]}, "[1.0, 0.0]": {"num_count": 526, "sum_payoffs": 122.58607207077016, "action": [1.0, 0.0]}, "[2.0, 0.0]": {"num_count": 539, "sum_payoffs": 126.81267695586344, "action": [2.0, 0.0]}, "[0.0, -1.5707963267948966]": {"num_count": 491, "sum_payoffs": 111.31043425502052, "action": [0.0, -1.5707963267948966]}, "[0.0, 1.5707963267948966]": {"num_count": 483, "sum_payoffs": 108.786540912516, "action": [0.0, 1.5707963267948966]}, "[2.0, 1.5707963267948966]": {"num_count": 517, "sum_payoffs": 119.6468497315816, "action": [2.0, 1.5707963267948966]}, "[2.0, -1.5707963267948966]": {"num_count": 508, "sum_payoffs": 116.77712370013009, "action": [2.0, -1.5707963267948966]}, "[1.0, 1.5707963267948966]": {"num_count": 517, "sum_payoffs": 119.70083058898621, "action": [1.0, 1.5707963267948966]}, "[0.0, 0.0]": {"num_count": 499, "sum_payoffs": 113.9079129269924, "action": [0.0, 0.0]}}, "1": {"[2.0, 0.0]": {"num_count": 619, "sum_payoffs": 182.40112577350527, "action": [2.0, 0.0]}, "[0.0, -1.5707963267948966]": {"num_count": 451, "sum_payoffs": 120.14940062371846, "action": [0.0, -1.5707963267948966]}, "[2.0, -1.5707963267948966]": {"num_count": 546, "sum_payoffs": 155.01154331966134, "action": [2.0, -1.5707963267948966]}, "[0.0, 0.0]": {"num_count": 484, "sum_payoffs": 132.18324789468838, "action": [0.0, 0.0]}, "[1.0, 0.0]": {"num_count": 538, "sum_payoffs": 152.0944421138176, "action": [1.0, 0.0]}, "[1.0, 1.5707963267948966]": {"num_count": 498, "sum_payoffs": 137.28919296270212, "action": [1.0, 1.5707963267948966]}, "[1.0, -1.5707963267948966]": {"num_count": 488, "sum_payoffs": 133.67058954143738, "action": [1.0, -1.5707963267948966]}, "[2.0, 1.5707963267948966]": {"num_count": 532, "sum_payoffs": 149.89550324091752, "action": [2.0, 1.5707963267948966]}, "[0.0, 1.5707963267948966]": {"num_count": 444, "sum_payoffs": 117.54106057220574, "action": [0.0, 1.5707963267948966]}}}}