{"2": {"0": {"[0.0, 0]": {"num_count": 688, "sum_payoffs": 170.2637999659459, "action": [0.0, 0]}, "[1.0, 0]": {"num_count": 1912, "sum_payoffs": 588.9228630401204, "action": [1.0, 0]}}, "1": {"[0.0, 0]": {"num_count": 703, "sum_payoffs": 176.0615999647862, "action": [0.0, 0]}, "[1.0, 0]": {"num_count": 1897, "sum_payoffs": 585.749463040755, "action": [1.0, 0]}}}, "1": {"0": {"[0.0, 0]": {"num_count": 1294, "sum_payoffs": 419.1119999161863, "action": [0.0, 0]}, "[1.0, 0]": {"num_count": 1306, "sum_payoffs": 423.6659999152756, "action": [1.0, 0]}}, "1": {"[0.0, 0]": {"num_count": 1294, "sum_payoffs": 419.1119999161863, "action": [0.0, 0]}, "[1.0, 0]": {"num_count": 1306, "sum_payoffs": 423.6659999152756, "action": [1.0, 0]}}}}