{"2": {"0": {"[1.0, 0]": {"num_count": 58, "sum_payoffs": 13.91778947090067, "action": [1.0, 0]}, "[0.0, 0]": {"num_count": 42, "sum_payoffs": 7.306910524854407, "action": [0.0, 0]}}, "1": {"[0.0, 0]": {"num_count": 43, "sum_payoffs": 7.336610524848465, "action": [0.0, 0]}, "[1.0, 0]": {"num_count": 57, "sum_payoffs": 13.304889471023248, "action": [1.0, 0]}}}, "1": {"0": {"[0.0, 0]": {"num_count": 47, "sum_payoffs": 7.748999998450202, "action": [0.0, 0]}, "[1.0, 0]": {"num_count": 53, "sum_payoffs": 10.151999997969599, "action": [1.0, 0]}}, "1": {"[1.0, 0]": {"num_count": 53, "sum_payoffs": 10.2329999979534, "action": [1.0, 0]}, "[0.0, 0]": {"num_count": 47, "sum_payoffs": 7.667999998466402, "action": [0.0, 0]}}}}