{"alphat_eff_gamelength_2": {"mean": 1.0, "variance": 0.0}, "runtime_gamelength_2": {"mean": 1.1392254829406738, "variance": 0.0015336251596750118}, "max_timestep": {"mean": 1.0, "variance": 0.0}, "alphat_eff_gamelength_1": {"mean": 1.0, "variance": 0.0}, "runtime_gamelength_1": {"mean": 0.7807627439498901, "variance": 0.002751527829196334}, "winner": {"mean": [0.0, 0.1], "variance": [0.0, 0.09000000000000001]}, "runtime": {"mean": 1.9202317476272583, "variance": 0.006173730698788518}, "T_terminal": {"mean": 2.0, "variance": 0.0}, "trajectory_0": {"mean": [[1.0, 0.0, 1.5707963267948966, 0.0], [1.0, 1.0, 1.5707963267948966, 1.0], [1.0, 1.9, 1.5707963267948966, 2.0]], "variance": [[0.0, 0.0, 0.0, 0.0], [0.0, 0.0, 0.0, 0.0], [0.0, 0.09, 0.0, 0.0]]}, "trajectory_1": {"mean": [[0.0, 1.0, 0.0, 0.0], [1.0, 1.0, 0.0, 1.0], [2.0, 1.0, 0.0, 2.0]], "variance": [[0.0, 0.0, 0.0, 0.0], [0.0, 0.0, 0.0, 0.0], [0.0, 0.0, 0.0, 0.0]]}, "coll_payoff_0": {"mean": [0.0, 0.0], "variance": [0.0, 0.0]}, "coll_payoff_1": {"mean": [0.0, 0.0], "variance": [0.0, 0.0]}, "payoff_total": {"mean": [[0.0, 0.0], [0.2714285713820408, 0.2999999999485714]], "variance": [[0.0, 0.0], [0.0018367346932478142, 0.0018367346932478125]]}, "final_lead_payoff_0": {"mean": [0.475], "variance": [0.005625]}, "final_lead_payoff_1": {"mean": [0.525], "variance": [0.005625]}}