{"6": {"0": {"[0.0, -1.5707963267948966]": {"num_count": 423, "sum_payoffs": 116.35003670443817, "action": [0.0, -1.5707963267948966]}, "[1.0, -1.5707963267948966]": {"num_count": 464, "sum_payoffs": 131.77228185881134, "action": [1.0, -1.5707963267948966]}, "[2.0, -1.5707963267948966]": {"num_count": 489, "sum_payoffs": 141.11652525610782, "action": [2.0, -1.5707963267948966]}, "[0.0, 1.5707963267948966]": {"num_count": 401, "sum_payoffs": 108.07185651360484, "action": [0.0, 1.5707963267948966]}, "[1.0, 1.5707963267948966]": {"num_count": 452, "sum_payoffs": 127.24187423796187, "action": [1.0, 1.5707963267948966]}, "[1.0, 0.0]": {"num_count": 469, "sum_payoffs": 133.62364785533634, "action": [1.0, 0.0]}, "[0.0, 0.0]": {"num_count": 452, "sum_payoffs": 127.25075618851893, "action": [0.0, 0.0]}, "[2.0, 0.0]": {"num_count": 477, "sum_payoffs": 136.71395132543714, "action": [2.0, 0.0]}, "[2.0, 1.5707963267948966]": {"num_count": 473, "sum_payoffs": 135.13343762899484, "action": [2.0, 1.5707963267948966]}}, "1": {"[0.0, -1.5707963267948966]": {"num_count": 373, "sum_payoffs": 121.38871782239995, "action": [0.0, -1.5707963267948966]}, "[2.0, 0.0]": {"num_count": 555, "sum_payoffs": 201.722436120633, "action": [2.0, 0.0]}, "[0.0, 1.5707963267948966]": {"num_count": 383, "sum_payoffs": 125.69808879410517, "action": [0.0, 1.5707963267948966]}, "[1.0, 0.0]": {"num_count": 490, "sum_payoffs": 172.59424202073657, "action": [1.0, 0.0]}, "[1.0, -1.5707963267948966]": {"num_count": 453, "sum_payoffs": 156.30988406716304, "action": [1.0, -1.5707963267948966]}, "[1.0, 1.5707963267948966]": {"num_count": 431, "sum_payoffs": 146.5557136734354, "action": [1.0, 1.5707963267948966]}, "[2.0, 1.5707963267948966]": {"num_count": 487, "sum_payoffs": 171.3256849634306, "action": [2.0, 1.5707963267948966]}, "[2.0, -1.5707963267948966]": {"num_count": 507, "sum_payoffs": 180.15754488626507, "action": [2.0, -1.5707963267948966]}, "[0.0, 0.0]": {"num_count": 421, "sum_payoffs": 142.20796900271728, "action": [0.0, 0.0]}}}}