{"2": {"0": {"[1.0, 0]": {"num_count": 1682, "sum_payoffs": 6.186315787308475, "action": [1.0, 0]}, "[0.0, 0]": {"num_count": 1418, "sum_payoffs": 4.1399999985510005, "action": [0.0, 0]}}, "1": {"[0.0, 0]": {"num_count": 1400, "sum_payoffs": 4.1399999985510005, "action": [0.0, 0]}, "[1.0, 0]": {"num_count": 1700, "sum_payoffs": 6.186315787308475, "action": [1.0, 0]}}}, "1": {"0": {"[1.0, 0]": {"num_count": 1566, "sum_payoffs": 1.79999999937, "action": [1.0, 0]}, "[0.0, 0]": {"num_count": 1534, "sum_payoffs": 0.899999999685, "action": [0.0, 0]}}, "1": {"[0.0, 0]": {"num_count": 1491, "sum_payoffs": 0.899999999685, "action": [0.0, 0]}, "[1.0, 0]": {"num_count": 1609, "sum_payoffs": 1.79999999937, "action": [1.0, 0]}}}}