{"5": {"0": {"[2.0, -1.5707963267948966]": {"num_count": 70, "sum_payoffs": 23.749333627335915, "action": [2.0, -1.5707963267948966]}, "[2.0, 1.5707963267948966]": {"num_count": 69, "sum_payoffs": 23.33186949187941, "action": [2.0, 1.5707963267948966]}, "[0.0, 0.0]": {"num_count": 65, "sum_payoffs": 20.903653175064875, "action": [0.0, 0.0]}, "[2.0, 0.0]": {"num_count": 66, "sum_payoffs": 21.38174017754353, "action": [2.0, 0.0]}, "[1.0, -1.5707963267948966]": {"num_count": 67, "sum_payoffs": 21.975890918907997, "action": [1.0, -1.5707963267948966]}, "[0.0, 1.5707963267948966]": {"num_count": 64, "sum_payoffs": 20.467411580109452, "action": [0.0, 1.5707963267948966]}, "[0.0, -1.5707963267948966]": {"num_count": 66, "sum_payoffs": 21.462820010920524, "action": [0.0, -1.5707963267948966]}, "[1.0, 1.5707963267948966]": {"num_count": 68, "sum_payoffs": 22.626502363481976, "action": [1.0, 1.5707963267948966]}, "[1.0, 0.0]": {"num_count": 65, "sum_payoffs": 21.044082768951007, "action": [1.0, 0.0]}}, "1": {"[1.0, 1.5707963267948966]": {"num_count": 106, "sum_payoffs": 36.078766403984226, "action": [1.0, 1.5707963267948966]}, "[0.0, 1.5707963267948966]": {"num_count": 95, "sum_payoffs": 30.436698530772343, "action": [0.0, 1.5707963267948966]}, "[1.0, 0.0]": {"num_count": 105, "sum_payoffs": 35.49362639194578, "action": [1.0, 0.0]}, "[1.0, -1.5707963267948966]": {"num_count": 104, "sum_payoffs": 35.07353049866785, "action": [1.0, -1.5707963267948966]}, "[0.0, 0.0]": {"num_count": 98, "sum_payoffs": 32.04487890094691, "action": [0.0, 0.0]}, "[0.0, -1.5707963267948966]": {"num_count": 92, "sum_payoffs": 29.000754895869733, "action": [0.0, -1.5707963267948966]}}}}