{"runtime": 0.70281982421875, "winner": [0, 1], "T_terminal": 12, "trajectories": [[1.0, 3.0, 0.0, 3.0, 3.0, 0.0, 0.0], [2.0, 3.0, 0.0, 4.0, 3.0, 1.5707963267948966, 1.0], [2.0, 3.0, 0.0, 4.0, 4.0, 0.0, 2.0], [2.0, 3.0, 1.5707963267948966, 5.0, 4.0, 1.5707963267948966, 3.0], [2.0, 5.0, 0.0, 5.0, 4.0, 1.5707963267948966, 4.0], [3.0, 5.0, 1.5707963267948966, 5.0, 4.0, 1.5707963267948966, 5.0], [3.0, 5.0, 0.0, 5.0, 4.0, 3.141592653589793, 6.0], [5.0, 5.0, 0.0, 5.0, 4.0, 3.141592653589793, 7.0], [5.0, 5.0, 4.71238898038469, 5.0, 4.0, 4.71238898038469, 8.0], [5.0, 5.0, 3.141592653589793, 5.0, 3.0, 3.141592653589793, 9.0], [3.0, 5.0, 3.141592653589793, 5.0, 3.0, 1.5707963267948966, 10.0], [2.0, 5.0, 4.71238898038469, 5.0, 3.0, 1.5707963267948966, 11.0], [2.0, 5.0, 3.141592653589793, 5.0, 3.0, 1.5707963267948966, 12.0]], "penalty_distance_0": [-0.04060058497098381, -0.03206337769811572, -0.012698765886961496, -0.012698765886961496, -0.03206337769811572, -0.03206337769811572, -0.1103638323514327, -0.1103638323514327, -0.04060058497098381, -0.01773172396858687, -0.008151738351670669, -0.008151738351670669], "penalty_distance_1": [-0.04060058497098381, -0.03206337769811572, -0.012698765886961496, -0.012698765886961496, -0.03206337769811572, -0.03206337769811572, -0.1103638323514327, -0.1103638323514327, -0.04060058497098381, -0.01773172396858687, -0.008151738351670669, -0.008151738351670669], "reward_progress_0": [0.0, 0.0, 0.0, 0.0, 0.0, 0.0, 0.0, 0.0, 0.0, -0.0, -0.0, 0.0], "reward_progress_1": [0.0, 0.0, 0.0, 0.0, 0.0, 0.0, 0.0, 0.0, 0.0, 0.0, 0.0, 0.0], "penalty_agressor_0": [0.0, 0.0, 0.0, 0.0, 0.0, 0.0, 0.0, 0.0, 0.0, 0.0, 0.0, 0.0], "penalty_agressor_1": [0.0, 0.0, 0.0, 0.0, 0.0, 0.0, 0.0, 0.0, 0.0, 0.0, 0.0, 0.0], "penalty_timestep_0": [-4.800000000000001], "penalty_timestep_1": [-4.800000000000001], "reward_lead_0": [-3.0], "reward_lead_1": [3.0], "payoff_total0": [-0.04060058497098381, -0.07266396266909952, -0.08536272855606102, -0.0980614944430225, -0.13012487214113821, -0.16218824983925395, -0.27255208219068666, -0.3829159145421194, -0.42351649951310316, -0.44124822348169, -0.4493999618333607, -0.45755170018503133, -8.257551700185033], "payoff_total1": [-0.04060058497098381, -0.07266396266909952, -0.08536272855606102, -0.0980614944430225, -0.13012487214113821, -0.16218824983925395, -0.27255208219068666, -0.3829159145421194, -0.42351649951310316, -0.44124822348169, -0.4493999618333607, -0.45755170018503133, -2.257551700185032]}