{"2": {"0": {"[0.0, 0]": {"num_count": 2128, "sum_payoffs": 5.84999999649, "action": [0.0, 0]}, "[1.0, 0]": {"num_count": 1972, "sum_payoffs": 5.286315786301895, "action": [1.0, 0]}}, "1": {"[1.0, 0]": {"num_count": 2145, "sum_payoffs": 6.186315785761895, "action": [1.0, 0]}, "[0.0, 0]": {"num_count": 1955, "sum_payoffs": 4.94999999703, "action": [0.0, 0]}}}, "1": {"0": {"[0.0, 0]": {"num_count": 2152, "sum_payoffs": 1.79999999892, "action": [0.0, 0]}, "[1.0, 0]": {"num_count": 1948, "sum_payoffs": 0.89999999946, "action": [1.0, 0]}}, "1": {"[1.0, 0]": {"num_count": 2114, "sum_payoffs": 1.79999999892, "action": [1.0, 0]}, "[0.0, 0]": {"num_count": 1986, "sum_payoffs": 0.89999999946, "action": [0.0, 0]}}}}