{"9": {"0": {"[1.0, 1.5707963267948966]": {"num_count": 502, "sum_payoffs": 120.12350572231225, "action": [1.0, 1.5707963267948966]}, "[2.0, -1.5707963267948966]": {"num_count": 539, "sum_payoffs": 132.29600451070948, "action": [2.0, -1.5707963267948966]}, "[2.0, 1.5707963267948966]": {"num_count": 520, "sum_payoffs": 126.08343908642317, "action": [2.0, 1.5707963267948966]}, "[0.0, 1.5707963267948966]": {"num_count": 466, "sum_payoffs": 108.21637102363867, "action": [0.0, 1.5707963267948966]}, "[1.0, 0.0]": {"num_count": 516, "sum_payoffs": 124.77496481239065, "action": [1.0, 0.0]}, "[1.0, -1.5707963267948966]": {"num_count": 528, "sum_payoffs": 128.75665847708322, "action": [1.0, -1.5707963267948966]}, "[0.0, 0.0]": {"num_count": 501, "sum_payoffs": 119.77698506025077, "action": [0.0, 0.0]}, "[0.0, -1.5707963267948966]": {"num_count": 485, "sum_payoffs": 114.48937026356931, "action": [0.0, -1.5707963267948966]}, "[2.0, 0.0]": {"num_count": 543, "sum_payoffs": 133.66282764476904, "action": [2.0, 0.0]}}, "1": {"[2.0, 0.0]": {"num_count": 613, "sum_payoffs": 188.528573200099, "action": [2.0, 0.0]}, "[2.0, -1.5707963267948966]": {"num_count": 535, "sum_payoffs": 158.26751032204496, "action": [2.0, -1.5707963267948966]}, "[0.0, 0.0]": {"num_count": 451, "sum_payoffs": 126.30840411061138, "action": [0.0, 0.0]}, "[1.0, 0.0]": {"num_count": 567, "sum_payoffs": 170.67451095282553, "action": [1.0, 0.0]}, "[1.0, -1.5707963267948966]": {"num_count": 492, "sum_payoffs": 141.81352643058756, "action": [1.0, -1.5707963267948966]}, "[0.0, 1.5707963267948966]": {"num_count": 459, "sum_payoffs": 129.30745824747353, "action": [0.0, 1.5707963267948966]}, "[2.0, 1.5707963267948966]": {"num_count": 539, "sum_payoffs": 159.77214701413777, "action": [2.0, 1.5707963267948966]}, "[1.0, 1.5707963267948966]": {"num_count": 488, "sum_payoffs": 140.28921122703244, "action": [1.0, 1.5707963267948966]}, "[0.0, -1.5707963267948966]": {"num_count": 456, "sum_payoffs": 128.09438844753402, "action": [0.0, -1.5707963267948966]}}}}