{"2": {"0": {"[0.0, 0]": {"num_count": 249, "sum_payoffs": 63.05849996216512, "action": [0.0, 0]}, "[1.0, 0]": {"num_count": 4351, "sum_payoffs": 1608.5384990350058, "action": [1.0, 0]}}, "1": {"[1.0, 0]": {"num_count": 4328, "sum_payoffs": 1600.8839990395954, "action": [1.0, 0]}, "[0.0, 0]": {"num_count": 272, "sum_payoffs": 80.18999995188624, "action": [0.0, 0]}}}, "1": {"0": {"[0.0, 0]": {"num_count": 281, "sum_payoffs": 107.32499993560468, "action": [0.0, 0]}, "[1.0, 0]": {"num_count": 4319, "sum_payoffs": 1755.472498946598, "action": [1.0, 0]}}, "1": {"[1.0, 0]": {"num_count": 4307, "sum_payoffs": 1752.4349989484213, "action": [1.0, 0]}, "[0.0, 0]": {"num_count": 293, "sum_payoffs": 111.17249993329615, "action": [0.0, 0]}}}}