{"alphat_eff_gamelength_2": [1.0, 1.0, 1.0, 1.0, 1.0, 1.0, 1.0, 1.0, 1.0, 1.0], "runtime_gamelength_2": [0.3254127502441406, 0.3441903591156006, 0.32779860496520996, 0.35215115547180176, 0.3321530818939209, 0.3213682174682617, 0.3382716178894043, 0.3436391353607178, 0.3313748836517334, 0.32748889923095703], "max_timestep": [1, 1, 1, 1, 1, 1, 1, 1, 1, 1], "alphat_eff_gamelength_1": [1.0, 1.0, 1.0, 1.0, 1.0, 1.0, 1.0, 1.0, 1.0, 1.0], "runtime_gamelength_1": [0.22101068496704102, 0.22534966468811035, 0.22370266914367676, 0.2273566722869873, 0.22500133514404297, 0.2203683853149414, 0.22745060920715332, 0.22605657577514648, 0.21992802619934082, 0.2451794147491455], "winner": [[0, 0], [0, 0], [0, 0], [0, 0], [0, 0], [0, 0], [0, 0], [0, 0], [0, 0], [0, 0]], "runtime": [0.5466506481170654, 0.5697693824768066, 0.5517473220825195, 0.5797345638275146, 0.5573668479919434, 0.5420281887054443, 0.5659275054931641, 0.5699570178985596, 0.5515186786651611, 0.572894811630249], "T_terminal": [2, 2, 2, 2, 2, 2, 2, 2, 2, 2], "trajectory_0": [[[1.0, 0.0, 1.5707963267948966, 0], [1.0, 1.0, 1.5707963267948966, 1], [1.0, 2.0, 1.5707963267948966, 2]], [[1.0, 0.0, 1.5707963267948966, 0], [1.0, 1.0, 1.5707963267948966, 1], [1.0, 2.0, 1.5707963267948966, 2]], [[1.0, 0.0, 1.5707963267948966, 0], [1.0, 1.0, 1.5707963267948966, 1], [1.0, 2.0, 1.5707963267948966, 2]], [[1.0, 0.0, 1.5707963267948966, 0], [1.0, 1.0, 1.5707963267948966, 1], [1.0, 2.0, 1.5707963267948966, 2]], [[1.0, 0.0, 1.5707963267948966, 0], [1.0, 1.0, 1.5707963267948966, 1], [1.0, 2.0, 1.5707963267948966, 2]], [[1.0, 0.0, 1.5707963267948966, 0], [1.0, 1.0, 1.5707963267948966, 1], [1.0, 2.0, 1.5707963267948966, 2]], [[1.0, 0.0, 1.5707963267948966, 0], [1.0, 1.0, 1.5707963267948966, 1], [1.0, 2.0, 1.5707963267948966, 2]], [[1.0, 0.0, 1.5707963267948966, 0], [1.0, 1.0, 1.5707963267948966, 1], [1.0, 2.0, 1.5707963267948966, 2]], [[1.0, 0.0, 1.5707963267948966, 0], [1.0, 1.0, 1.5707963267948966, 1], [1.0, 2.0, 1.5707963267948966, 2]], [[1.0, 0.0, 1.5707963267948966, 0], [1.0, 1.0, 1.5707963267948966, 1], [1.0, 2.0, 1.5707963267948966, 2]]], "trajectory_1": [[[0.0, 1.0, 0.0, 0], [1.0, 1.0, 0.0, 1], [2.0, 1.0, 0.0, 2]], [[0.0, 1.0, 0.0, 0], [1.0, 1.0, 0.0, 1], [2.0, 1.0, 0.0, 2]], [[0.0, 1.0, 0.0, 0], [1.0, 1.0, 0.0, 1], [2.0, 1.0, 0.0, 2]], [[0.0, 1.0, 0.0, 0], [1.0, 1.0, 0.0, 1], [2.0, 1.0, 0.0, 2]], [[0.0, 1.0, 0.0, 0], [1.0, 1.0, 0.0, 1], [2.0, 1.0, 0.0, 2]], [[0.0, 1.0, 0.0, 0], [1.0, 1.0, 0.0, 1], [2.0, 1.0, 0.0, 2]], [[0.0, 1.0, 0.0, 0], [1.0, 1.0, 0.0, 1], [2.0, 1.0, 0.0, 2]], [[0.0, 1.0, 0.0, 0], [1.0, 1.0, 0.0, 1], [2.0, 1.0, 0.0, 2]], [[0.0, 1.0, 0.0, 0], [1.0, 1.0, 0.0, 1], [2.0, 1.0, 0.0, 2]], [[0.0, 1.0, 0.0, 0], [1.0, 1.0, 0.0, 1], [2.0, 1.0, 0.0, 2]]], "coll_payoff_0": [[0.0, 0.0], [0.0, 0.0], [0.0, 0.0], [0.0, 0.0], [0.0, 0.0], [0.0, 0.0], [0.0, 0.0], [0.0, 0.0], [0.0, 0.0], [0.0, 0.0]], "coll_payoff_1": [[0.0, 0.0], [0.0, 0.0], [0.0, 0.0], [0.0, 0.0], [0.0, 0.0], [0.0, 0.0], [0.0, 0.0], [0.0, 0.0], [0.0, 0.0], [0.0, 0.0]], "payoff_total": [[[0.0, 0.0], [0.124999999971875, 0.124999999971875]], [[0.0, 0.0], [0.124999999971875, 0.124999999971875]], [[0.0, 0.0], [0.124999999971875, 0.124999999971875]], [[0.0, 0.0], [0.124999999971875, 0.124999999971875]], [[0.0, 0.0], [0.124999999971875, 0.124999999971875]], [[0.0, 0.0], [0.124999999971875, 0.124999999971875]], [[0.0, 0.0], [0.124999999971875, 0.124999999971875]], [[0.0, 0.0], [0.124999999971875, 0.124999999971875]], [[0.0, 0.0], [0.124999999971875, 0.124999999971875]], [[0.0, 0.0], [0.124999999971875, 0.124999999971875]]], "final_lead_payoff_0": [[0.5], [0.5], [0.5], [0.5], [0.5], [0.5], [0.5], [0.5], [0.5], [0.5]], "final_lead_payoff_1": [[0.5], [0.5], [0.5], [0.5], [0.5], [0.5], [0.5], [0.5], [0.5], [0.5]]}