{"14": {"0": {"[1.0, 0.0]": {"num_count": 172, "sum_payoffs": 38.107993655515195, "action": [1.0, 0.0]}, "[0.0, 0.0]": {"num_count": 179, "sum_payoffs": 40.70883633772511, "action": [0.0, 0.0]}, "[0.0, 1.5707963267948966]": {"num_count": 176, "sum_payoffs": 39.61778166477649, "action": [0.0, 1.5707963267948966]}, "[2.0, 1.5707963267948966]": {"num_count": 174, "sum_payoffs": 38.819252480073025, "action": [2.0, 1.5707963267948966]}, "[1.0, -1.5707963267948966]": {"num_count": 183, "sum_payoffs": 42.27884707126634, "action": [1.0, -1.5707963267948966]}, "[2.0, 0.0]": {"num_count": 183, "sum_payoffs": 42.25624492494972, "action": [2.0, 0.0]}, "[0.0, -1.5707963267948966]": {"num_count": 172, "sum_payoffs": 38.125452263651454, "action": [0.0, -1.5707963267948966]}, "[1.0, 1.5707963267948966]": {"num_count": 180, "sum_payoffs": 41.04377130830647, "action": [1.0, 1.5707963267948966]}, "[2.0, -1.5707963267948966]": {"num_count": 181, "sum_payoffs": 41.45991994098279, "action": [2.0, -1.5707963267948966]}}, "1": {"[0.0, -1.5707963267948966]": {"num_count": 258, "sum_payoffs": 52.18852197966576, "action": [0.0, -1.5707963267948966]}, "[0.0, 0.0]": {"num_count": 253, "sum_payoffs": 50.51800357139251, "action": [0.0, 0.0]}, "[0.0, 1.5707963267948966]": {"num_count": 269, "sum_payoffs": 55.73920375439971, "action": [0.0, 1.5707963267948966]}, "[1.0, -1.5707963267948966]": {"num_count": 269, "sum_payoffs": 55.74706158020014, "action": [1.0, -1.5707963267948966]}, "[1.0, 0.0]": {"num_count": 275, "sum_payoffs": 57.64236301653858, "action": [1.0, 0.0]}, "[1.0, 1.5707963267948966]": {"num_count": 276, "sum_payoffs": 57.87281342844895, "action": [1.0, 1.5707963267948966]}}}}