{"runtime_game_length_10": {"mean": 22.952845430374147, "variance": 1.0635561691536077}, "runtime_game_length_9": {"mean": 21.21302728652954, "variance": 3.2752307990764704}, "runtime_game_length_8": {"mean": 17.814907789230347, "variance": 1.4184283128237212}, "runtime_game_length_7": {"mean": 13.992249965667725, "variance": 0.6454752031499765}, "runtime_game_length_6": {"mean": 9.438846540451049, "variance": 2.6811635029413403}, "runtime_game_length_5": {"mean": 3.9826338291168213, "variance": 8.740250545974664}, "runtime_game_length_4": {"mean": 2.2041702270507812, "variance": 0.6104562476458}, "runtime": {"mean": 90.27673473358155, "variance": 56.225161883464885}, "winner": {"mean": [1.0, 0.0], "variance": [0.0, 0.0]}, "T_terminal": {"mean": 6.4, "variance": 0.24000000000000005}, "trajectory_0": {"mean": [[1.0, 3.0, 0.0, 0.0], [2.8, 3.0, 1.8849555921538759, 1.0], [4.0, 2.2, 0.0, 2.0], [6.0, 2.2, 0.0, 3.0], [8.0, 2.2, 0.0, 4.0], [10.0, 2.2, 0.0, 5.0], [12.0, 2.2, 0.3141592653589793, 6.0]], "variance": [[0.0, 0.0, 0.0, 0.0], [0.15999999999999998, 0.0, 5.329586376588253, 0.0], [1.6000000000000008, 0.96, 0.0, 0.0], [1.6000000000000003, 0.96, 0.0, 0.0], [1.6, 0.96, 0.0, 0.0], [1.6, 0.96, 0.0, 0.0], [1.6, 0.96, 0.3947841760435743, 0.0]]}, "trajectory_1": {"mean": [[3.0, 3.0, 0.0, 0.0], [4.0, 3.0, 0.0, 1.0], [5.0, 3.0, 0.0, 2.0], [6.0, 3.0, 0.0, 3.0], [7.0, 3.0, 0.0, 4.0], [8.0, 3.0, 0.0, 5.0], [9.0, 3.0, 0.3141592653589793, 6.0]], "variance": [[0.0, 0.0, 0.0, 0.0], [0.0, 0.0, 0.0, 0.0], [0.0, 0.0, 0.0, 0.0], [0.0, 0.0, 0.0, 0.0], [0.0, 0.0, 0.0, 0.0], [0.0, 0.0, 0.0, 0.0], [0.0, 0.0, 0.3947841760435743, 0.0]]}, "penalty_distance_0": {"mean": [-3.2137060958447643, -4.9380451323747065, -1.625116154542937, -0.6637763160134009, -0.32077775994928365, -0.14478907073399655], "variance": [0.8652285662339038, 14.069877719242339, 0.80719239223934, 0.003396636299372758, 0.021839513000189378, 0.013230009237210811]}, "penalty_distance_1": {"mean": [0.0, 0.0, 0.0, 0.0, 0.0, 0.0], "variance": [0.0, 0.0, 0.0, 0.0, 0.0, 0.0]}, "reward_progress_0": {"mean": [0.18, 0.096, 0.12800000000000003, 0.10240000000000005, 0.08192000000000002, 0.06553600000000002], "variance": [0.0016000000000000003, 0.006144000000000005, 1.5407439555097888e-34, 1.5407439555097888e-34, 0.0, 0.0]}, "reward_progress_1": {"mean": [0.1, 0.08000000000000002, 0.06400000000000002, 0.05120000000000001, 0.04096000000000001, 0.03276800000000001], "variance": [0.0, 0.0, 0.0, 4.81482486096809e-35, 0.0, 0.0]}, "penalty_timestep_0": {"mean": [-0.6400000000000001], "variance": [0.0023999999999999985]}, "penalty_timestep_1": {"mean": [-0.6400000000000001], "variance": [0.0023999999999999985]}, "reward_lead_0": {"mean": [3.4], "variance": [0.64]}, "reward_lead_1": {"mean": [-3.4], "variance": [0.64]}, "payoff_total_0": {"mean": [-3.0337060958447637, -7.875751228219471, -9.372867382762411, -9.93424369877581, -10.17310145872509, -10.252354529459089, -8.23661763843563], "variance": [0.7924144356947582, 18.39730992732118, 26.88936674800501, 27.338718787242936, 25.81936509926366, 24.70564290357274, 10.925466520810957]}, "payoff_total_1": {"mean": [0.1, 0.18000000000000002, 0.24400000000000005, 0.2952000000000001, 0.33616000000000007, 0.3689280000000001, -2.3805862399999995], "variance": [0.0, 0.0, 0.0, 0.0, 0.0, 0.0, 5.136446321944165]}}