{"2": {"0": {"[0.0, 0]": {"num_count": 56, "sum_payoffs": 5.423684207272105, "action": [0.0, 0]}, "[1.0, 0]": {"num_count": 44, "sum_payoffs": 4.859999997084, "action": [1.0, 0]}}, "1": {"[0.0, 0]": {"num_count": 46, "sum_payoffs": 4.523684207812106, "action": [0.0, 0]}, "[1.0, 0]": {"num_count": 54, "sum_payoffs": 5.759999996544, "action": [1.0, 0]}}}, "1": {"0": {"[1.0, 0]": {"num_count": 49, "sum_payoffs": 0.89999999946, "action": [1.0, 0]}, "[0.0, 0]": {"num_count": 51, "sum_payoffs": 0.89999999946, "action": [0.0, 0]}}, "1": {"[1.0, 0]": {"num_count": 53, "sum_payoffs": 1.79999999892, "action": [1.0, 0]}, "[0.0, 0]": {"num_count": 47, "sum_payoffs": 0.0, "action": [0.0, 0]}}}}