{"2": {"0": {"[0.0, 0]": {"num_count": 828, "sum_payoffs": 193.1242499565458, "action": [0.0, 0]}, "[1.0, 0]": {"num_count": 2272, "sum_payoffs": 655.5962662998502, "action": [1.0, 0]}}, "1": {"[0.0, 0]": {"num_count": 848, "sum_payoffs": 200.0469374549879, "action": [0.0, 0]}, "[1.0, 0]": {"num_count": 2252, "sum_payoffs": 651.1339538008548, "action": [1.0, 0]}}}, "1": {"0": {"[1.0, 0]": {"num_count": 1969, "sum_payoffs": 619.0368748607325, "action": [1.0, 0]}, "[0.0, 0]": {"num_count": 1131, "sum_payoffs": 322.95937492733316, "action": [0.0, 0]}}, "1": {"[0.0, 0]": {"num_count": 1136, "sum_payoffs": 324.93374992688894, "action": [0.0, 0]}, "[1.0, 0]": {"num_count": 1964, "sum_payoffs": 617.6699998610399, "action": [1.0, 0]}}}}