{"3": {"0": {"[1.0, 0.0]": {"num_count": 245, "sum_payoffs": 83.96689218079841, "action": [1.0, 0.0]}, "[2.0, -1.5707963267948966]": {"num_count": 309, "sum_payoffs": 114.37131017389477, "action": [2.0, -1.5707963267948966]}, "[0.0, 1.5707963267948966]": {"num_count": 284, "sum_payoffs": 102.29805627380438, "action": [0.0, 1.5707963267948966]}, "[1.0, 1.5707963267948966]": {"num_count": 307, "sum_payoffs": 113.64022080180928, "action": [1.0, 1.5707963267948966]}, "[0.0, 0.0]": {"num_count": 254, "sum_payoffs": 88.23536366552345, "action": [0.0, 0.0]}, "[2.0, 1.5707963267948966]": {"num_count": 322, "sum_payoffs": 120.81454069064178, "action": [2.0, 1.5707963267948966]}, "[2.0, 0.0]": {"num_count": 276, "sum_payoffs": 98.69567174912143, "action": [2.0, 0.0]}, "[0.0, -1.5707963267948966]": {"num_count": 287, "sum_payoffs": 103.98481191979033, "action": [0.0, -1.5707963267948966]}, "[1.0, -1.5707963267948966]": {"num_count": 316, "sum_payoffs": 117.91436690104159, "action": [1.0, -1.5707963267948966]}}, "1": {"[1.0, 1.5707963267948966]": {"num_count": 478, "sum_payoffs": 192.06339010529078, "action": [1.0, 1.5707963267948966]}, "[1.0, -1.5707963267948966]": {"num_count": 488, "sum_payoffs": 196.99576448243823, "action": [1.0, -1.5707963267948966]}, "[0.0, 1.5707963267948966]": {"num_count": 418, "sum_payoffs": 162.87794008183738, "action": [0.0, 1.5707963267948966]}, "[1.0, 0.0]": {"num_count": 458, "sum_payoffs": 182.4214383943335, "action": [1.0, 0.0]}, "[0.0, 0.0]": {"num_count": 373, "sum_payoffs": 141.07077970777758, "action": [0.0, 0.0]}, "[0.0, -1.5707963267948966]": {"num_count": 385, "sum_payoffs": 146.8198788976838, "action": [0.0, -1.5707963267948966]}}}}