{"2": {"0": {"[1.0, 0]": {"num_count": 58, "sum_payoffs": 5.286315787623474, "action": [1.0, 0]}, "[0.0, 0]": {"num_count": 42, "sum_payoffs": 4.613684208911526, "action": [0.0, 0]}}, "1": {"[1.0, 0]": {"num_count": 60, "sum_payoffs": 5.376315787591975, "action": [1.0, 0]}, "[0.0, 0]": {"num_count": 40, "sum_payoffs": 4.523684208943027, "action": [0.0, 0]}}}, "1": {"0": {"[0.0, 0]": {"num_count": 48, "sum_payoffs": 0.899999999685, "action": [0.0, 0]}, "[1.0, 0]": {"num_count": 52, "sum_payoffs": 1.79999999937, "action": [1.0, 0]}}, "1": {"[0.0, 0]": {"num_count": 56, "sum_payoffs": 0.899999999685, "action": [0.0, 0]}, "[1.0, 0]": {"num_count": 44, "sum_payoffs": 1.79999999937, "action": [1.0, 0]}}}}