{"2": {"0": {"[1.0, 0]": {"num_count": 1584, "sum_payoffs": 604.3409996373832, "action": [1.0, 0]}, "[0.0, 0]": {"num_count": 516, "sum_payoffs": 158.73974990475534, "action": [0.0, 0]}}, "1": {"[0.0, 0]": {"num_count": 535, "sum_payoffs": 167.3054998996157, "action": [0.0, 0]}, "[1.0, 0]": {"num_count": 1565, "sum_payoffs": 599.4202496403351, "action": [1.0, 0]}}}, "1": {"0": {"[0.0, 0]": {"num_count": 1038, "sum_payoffs": 419.57999974825975, "action": [0.0, 0]}, "[1.0, 0]": {"num_count": 1062, "sum_payoffs": 430.7174997415779, "action": [1.0, 0]}}, "1": {"[0.0, 0]": {"num_count": 1038, "sum_payoffs": 419.57999974825975, "action": [0.0, 0]}, "[1.0, 0]": {"num_count": 1062, "sum_payoffs": 430.7174997415779, "action": [1.0, 0]}}}}