{"2": {"0": {"[1.0, 0]": {"num_count": 1450, "sum_payoffs": 312.78870671328724, "action": [1.0, 0]}, "[0.0, 0]": {"num_count": 150, "sum_payoffs": 24.724285710047262, "action": [0.0, 0]}}, "1": {"[0.0, 0]": {"num_count": 134, "sum_payoffs": 23.578714281672205, "action": [0.0, 0]}, "[1.0, 0]": {"num_count": 1466, "sum_payoffs": 316.4337067126621, "action": [1.0, 0]}}}, "1": {"0": {"[1.0, 0]": {"num_count": 1446, "sum_payoffs": 340.73999994159357, "action": [1.0, 0]}, "[0.0, 0]": {"num_count": 154, "sum_payoffs": 31.744285708843737, "action": [0.0, 0]}}, "1": {"[0.0, 0]": {"num_count": 140, "sum_payoffs": 26.652857138288006, "action": [0.0, 0]}, "[1.0, 0]": {"num_count": 1460, "sum_payoffs": 343.7485713696493, "action": [1.0, 0]}}}}