{"alphat_eff_gamelength_2": 1.0, "runtime_gamelength_2": 0.5059809684753418, "max_timestep": 1, "alphat_eff_gamelength_1": 0.5, "runtime_gamelength_1": 0.3378410339355469, "winner": [1, 0], "runtime": 0.8442463874816895, "T_terminal": 2, "trajectory_0": [[1.0, 0.0, 1.5707963267948966, 0], [1.0, 1.0, 1.5707963267948966, 1], [1.0, 2.0, 1.5707963267948966, 2]], "trajectory_1": [[0.0, 1.0, 0.0, 0], [0.0, 1.0, 0.0, 1], [1.0, 1.0, 0.0, 2]], "coll_payoff_0": [1.0, 1.0], "coll_payoff_1": [1.0, 1.0], "payoff_total": [[0.39999999992, 0.39999999992], [0.8710526314047369, 0.5710526314647368]], "final_lead_payoff_0": [0.75], "final_lead_payoff_1": [0.25]}