{"4": {"0": {"[2.0, 0.0]": {"num_count": 70, "sum_payoffs": 24.70447692231836, "action": [2.0, 0.0]}, "[2.0, 1.5707963267948966]": {"num_count": 69, "sum_payoffs": 24.33910190928979, "action": [2.0, 1.5707963267948966]}, "[0.0, 0.0]": {"num_count": 64, "sum_payoffs": 21.296059735227956, "action": [0.0, 0.0]}, "[0.0, -1.5707963267948966]": {"num_count": 67, "sum_payoffs": 23.059752920981936, "action": [0.0, -1.5707963267948966]}, "[1.0, 1.5707963267948966]": {"num_count": 66, "sum_payoffs": 22.578085716395773, "action": [1.0, 1.5707963267948966]}, "[1.0, -1.5707963267948966]": {"num_count": 70, "sum_payoffs": 24.786215210579293, "action": [1.0, -1.5707963267948966]}, "[2.0, -1.5707963267948966]": {"num_count": 66, "sum_payoffs": 22.531100092893706, "action": [2.0, -1.5707963267948966]}, "[0.0, 1.5707963267948966]": {"num_count": 60, "sum_payoffs": 19.31391998692976, "action": [0.0, 1.5707963267948966]}, "[1.0, 0.0]": {"num_count": 68, "sum_payoffs": 23.66315588509033, "action": [1.0, 0.0]}}, "1": {"[1.0, 1.5707963267948966]": {"num_count": 104, "sum_payoffs": 38.39584083758183, "action": [1.0, 1.5707963267948966]}, "[0.0, 1.5707963267948966]": {"num_count": 92, "sum_payoffs": 31.95911365865918, "action": [0.0, 1.5707963267948966]}, "[1.0, 0.0]": {"num_count": 105, "sum_payoffs": 39.066029813599584, "action": [1.0, 0.0]}, "[0.0, -1.5707963267948966]": {"num_count": 91, "sum_payoffs": 31.496690743756563, "action": [0.0, -1.5707963267948966]}, "[0.0, 0.0]": {"num_count": 103, "sum_payoffs": 37.8394537626099, "action": [0.0, 0.0]}, "[1.0, -1.5707963267948966]": {"num_count": 105, "sum_payoffs": 39.06520054816104, "action": [1.0, -1.5707963267948966]}}}}