{"2": {"0": {"[0.0, 0]": {"num_count": 171, "sum_payoffs": 24.71512499443909, "action": [0.0, 0]}, "[1.0, 0]": {"num_count": 1429, "sum_payoffs": 269.9127828340083, "action": [1.0, 0]}}, "1": {"[1.0, 0]": {"num_count": 1472, "sum_payoffs": 278.93415783197725, "action": [1.0, 0]}, "[0.0, 0]": {"num_count": 128, "sum_payoffs": 18.609749995812813, "action": [0.0, 0]}}}, "1": {"0": {"[1.0, 0]": {"num_count": 1426, "sum_payoffs": 293.51249993395726, "action": [1.0, 0]}, "[0.0, 0]": {"num_count": 174, "sum_payoffs": 31.331249992950465, "action": [0.0, 0]}}, "1": {"[1.0, 0]": {"num_count": 1436, "sum_payoffs": 296.1449999333652, "action": [1.0, 0]}, "[0.0, 0]": {"num_count": 164, "sum_payoffs": 29.913749993269384, "action": [0.0, 0]}}}}