{"2": {"0": {"[0.0, 1.5707963267948966]": {"num_count": 237, "sum_payoffs": 49.37574690096836, "action": [0.0, 1.5707963267948966]}, "[1.0, -1.5707963267948966]": {"num_count": 272, "sum_payoffs": 61.42493969388134, "action": [1.0, -1.5707963267948966]}, "[2.0, 0.0]": {"num_count": 367, "sum_payoffs": 95.04754867362122, "action": [2.0, 0.0]}, "[2.0, -1.5707963267948966]": {"num_count": 311, "sum_payoffs": 74.99750123689742, "action": [2.0, -1.5707963267948966]}, "[1.0, 1.5707963267948966]": {"num_count": 271, "sum_payoffs": 61.016448287478745, "action": [1.0, 1.5707963267948966]}, "[2.0, 1.5707963267948966]": {"num_count": 312, "sum_payoffs": 75.35384480418479, "action": [2.0, 1.5707963267948966]}, "[0.0, 0.0]": {"num_count": 273, "sum_payoffs": 61.760967332176456, "action": [0.0, 0.0]}, "[0.0, -1.5707963267948966]": {"num_count": 238, "sum_payoffs": 49.784238307370934, "action": [0.0, -1.5707963267948966]}, "[1.0, 0.0]": {"num_count": 319, "sum_payoffs": 77.80511916662756, "action": [1.0, 0.0]}}, "1": {"[0.0, -1.5707963267948966]": {"num_count": 383, "sum_payoffs": 101.4657888278556, "action": [0.0, -1.5707963267948966]}, "[1.0, 0.0]": {"num_count": 513, "sum_payoffs": 150.06236009939153, "action": [1.0, 0.0]}, "[0.0, 1.5707963267948966]": {"num_count": 378, "sum_payoffs": 99.63192315230341, "action": [0.0, 1.5707963267948966]}, "[1.0, -1.5707963267948966]": {"num_count": 464, "sum_payoffs": 131.57551656767512, "action": [1.0, -1.5707963267948966]}, "[0.0, 0.0]": {"num_count": 408, "sum_payoffs": 110.68929301626221, "action": [0.0, 0.0]}, "[1.0, 1.5707963267948966]": {"num_count": 454, "sum_payoffs": 127.733959086187, "action": [1.0, 1.5707963267948966]}}}}