{"10": {"0": {"[0.0, 1.5707963267948966]": {"num_count": 65, "sum_payoffs": 14.78238678200632, "action": [0.0, 1.5707963267948966]}, "[1.0, -1.5707963267948966]": {"num_count": 68, "sum_payoffs": 15.958404589478851, "action": [1.0, -1.5707963267948966]}, "[2.0, -1.5707963267948966]": {"num_count": 68, "sum_payoffs": 16.0209801928431, "action": [2.0, -1.5707963267948966]}, "[2.0, 1.5707963267948966]": {"num_count": 67, "sum_payoffs": 15.546380814327122, "action": [2.0, 1.5707963267948966]}, "[0.0, -1.5707963267948966]": {"num_count": 67, "sum_payoffs": 15.531420423009203, "action": [0.0, -1.5707963267948966]}, "[1.0, 1.5707963267948966]": {"num_count": 65, "sum_payoffs": 14.813467132358943, "action": [1.0, 1.5707963267948966]}, "[1.0, 0.0]": {"num_count": 64, "sum_payoffs": 14.3734134474965, "action": [1.0, 0.0]}, "[2.0, 0.0]": {"num_count": 68, "sum_payoffs": 16.055342218904144, "action": [2.0, 0.0]}, "[0.0, 0.0]": {"num_count": 68, "sum_payoffs": 16.111742570331035, "action": [0.0, 0.0]}}, "1": {"[1.0, 1.5707963267948966]": {"num_count": 67, "sum_payoffs": 18.912654977560585, "action": [1.0, 1.5707963267948966]}, "[1.0, 0.0]": {"num_count": 72, "sum_payoffs": 21.31638113728234, "action": [1.0, 0.0]}, "[2.0, -1.5707963267948966]": {"num_count": 69, "sum_payoffs": 19.795117228729328, "action": [2.0, -1.5707963267948966]}, "[2.0, 0.0]": {"num_count": 70, "sum_payoffs": 20.46138268538497, "action": [2.0, 0.0]}, "[0.0, -1.5707963267948966]": {"num_count": 63, "sum_payoffs": 16.857259632290777, "action": [0.0, -1.5707963267948966]}, "[2.0, 1.5707963267948966]": {"num_count": 68, "sum_payoffs": 19.459698148532258, "action": [2.0, 1.5707963267948966]}, "[0.0, 0.0]": {"num_count": 63, "sum_payoffs": 16.9209363329284, "action": [0.0, 0.0]}, "[0.0, 1.5707963267948966]": {"num_count": 63, "sum_payoffs": 16.948476099436416, "action": [0.0, 1.5707963267948966]}, "[1.0, -1.5707963267948966]": {"num_count": 65, "sum_payoffs": 17.909659559877213, "action": [1.0, -1.5707963267948966]}}}}