{"2": {"0": {"[0.0, 0]": {"num_count": 38, "sum_payoffs": 7.762499998447501, "action": [0.0, 0]}, "[1.0, 0]": {"num_count": 62, "sum_payoffs": 12.921489471099926, "action": [1.0, 0]}}, "1": {"[0.0, 0]": {"num_count": 37, "sum_payoffs": 6.8390999986321805, "action": [0.0, 0]}, "[1.0, 0]": {"num_count": 63, "sum_payoffs": 14.136489470856933, "action": [1.0, 0]}}}, "1": {"0": {"[1.0, 0]": {"num_count": 58, "sum_payoffs": 11.123999997775199, "action": [1.0, 0]}, "[0.0, 0]": {"num_count": 42, "sum_payoffs": 6.047999998790401, "action": [0.0, 0]}}, "1": {"[0.0, 0]": {"num_count": 31, "sum_payoffs": 5.075999998984801, "action": [0.0, 0]}, "[1.0, 0]": {"num_count": 69, "sum_payoffs": 13.229999997353998, "action": [1.0, 0]}}}}