{"2": {"0": {"[1.0, 0]": {"num_count": 1081, "sum_payoffs": 218.96828281809616, "action": [1.0, 0]}, "[0.0, 0]": {"num_count": 519, "sum_payoffs": 78.29099997259813, "action": [0.0, 0]}}, "1": {"[1.0, 0]": {"num_count": 1073, "sum_payoffs": 216.78690781885982, "action": [1.0, 0]}, "[0.0, 0]": {"num_count": 527, "sum_payoffs": 80.10787497196227, "action": [0.0, 0]}}}, "1": {"0": {"[0.0, 0]": {"num_count": 633, "sum_payoffs": 117.49499995887818, "action": [0.0, 0]}, "[1.0, 0]": {"num_count": 967, "sum_payoffs": 207.7537499272893, "action": [1.0, 0]}}, "1": {"[1.0, 0]": {"num_count": 966, "sum_payoffs": 207.55124992736017, "action": [1.0, 0]}, "[0.0, 0]": {"num_count": 634, "sum_payoffs": 117.89999995873644, "action": [0.0, 0]}}}}