{"2": {"0": {"[1.0, 0]": {"num_count": 1461, "sum_payoffs": 331.0137067101637, "action": [1.0, 0]}, "[0.0, 0]": {"num_count": 639, "sum_payoffs": 111.29785712377745, "action": [0.0, 0]}}, "1": {"[1.0, 0]": {"num_count": 1447, "sum_payoffs": 327.3995638536409, "action": [1.0, 0]}, "[0.0, 0]": {"num_count": 653, "sum_payoffs": 114.91199998030083, "action": [0.0, 0]}}}, "1": {"0": {"[1.0, 0]": {"num_count": 1321, "sum_payoffs": 322.3414285161748, "action": [1.0, 0]}, "[0.0, 0]": {"num_count": 779, "sum_payoffs": 164.69999997176762, "action": [0.0, 0]}}, "1": {"[0.0, 0]": {"num_count": 780, "sum_payoffs": 165.047142828851, "action": [0.0, 0]}, "[1.0, 0]": {"num_count": 1320, "sum_payoffs": 322.2257142304804, "action": [1.0, 0]}}}}