{"alphat_eff_gamelength_2": {"mean": 1.0, "variance": 0.0}, "runtime_gamelength_2": {"mean": 0.27294943332672117, "variance": 0.0006554818794649008}, "max_timestep": {"mean": 1.0, "variance": 0.0}, "alphat_eff_gamelength_1": {"mean": 0.7, "variance": 0.06000000000000001}, "runtime_gamelength_1": {"mean": 0.18317410945892335, "variance": 0.00018479507829681553}, "winner": {"mean": [0.2, 0.2], "variance": [0.16000000000000006, 0.16000000000000006]}, "runtime": {"mean": 0.45631654262542726, "variance": 0.0012943289198580033}, "T_terminal": {"mean": 2.0, "variance": 0.0}, "trajectory_0": {"mean": [[1.0, 0.0, 1.5707963267948966, 0.0], [1.0, 0.6, 1.5707963267948966, 1.0], [1.0, 1.3, 1.5707963267948966, 2.0]], "variance": [[0.0, 0.0, 0.0, 0.0], [0.0, 0.24000000000000005, 0.0, 0.0], [0.0, 0.8099999999999999, 0.0, 0.0]]}, "trajectory_1": {"mean": [[0.0, 1.0, 0.0, 0.0], [0.6, 1.0, 0.0, 1.0], [1.5, 1.0, 0.0, 2.0]], "variance": [[0.0, 0.0, 0.0, 0.0], [0.24000000000000005, 0.0, 0.0, 0.0], [0.45, 0.0, 0.0, 0.0]]}, "coll_payoff_0": {"mean": [0.6, 0.6], "variance": [0.24000000000000005, 0.24000000000000005]}, "coll_payoff_1": {"mean": [0.6, 0.6], "variance": [0.24000000000000005, 0.24000000000000005]}, "payoff_total": {"mean": [[0.59999999964, 0.59999999964], [0.6315789469894737, 0.6315789469894737]], "variance": [[0.23999999971199998, 0.23999999971199998], [0.26592797752022157, 0.26592797752022157]]}, "final_lead_payoff_0": {"mean": [0.45], "variance": [0.0725]}, "final_lead_payoff_1": {"mean": [0.55], "variance": [0.07250000000000002]}}