{"2": {"0": {"[1.0, 0]": {"num_count": 3230, "sum_payoffs": 248.21635258194283, "action": [1.0, 0]}, "[0.0, 0]": {"num_count": 370, "sum_payoffs": 24.837749995032386, "action": [0.0, 0]}}, "1": {"[1.0, 0]": {"num_count": 3289, "sum_payoffs": 250.47625258149102, "action": [1.0, 0]}, "[0.0, 0]": {"num_count": 311, "sum_payoffs": 20.46374999590722, "action": [0.0, 0]}}}, "1": {"0": {"[0.0, 0]": {"num_count": 418, "sum_payoffs": 28.421999994315502, "action": [0.0, 0]}, "[1.0, 0]": {"num_count": 3182, "sum_payoffs": 264.00149994718635, "action": [1.0, 0]}}, "1": {"[0.0, 0]": {"num_count": 362, "sum_payoffs": 25.465499994906835, "action": [0.0, 0]}, "[1.0, 0]": {"num_count": 3238, "sum_payoffs": 269.63099994606154, "action": [1.0, 0]}}}}