{"2": {"0": {"[0.0, 0]": {"num_count": 181, "sum_payoffs": 30.633749993873263, "action": [0.0, 0]}, "[1.0, 0]": {"num_count": 2419, "sum_payoffs": 539.9018762077927, "action": [1.0, 0]}}, "1": {"[0.0, 0]": {"num_count": 186, "sum_payoffs": 30.49244999390152, "action": [0.0, 0]}, "[1.0, 0]": {"num_count": 2414, "sum_payoffs": 543.104976207152, "action": [1.0, 0]}}}, "1": {"0": {"[1.0, 0]": {"num_count": 2419, "sum_payoffs": 596.3129998807245, "action": [1.0, 0]}, "[0.0, 0]": {"num_count": 181, "sum_payoffs": 38.51099999229785, "action": [0.0, 0]}}, "1": {"[1.0, 0]": {"num_count": 2422, "sum_payoffs": 595.0979998809676, "action": [1.0, 0]}, "[0.0, 0]": {"num_count": 178, "sum_payoffs": 36.080999992783845, "action": [0.0, 0]}}}}