{"runtime": 37.90530610084534, "winner": [1, 0], "collision_count": 1, "T_terminal": 6, "trajectories": [[1.0, 3.0, 0.0, 3.0, 3.0, 0.0, 0.0], [3.0, 3.0, 0.0, 4.0, 3.0, 0.0, 1.0], [5.0, 3.0, 0.0, 5.0, 3.0, 1.5707963267948966, 2.0], [7.0, 3.0, 0.0, 5.0, 4.0, 0.0, 3.0], [9.0, 3.0, 0.0, 6.0, 4.0, 0.0, 4.0], [11.0, 3.0, 0.0, 7.0, 4.0, 0.0, 5.0], [13.0, 3.0, 4.71238898038469, 8.0, 4.0, 4.71238898038469, 6.0]], "penalty_distance_0": [-0.14715177646857694, -0.4, -0.0427511702641543, -0.016931687849281996, -0.006477657327665025, -0.0024410909096696017], "penalty_distance_1": [-0.14715177646857694, -0.4, -0.0427511702641543, -0.016931687849281996, -0.006477657327665025, -0.0024410909096696017], "reward_progress_0": [0.0, 0.0, 0.0, 0.0, 0.0, 0.0], "reward_progress_1": [0.0, 0.0, 0.0, 0.0, 0.0, 0.0], "penalty_agressor_0": [0.0, 0.0, 0.0, 0.0, 0.0, 0.0], "penalty_agressor_1": [0.0, 0.0, 0.0, 0.0, 0.0, 0.0], "penalty_timestep_0": [-3.0], "penalty_timestep_1": [-3.0], "reward_lead_0": [5.0], "reward_lead_1": [-5.0], "payoff_total0": [-0.14715177646857694, -0.5471517764685769, -0.5899029467327312, -0.6068346345820133, -0.6133122919096783, -0.6157533828193479, 1.384246617180652], "payoff_total1": [-0.14715177646857694, -0.5471517764685769, -0.5899029467327312, -0.6068346345820133, -0.6133122919096783, -0.6157533828193479, -8.615753382819348]}