{"11": {"0": {"[1.0, 0.0]": {"num_count": 446, "sum_payoffs": 107.46234763308713, "action": [1.0, 0.0]}, "[0.0, 0.0]": {"num_count": 442, "sum_payoffs": 106.01457936481786, "action": [0.0, 0.0]}, "[0.0, -1.5707963267948966]": {"num_count": 447, "sum_payoffs": 107.69407368856228, "action": [0.0, -1.5707963267948966]}, "[1.0, -1.5707963267948966]": {"num_count": 456, "sum_payoffs": 110.7701358362113, "action": [1.0, -1.5707963267948966]}, "[0.0, 1.5707963267948966]": {"num_count": 439, "sum_payoffs": 104.94911389329789, "action": [0.0, 1.5707963267948966]}, "[1.0, 1.5707963267948966]": {"num_count": 443, "sum_payoffs": 106.46237594324657, "action": [1.0, 1.5707963267948966]}, "[2.0, -1.5707963267948966]": {"num_count": 469, "sum_payoffs": 115.24359997537007, "action": [2.0, -1.5707963267948966]}, "[2.0, 0.0]": {"num_count": 489, "sum_payoffs": 121.96700346871357, "action": [2.0, 0.0]}, "[2.0, 1.5707963267948966]": {"num_count": 469, "sum_payoffs": 115.21628910934295, "action": [2.0, 1.5707963267948966]}}, "1": {"[0.0, -1.5707963267948966]": {"num_count": 657, "sum_payoffs": 145.41936623021243, "action": [0.0, -1.5707963267948966]}, "[0.0, 0.0]": {"num_count": 663, "sum_payoffs": 147.28410439424715, "action": [0.0, 0.0]}, "[1.0, 0.0]": {"num_count": 721, "sum_payoffs": 164.77436024272927, "action": [1.0, 0.0]}, "[1.0, 1.5707963267948966]": {"num_count": 704, "sum_payoffs": 159.5936288263312, "action": [1.0, 1.5707963267948966]}, "[0.0, 1.5707963267948966]": {"num_count": 646, "sum_payoffs": 142.16387259315894, "action": [0.0, 1.5707963267948966]}, "[1.0, -1.5707963267948966]": {"num_count": 709, "sum_payoffs": 161.1907221420075, "action": [1.0, -1.5707963267948966]}}}}