{"2": {"0": {"[0.0, 0]": {"num_count": 40, "sum_payoffs": 8.347499998643531, "action": [0.0, 0]}, "[1.0, 0]": {"num_count": 60, "sum_payoffs": 16.306282892087072, "action": [1.0, 0]}}, "1": {"[0.0, 0]": {"num_count": 43, "sum_payoffs": 8.803124998569492, "action": [0.0, 0]}, "[1.0, 0]": {"num_count": 57, "sum_payoffs": 14.93940789230919, "action": [1.0, 0]}}}, "1": {"0": {"[1.0, 0]": {"num_count": 64, "sum_payoffs": 15.986249997402233, "action": [1.0, 0]}, "[0.0, 0]": {"num_count": 36, "sum_payoffs": 7.132499998840965, "action": [0.0, 0]}}, "1": {"[0.0, 0]": {"num_count": 58, "sum_payoffs": 10.068749998363826, "action": [0.0, 0]}, "[1.0, 0]": {"num_count": 42, "sum_payoffs": 10.012499998372963, "action": [1.0, 0]}}}}