{"4": {"0": {"[0.0, 1.5707963267948966]": {"num_count": 305, "sum_payoffs": 94.08972968376088, "action": [0.0, 1.5707963267948966]}, "[0.0, 0.0]": {"num_count": 332, "sum_payoffs": 105.55126834398493, "action": [0.0, 0.0]}, "[1.0, -1.5707963267948966]": {"num_count": 349, "sum_payoffs": 112.93519564276215, "action": [1.0, -1.5707963267948966]}, "[1.0, 1.5707963267948966]": {"num_count": 336, "sum_payoffs": 107.35269175713327, "action": [1.0, 1.5707963267948966]}, "[2.0, 1.5707963267948966]": {"num_count": 369, "sum_payoffs": 121.56447273405857, "action": [2.0, 1.5707963267948966]}, "[2.0, 0.0]": {"num_count": 376, "sum_payoffs": 124.61054809181363, "action": [2.0, 0.0]}, "[0.0, -1.5707963267948966]": {"num_count": 316, "sum_payoffs": 98.82010285240874, "action": [0.0, -1.5707963267948966]}, "[2.0, -1.5707963267948966]": {"num_count": 368, "sum_payoffs": 121.14567716084882, "action": [2.0, -1.5707963267948966]}, "[1.0, 0.0]": {"num_count": 349, "sum_payoffs": 112.93139619207784, "action": [1.0, 0.0]}}, "1": {"[2.0, 0.0]": {"num_count": 425, "sum_payoffs": 177.20899227391072, "action": [2.0, 0.0]}, "[0.0, 1.5707963267948966]": {"num_count": 273, "sum_payoffs": 100.59515161331278, "action": [0.0, 1.5707963267948966]}, "[0.0, -1.5707963267948966]": {"num_count": 279, "sum_payoffs": 103.66669134647809, "action": [0.0, -1.5707963267948966]}, "[2.0, 1.5707963267948966]": {"num_count": 380, "sum_payoffs": 154.20033583429915, "action": [2.0, 1.5707963267948966]}, "[1.0, 1.5707963267948966]": {"num_count": 350, "sum_payoffs": 138.93982369141838, "action": [1.0, 1.5707963267948966]}, "[0.0, 0.0]": {"num_count": 307, "sum_payoffs": 117.47426871367539, "action": [0.0, 0.0]}, "[1.0, -1.5707963267948966]": {"num_count": 344, "sum_payoffs": 135.943518203032, "action": [1.0, -1.5707963267948966]}, "[2.0, -1.5707963267948966]": {"num_count": 385, "sum_payoffs": 156.79206941490966, "action": [2.0, -1.5707963267948966]}, "[1.0, 0.0]": {"num_count": 357, "sum_payoffs": 142.62090053508084, "action": [1.0, 0.0]}}}}