{"2": {"0": {"[1.0, 0]": {"num_count": 2937, "sum_payoffs": 651.8778495122822, "action": [1.0, 0]}, "[0.0, 0]": {"num_count": 1163, "sum_payoffs": 206.55385710744454, "action": [0.0, 0]}}, "1": {"[0.0, 0]": {"num_count": 1167, "sum_payoffs": 207.69942853581986, "action": [0.0, 0]}, "[1.0, 0]": {"num_count": 2933, "sum_payoffs": 651.5654209409068, "action": [1.0, 0]}}}, "1": {"0": {"[0.0, 0]": {"num_count": 1504, "sum_payoffs": 324.5014285158037, "action": [0.0, 0]}, "[1.0, 0]": {"num_count": 2596, "sum_payoffs": 625.3971427499164, "action": [1.0, 0]}}, "1": {"[0.0, 0]": {"num_count": 1507, "sum_payoffs": 325.4271428013593, "action": [0.0, 0]}, "[1.0, 0]": {"num_count": 2593, "sum_payoffs": 624.9342856071387, "action": [1.0, 0]}}}}