{"3": {"0": {"[0.0, 0.0]": {"num_count": 64, "sum_payoffs": 22.85864013632236, "action": [0.0, 0.0]}, "[2.0, 0.0]": {"num_count": 64, "sum_payoffs": 22.92886937881812, "action": [2.0, 0.0]}, "[0.0, 1.5707963267948966]": {"num_count": 64, "sum_payoffs": 23.074370403719655, "action": [0.0, 1.5707963267948966]}, "[2.0, 1.5707963267948966]": {"num_count": 70, "sum_payoffs": 26.460817886649323, "action": [2.0, 1.5707963267948966]}, "[1.0, -1.5707963267948966]": {"num_count": 73, "sum_payoffs": 28.40650086768247, "action": [1.0, -1.5707963267948966]}, "[1.0, 1.5707963267948966]": {"num_count": 71, "sum_payoffs": 27.03245334787533, "action": [1.0, 1.5707963267948966]}, "[1.0, 0.0]": {"num_count": 61, "sum_payoffs": 21.079849207846276, "action": [1.0, 0.0]}, "[2.0, -1.5707963267948966]": {"num_count": 70, "sum_payoffs": 26.628969255911414, "action": [2.0, -1.5707963267948966]}, "[0.0, -1.5707963267948966]": {"num_count": 63, "sum_payoffs": 22.480436629647468, "action": [0.0, -1.5707963267948966]}}, "1": {"[0.0, -1.5707963267948966]": {"num_count": 91, "sum_payoffs": 34.60610512074992, "action": [0.0, -1.5707963267948966]}, "[1.0, 0.0]": {"num_count": 108, "sum_payoffs": 44.39317393155442, "action": [1.0, 0.0]}, "[1.0, -1.5707963267948966]": {"num_count": 107, "sum_payoffs": 43.76806016861996, "action": [1.0, -1.5707963267948966]}, "[0.0, 1.5707963267948966]": {"num_count": 99, "sum_payoffs": 39.178410744972346, "action": [0.0, 1.5707963267948966]}, "[1.0, 1.5707963267948966]": {"num_count": 104, "sum_payoffs": 41.95013833158761, "action": [1.0, 1.5707963267948966]}, "[0.0, 0.0]": {"num_count": 91, "sum_payoffs": 34.35780262962362, "action": [0.0, 0.0]}}}}