{"11": {"0": {"[1.0, 0.0]": {"num_count": 11, "sum_payoffs": 2.8723126461918906, "action": [1.0, 0.0]}, "[0.0, -1.5707963267948966]": {"num_count": 11, "sum_payoffs": 2.74285135925604, "action": [0.0, -1.5707963267948966]}, "[0.0, 1.5707963267948966]": {"num_count": 11, "sum_payoffs": 2.698186050070273, "action": [0.0, 1.5707963267948966]}, "[2.0, 0.0]": {"num_count": 11, "sum_payoffs": 2.5418075009106667, "action": [2.0, 0.0]}, "[1.0, -1.5707963267948966]": {"num_count": 11, "sum_payoffs": 2.653040026467918, "action": [1.0, -1.5707963267948966]}, "[1.0, 1.5707963267948966]": {"num_count": 11, "sum_payoffs": 2.5616885857159013, "action": [1.0, 1.5707963267948966]}, "[2.0, -1.5707963267948966]": {"num_count": 11, "sum_payoffs": 2.6799793618047376, "action": [2.0, -1.5707963267948966]}, "[2.0, 1.5707963267948966]": {"num_count": 11, "sum_payoffs": 2.5774190875918057, "action": [2.0, 1.5707963267948966]}, "[0.0, 0.0]": {"num_count": 12, "sum_payoffs": 3.110554449066074, "action": [0.0, 0.0]}}, "1": {"[1.0, 0.0]": {"num_count": 11, "sum_payoffs": 3.4556204520178895, "action": [1.0, 0.0]}, "[0.0, 1.5707963267948966]": {"num_count": 11, "sum_payoffs": 3.0890955804286406, "action": [0.0, 1.5707963267948966]}, "[2.0, -1.5707963267948966]": {"num_count": 11, "sum_payoffs": 3.219497692908094, "action": [2.0, -1.5707963267948966]}, "[0.0, -1.5707963267948966]": {"num_count": 10, "sum_payoffs": 2.67793071901367, "action": [0.0, -1.5707963267948966]}, "[0.0, 0.0]": {"num_count": 11, "sum_payoffs": 3.243906320473341, "action": [0.0, 0.0]}, "[2.0, 1.5707963267948966]": {"num_count": 12, "sum_payoffs": 3.783682246401072, "action": [2.0, 1.5707963267948966]}, "[1.0, 1.5707963267948966]": {"num_count": 11, "sum_payoffs": 2.9352684394268613, "action": [1.0, 1.5707963267948966]}, "[2.0, 0.0]": {"num_count": 12, "sum_payoffs": 3.854406138498865, "action": [2.0, 0.0]}, "[1.0, -1.5707963267948966]": {"num_count": 11, "sum_payoffs": 3.0110658184085066, "action": [1.0, -1.5707963267948966]}}}}