{"alphat_eff_gamelength_2": 1.0, "runtime_gamelength_2": 0.1854548454284668, "max_timestep": 1, "alphat_eff_gamelength_1": 0.5, "runtime_gamelength_1": 0.10970354080200195, "winner": [0, 1], "runtime": 0.29538559913635254, "T_terminal": 2, "trajectory_0": [[1.0, 0.0, 1.5707963267948966, 0], [1.0, 0.0, 1.5707963267948966, 1], [1.0, 0.0, 1.5707963267948966, 2]], "trajectory_1": [[0.0, 1.0, 0.0, 0], [1.0, 1.0, 0.0, 1], [2.0, 1.0, 0.0, 2]], "coll_payoff_0": [1.0, 1.0], "coll_payoff_1": [1.0, 1.0], "payoff_total": [[0.999999999775, 0.999999999775], [1.0526315787105263, 1.0526315787105263]], "final_lead_payoff_0": [0.0], "final_lead_payoff_1": [1.0]}