{"2": {"0": {"[0.0, 0]": {"num_count": 237, "sum_payoffs": 35.8307170972012, "action": [0.0, 0]}, "[1.0, 0]": {"num_count": 2863, "sum_payoffs": 540.2750327731515, "action": [1.0, 0]}}, "1": {"[0.0, 0]": {"num_count": 261, "sum_payoffs": 38.9289670965041, "action": [0.0, 0]}, "[1.0, 0]": {"num_count": 2839, "sum_payoffs": 527.3352827760611, "action": [1.0, 0]}}}, "1": {"0": {"[1.0, 0]": {"num_count": 2849, "sum_payoffs": 583.6949998686703, "action": [1.0, 0]}, "[0.0, 0]": {"num_count": 251, "sum_payoffs": 42.77249999037635, "action": [0.0, 0]}}, "1": {"[0.0, 0]": {"num_count": 220, "sum_payoffs": 38.82374999126478, "action": [0.0, 0]}, "[1.0, 0]": {"num_count": 2880, "sum_payoffs": 593.1112498665502, "action": [1.0, 0]}}}}