{"2": {"0": {"[1.0, 0]": {"num_count": 1754, "sum_payoffs": 346.8166578166961, "action": [1.0, 0]}, "[0.0, 0]": {"num_count": 846, "sum_payoffs": 132.05474997028878, "action": [0.0, 0]}}, "1": {"[1.0, 0]": {"num_count": 1749, "sum_payoffs": 346.45215781677797, "action": [1.0, 0]}, "[0.0, 0]": {"num_count": 851, "sum_payoffs": 133.5127499699607, "action": [0.0, 0]}}}, "1": {"0": {"[0.0, 0]": {"num_count": 1296, "sum_payoffs": 262.8899999408447, "action": [0.0, 0]}, "[1.0, 0]": {"num_count": 1304, "sum_payoffs": 264.95999994037913, "action": [1.0, 0]}}, "1": {"[1.0, 0]": {"num_count": 1304, "sum_payoffs": 264.95999994037913, "action": [1.0, 0]}, "[0.0, 0]": {"num_count": 1296, "sum_payoffs": 262.8899999408447, "action": [0.0, 0]}}}}