{"2": {"0": {"[0.0, 0]": {"num_count": 1581, "sum_payoffs": 5.84999999844, "action": [0.0, 0]}, "[1.0, 0]": {"num_count": 1519, "sum_payoffs": 5.286315788064, "action": [1.0, 0]}}, "1": {"[1.0, 0]": {"num_count": 1675, "sum_payoffs": 6.186315787824, "action": [1.0, 0]}, "[0.0, 0]": {"num_count": 1425, "sum_payoffs": 4.94999999868, "action": [0.0, 0]}}}, "1": {"0": {"[0.0, 0]": {"num_count": 1591, "sum_payoffs": 1.79999999952, "action": [0.0, 0]}, "[1.0, 0]": {"num_count": 1509, "sum_payoffs": 0.89999999976, "action": [1.0, 0]}}, "1": {"[0.0, 0]": {"num_count": 1465, "sum_payoffs": 0.89999999976, "action": [0.0, 0]}, "[1.0, 0]": {"num_count": 1635, "sum_payoffs": 1.79999999952, "action": [1.0, 0]}}}}