{"2": {"0": {"[0.0, 0]": {"num_count": 426, "sum_payoffs": 30.731062493085474, "action": [0.0, 0]}, "[1.0, 0]": {"num_count": 3674, "sum_payoffs": 348.6366117636628, "action": [1.0, 0]}}, "1": {"[0.0, 0]": {"num_count": 344, "sum_payoffs": 25.58249999424394, "action": [0.0, 0]}, "[1.0, 0]": {"num_count": 3756, "sum_payoffs": 358.88817426135745, "action": [1.0, 0]}}}, "1": {"0": {"[0.0, 0]": {"num_count": 349, "sum_payoffs": 31.100624993002576, "action": [0.0, 0]}, "[1.0, 0]": {"num_count": 3751, "sum_payoffs": 387.011249912906, "action": [1.0, 0]}}, "1": {"[0.0, 0]": {"num_count": 350, "sum_payoffs": 29.885624993275947, "action": [0.0, 0]}, "[1.0, 0]": {"num_count": 3750, "sum_payoffs": 386.2012499130882, "action": [1.0, 0]}}}}