{"alphat_eff_gamelength_2": [1.0, 1.0, 1.0, 1.0, 1.0, 1.0, 1.0, 1.0, 1.0, 1.0], "runtime_gamelength_2": [0.06344032287597656, 0.07162094116210938, 0.06505036354064941, 0.0699923038482666, 0.06322622299194336, 0.06110644340515137, 0.06070756912231445, 0.0657353401184082, 0.0654458999633789, 0.07050037384033203], "max_timestep": [1, 1, 1, 1, 1, 1, 1, 1, 1, 1], "alphat_eff_gamelength_1": [1.0, 1.0, 0.5, 0.5, 0.5, 1.0, 1.0, 0.5, 0.5, 0.5], "runtime_gamelength_1": [0.022578954696655273, 0.026360511779785156, 0.02391195297241211, 0.02517247200012207, 0.021425962448120117, 0.0175325870513916, 0.02012491226196289, 0.021443843841552734, 0.03087592124938965, 0.024022579193115234], "winner": [[1, 0], [0, 1], [0, 0], [0, 1], [0, 0], [0, 0], [0, 1], [1, 0], [1, 0], [0, 0]], "runtime": [0.08627724647521973, 0.09824275970458984, 0.08916521072387695, 0.09535789489746094, 0.08483004570007324, 0.07878804206848145, 0.08098435401916504, 0.08735108375549316, 0.09659981727600098, 0.09472966194152832], "T_terminal": [2, 2, 2, 2, 2, 2, 2, 2, 2, 2], "trajectory_0": [[[1.0, 0.0, 1.5707963267948966, 0], [1.0, 1.0, 1.5707963267948966, 1], [1.0, 2.0, 1.5707963267948966, 2]], [[1.0, 0.0, 1.5707963267948966, 0], [1.0, 1.0, 1.5707963267948966, 1], [1.0, 1.0, 1.5707963267948966, 2]], [[1.0, 0.0, 1.5707963267948966, 0], [1.0, 0.0, 1.5707963267948966, 1], [1.0, 1.0, 1.5707963267948966, 2]], [[1.0, 0.0, 1.5707963267948966, 0], [1.0, 0.0, 1.5707963267948966, 1], [1.0, 1.0, 1.5707963267948966, 2]], [[1.0, 0.0, 1.5707963267948966, 0], [1.0, 1.0, 1.5707963267948966, 1], [1.0, 1.0, 1.5707963267948966, 2]], [[1.0, 0.0, 1.5707963267948966, 0], [1.0, 1.0, 1.5707963267948966, 1], [1.0, 2.0, 1.5707963267948966, 2]], [[1.0, 0.0, 1.5707963267948966, 0], [1.0, 1.0, 1.5707963267948966, 1], [1.0, 1.0, 1.5707963267948966, 2]], [[1.0, 0.0, 1.5707963267948966, 0], [1.0, 1.0, 1.5707963267948966, 1], [1.0, 2.0, 1.5707963267948966, 2]], [[1.0, 0.0, 1.5707963267948966, 0], [1.0, 1.0, 1.5707963267948966, 1], [1.0, 2.0, 1.5707963267948966, 2]], [[1.0, 0.0, 1.5707963267948966, 0], [1.0, 0.0, 1.5707963267948966, 1], [1.0, 1.0, 1.5707963267948966, 2]]], "trajectory_1": [[[0.0, 1.0, 0.0, 0], [1.0, 1.0, 0.0, 1], [1.0, 1.0, 0.0, 2]], [[0.0, 1.0, 0.0, 0], [1.0, 1.0, 0.0, 1], [2.0, 1.0, 0.0, 2]], [[0.0, 1.0, 0.0, 0], [0.0, 1.0, 0.0, 1], [0.0, 1.0, 0.0, 2]], [[0.0, 1.0, 0.0, 0], [1.0, 1.0, 0.0, 1], [2.0, 1.0, 0.0, 2]], [[0.0, 1.0, 0.0, 0], [0.0, 1.0, 0.0, 1], [0.0, 1.0, 0.0, 2]], [[0.0, 1.0, 0.0, 0], [1.0, 1.0, 0.0, 1], [2.0, 1.0, 0.0, 2]], [[0.0, 1.0, 0.0, 0], [1.0, 1.0, 0.0, 1], [2.0, 1.0, 0.0, 2]], [[0.0, 1.0, 0.0, 0], [0.0, 1.0, 0.0, 1], [1.0, 1.0, 0.0, 2]], [[0.0, 1.0, 0.0, 0], [0.0, 1.0, 0.0, 1], [1.0, 1.0, 0.0, 2]], [[0.0, 1.0, 0.0, 0], [1.0, 1.0, 0.0, 1], [1.0, 1.0, 0.0, 2]]], "coll_payoff_0": [[0.0, 0.0], [0.0, 0.0], [1.0, 1.0], [1.0, 1.0], [1.0, 1.0], [0.0, 0.0], [0.0, 0.0], [1.0, 1.0], [1.0, 1.0], [1.0, 0.0]], "coll_payoff_1": [[0.0, 0.0], [0.0, 0.0], [1.0, 1.0], [1.0, 1.0], [1.0, 1.0], [0.0, 0.0], [0.0, 0.0], [1.0, 1.0], [1.0, 1.0], [1.0, 0.0]], "payoff_total": [[[0.0, 0.0], [0.14999999997, 0.04999999999]], [[0.0, 0.0], [0.04999999999, 0.14999999997]], [[0.79999999984, 0.79999999984], [0.9921052629594738, 0.8921052629794738]], [[0.79999999984, 0.79999999984], [0.8921052629794738, 0.9921052629594738]], [[0.79999999984, 0.79999999984], [0.9921052629594738, 0.8921052629794738]], [[0.0, 0.0], [0.09999999998, 0.09999999998]], [[0.0, 0.0], [0.04999999999, 0.14999999997]], [[0.79999999984, 0.79999999984], [0.9921052629594738, 0.8921052629794738]], [[0.79999999984, 0.79999999984], [0.9921052629594738, 0.8921052629794738]], [[0.79999999984, 0.79999999984], [0.5210526314747369, 0.5210526314747369]]], "final_lead_payoff_0": [[0.75], [0.25], [0.75], [0.25], [0.75], [0.5], [0.25], [0.75], [0.75], [0.5]], "final_lead_payoff_1": [[0.25], [0.75], [0.25], [0.75], [0.25], [0.5], [0.75], [0.25], [0.25], [0.5]]}