{"14": {"0": {"[2.0, -1.5707963267948966]": {"num_count": 185, "sum_payoffs": 43.374170935502924, "action": [2.0, -1.5707963267948966]}, "[1.0, 0.0]": {"num_count": 182, "sum_payoffs": 42.28799990562069, "action": [1.0, 0.0]}, "[1.0, 1.5707963267948966]": {"num_count": 170, "sum_payoffs": 37.809641452490915, "action": [1.0, 1.5707963267948966]}, "[2.0, 1.5707963267948966]": {"num_count": 176, "sum_payoffs": 39.999950498639656, "action": [2.0, 1.5707963267948966]}, "[2.0, 0.0]": {"num_count": 182, "sum_payoffs": 42.213838806955636, "action": [2.0, 0.0]}, "[1.0, -1.5707963267948966]": {"num_count": 183, "sum_payoffs": 42.54936356048101, "action": [1.0, -1.5707963267948966]}, "[0.0, -1.5707963267948966]": {"num_count": 177, "sum_payoffs": 40.44910264165381, "action": [0.0, -1.5707963267948966]}, "[0.0, 1.5707963267948966]": {"num_count": 172, "sum_payoffs": 38.56347398187414, "action": [0.0, 1.5707963267948966]}, "[0.0, 0.0]": {"num_count": 173, "sum_payoffs": 38.98204600458961, "action": [0.0, 0.0]}}, "1": {"[0.0, -1.5707963267948966]": {"num_count": 263, "sum_payoffs": 53.40789585139624, "action": [0.0, -1.5707963267948966]}, "[1.0, 1.5707963267948966]": {"num_count": 275, "sum_payoffs": 57.370639718090686, "action": [1.0, 1.5707963267948966]}, "[0.0, 0.0]": {"num_count": 264, "sum_payoffs": 53.87769685419272, "action": [0.0, 0.0]}, "[1.0, 0.0]": {"num_count": 272, "sum_payoffs": 56.38593706540303, "action": [1.0, 0.0]}, "[0.0, 1.5707963267948966]": {"num_count": 259, "sum_payoffs": 52.244850760871955, "action": [0.0, 1.5707963267948966]}, "[1.0, -1.5707963267948966]": {"num_count": 267, "sum_payoffs": 54.832887006421814, "action": [1.0, -1.5707963267948966]}}}}