{"4": {"0": {"[0.0, 1.5707963267948966]": {"num_count": 117, "sum_payoffs": 39.371663734196964, "action": [0.0, 1.5707963267948966]}, "[2.0, -1.5707963267948966]": {"num_count": 130, "sum_payoffs": 46.020780205366854, "action": [2.0, -1.5707963267948966]}, "[1.0, 1.5707963267948966]": {"num_count": 123, "sum_payoffs": 42.439950921688535, "action": [1.0, 1.5707963267948966]}, "[2.0, 1.5707963267948966]": {"num_count": 124, "sum_payoffs": 42.92712268852268, "action": [2.0, 1.5707963267948966]}, "[0.0, -1.5707963267948966]": {"num_count": 118, "sum_payoffs": 39.79492565625479, "action": [0.0, -1.5707963267948966]}, "[1.0, 0.0]": {"num_count": 121, "sum_payoffs": 41.34895215271608, "action": [1.0, 0.0]}, "[2.0, 0.0]": {"num_count": 126, "sum_payoffs": 43.82290602641551, "action": [2.0, 0.0]}, "[0.0, 0.0]": {"num_count": 119, "sum_payoffs": 40.24909414576801, "action": [0.0, 0.0]}, "[1.0, -1.5707963267948966]": {"num_count": 122, "sum_payoffs": 41.88758783242212, "action": [1.0, -1.5707963267948966]}}, "1": {"[1.0, -1.5707963267948966]": {"num_count": 206, "sum_payoffs": 77.68664962139502, "action": [1.0, -1.5707963267948966]}, "[0.0, 1.5707963267948966]": {"num_count": 169, "sum_payoffs": 59.09964242666112, "action": [0.0, 1.5707963267948966]}, "[1.0, 1.5707963267948966]": {"num_count": 187, "sum_payoffs": 68.11161840558847, "action": [1.0, 1.5707963267948966]}, "[0.0, -1.5707963267948966]": {"num_count": 166, "sum_payoffs": 57.733996869990385, "action": [0.0, -1.5707963267948966]}, "[0.0, 0.0]": {"num_count": 168, "sum_payoffs": 58.60820345551365, "action": [0.0, 0.0]}, "[1.0, 0.0]": {"num_count": 204, "sum_payoffs": 76.63527214058868, "action": [1.0, 0.0]}}}}