{"2": {"0": {"[0.0, 0]": {"num_count": 54, "sum_payoffs": 8.038499997856404, "action": [0.0, 0]}, "[1.0, 0]": {"num_count": 46, "sum_payoffs": 10.043999997321604, "action": [1.0, 0]}}, "1": {"[0.0, 0]": {"num_count": 57, "sum_payoffs": 9.0179999975952, "action": [0.0, 0]}, "[1.0, 0]": {"num_count": 43, "sum_payoffs": 10.279499997258805, "action": [1.0, 0]}}}, "1": {"0": {"[1.0, 0]": {"num_count": 60, "sum_payoffs": 10.252499997266002, "action": [1.0, 0]}, "[0.0, 0]": {"num_count": 40, "sum_payoffs": 4.312499998850002, "action": [0.0, 0]}}, "1": {"[0.0, 0]": {"num_count": 41, "sum_payoffs": 3.9074999989580017, "action": [0.0, 0]}, "[1.0, 0]": {"num_count": 59, "sum_payoffs": 11.062499997049997, "action": [1.0, 0]}}}}