{"10": {"0": {"[0.0, 0.0]": {"num_count": 394, "sum_payoffs": 89.74739569370458, "action": [0.0, 0.0]}, "[2.0, -1.5707963267948966]": {"num_count": 411, "sum_payoffs": 95.42514685515634, "action": [2.0, -1.5707963267948966]}, "[0.0, 1.5707963267948966]": {"num_count": 382, "sum_payoffs": 85.82619178133365, "action": [0.0, 1.5707963267948966]}, "[1.0, -1.5707963267948966]": {"num_count": 395, "sum_payoffs": 90.16711708510466, "action": [1.0, -1.5707963267948966]}, "[2.0, 1.5707963267948966]": {"num_count": 412, "sum_payoffs": 95.71715028437549, "action": [2.0, 1.5707963267948966]}, "[0.0, -1.5707963267948966]": {"num_count": 381, "sum_payoffs": 85.43825144702754, "action": [0.0, -1.5707963267948966]}, "[2.0, 0.0]": {"num_count": 415, "sum_payoffs": 96.77701359585973, "action": [2.0, 0.0]}, "[1.0, 0.0]": {"num_count": 407, "sum_payoffs": 93.99185698438045, "action": [1.0, 0.0]}, "[1.0, 1.5707963267948966]": {"num_count": 403, "sum_payoffs": 92.76117252047452, "action": [1.0, 1.5707963267948966]}}, "1": {"[2.0, 1.5707963267948966]": {"num_count": 430, "sum_payoffs": 123.07080112890374, "action": [2.0, 1.5707963267948966]}, "[1.0, 1.5707963267948966]": {"num_count": 387, "sum_payoffs": 106.68407467483873, "action": [1.0, 1.5707963267948966]}, "[1.0, -1.5707963267948966]": {"num_count": 386, "sum_payoffs": 106.24096328461674, "action": [1.0, -1.5707963267948966]}, "[2.0, -1.5707963267948966]": {"num_count": 424, "sum_payoffs": 120.75877642768782, "action": [2.0, -1.5707963267948966]}, "[0.0, -1.5707963267948966]": {"num_count": 369, "sum_payoffs": 99.91863942532963, "action": [0.0, -1.5707963267948966]}, "[2.0, 0.0]": {"num_count": 466, "sum_payoffs": 136.97076939901837, "action": [2.0, 0.0]}, "[1.0, 0.0]": {"num_count": 419, "sum_payoffs": 118.82154594339019, "action": [1.0, 0.0]}, "[0.0, 0.0]": {"num_count": 370, "sum_payoffs": 100.29488736922018, "action": [0.0, 0.0]}, "[0.0, 1.5707963267948966]": {"num_count": 349, "sum_payoffs": 92.3509497471138, "action": [0.0, 1.5707963267948966]}}}}