{"alphat_eff_gamelength_7": {"mean": 1.0769230769230769, "variance": 0.0}, "runtime_gamelength_7": {"mean": 54.721113085746765, "variance": 2.1770788729718022}, "max_timestep": {"mean": 7.0, "variance": 0.0}, "winner": {"mean": [0.0, 0.0], "variance": [0.0, 0.0]}, "runtime": {"mean": 54.72139270305634, "variance": 2.177084266895509}, "T_terminal": {"mean": 1.0, "variance": 0.0}, "trajectory_0": {"mean": [[1.0, 3.0, 0.0, 0.0], [2.9, 3.0, -0.15707963267948966, 1.0]], "variance": [[0.0, 0.0, 0.0, 0.0], [0.09, 0.0, 0.7155463190789784, 0.0]]}, "trajectory_1": {"mean": [[3.0, 3.0, 0.0, 0.0], [5.0, 3.0, 0.0, 1.0]], "variance": [[0.0, 0.0, 0.0, 0.0], [0.0, 0.0, 0.0, 0.0]]}, "coll_payoff_0": {"mean": [1.0], "variance": [0.0]}, "lead_payoff_0": {"mean": [0.475], "variance": [0.005625]}, "coll_payoff_1": {"mean": [1.0], "variance": [0.0]}, "lead_payoff_1": {"mean": [0.525], "variance": [0.005625]}, "payoff_total": {"mean": [[0.5308908045215108, 0.6357758619757112]], "variance": [[0.0003762262186859935, 0.0003762262186859961]]}, "final_lead_payoff_0": {"mean": [0.4275862068965517], "variance": [0.00010701545778834693]}, "final_lead_payoff_1": {"mean": [0.5724137931034482], "variance": [0.00010701545778834693]}}