{"11": {"0": {"[2.0, -1.5707963267948966]": {"num_count": 354, "sum_payoffs": 88.81199224705831, "action": [2.0, -1.5707963267948966]}, "[0.0, 1.5707963267948966]": {"num_count": 328, "sum_payoffs": 79.64516156464994, "action": [0.0, 1.5707963267948966]}, "[2.0, 1.5707963267948966]": {"num_count": 356, "sum_payoffs": 89.5648993114831, "action": [2.0, 1.5707963267948966]}, "[1.0, 0.0]": {"num_count": 337, "sum_payoffs": 82.77965144102626, "action": [1.0, 0.0]}, "[0.0, -1.5707963267948966]": {"num_count": 327, "sum_payoffs": 79.29442001164925, "action": [0.0, -1.5707963267948966]}, "[0.0, 0.0]": {"num_count": 344, "sum_payoffs": 85.33082033397052, "action": [0.0, 0.0]}, "[2.0, 0.0]": {"num_count": 358, "sum_payoffs": 90.22516304647334, "action": [2.0, 0.0]}, "[1.0, 1.5707963267948966]": {"num_count": 351, "sum_payoffs": 87.7149186985485, "action": [1.0, 1.5707963267948966]}, "[1.0, -1.5707963267948966]": {"num_count": 345, "sum_payoffs": 85.68339139224325, "action": [1.0, -1.5707963267948966]}}, "1": {"[1.0, 0.0]": {"num_count": 543, "sum_payoffs": 125.67273235952726, "action": [1.0, 0.0]}, "[1.0, -1.5707963267948966]": {"num_count": 546, "sum_payoffs": 126.54923614510622, "action": [1.0, -1.5707963267948966]}, "[0.0, 0.0]": {"num_count": 505, "sum_payoffs": 113.60985002801134, "action": [0.0, 0.0]}, "[0.0, 1.5707963267948966]": {"num_count": 492, "sum_payoffs": 109.54740143075645, "action": [0.0, 1.5707963267948966]}, "[0.0, -1.5707963267948966]": {"num_count": 483, "sum_payoffs": 106.66438224443216, "action": [0.0, -1.5707963267948966]}, "[1.0, 1.5707963267948966]": {"num_count": 531, "sum_payoffs": 121.87243796928638, "action": [1.0, 1.5707963267948966]}}}}