{"2": {"0": {"[1.0, 0]": {"num_count": 45, "sum_payoffs": 10.2059605244447, "action": [1.0, 0]}, "[0.0, 0]": {"num_count": 55, "sum_payoffs": 9.97574999817112, "action": [0.0, 0]}}, "1": {"[0.0, 0]": {"num_count": 59, "sum_payoffs": 9.131999998325803, "action": [0.0, 0]}, "[1.0, 0]": {"num_count": 41, "sum_payoffs": 9.713210524535038, "action": [1.0, 0]}}}, "1": {"0": {"[1.0, 0]": {"num_count": 55, "sum_payoffs": 9.517499998255117, "action": [1.0, 0]}, "[0.0, 0]": {"num_count": 45, "sum_payoffs": 5.662499998961872, "action": [0.0, 0]}}, "1": {"[1.0, 0]": {"num_count": 47, "sum_payoffs": 8.699999998404992, "action": [1.0, 0]}, "[0.0, 0]": {"num_count": 53, "sum_payoffs": 4.589999999158496, "action": [0.0, 0]}}}}