{"2": {"0": {"[1.0, -1.5707963267948966]": {"num_count": 322, "sum_payoffs": 72.4570323413631, "action": [1.0, -1.5707963267948966]}, "[2.0, -1.5707963267948966]": {"num_count": 376, "sum_payoffs": 90.89976749242986, "action": [2.0, -1.5707963267948966]}, "[1.0, 1.5707963267948966]": {"num_count": 322, "sum_payoffs": 72.38750188920943, "action": [1.0, 1.5707963267948966]}, "[0.0, -1.5707963267948966]": {"num_count": 280, "sum_payoffs": 58.35973316721398, "action": [0.0, -1.5707963267948966]}, "[0.0, 1.5707963267948966]": {"num_count": 278, "sum_payoffs": 57.797622918077195, "action": [0.0, 1.5707963267948966]}, "[2.0, 1.5707963267948966]": {"num_count": 378, "sum_payoffs": 91.52554156181257, "action": [2.0, 1.5707963267948966]}, "[2.0, 0.0]": {"num_count": 443, "sum_payoffs": 114.26594671777039, "action": [2.0, 0.0]}, "[0.0, 0.0]": {"num_count": 325, "sum_payoffs": 73.47978183601766, "action": [0.0, 0.0]}, "[1.0, 0.0]": {"num_count": 376, "sum_payoffs": 90.89705145916076, "action": [1.0, 0.0]}}, "1": {"[1.0, 0.0]": {"num_count": 615, "sum_payoffs": 178.9172804604647, "action": [1.0, 0.0]}, "[0.0, 0.0]": {"num_count": 500, "sum_payoffs": 136.60111970730605, "action": [0.0, 0.0]}, "[0.0, -1.5707963267948966]": {"num_count": 450, "sum_payoffs": 118.6485018163225, "action": [0.0, -1.5707963267948966]}, "[1.0, 1.5707963267948966]": {"num_count": 538, "sum_payoffs": 150.4645503085172, "action": [1.0, 1.5707963267948966]}, "[1.0, -1.5707963267948966]": {"num_count": 547, "sum_payoffs": 153.75855547929544, "action": [1.0, -1.5707963267948966]}, "[0.0, 1.5707963267948966]": {"num_count": 450, "sum_payoffs": 118.59613669452257, "action": [0.0, 1.5707963267948966]}}}}