{"alphat_eff_gamelength_6": {"mean": 0.9230769230769231, "variance": 0.0}, "runtime_gamelength_6": {"mean": 1.2964882612228394, "variance": 0.0026397156217791463}, "max_timestep": {"mean": 6.0, "variance": 0.0}, "winner": {"mean": [0.0, 0.0], "variance": [0.0, 0.0]}, "runtime": {"mean": 1.2967839002609254, "variance": 0.002640539179292887}, "T_terminal": {"mean": 1.0, "variance": 0.0}, "trajectory_0": {"mean": [[1.0, 3.0, 0.0, 0.0], [2.2, 3.0, -0.47123889803846897, 1.0]], "variance": [[0.0, 0.0, 0.0, 0.0], [0.5599999999999999, 0.0, 1.5051146711661272, 0.0]]}, "trajectory_1": {"mean": [[3.0, 3.0, 0.0, 0.0], [3.9, 3.0, -0.47123889803846897, 1.0]], "variance": [[0.0, 0.0, 0.0, 0.0], [0.09, 0.0, 0.5181542310571914, 0.0]]}, "coll_payoff_0": {"mean": [0.9], "variance": [0.09000000000000001]}, "lead_payoff_0": {"mean": [0.4333333333333333], "variance": [0.08999999999999998]}, "coll_payoff_1": {"mean": [0.9], "variance": [0.09000000000000001]}, "lead_payoff_1": {"mean": [0.5666666666666667], "variance": [0.09]}, "payoff_total": {"mean": [[0.5164750957104726, 0.6168582374573053]], "variance": [[0.003046197207117558, 0.011947857485880856]]}, "final_lead_payoff_0": {"mean": [0.4413793103448276], "variance": [0.0009631391200951246]}, "final_lead_payoff_1": {"mean": [0.5586206896551723], "variance": [0.0009631391200951255]}}