{"10": {"0": {"[1.0, 0.0]": {"num_count": 236, "sum_payoffs": 54.95896472439872, "action": [1.0, 0.0]}, "[1.0, -1.5707963267948966]": {"num_count": 241, "sum_payoffs": 56.662120295628, "action": [1.0, -1.5707963267948966]}, "[1.0, 1.5707963267948966]": {"num_count": 224, "sum_payoffs": 50.63053858413982, "action": [1.0, 1.5707963267948966]}, "[0.0, 1.5707963267948966]": {"num_count": 225, "sum_payoffs": 50.904433645905655, "action": [0.0, 1.5707963267948966]}, "[2.0, -1.5707963267948966]": {"num_count": 237, "sum_payoffs": 55.32179829695969, "action": [2.0, -1.5707963267948966]}, "[2.0, 1.5707963267948966]": {"num_count": 239, "sum_payoffs": 55.97630353366652, "action": [2.0, 1.5707963267948966]}, "[0.0, -1.5707963267948966]": {"num_count": 218, "sum_payoffs": 48.474997655736786, "action": [0.0, -1.5707963267948966]}, "[0.0, 0.0]": {"num_count": 237, "sum_payoffs": 55.14974713287019, "action": [0.0, 0.0]}, "[2.0, 0.0]": {"num_count": 243, "sum_payoffs": 57.38347034797176, "action": [2.0, 0.0]}}, "1": {"[0.0, -1.5707963267948966]": {"num_count": 210, "sum_payoffs": 55.508867082594506, "action": [0.0, -1.5707963267948966]}, "[1.0, 0.0]": {"num_count": 241, "sum_payoffs": 68.02042475351102, "action": [1.0, 0.0]}, "[1.0, -1.5707963267948966]": {"num_count": 231, "sum_payoffs": 63.9922139558195, "action": [1.0, -1.5707963267948966]}, "[0.0, 1.5707963267948966]": {"num_count": 217, "sum_payoffs": 58.3562556830569, "action": [0.0, 1.5707963267948966]}, "[2.0, 1.5707963267948966]": {"num_count": 248, "sum_payoffs": 70.96294071066056, "action": [2.0, 1.5707963267948966]}, "[0.0, 0.0]": {"num_count": 220, "sum_payoffs": 59.46303224832708, "action": [0.0, 0.0]}, "[2.0, -1.5707963267948966]": {"num_count": 246, "sum_payoffs": 70.0787185708447, "action": [2.0, -1.5707963267948966]}, "[1.0, 1.5707963267948966]": {"num_count": 227, "sum_payoffs": 62.40986271109066, "action": [1.0, 1.5707963267948966]}, "[2.0, 0.0]": {"num_count": 260, "sum_payoffs": 75.88248494144239, "action": [2.0, 0.0]}}}}