{"runtime": 0.6531572341918945, "winner": [1, 0], "T_terminal": 12, "trajectories": [[1.0, 3.0, 0.0, 3.0, 3.0, 0.0, 0.0], [2.0, 3.0, 1.5707963267948966, 3.0, 3.0, 1.5707963267948966, 1.0], [2.0, 3.0, 1.5707963267948966, 3.0, 3.0, 3.141592653589793, 2.0], [2.0, 5.0, 3.141592653589793, 3.0, 3.0, 3.141592653589793, 3.0], [2.0, 5.0, 1.5707963267948966, 2.0, 3.0, 4.71238898038469, 4.0], [2.0, 5.0, 3.141592653589793, 1.9999999999999998, 2.0, 3.141592653589793, 5.0], [2.0, 5.0, 4.71238898038469, 1.9999999999999998, 2.0, 4.71238898038469, 6.0], [1.9999999999999996, 3.0, 0.0, 1.9999999999999998, 2.0, 0.0, 7.0], [2.9999999999999996, 3.0, 4.71238898038469, 3.0, 2.0, 1.5707963267948966, 8.0], [2.9999999999999996, 2.0, 4.71238898038469, 3.0, 3.0, 3.141592653589793, 9.0], [2.9999999999999996, 1.0, 0.0, 2.0, 3.0, 1.5707963267948966, 10.0], [5.0, 1.0, 0.0, 2.0, 3.0, 3.141592653589793, 11.0], [5.0, 1.0, 1.5707963267948966, 1.0, 3.0, 1.5707963267948966, 12.0], [2.0, 3.0, 1.5707963267948966, 3.0, 3.0, 1.5707963267948966, 1.0], [2.0, 3.0, 1.5707963267948966, 3.0, 3.0, 3.141592653589793, 2.0], [2.0, 5.0, 3.141592653589793, 3.0, 3.0, 3.141592653589793, 3.0], [2.0, 5.0, 1.5707963267948966, 2.0, 3.0, 4.71238898038469, 4.0], [2.0, 5.0, 3.141592653589793, 1.9999999999999998, 2.0, 3.141592653589793, 5.0], [2.0, 5.0, 4.71238898038469, 1.9999999999999998, 2.0, 4.71238898038469, 6.0], [1.9999999999999996, 3.0, 0.0, 1.9999999999999998, 2.0, 0.0, 7.0], [2.9999999999999996, 3.0, 4.71238898038469, 3.0, 2.0, 1.5707963267948966, 8.0], [2.9999999999999996, 2.0, 4.71238898038469, 3.0, 3.0, 3.141592653589793, 9.0], [2.9999999999999996, 1.0, 0.0, 2.0, 3.0, 1.5707963267948966, 10.0], [5.0, 1.0, 0.0, 2.0, 3.0, 3.141592653589793, 11.0], [5.0, 1.0, 1.5707963267948966, 1.0, 3.0, 1.5707963267948966, 12.0]], "penalty_distance_0": [0.0, 0.0, 0.0, 0.0, 0.0, 0.0, 0.0, 0.0, 0.0, 0.0, 0.0, 0.0, 0.0, 0.0, 0.0, 0.0, 0.0, 0.0, 0.0, 0.0, 0.0, 0.0, 0.0, 0.0], "penalty_distance_1": [0.0, 0.0, 0.0, 0.0, 0.0, 0.0, 0.0, 0.0, 0.0, 0.0, 0.0, 0.0, 0.0, 0.0, 0.0, 0.0, 0.0, 0.0, 0.0, 0.0, 0.0, 0.0, 0.0, 0.0], "reward_progress_0": [0.0, 0.0, 0.0, 0.0, 0.0, 0.0, -0.0, 0.0, 0.0, 0.0, 0.0, 0.0, 0.0, 0.0, 0.0, 0.0, 0.0, 0.0, -0.0, 0.0, 0.0, 0.0, 0.0, 0.0], "reward_progress_1": [0.0, 0.0, 0.0, -0.0, -0.0, 0.0, 0.0, 0.0, 0.0, -0.0, 0.0, -0.0, 0.0, 0.0, 0.0, -0.0, -0.0, 0.0, 0.0, 0.0, 0.0, -0.0, 0.0, -0.0], "penalty_agressor_0": [0.0, 0.0, 0.0, 0.0, 0.0, 0.0, 0.0, 0.0, 0.0, 0.0, 0.0, 0.0, 0.0, 0.0, 0.0, 0.0, 0.0, 0.0, 0.0, 0.0, 0.0, 0.0, 0.0, 0.0], "penalty_agressor_1": [0.0, 0.0, 0.0, 0.0, 0.0, 0.0, 0.0, 0.0, 0.0, 0.0, 0.0, 0.0, 0.0, 0.0, 0.0, 0.0, 0.0, 0.0, 0.0, 0.0, 0.0, 0.0, 0.0, 0.0], "penalty_timestep_0": [-7.199999999999999, -7.199999999999999], "penalty_timestep_1": [-7.199999999999999, -7.199999999999999], "reward_lead_0": [4.0, 4.0], "reward_lead_1": [-4.0, -4.0], "payoff_total0": [0.0, 0.0, 0.0, 0.0, 0.0, 0.0, 0.0, 0.0, 0.0, 0.0, 0.0, 0.0, -3.1999999999999993, -3.1999999999999993, -3.1999999999999993, -3.1999999999999993, -3.1999999999999993, -3.1999999999999993, -3.1999999999999993, -3.1999999999999993, -3.1999999999999993, -3.1999999999999993, -3.1999999999999993, -3.1999999999999993, -3.1999999999999993, -6.399999999999999], "payoff_total1": [0.0, 0.0, 0.0, 0.0, 0.0, 0.0, 0.0, 0.0, 0.0, 0.0, 0.0, 0.0, -11.2, -11.2, -11.2, -11.2, -11.2, -11.2, -11.2, -11.2, -11.2, -11.2, -11.2, -11.2, -11.2, -22.4]}