{"4": {"0": {"[1.0, 1.5707963267948966]": {"num_count": 446, "sum_payoffs": 142.44048803236308, "action": [1.0, 1.5707963267948966]}, "[2.0, 0.0]": {"num_count": 495, "sum_payoffs": 162.9287260808457, "action": [2.0, 0.0]}, "[2.0, -1.5707963267948966]": {"num_count": 505, "sum_payoffs": 167.11226340442073, "action": [2.0, -1.5707963267948966]}, "[0.0, -1.5707963267948966]": {"num_count": 402, "sum_payoffs": 124.17060209986083, "action": [0.0, -1.5707963267948966]}, "[2.0, 1.5707963267948966]": {"num_count": 482, "sum_payoffs": 157.52935420238666, "action": [2.0, 1.5707963267948966]}, "[0.0, 1.5707963267948966]": {"num_count": 394, "sum_payoffs": 121.00341263455246, "action": [0.0, 1.5707963267948966]}, "[0.0, 0.0]": {"num_count": 437, "sum_payoffs": 138.86070059833818, "action": [0.0, 0.0]}, "[1.0, 0.0]": {"num_count": 481, "sum_payoffs": 157.09764586934023, "action": [1.0, 0.0]}, "[1.0, -1.5707963267948966]": {"num_count": 458, "sum_payoffs": 147.459785608872, "action": [1.0, -1.5707963267948966]}}, "1": {"[1.0, 1.5707963267948966]": {"num_count": 445, "sum_payoffs": 175.52976496409403, "action": [1.0, 1.5707963267948966]}, "[1.0, -1.5707963267948966]": {"num_count": 429, "sum_payoffs": 167.64617224590296, "action": [1.0, -1.5707963267948966]}, "[0.0, 1.5707963267948966]": {"num_count": 368, "sum_payoffs": 138.09457149123764, "action": [0.0, 1.5707963267948966]}, "[2.0, 0.0]": {"num_count": 564, "sum_payoffs": 234.63686146259226, "action": [2.0, 0.0]}, "[2.0, 1.5707963267948966]": {"num_count": 499, "sum_payoffs": 202.1683150366756, "action": [2.0, 1.5707963267948966]}, "[2.0, -1.5707963267948966]": {"num_count": 513, "sum_payoffs": 209.2563459250256, "action": [2.0, -1.5707963267948966]}, "[0.0, -1.5707963267948966]": {"num_count": 381, "sum_payoffs": 144.17952805154562, "action": [0.0, -1.5707963267948966]}, "[1.0, 0.0]": {"num_count": 486, "sum_payoffs": 195.82832589737893, "action": [1.0, 0.0]}, "[0.0, 0.0]": {"num_count": 415, "sum_payoffs": 160.83618288329066, "action": [0.0, 0.0]}}}}