{"2": {"0": {"[0.0, 0]": {"num_count": 233, "sum_payoffs": 62.87624998323294, "action": [0.0, 0]}, "[1.0, 0]": {"num_count": 3367, "sum_payoffs": 1233.1034996712197, "action": [1.0, 0]}}, "1": {"[1.0, 0]": {"num_count": 3365, "sum_payoffs": 1256.7959996649026, "action": [1.0, 0]}, "[0.0, 0]": {"num_count": 235, "sum_payoffs": 71.62424998090016, "action": [0.0, 0]}}}, "1": {"0": {"[0.0, 0]": {"num_count": 240, "sum_payoffs": 89.90999997602376, "action": [0.0, 0]}, "[1.0, 0]": {"num_count": 3360, "sum_payoffs": 1370.722499634427, "action": [1.0, 0]}}, "1": {"[1.0, 0]": {"num_count": 3384, "sum_payoffs": 1377.6074996325908, "action": [1.0, 0]}, "[0.0, 0]": {"num_count": 216, "sum_payoffs": 77.7599999792638, "action": [0.0, 0]}}}}