{"2": {"0": {"[1.0, 0]": {"num_count": 2378, "sum_payoffs": 445.0691249184037, "action": [1.0, 0]}, "[0.0, 0]": {"num_count": 222, "sum_payoffs": 29.63024999456772, "action": [0.0, 0]}}, "1": {"[1.0, 0]": {"num_count": 2423, "sum_payoffs": 457.0469999162075, "action": [1.0, 0]}, "[0.0, 0]": {"num_count": 177, "sum_payoffs": 25.671374995293544, "action": [0.0, 0]}}}, "1": {"0": {"[0.0, 0]": {"num_count": 171, "sum_payoffs": 28.192499994831344, "action": [0.0, 0]}, "[1.0, 0]": {"num_count": 2429, "sum_payoffs": 501.2774999080882, "action": [1.0, 0]}}, "1": {"[1.0, 0]": {"num_count": 2400, "sum_payoffs": 493.17749990957327, "action": [1.0, 0]}, "[0.0, 0]": {"num_count": 200, "sum_payoffs": 33.05249999394035, "action": [0.0, 0]}}}}