{"6": {"0": {"[1.0, 0.0]": {"num_count": 365, "sum_payoffs": 105.26268324552836, "action": [1.0, 0.0]}, "[2.0, 1.5707963267948966]": {"num_count": 359, "sum_payoffs": 102.91877748353035, "action": [2.0, 1.5707963267948966]}, "[2.0, 0.0]": {"num_count": 369, "sum_payoffs": 106.77276436810767, "action": [2.0, 0.0]}, "[1.0, -1.5707963267948966]": {"num_count": 339, "sum_payoffs": 95.04486017327528, "action": [1.0, -1.5707963267948966]}, "[0.0, 1.5707963267948966]": {"num_count": 306, "sum_payoffs": 82.2429924204669, "action": [0.0, 1.5707963267948966]}, "[1.0, 1.5707963267948966]": {"num_count": 337, "sum_payoffs": 94.22507283334575, "action": [1.0, 1.5707963267948966]}, "[2.0, -1.5707963267948966]": {"num_count": 377, "sum_payoffs": 109.86411658497133, "action": [2.0, -1.5707963267948966]}, "[0.0, 0.0]": {"num_count": 326, "sum_payoffs": 89.94482037876179, "action": [0.0, 0.0]}, "[0.0, -1.5707963267948966]": {"num_count": 322, "sum_payoffs": 88.39810076860631, "action": [0.0, -1.5707963267948966]}}, "1": {"[0.0, 1.5707963267948966]": {"num_count": 291, "sum_payoffs": 94.75570184687295, "action": [0.0, 1.5707963267948966]}, "[1.0, 1.5707963267948966]": {"num_count": 320, "sum_payoffs": 107.65580061770913, "action": [1.0, 1.5707963267948966]}, "[2.0, 1.5707963267948966]": {"num_count": 372, "sum_payoffs": 131.15427424347718, "action": [2.0, 1.5707963267948966]}, "[0.0, 0.0]": {"num_count": 332, "sum_payoffs": 113.01974452942972, "action": [0.0, 0.0]}, "[1.0, -1.5707963267948966]": {"num_count": 332, "sum_payoffs": 113.06447660512579, "action": [1.0, -1.5707963267948966]}, "[1.0, 0.0]": {"num_count": 374, "sum_payoffs": 132.07752614116882, "action": [1.0, 0.0]}, "[0.0, -1.5707963267948966]": {"num_count": 294, "sum_payoffs": 96.07064186305317, "action": [0.0, -1.5707963267948966]}, "[2.0, -1.5707963267948966]": {"num_count": 369, "sum_payoffs": 129.7333758733978, "action": [2.0, -1.5707963267948966]}, "[2.0, 0.0]": {"num_count": 416, "sum_payoffs": 151.42529871602548, "action": [2.0, 0.0]}}}}