{"runtime": 6.357812404632568, "winner": [0, 1], "T_terminal": 12, "trajectories": [[1.0, 3.0, 0.0, 3.0, 3.0, 0.0, 0.0], [2.0, 3.0, 1.5707963267948966, 4.0, 3.0, 0.0, 1.0], [2.0, 4.0, 0.0, 5.0, 3.0, 0.0, 2.0], [3.0, 4.0, 4.71238898038469, 6.0, 3.0, 4.71238898038469, 3.0], [2.9999999999999996, 2.0, 4.71238898038469, 6.0, 2.0, 4.71238898038469, 4.0], [2.9999999999999996, 1.0, 3.141592653589793, 6.0, 1.0, 4.71238898038469, 5.0], [1.9999999999999996, 1.0000000000000002, 3.141592653589793, 6.0, 1.0, 0.0, 6.0], [1.9999999999999996, 1.0000000000000002, 1.5707963267948966, 7.0, 1.0, 4.71238898038469, 7.0], [1.9999999999999998, 3.0, 0.0, 7.0, 1.0, 4.71238898038469, 8.0], [3.0, 3.0, 0.0, 7.0, 1.0, 3.141592653589793, 9.0], [5.0, 3.0, 1.5707963267948966, 7.0, 1.0, 4.71238898038469, 10.0], [5.0, 3.0, 0.0, 7.0, 1.0, 0.0, 11.0], [6.0, 3.0, 4.71238898038469, 8.0, 1.0, 4.71238898038469, 12.0]], "penalty_distance_0": [-0.1353352832366127, -0.04232921962320499, -0.04232921962320499, -0.049787068367863924, -0.049787068367863924, -0.01831563888873418, -0.006737946999085467, -0.004584084770106734, -0.01142289099346694, -0.059105746561956225, -0.059105746561956225, -0.059105746561956225], "penalty_distance_1": [-0.1353352832366127, -0.04232921962320499, -0.04232921962320499, -0.049787068367863924, -0.049787068367863924, -0.01831563888873418, -0.006737946999085467, -0.004584084770106734, -0.01142289099346694, -0.059105746561956225, -0.059105746561956225, -0.059105746561956225], "reward_progress_0": [0.0, 0.0, 0.0, -0.0, 0.0, -0.0, 0.0, 0.0, 0.0, 0.0, 0.0, 0.0], "reward_progress_1": [0.0, 0.0, 0.0, 0.0, 0.0, 0.0, 0.0, 0.0, 0.0, 0.0, 0.0, 0.0], "penalty_agressor_0": [0.0, 0.0, 0.0, 0.0, 0.0, 0.0, 0.0, 0.0, 0.0, 0.0, 0.0, 0.0], "penalty_agressor_1": [0.0, 0.0, 0.0, 0.0, 0.0, 0.0, 0.0, 0.0, 0.0, 0.0, 0.0, 0.0], "penalty_timestep_0": [-1.2000000000000002], "penalty_timestep_1": [-1.2000000000000002], "reward_lead_0": [-2.0], "reward_lead_1": [2.0], "payoff_total_0": [-0.1353352832366127, -0.1776645028598177, -0.21999372248302268, -0.2697807908508866, -0.3195678592187505, -0.3378834981074847, -0.34462144510657017, -0.3492055298766769, -0.36062842087014385, -0.41973416743210007, -0.4788399139940563, -0.5379456605560126, -3.737945660556013], "payoff_total_1": [-0.1353352832366127, -0.1776645028598177, -0.21999372248302268, -0.2697807908508866, -0.3195678592187505, -0.3378834981074847, -0.34462144510657017, -0.3492055298766769, -0.36062842087014385, -0.41973416743210007, -0.4788399139940563, -0.5379456605560126, 0.26205433944398726]}