{"runtime": 0.6474244594573975, "winner": [1, 0], "T_terminal": 12, "trajectories": [[1.0, 3.0, 0.0, 3.0, 3.0, 0.0, 0.0], [1.0, 3.0, 4.71238898038469, 4.0, 3.0, 0.0, 1.0], [1.0, 3.0, 3.141592653589793, 5.0, 3.0, 0.0, 2.0], [1.0, 3.0, 4.71238898038469, 5.0, 3.0, 4.71238898038469, 3.0], [1.0, 3.0, 3.141592653589793, 5.0, 3.0, 3.141592653589793, 4.0], [1.0, 3.0, 1.5707963267948966, 4.0, 3.0, 4.71238898038469, 5.0], [1.0, 4.0, 1.5707963267948966, 4.0, 2.0, 3.141592653589793, 6.0], [1.0, 4.0, 1.5707963267948966, 4.0, 2.0, 4.71238898038469, 7.0], [1.0, 5.0, 0.0, 4.0, 1.0, 4.71238898038469, 8.0], [2.0, 5.0, 0.0, 4.0, 1.0, 0.0, 9.0], [4.0, 5.0, 0.0, 4.0, 1.0, 0.0, 10.0], [5.0, 5.0, 0.0, 4.0, 1.0, 1.5707963267948966, 11.0], [7.0, 5.0, 1.5707963267948966, 4.0, 1.0, 3.141592653589793, 12.0]], "penalty_distance_0": [-0.004978706836786395, -0.001831563888873418, -0.001831563888873418, -0.001831563888873418, -0.004978706836786395, -0.0027172461172235564, -0.0027172461172235564, -0.0006737946999085467, -0.0011422890993466942, -0.001831563888873418, -0.0016194143319162562, -0.0006737946999085467], "penalty_distance_1": [-0.004978706836786395, -0.001831563888873418, -0.001831563888873418, -0.001831563888873418, -0.004978706836786395, -0.0027172461172235564, -0.0027172461172235564, -0.0006737946999085467, -0.0011422890993466942, -0.001831563888873418, -0.0016194143319162562, -0.0006737946999085467], "reward_progress_0": [0.0, 0.0, 0.0, 0.0, 0.0, 0.0, 0.0, 0.0, 0.0, 0.0, 0.0, 0.0], "reward_progress_1": [0.0, 0.0, 0.0, 0.0, -0.0, 0.0, 0.0, 0.0, 0.0, 0.0, 0.0, 0.0], "penalty_agressor_0": [0.0, 0.0, 0.0, 0.0, 0.0, 0.0, 0.0, 0.0, 0.0, 0.0, 0.0, 0.0], "penalty_agressor_1": [0.0, 0.0, 0.0, 0.0, 0.0, 0.0, 0.0, 0.0, 0.0, 0.0, 0.0, 0.0], "penalty_timestep_0": [-1.2000000000000002], "penalty_timestep_1": [-1.2000000000000002], "reward_lead_0": [3.0], "reward_lead_1": [-3.0], "payoff_total0": [-0.004978706836786395, -0.006810270725659813, -0.008641834614533231, -0.010473398503406648, -0.015452105340193043, -0.018169351457416598, -0.020886597574640155, -0.0215603922745487, -0.022702681373895396, -0.024534245262768813, -0.026153659594685068, -0.026827454294593614, 1.7731725457054062], "payoff_total1": [-0.004978706836786395, -0.006810270725659813, -0.008641834614533231, -0.010473398503406648, -0.015452105340193043, -0.018169351457416598, -0.020886597574640155, -0.0215603922745487, -0.022702681373895396, -0.024534245262768813, -0.026153659594685068, -0.026827454294593614, -4.226827454294594]}