{"2": {"0": {"[0.0, 0]": {"num_count": 1010, "sum_payoffs": 176.55543605995692, "action": [0.0, 0]}, "[1.0, 0]": {"num_count": 2590, "sum_payoffs": 576.9258495251362, "action": [1.0, 0]}}, "1": {"[1.0, 0]": {"num_count": 2580, "sum_payoffs": 576.2701352395346, "action": [1.0, 0]}, "[0.0, 0]": {"num_count": 1020, "sum_payoffs": 179.71057891655886, "action": [0.0, 0]}}}, "1": {"0": {"[1.0, 0]": {"num_count": 2308, "sum_payoffs": 558.28285704715, "action": [1.0, 0]}, "[0.0, 0]": {"num_count": 1292, "sum_payoffs": 275.78571423844085, "action": [0.0, 0]}}, "1": {"[0.0, 0]": {"num_count": 1302, "sum_payoffs": 278.67857138080205, "action": [0.0, 0]}, "[1.0, 0]": {"num_count": 2298, "sum_payoffs": 555.852857047567, "action": [1.0, 0]}}}}