{"5": {"0": {"[2.0, 0.0]": {"num_count": 67, "sum_payoffs": 22.14567604987518, "action": [2.0, 0.0]}, "[2.0, 1.5707963267948966]": {"num_count": 66, "sum_payoffs": 21.349119924702876, "action": [2.0, 1.5707963267948966]}, "[2.0, -1.5707963267948966]": {"num_count": 72, "sum_payoffs": 24.76740850754648, "action": [2.0, -1.5707963267948966]}, "[1.0, -1.5707963267948966]": {"num_count": 69, "sum_payoffs": 23.21831139750191, "action": [1.0, -1.5707963267948966]}, "[1.0, 0.0]": {"num_count": 67, "sum_payoffs": 22.16357077085296, "action": [1.0, 0.0]}, "[0.0, 1.5707963267948966]": {"num_count": 63, "sum_payoffs": 19.99808005442025, "action": [0.0, 1.5707963267948966]}, "[0.0, -1.5707963267948966]": {"num_count": 65, "sum_payoffs": 21.0314532943033, "action": [0.0, -1.5707963267948966]}, "[0.0, 0.0]": {"num_count": 64, "sum_payoffs": 20.51005800311402, "action": [0.0, 0.0]}, "[1.0, 1.5707963267948966]": {"num_count": 67, "sum_payoffs": 22.0090308701222, "action": [1.0, 1.5707963267948966]}}, "1": {"[1.0, 1.5707963267948966]": {"num_count": 105, "sum_payoffs": 35.65166605874381, "action": [1.0, 1.5707963267948966]}, "[0.0, 0.0]": {"num_count": 96, "sum_payoffs": 30.928391419901164, "action": [0.0, 0.0]}, "[1.0, 0.0]": {"num_count": 101, "sum_payoffs": 33.464060500210124, "action": [1.0, 0.0]}, "[1.0, -1.5707963267948966]": {"num_count": 101, "sum_payoffs": 33.46093437844361, "action": [1.0, -1.5707963267948966]}, "[0.0, -1.5707963267948966]": {"num_count": 97, "sum_payoffs": 31.467624003406463, "action": [0.0, -1.5707963267948966]}, "[0.0, 1.5707963267948966]": {"num_count": 100, "sum_payoffs": 32.96423366700825, "action": [0.0, 1.5707963267948966]}}}}