{"2": {"0": {"[1.0, 1.5707963267948966]": {"num_count": 116, "sum_payoffs": 25.587858240591203, "action": [1.0, 1.5707963267948966]}, "[0.0, -1.5707963267948966]": {"num_count": 106, "sum_payoffs": 21.555092015680465, "action": [0.0, -1.5707963267948966]}, "[2.0, -1.5707963267948966]": {"num_count": 126, "sum_payoffs": 29.463963665471525, "action": [2.0, -1.5707963267948966]}, "[0.0, 1.5707963267948966]": {"num_count": 109, "sum_payoffs": 22.78349955084212, "action": [0.0, 1.5707963267948966]}, "[1.0, -1.5707963267948966]": {"num_count": 116, "sum_payoffs": 25.469113265276214, "action": [1.0, -1.5707963267948966]}, "[2.0, 1.5707963267948966]": {"num_count": 124, "sum_payoffs": 28.629598239627942, "action": [2.0, 1.5707963267948966]}, "[0.0, 0.0]": {"num_count": 124, "sum_payoffs": 28.737479081866404, "action": [0.0, 0.0]}, "[1.0, 0.0]": {"num_count": 131, "sum_payoffs": 31.61848423096903, "action": [1.0, 0.0]}, "[2.0, 0.0]": {"num_count": 148, "sum_payoffs": 38.45267582967499, "action": [2.0, 0.0]}}, "1": {"[0.0, -1.5707963267948966]": {"num_count": 104, "sum_payoffs": 27.986441557206845, "action": [0.0, -1.5707963267948966]}, "[1.0, 0.0]": {"num_count": 134, "sum_payoffs": 42.16125632144846, "action": [1.0, 0.0]}, "[2.0, 1.5707963267948966]": {"num_count": 127, "sum_payoffs": 38.836234050469876, "action": [2.0, 1.5707963267948966]}, "[1.0, 1.5707963267948966]": {"num_count": 114, "sum_payoffs": 32.656715115315684, "action": [1.0, 1.5707963267948966]}, "[1.0, -1.5707963267948966]": {"num_count": 119, "sum_payoffs": 35.09038958203522, "action": [1.0, -1.5707963267948966]}, "[0.0, 0.0]": {"num_count": 120, "sum_payoffs": 35.465799703022654, "action": [0.0, 0.0]}, "[2.0, 0.0]": {"num_count": 149, "sum_payoffs": 49.370749399799465, "action": [2.0, 0.0]}, "[0.0, 1.5707963267948966]": {"num_count": 105, "sum_payoffs": 28.57169240994737, "action": [0.0, 1.5707963267948966]}, "[2.0, -1.5707963267948966]": {"num_count": 128, "sum_payoffs": 39.253525404734035, "action": [2.0, -1.5707963267948966]}}}}