{"2": {"0": {"[0.0, 0]": {"num_count": 458, "sum_payoffs": 144.52424996748178, "action": [0.0, 0]}, "[1.0, 0]": {"num_count": 1142, "sum_payoffs": 436.1242499018752, "action": [1.0, 0]}}, "1": {"[1.0, 0]": {"num_count": 1143, "sum_payoffs": 439.7692499010554, "action": [1.0, 0]}, "[0.0, 0]": {"num_count": 457, "sum_payoffs": 145.9822499671538, "action": [0.0, 0]}}}, "1": {"0": {"[1.0, 0]": {"num_count": 1035, "sum_payoffs": 434.36249990226156, "action": [1.0, 0]}, "[0.0, 0]": {"num_count": 565, "sum_payoffs": 213.23249995202417, "action": [0.0, 0]}}, "1": {"[0.0, 0]": {"num_count": 570, "sum_payoffs": 215.86499995143188, "action": [0.0, 0]}, "[1.0, 0]": {"num_count": 1030, "sum_payoffs": 432.5399999026717, "action": [1.0, 0]}}}}