{"6": {"0": {"[1.0, 0.0]": {"num_count": 11, "sum_payoffs": 3.403327064393875, "action": [1.0, 0.0]}, "[2.0, -1.5707963267948966]": {"num_count": 12, "sum_payoffs": 3.7292098519006447, "action": [2.0, -1.5707963267948966]}, "[2.0, 0.0]": {"num_count": 11, "sum_payoffs": 3.1890569194298455, "action": [2.0, 0.0]}, "[0.0, 1.5707963267948966]": {"num_count": 11, "sum_payoffs": 3.372135201533438, "action": [0.0, 1.5707963267948966]}, "[1.0, 1.5707963267948966]": {"num_count": 11, "sum_payoffs": 3.1164536809763126, "action": [1.0, 1.5707963267948966]}, "[2.0, 1.5707963267948966]": {"num_count": 11, "sum_payoffs": 3.399110411263637, "action": [2.0, 1.5707963267948966]}, "[0.0, 0.0]": {"num_count": 11, "sum_payoffs": 3.194917395963569, "action": [0.0, 0.0]}, "[1.0, -1.5707963267948966]": {"num_count": 11, "sum_payoffs": 3.3199971822436796, "action": [1.0, -1.5707963267948966]}, "[0.0, -1.5707963267948966]": {"num_count": 11, "sum_payoffs": 3.1932829680093984, "action": [0.0, -1.5707963267948966]}}, "1": {"[1.0, 1.5707963267948966]": {"num_count": 12, "sum_payoffs": 4.5269317035443954, "action": [1.0, 1.5707963267948966]}, "[0.0, -1.5707963267948966]": {"num_count": 11, "sum_payoffs": 3.7859598514402757, "action": [0.0, -1.5707963267948966]}, "[1.0, -1.5707963267948966]": {"num_count": 11, "sum_payoffs": 3.96520383313179, "action": [1.0, -1.5707963267948966]}, "[2.0, 0.0]": {"num_count": 12, "sum_payoffs": 4.968489649833097, "action": [2.0, 0.0]}, "[0.0, 0.0]": {"num_count": 11, "sum_payoffs": 3.9126434825516365, "action": [0.0, 0.0]}, "[2.0, -1.5707963267948966]": {"num_count": 11, "sum_payoffs": 3.976214048768198, "action": [2.0, -1.5707963267948966]}, "[2.0, 1.5707963267948966]": {"num_count": 11, "sum_payoffs": 4.017245516174296, "action": [2.0, 1.5707963267948966]}, "[1.0, 0.0]": {"num_count": 11, "sum_payoffs": 3.9810617104231514, "action": [1.0, 0.0]}, "[0.0, 1.5707963267948966]": {"num_count": 10, "sum_payoffs": 3.0279225025280017, "action": [0.0, 1.5707963267948966]}}}}