{"2": {"0": {"[1.0, 0]": {"num_count": 2422, "sum_payoffs": 454.94153279235394, "action": [1.0, 0]}, "[0.0, 0]": {"num_count": 178, "sum_payoffs": 23.798249994645378, "action": [0.0, 0]}}, "1": {"[1.0, 0]": {"num_count": 2374, "sum_payoffs": 446.96865779414907, "action": [1.0, 0]}, "[0.0, 0]": {"num_count": 226, "sum_payoffs": 32.500124992687454, "action": [0.0, 0]}}}, "1": {"0": {"[0.0, 0]": {"num_count": 181, "sum_payoffs": 30.622499993109944, "action": [0.0, 0]}, "[1.0, 0]": {"num_count": 2419, "sum_payoffs": 500.06249988750045, "action": [1.0, 0]}}, "1": {"[1.0, 0]": {"num_count": 2376, "sum_payoffs": 488.11499989018785, "action": [1.0, 0]}, "[0.0, 0]": {"num_count": 224, "sum_payoffs": 36.89999999169761, "action": [0.0, 0]}}}}