{"runtime": 53.22536897659302, "winner": [1, 0], "collision_count": 0, "T_terminal": 8, "trajectories": [[1.0, 3.0, 0.0, 3.0, 3.0, 0.0, 0.0], [2.0, 3.0, 0.0, 4.0, 3.0, 0.0, 1.0], [2.0, 3.0, 1.5707963267948966, 5.0, 3.0, 1.5707963267948966, 2.0], [2.0, 3.0, 0.0, 5.0, 3.0, 0.0, 3.0], [4.0, 3.0, 0.0, 6.0, 3.0, 4.71238898038469, 4.0], [6.0, 3.0, 0.0, 6.0, 2.0, 0.0, 5.0], [8.0, 3.0, 0.0, 7.0, 2.0, 0.0, 6.0], [10.0, 3.0, 0.0, 7.0, 2.0, 0.0, 7.0], [12.0, 3.0, 4.71238898038469, 8.0, 2.0, 4.71238898038469, 8.0]], "penalty_distance_0": [-0.04060058497098381, -0.014936120510359183, -0.014936120510359183, -0.04060058497098381, -0.1103638323514327, -0.07293502033026425, -0.012698765886961496, -0.004858242995748769], "penalty_distance_1": [-0.04060058497098381, -0.014936120510359183, -0.014936120510359183, -0.04060058497098381, -0.1103638323514327, -0.07293502033026425, -0.012698765886961496, -0.004858242995748769], "reward_progress_0": [0.0, 0.0, 0.0, 0.0, 0.0, 0.0, 0.0, 0.0], "reward_progress_1": [0.0, 0.0, 0.0, 0.0, 0.0, 0.0, 0.0, 0.0], "penalty_agressor_0": [0.0, 0.0, 0.0, 0.0, 0.0, 0.0, 0.0, 0.0], "penalty_agressor_1": [0.0, 0.0, 0.0, 0.0, 0.0, 0.0, 0.0, 0.0], "penalty_timestep_0": [-5.6], "penalty_timestep_1": [-5.6], "reward_lead_0": [4.0], "reward_lead_1": [-4.0], "payoff_total0": [-0.04060058497098381, -0.05553670548134299, -0.07047282599170218, -0.111073410962686, -0.22143724331411868, -0.29437226364438296, -0.30707102953134446, -0.31192927252709324, -1.9119292725270929], "payoff_total1": [-0.04060058497098381, -0.05553670548134299, -0.07047282599170218, -0.111073410962686, -0.22143724331411868, -0.29437226364438296, -0.30707102953134446, -0.31192927252709324, -9.911929272527093]}