{"14": {"0": {"[2.0, 0.0]": {"num_count": 12, "sum_payoffs": 2.9166170777785623, "action": [2.0, 0.0]}, "[0.0, -1.5707963267948966]": {"num_count": 11, "sum_payoffs": 2.6184255688871647, "action": [0.0, -1.5707963267948966]}, "[1.0, 1.5707963267948966]": {"num_count": 11, "sum_payoffs": 2.5926896711540035, "action": [1.0, 1.5707963267948966]}, "[1.0, 0.0]": {"num_count": 11, "sum_payoffs": 2.6665883756331734, "action": [1.0, 0.0]}, "[1.0, -1.5707963267948966]": {"num_count": 11, "sum_payoffs": 2.5905631344246456, "action": [1.0, -1.5707963267948966]}, "[2.0, -1.5707963267948966]": {"num_count": 11, "sum_payoffs": 2.550147159994387, "action": [2.0, -1.5707963267948966]}, "[0.0, 1.5707963267948966]": {"num_count": 11, "sum_payoffs": 2.4725267815080714, "action": [0.0, 1.5707963267948966]}, "[2.0, 1.5707963267948966]": {"num_count": 11, "sum_payoffs": 2.44762571839407, "action": [2.0, 1.5707963267948966]}, "[0.0, 0.0]": {"num_count": 11, "sum_payoffs": 2.623695841158026, "action": [0.0, 0.0]}}, "1": {"[0.0, 1.5707963267948966]": {"num_count": 16, "sum_payoffs": 3.2791665168902067, "action": [0.0, 1.5707963267948966]}, "[1.0, 1.5707963267948966]": {"num_count": 17, "sum_payoffs": 3.7936068138105146, "action": [1.0, 1.5707963267948966]}, "[0.0, -1.5707963267948966]": {"num_count": 17, "sum_payoffs": 3.6302782971441476, "action": [0.0, -1.5707963267948966]}, "[0.0, 0.0]": {"num_count": 17, "sum_payoffs": 3.603337037801456, "action": [0.0, 0.0]}, "[1.0, -1.5707963267948966]": {"num_count": 17, "sum_payoffs": 3.6813579991330334, "action": [1.0, -1.5707963267948966]}, "[1.0, 0.0]": {"num_count": 16, "sum_payoffs": 3.378472836122738, "action": [1.0, 0.0]}}}}