{"2": {"0": {"[0.0, 0]": {"num_count": 672, "sum_payoffs": 102.45321706940467, "action": [0.0, 0]}, "[1.0, 0]": {"num_count": 1428, "sum_payoffs": 285.36749990012027, "action": [1.0, 0]}}, "1": {"[0.0, 0]": {"num_count": 683, "sum_payoffs": 105.1054341737396, "action": [0.0, 0]}, "[1.0, 0]": {"num_count": 1417, "sum_payoffs": 282.8975327957214, "action": [1.0, 0]}}}, "1": {"0": {"[0.0, 0]": {"num_count": 813, "sum_payoffs": 151.00874994714843, "action": [0.0, 0]}, "[1.0, 0]": {"num_count": 1287, "sum_payoffs": 275.3887499036164, "action": [1.0, 0]}}, "1": {"[1.0, 0]": {"num_count": 1289, "sum_payoffs": 276.09749990336826, "action": [1.0, 0]}, "[0.0, 0]": {"num_count": 811, "sum_payoffs": 150.50249994732562, "action": [0.0, 0]}}}}