{"runtime": 43.10670709609985, "winner": [1, 0], "collision_count": 1, "T_terminal": 6, "trajectories": [[1.0, 3.0, 0.0, 3.0, 3.0, 0.0, 0.0], [3.0, 3.0, 0.0, 4.0, 3.0, 0.0, 1.0], [5.0, 3.0, 0.0, 5.0, 3.0, 4.71238898038469, 2.0], [7.0, 3.0, 0.0, 5.0, 2.0, 4.71238898038469, 3.0], [9.0, 3.0, 0.0, 5.0, 2.0, 0.0, 4.0], [11.0, 3.0, 0.0, 6.0, 2.0, 0.0, 5.0], [13.0, 3.0, 4.71238898038469, 7.0, 2.0, 1.5707963267948966, 6.0]], "penalty_distance_0": [-0.2575156088200096, -0.7, -0.07481454796227002, -0.011335900323413793, -0.004271909091921802, -0.0015973049531254231], "penalty_distance_1": [-0.2575156088200096, -0.7, -0.07481454796227002, -0.011335900323413793, -0.004271909091921802, -0.0015973049531254231], "reward_progress_0": [0.0, 0.0, 0.0, 0.0, 0.0, 0.0], "reward_progress_1": [0.0, 0.0, 0.0, 0.0, 0.0, 0.0], "penalty_agressor_0": [0.0, 0.0, 0.0, 0.0, 0.0, 0.0], "penalty_agressor_1": [0.0, 0.0, 0.0, 0.0, 0.0, 0.0], "penalty_timestep_0": [-4.199999999999999], "penalty_timestep_1": [-4.199999999999999], "reward_lead_0": [6.0], "reward_lead_1": [-6.0], "payoff_total0": [-0.2575156088200096, -0.9575156088200096, -1.0323301567822796, -1.0436660571056933, -1.0479379661976151, -1.0495352711507406, 0.7504647288492601], "payoff_total1": [-0.2575156088200096, -0.9575156088200096, -1.0323301567822796, -1.0436660571056933, -1.0479379661976151, -1.0495352711507406, -11.24953527115074]}