{"14": {"0": {"[2.0, 0.0]": {"num_count": 543, "sum_payoffs": 121.74669307541693, "action": [2.0, 0.0]}, "[2.0, -1.5707963267948966]": {"num_count": 522, "sum_payoffs": 115.25272316342834, "action": [2.0, -1.5707963267948966]}, "[0.0, 0.0]": {"num_count": 496, "sum_payoffs": 107.1873280913904, "action": [0.0, 0.0]}, "[1.0, 1.5707963267948966]": {"num_count": 510, "sum_payoffs": 111.50548516936152, "action": [1.0, 1.5707963267948966]}, "[1.0, -1.5707963267948966]": {"num_count": 512, "sum_payoffs": 112.195918046788, "action": [1.0, -1.5707963267948966]}, "[2.0, 1.5707963267948966]": {"num_count": 519, "sum_payoffs": 114.26541834116222, "action": [2.0, 1.5707963267948966]}, "[0.0, -1.5707963267948966]": {"num_count": 492, "sum_payoffs": 106.00183426076333, "action": [0.0, -1.5707963267948966]}, "[0.0, 1.5707963267948966]": {"num_count": 493, "sum_payoffs": 106.2988476687875, "action": [0.0, 1.5707963267948966]}, "[1.0, 0.0]": {"num_count": 513, "sum_payoffs": 112.48182502127672, "action": [1.0, 0.0]}}, "1": {"[1.0, -1.5707963267948966]": {"num_count": 776, "sum_payoffs": 155.10248759632307, "action": [1.0, -1.5707963267948966]}, "[1.0, 1.5707963267948966]": {"num_count": 781, "sum_payoffs": 156.4737825679078, "action": [1.0, 1.5707963267948966]}, "[1.0, 0.0]": {"num_count": 804, "sum_payoffs": 162.75149112831065, "action": [1.0, 0.0]}, "[0.0, 1.5707963267948966]": {"num_count": 740, "sum_payoffs": 145.2695338506495, "action": [0.0, 1.5707963267948966]}, "[0.0, -1.5707963267948966]": {"num_count": 744, "sum_payoffs": 146.38278224473714, "action": [0.0, -1.5707963267948966]}, "[0.0, 0.0]": {"num_count": 755, "sum_payoffs": 149.39705159451685, "action": [0.0, 0.0]}}}}