{"runtime": 54.332316398620605, "winner": [1, 0], "collision_count": 0, "T_terminal": 7, "trajectories": [[1.0, 3.0, 0.0, 3.0, 3.0, 0.0, 0.0], [3.0, 3.0, 0.0, 4.0, 3.0, 0.0, 1.0], [5.0, 3.0, 0.0, 4.0, 3.0, 0.0, 2.0], [7.0, 3.0, 4.71238898038469, 5.0, 3.0, 0.0, 3.0], [7.0, 2.0, 0.0, 6.0, 3.0, 0.0, 4.0], [9.0, 2.0, 0.0, 7.0, 3.0, 0.0, 5.0], [11.0, 2.0, 0.0, 8.0, 3.0, 0.0, 6.0], [13.0, 2.0, 4.71238898038469, 9.0, 3.0, 0.0, 7.0]], "penalty_distance_0": [-0.2207276647028654, -0.2207276647028654, -0.08120116994196762, -0.1458700406605285, -0.06412675539623144, -0.025397531773922993, -0.009716485991497537], "penalty_distance_1": [-0.2207276647028654, -0.2207276647028654, -0.08120116994196762, -0.1458700406605285, -0.06412675539623144, -0.025397531773922993, -0.009716485991497537], "reward_progress_0": [0.0, 0.0, 0.0, 0.0, 0.0, 0.0, 0.0], "reward_progress_1": [0.0, 0.0, 0.0, 0.0, 0.0, 0.0, 0.0], "penalty_agressor_0": [0.0, 0.0, 0.0, 0.0, 0.0, 0.0, 0.0], "penalty_agressor_1": [0.0, 0.0, 0.0, 0.0, 0.0, 0.0, 0.0], "penalty_timestep_0": [-4.8999999999999995], "penalty_timestep_1": [-4.8999999999999995], "reward_lead_0": [4.0], "reward_lead_1": [-4.0], "payoff_total0": [-0.2207276647028654, -0.4414553294057308, -0.5226564993476984, -0.668526540008227, -0.7326532954044584, -0.7580508271783815, -0.767767313169879, -1.6677673131698785], "payoff_total1": [-0.2207276647028654, -0.4414553294057308, -0.5226564993476984, -0.668526540008227, -0.7326532954044584, -0.7580508271783815, -0.767767313169879, -9.667767313169877]}