{"runtime_game_length_12": [23.88402533531189, 23.999027729034424, 23.89695119857788, 23.920382499694824, 24.153817892074585], "runtime_game_length_11": [21.44325852394104, 21.533209562301636, 22.787511110305786, 21.649388313293457, 21.66325616836548], "runtime_game_length_10": [19.355513334274292, 19.51679754257202, 19.541980028152466, 19.50207757949829, 19.298402786254883], "runtime_game_length_9": [17.03138494491577, 17.15187644958496, 17.284787893295288, 17.194221258163452, 17.042813062667847], "runtime_game_length_8": [14.604934215545654, 14.619757652282715, 14.758792638778687, 14.75335168838501, 14.738432884216309], "runtime_game_length_7": [12.093075275421143, 12.051210403442383, 12.047662496566772, 12.239956617355347, 12.0397207736969], "runtime_game_length_6": [9.022424459457397, 8.879406452178955, 9.001246690750122, 9.092274188995361, 8.797724485397339], "runtime_game_length_5": [4.133465051651001, 4.18864893913269, 4.239753007888794, 4.173164129257202, 4.345274448394775], "runtime_game_length_4": [0.31584835052490234, 0.3137192726135254, 0.3228633403778076, 0.31394338607788086, 0.3101463317871094], "runtime": [121.88434267044067, 122.25406575202942, 123.88200545310974, 122.83915710449219, 122.38999056816101], "winner": [[0, 1], [0, 1], [0, 1], [0, 1], [0, 1]], "T_terminal": [9, 9, 9, 9, 9], "trajectory_0": [[[1.0, 3.0, 0.0, 0], [2.0, 3.0, 0.0, 1], [3.0, 3.0, 0.0, 2], [4.0, 3.0, 0.0, 3], [5.0, 3.0, 0.0, 4], [6.0, 3.0, 0.0, 5], [7.0, 3.0, 0.0, 6], [8.0, 3.0, 0.0, 7], [9.0, 3.0, 0.0, 8], [10.0, 3.0, 0.0, 9]], [[1.0, 3.0, 0.0, 0], [2.0, 3.0, 0.0, 1], [3.0, 3.0, 0.0, 2], [4.0, 3.0, 0.0, 3], [5.0, 3.0, 0.0, 4], [6.0, 3.0, 0.0, 5], [7.0, 3.0, 0.0, 6], [8.0, 3.0, 0.0, 7], [9.0, 3.0, 0.0, 8], [10.0, 3.0, 0.0, 9]], [[1.0, 3.0, 0.0, 0], [1.0, 3.0, 0.0, 1], [3.0, 3.0, 0.0, 2], [4.0, 3.0, 0.0, 3], [5.0, 3.0, 0.0, 4], [6.0, 3.0, 0.0, 5], [7.0, 3.0, 0.0, 6], [8.0, 3.0, 0.0, 7], [9.0, 3.0, 0.0, 8], [10.0, 3.0, 4.71238898038469, 9]], [[1.0, 3.0, 0.0, 0], [2.0, 3.0, 0.0, 1], [3.0, 3.0, 0.0, 2], [4.0, 3.0, 0.0, 3], [5.0, 3.0, 0.0, 4], [6.0, 3.0, 0.0, 5], [7.0, 3.0, 0.0, 6], [8.0, 3.0, 0.0, 7], [9.0, 3.0, 0.0, 8], [10.0, 3.0, 4.71238898038469, 9]], [[1.0, 3.0, 0.0, 0], [2.0, 3.0, 0.0, 1], [3.0, 3.0, 0.0, 2], [4.0, 3.0, 0.0, 3], [5.0, 3.0, 0.0, 4], [6.0, 3.0, 0.0, 5], [7.0, 3.0, 0.0, 6], [8.0, 3.0, 0.0, 7], [9.0, 3.0, 0.0, 8], [10.0, 3.0, 0.0, 9]]], "trajectory_1": [[[3.0, 3.0, 0.0, 0], [4.0, 3.0, 0.0, 1], [5.0, 3.0, 0.0, 2], [6.0, 3.0, 0.0, 3], [7.0, 3.0, 0.0, 4], [8.0, 3.0, 0.0, 5], [9.0, 3.0, 0.0, 6], [10.0, 3.0, 0.0, 7], [11.0, 3.0, 0.0, 8], [12.0, 3.0, 1.5707963267948966, 9]], [[3.0, 3.0, 0.0, 0], [4.0, 3.0, 0.0, 1], [5.0, 3.0, 0.0, 2], [6.0, 3.0, 0.0, 3], [7.0, 3.0, 0.0, 4], [8.0, 3.0, 0.0, 5], [9.0, 3.0, 0.0, 6], [10.0, 3.0, 0.0, 7], [11.0, 3.0, 0.0, 8], [12.0, 3.0, 4.71238898038469, 9]], [[3.0, 3.0, 0.0, 0], [4.0, 3.0, 0.0, 1], [5.0, 3.0, 0.0, 2], [6.0, 3.0, 0.0, 3], [7.0, 3.0, 0.0, 4], [8.0, 3.0, 0.0, 5], [9.0, 3.0, 0.0, 6], [10.0, 3.0, 0.0, 7], [11.0, 3.0, 0.0, 8], [12.0, 3.0, 1.5707963267948966, 9]], [[3.0, 3.0, 0.0, 0], [4.0, 3.0, 0.0, 1], [5.0, 3.0, 0.0, 2], [6.0, 3.0, 0.0, 3], [7.0, 3.0, 0.0, 4], [8.0, 3.0, 0.0, 5], [9.0, 3.0, 0.0, 6], [10.0, 3.0, 0.0, 7], [11.0, 3.0, 0.0, 8], [12.0, 3.0, 1.5707963267948966, 9]], [[3.0, 3.0, 0.0, 0], [4.0, 3.0, 0.0, 1], [5.0, 3.0, 0.0, 2], [6.0, 3.0, 0.0, 3], [7.0, 3.0, 0.0, 4], [8.0, 3.0, 0.0, 5], [9.0, 3.0, 0.0, 6], [10.0, 3.0, 0.0, 7], [11.0, 3.0, 0.0, 8], [12.0, 3.0, 4.71238898038469, 9]]], "penalty_distance_0": [[-0.06766764161830635, -0.06090087745647572, -0.054810789710828145, -0.04932971073974533, -0.0443967396657708, -0.039957065699193724, -0.035961359129274346, -0.03236522321634692, -0.02912870089471223], [-0.06766764161830635, -0.06090087745647572, -0.054810789710828145, -0.04932971073974533, -0.0443967396657708, -0.039957065699193724, -0.035961359129274346, -0.03236522321634692, -0.02912870089471223], [-0.024893534183931972, -0.06090087745647572, -0.054810789710828145, -0.04932971073974533, -0.0443967396657708, -0.039957065699193724, -0.035961359129274346, -0.03236522321634692, -0.02912870089471223], [-0.06766764161830635, -0.06090087745647572, -0.054810789710828145, -0.04932971073974533, -0.0443967396657708, -0.039957065699193724, -0.035961359129274346, -0.03236522321634692, -0.02912870089471223], [-0.06766764161830635, -0.06090087745647572, -0.054810789710828145, -0.04932971073974533, -0.0443967396657708, -0.039957065699193724, -0.035961359129274346, -0.03236522321634692, -0.02912870089471223]], "penalty_distance_1": [[-0.06766764161830635, -0.06090087745647572, -0.054810789710828145, -0.04932971073974533, -0.0443967396657708, -0.039957065699193724, -0.035961359129274346, -0.03236522321634692, -0.02912870089471223], [-0.06766764161830635, -0.06090087745647572, -0.054810789710828145, -0.04932971073974533, -0.0443967396657708, -0.039957065699193724, -0.035961359129274346, -0.03236522321634692, -0.02912870089471223], [-0.024893534183931972, -0.06090087745647572, -0.054810789710828145, -0.04932971073974533, -0.0443967396657708, -0.039957065699193724, -0.035961359129274346, -0.03236522321634692, -0.02912870089471223], [-0.06766764161830635, -0.06090087745647572, -0.054810789710828145, -0.04932971073974533, -0.0443967396657708, -0.039957065699193724, -0.035961359129274346, -0.03236522321634692, -0.02912870089471223], [-0.06766764161830635, -0.06090087745647572, -0.054810789710828145, -0.04932971073974533, -0.0443967396657708, -0.039957065699193724, -0.035961359129274346, -0.03236522321634692, -0.02912870089471223]], "reward_progress_0": [[0.1, 0.09000000000000001, 0.08100000000000002, 0.0729, 0.06561, 0.05904900000000001, 0.05314410000000001, 0.04782969000000001, 0.04304672100000001], [0.1, 0.09000000000000001, 0.08100000000000002, 0.0729, 0.06561, 0.05904900000000001, 0.05314410000000001, 0.04782969000000001, 0.04304672100000001], [0.0, 0.18000000000000002, 0.08100000000000002, 0.0729, 0.06561, 0.05904900000000001, 0.05314410000000001, 0.04782969000000001, 0.04304672100000001], [0.1, 0.09000000000000001, 0.08100000000000002, 0.0729, 0.06561, 0.05904900000000001, 0.05314410000000001, 0.04782969000000001, 0.04304672100000001], [0.1, 0.09000000000000001, 0.08100000000000002, 0.0729, 0.06561, 0.05904900000000001, 0.05314410000000001, 0.04782969000000001, 0.04304672100000001]], "reward_progress_1": [[0.1, 0.09000000000000001, 0.08100000000000002, 0.0729, 0.06561, 0.05904900000000001, 0.05314410000000001, 0.04782969000000001, 0.04304672100000001], [0.1, 0.09000000000000001, 0.08100000000000002, 0.0729, 0.06561, 0.05904900000000001, 0.05314410000000001, 0.04782969000000001, 0.04304672100000001], [0.1, 0.09000000000000001, 0.08100000000000002, 0.0729, 0.06561, 0.05904900000000001, 0.05314410000000001, 0.04782969000000001, 0.04304672100000001], [0.1, 0.09000000000000001, 0.08100000000000002, 0.0729, 0.06561, 0.05904900000000001, 0.05314410000000001, 0.04782969000000001, 0.04304672100000001], [0.1, 0.09000000000000001, 0.08100000000000002, 0.0729, 0.06561, 0.05904900000000001, 0.05314410000000001, 0.04782969000000001, 0.04304672100000001]], "penalty_timestep_0": [[-0.9], [-0.9], [-0.9], [-0.9], [-0.9]], "penalty_timestep_1": [[-0.9], [-0.9], [-0.9], [-0.9], [-0.9]], "reward_lead_0": [[-2.0], [-2.0], [-2.0], [-2.0], [-2.0]], "reward_lead_1": [[2.0], [2.0], [2.0], [2.0], [2.0]],