{"runtime": 0.6823713779449463, "winner": [0, 1], "T_terminal": 12, "trajectories": [[1.0, 3.0, 0.0, 3.0, 3.0, 0.0, 0.0], [2.0, 3.0, 0.0, 3.0, 3.0, 4.71238898038469, 1.0], [2.0, 3.0, 4.71238898038469, 3.0, 3.0, 3.141592653589793, 2.0], [2.0, 3.0, 0.0, 2.0, 3.0, 4.71238898038469, 3.0], [2.0, 3.0, 1.5707963267948966, 2.0, 3.0, 0.0, 4.0], [2.0, 4.0, 0.0, 2.0, 3.0, 1.5707963267948966, 5.0], [2.0, 4.0, 0.0, 2.0, 3.0, 0.0, 6.0], [3.0, 4.0, 4.71238898038469, 3.0, 3.0, 0.0, 7.0], [3.0, 3.0, 4.71238898038469, 3.0, 3.0, 4.71238898038469, 8.0], [2.9999999999999996, 1.0, 0.0, 3.0, 3.0, 0.0, 9.0], [2.9999999999999996, 1.0, 1.5707963267948966, 4.0, 3.0, 4.71238898038469, 10.0], [2.9999999999999996, 1.0, 0.0, 4.0, 2.0, 0.0, 11.0], [3.9999999999999996, 1.0, 1.5707963267948966, 4.0, 2.0, 4.71238898038469, 12.0], [2.0, 3.0, 0.0, 3.0, 3.0, 4.71238898038469, 1.0], [2.0, 3.0, 4.71238898038469, 3.0, 3.0, 3.141592653589793, 2.0], [2.0, 3.0, 0.0, 2.0, 3.0, 4.71238898038469, 3.0], [2.0, 3.0, 1.5707963267948966, 2.0, 3.0, 0.0, 4.0], [2.0, 4.0, 0.0, 2.0, 3.0, 1.5707963267948966, 5.0], [2.0, 4.0, 0.0, 2.0, 3.0, 0.0, 6.0], [3.0, 4.0, 4.71238898038469, 3.0, 3.0, 0.0, 7.0], [3.0, 3.0, 4.71238898038469, 3.0, 3.0, 4.71238898038469, 8.0], [2.9999999999999996, 1.0, 0.0, 3.0, 3.0, 0.0, 9.0], [2.9999999999999996, 1.0, 1.5707963267948966, 4.0, 3.0, 4.71238898038469, 10.0], [2.9999999999999996, 1.0, 0.0, 4.0, 2.0, 0.0, 11.0], [3.9999999999999996, 1.0, 1.5707963267948966, 4.0, 2.0, 4.71238898038469, 12.0], [2.0, 3.0, 0.0, 3.0, 3.0, 4.71238898038469, 1.0], [2.0, 3.0, 4.71238898038469, 3.0, 3.0, 3.141592653589793, 2.0], [2.0, 3.0, 0.0, 2.0, 3.0, 4.71238898038469, 3.0], [2.0, 3.0, 1.5707963267948966, 2.0, 3.0, 0.0, 4.0], [2.0, 4.0, 0.0, 2.0, 3.0, 1.5707963267948966, 5.0], [2.0, 4.0, 0.0, 2.0, 3.0, 0.0, 6.0], [3.0, 4.0, 4.71238898038469, 3.0, 3.0, 0.0, 7.0], [3.0, 3.0, 4.71238898038469, 3.0, 3.0, 4.71238898038469, 8.0], [2.9999999999999996, 1.0, 0.0, 3.0, 3.0, 0.0, 9.0], [2.9999999999999996, 1.0, 1.5707963267948966, 4.0, 3.0, 4.71238898038469, 10.0], [2.9999999999999996, 1.0, 0.0, 4.0, 2.0, 0.0, 11.0], [3.9999999999999996, 1.0, 1.5707963267948966, 4.0, 2.0, 4.71238898038469, 12.0]], "penalty_distance_0": [-0.2207276647028654, -0.2207276647028654, -0.6, -0.6, -0.2207276647028654, -0.2207276647028654, -0.2207276647028654, -0.6, -0.08120116994196762, -0.06412675539623144, -0.14587004066052847, -0.2207276647028654, -0.2207276647028654, -0.2207276647028654, -0.6, -0.6, -0.2207276647028654, -0.2207276647028654, -0.2207276647028654, -0.6, -0.08120116994196762, -0.06412675539623144, -0.14587004066052847, -0.2207276647028654, -0.2207276647028654, -0.2207276647028654, -0.6, -0.6, -0.2207276647028654, -0.2207276647028654, -0.2207276647028654, -0.6, -0.08120116994196762, -0.06412675539623144, -0.14587004066052847, -0.2207276647028654], "penalty_distance_1": [-0.2207276647028654, -0.2207276647028654, -0.6, -0.6, -0.2207276647028654, -0.2207276647028654, -0.2207276647028654, -0.6, -0.08120116994196762, -0.06412675539623144, -0.14587004066052847, -0.2207276647028654, -0.2207276647028654, -0.2207276647028654, -0.6, -0.6, -0.2207276647028654, -0.2207276647028654, -0.2207276647028654, -0.6, -0.08120116994196762, -0.06412675539623144, -0.14587004066052847, -0.2207276647028654, -0.2207276647028654, -0.2207276647028654, -0.6, -0.6, -0.2207276647028654, -0.2207276647028654, -0.2207276647028654, -0.6, -0.08120116994196762, -0.06412675539623144, -0.14587004066052847, -0.2207276647028654], "reward_progress_0": [0.0, 0.0, 0.0, 0.0, 0.0, 0.0, 0.0, 0.0, -0.0, 0.0, 0.0, 0.0, 0.0, 0.0, 0.0, 0.0, 0.0, 0.0, 0.0, 0.0, -0.0, 0.0, 0.0, 0.0, 0.0, 0.0, 0.0, 0.0, 0.0, 0.0, 0.0, 0.0, -0.0, 0.0, 0.0, 0.0], "reward_progress_1": [0.0, 0.0, -0.0, 0.0, 0.0, 0.0, 0.0, 0.0, 0.0, 0.0, 0.0, 0.0, 0.0, 0.0, -0.0, 0.0, 0.0, 0.0, 0.0, 0.0, 0.0, 0.0, 0.0, 0.0, 0.0, 0.0, -0.0, 0.0, 0.0, 0.0, 0.0, 0.0, 0.0, 0.0, 0.0, 0.0], "penalty_agressor_0": [0.0, 0.0, 0.0, 0.0, 0.0, 0.0, 0.0, 0.0, 0.0, 0.0, 0.0, 0.0, 0.0, 0.0, 0.0, 0.0, 0.0, 0.0, 0.0, 0.0, 0.0, 0.0, 0.0, 0.0, 0.0, 0.0, 0.0, 0.0, 0.0, 0.0, 0.0, 0.0, 0.0, 0.0, 0.0, 0.0], "penalty_agressor_1": [0.0, 0.0, 0.0, 0.0, 0.0, 0.0, 0.0, 0.0, 0.0, 0.0, 0.0, 0.0, 0.0, 0.0, 0.0, 0.0, 0.0, 0.0, 0.0, 0.0, 0.0, 0.0, 0.0, 0.0, 0.0, 0.0, 0.0, 0.0, 0.0, 0.0, 0.0, 0.0, 0.0, 0.0, 0.0, 0.0], "penalty_timestep_0": [0.0, 0.0, 0.0], "penalty_timestep_1": [0.0, 0.0, 0.0], "reward_lead_0": [-4.440892098500626e-16, -4.440892098500626e-16, -4.440892098500626e-16], "reward_lead_1": [4.440892098500626e-16, 4.440892098500626e-16, 4.440892098500626e-16], "payoff_total0": [-0.2207276647028654, -0.4414553294057308, -1.0414553294057307, -1.6414553294057308, -1.8621829941085961, -2.0829106588114614, -2.3036383235143267, -2.903638323514327, -2.9848394934562945, -3.0489662488525258, -3.1948362895130544, -3.4155639542159197, -3.41556395421592, -3.6362916189187855, -3.857019283621651, -4.457019283621651, -5.057019283621651, -5.277746948324516, -5.498474613027382, -5.719202277730247, -6.319202277730247, -6.400403447672213, -6.4645302030684455, -6.610400243728973, -6.831127908431839, -6.8311279084318395, -7.051855573134705, -7.27258323783757, -7.87258323783757, -8.472583237837569, -8.693310902540436, -8.9140385672433, -9.134766231946166, -9.734766231946164, -9.815967401888134, -9.880094157284365, -10.02596419794489, -10.246691862647758, -10.246691862647758], "payoff_total1": [-0.2207276647028654, -0.4414553294057308, -1.0414553294057307, -1.6414553294057308, -1.8621829941085961, -2.0829106588114614, -2.3036383235143267, -2.903638323514327, -2.9848394934562945, -3.0489662488525258, -3.1948362895130544, -3.4155639542159197, -3.4155639542159193, -3.6362916189187846, -3.85701928362165, -4.45701928362165, -5.057019283621649, -5.2777469483245145, -5.49847461302738, -5.719202277730245, -6.319202277730245, -6.400403447672213, -6.464530203068444, -6.610400243728973, -6.831127908431839, -6.831127908431838, -7.051855573134703, -7.272583237837568, -7.872583237837568, -8.472583237837569, -8.693310902540432, -8.9140385672433, -9.134766231946163, -9.734766231946164, -9.81596740188813, -9.880094157284361, -10.02596419794489, -10.246691862647754, -10.246691862647754]}