{"alphat_eff_gamelength_2": {"mean": 1.0, "variance": 0.0}, "runtime_gamelength_2": {"mean": 0.3953540325164795, "variance": 0.0003043243707679721}, "max_timestep": {"mean": 1.0, "variance": 0.0}, "alphat_eff_gamelength_1": {"mean": 0.9, "variance": 0.04000000000000001}, "runtime_gamelength_1": {"mean": 0.2810403108596802, "variance": 2.0978495845724866e-05}, "winner": {"mean": [0.2, 0.0], "variance": [0.16000000000000006, 0.0]}, "runtime": {"mean": 0.6766331911087036, "variance": 0.00030283906263605336}, "T_terminal": {"mean": 2.0, "variance": 0.0}, "trajectory_0": {"mean": [[1.0, 0.0, 1.5707963267948966, 0.0], [1.0, 1.0, 1.5707963267948966, 1.0], [1.0, 2.0, 1.5707963267948966, 2.0]], "variance": [[0.0, 0.0, 0.0, 0.0], [0.0, 0.0, 0.0, 0.0], [0.0, 0.0, 0.0, 0.0]]}, "trajectory_1": {"mean": [[0.0, 1.0, 0.0, 0.0], [0.8, 1.0, 0.0, 1.0], [1.7, 1.0, 0.0, 2.0]], "variance": [[0.0, 0.0, 0.0, 0.0], [0.16000000000000003, 0.0, 0.0, 0.0], [0.40999999999999986, 0.0, 0.0, 0.0]]}, "coll_payoff_0": {"mean": [0.2, 0.2], "variance": [0.16000000000000006, 0.16000000000000006]}, "coll_payoff_1": {"mean": [0.2, 0.2], "variance": [0.16000000000000006, 0.16000000000000006]}, "payoff_total": {"mean": [[0.19999999988, 0.19999999988], [0.21052631566315788, 0.21052631566315788]], "variance": [[0.159999999808, 0.159999999808], [0.17728531834681435, 0.17728531834681435]]}, "final_lead_payoff_0": {"mean": [0.575], "variance": [0.025625]}, "final_lead_payoff_1": {"mean": [0.425], "variance": [0.02562499999999999]}}