{"2": {"0": {"[0.0, 0]": {"num_count": 675, "sum_payoffs": 214.50824995173707, "action": [0.0, 0]}, "[1.0, 0]": {"num_count": 1925, "sum_payoffs": 731.5514998353825, "action": [1.0, 0]}}, "1": {"[0.0, 0]": {"num_count": 693, "sum_payoffs": 222.7094999498919, "action": [0.0, 0]}, "[1.0, 0]": {"num_count": 1907, "sum_payoffs": 726.9952498364086, "action": [1.0, 0]}}}, "1": {"0": {"[0.0, 0]": {"num_count": 893, "sum_payoffs": 339.9974999234984, "action": [0.0, 0]}, "[1.0, 0]": {"num_count": 1707, "sum_payoffs": 712.5974998396705, "action": [1.0, 0]}}, "1": {"[1.0, 0]": {"num_count": 1704, "sum_payoffs": 711.7874998398527, "action": [1.0, 0]}, "[0.0, 0]": {"num_count": 896, "sum_payoffs": 341.61749992313383, "action": [0.0, 0]}}}}