{"2": {"0": {"[0.0, 0]": {"num_count": 1209, "sum_payoffs": 251.9699999328034, "action": [0.0, 0]}, "[1.0, 0]": {"num_count": 3391, "sum_payoffs": 868.3094997685021, "action": [1.0, 0]}}, "1": {"[1.0, 0]": {"num_count": 3398, "sum_payoffs": 871.859999767556, "action": [1.0, 0]}, "[0.0, 0]": {"num_count": 1202, "sum_payoffs": 250.6064999331671, "action": [0.0, 0]}}}, "1": {"0": {"[0.0, 0]": {"num_count": 1647, "sum_payoffs": 417.7199998886156, "action": [0.0, 0]}, "[1.0, 0]": {"num_count": 2953, "sum_payoffs": 824.6399997801267, "action": [1.0, 0]}}, "1": {"[0.0, 0]": {"num_count": 1653, "sum_payoffs": 419.8799998880397, "action": [0.0, 0]}, "[1.0, 0]": {"num_count": 2947, "sum_payoffs": 823.2899997804866, "action": [1.0, 0]}}}}