{"alphat_eff_gamelength_2": {"mean": 1.0, "variance": 0.0}, "runtime_gamelength_2": {"mean": 0.4208289623260498, "variance": 0.00027588711879161565}, "max_timestep": {"mean": 1.0, "variance": 0.0}, "alphat_eff_gamelength_1": {"mean": 1.0, "variance": 0.0}, "runtime_gamelength_1": {"mean": 0.28216722011566164, "variance": 0.00012735722867148526}, "winner": {"mean": [0.0, 0.0], "variance": [0.0, 0.0]}, "runtime": {"mean": 0.7032228469848633, "variance": 0.00025448580969623436}, "T_terminal": {"mean": 2.0, "variance": 0.0}, "trajectory_0": {"mean": [[1.0, 0.0, 1.5707963267948966, 0.0], [1.0, 1.0, 1.5707963267948966, 1.0], [1.0, 2.0, 1.5707963267948966, 2.0]], "variance": [[0.0, 0.0, 0.0, 0.0], [0.0, 0.0, 0.0, 0.0], [0.0, 0.0, 0.0, 0.0]]}, "trajectory_1": {"mean": [[0.0, 1.0, 0.0, 0.0], [1.0, 1.0, 0.0, 1.0], [2.0, 1.0, 0.0, 2.0]], "variance": [[0.0, 0.0, 0.0, 0.0], [0.0, 0.0, 0.0, 0.0], [0.0, 0.0, 0.0, 0.0]]}, "coll_payoff_0": {"mean": [0.0, 0.0], "variance": [0.0, 0.0]}, "coll_payoff_1": {"mean": [0.0, 0.0], "variance": [0.0, 0.0]}, "payoff_total": {"mean": [[0.0, 0.0], [0.33333333327222225, 0.33333333327222225]], "variance": [[0.0, 0.0], [3.0814879110195774e-33, 3.0814879110195774e-33]]}, "final_lead_payoff_0": {"mean": [0.5], "variance": [0.0]}, "final_lead_payoff_1": {"mean": [0.5], "variance": [0.0]}}