{"alphat_eff_gamelength_10": [1.5384615384615385, 1.5384615384615385, 1.5384615384615385, 1.5384615384615385, 1.5384615384615385, 1.5384615384615385, 1.5384615384615385, 1.5384615384615385, 1.5384615384615385, 1.5384615384615385], "runtime_gamelength_10": [2.0480775833129883, 2.0806195735931396, 2.1113476753234863, 2.067857503890991, 2.052194833755493, 2.0267388820648193, 2.0327858924865723, 2.0651063919067383, 2.0917091369628906, 2.0733721256256104], "max_timestep": [10, 10, 10, 10, 10, 10, 10, 10, 10, 10], "winner": [[0, 0], [0, 0], [0, 0], [0, 0], [0, 0], [0, 0], [0, 0], [0, 0], [0, 0], [0, 0]], "runtime": [2.048327922821045, 2.0808944702148438, 2.1116299629211426, 2.0681235790252686, 2.0524518489837646, 2.026981830596924, 2.03303861618042, 2.0653698444366455, 2.0919854640960693, 2.07366943359375], "T_terminal": [1, 1, 1, 1, 1, 1, 1, 1, 1, 1], "trajectory_0": [[[1.0, 3.0, 0.0, 0], [1.0, 3.0, 1.5707963267948966, 1]], [[1.0, 3.0, 0.0, 0], [1.0, 3.0, 0.0, 1]], [[1.0, 3.0, 0.0, 0], [2.0, 3.0, -1.5707963267948966, 1]], [[1.0, 3.0, 0.0, 0], [1.0, 3.0, 1.5707963267948966, 1]], [[1.0, 3.0, 0.0, 0], [1.0, 3.0, -1.5707963267948966, 1]], [[1.0, 3.0, 0.0, 0], [3.0, 3.0, 0.0, 1]], [[1.0, 3.0, 0.0, 0], [3.0, 3.0, 1.5707963267948966, 1]], [[1.0, 3.0, 0.0, 0], [2.0, 3.0, 0.0, 1]], [[1.0, 3.0, 0.0, 0], [3.0, 3.0, 0.0, 1]], [[1.0, 3.0, 0.0, 0], [3.0, 3.0, 0.0, 1]]], "trajectory_1": [[[3.0, 3.0, 0.0, 0], [4.0, 3.0, 0.0, 1]], [[3.0, 3.0, 0.0, 0], [4.0, 3.0, 1.5707963267948966, 1]], [[3.0, 3.0, 0.0, 0], [4.0, 3.0, 0.0, 1]], [[3.0, 3.0, 0.0, 0], [4.0, 3.0, 0.0, 1]], [[3.0, 3.0, 0.0, 0], [4.0, 3.0, 0.0, 1]], [[3.0, 3.0, 0.0, 0], [4.0, 3.0, 1.5707963267948966, 1]], [[3.0, 3.0, 0.0, 0], [4.0, 3.0, 1.5707963267948966, 1]], [[3.0, 3.0, 0.0, 0], [3.0, 3.0, 0.0, 1]], [[3.0, 3.0, 0.0, 0], [4.0, 3.0, 1.5707963267948966, 1]], [[3.0, 3.0, 0.0, 0], [4.0, 3.0, -1.5707963267948966, 1]]], "coll_payoff_0": [[1.0], [1.0], [1.0], [1.0], [1.0], [1.0], [1.0], [1.0], [1.0], [1.0]], "lead_payoff_0": [[0.0], [0.0], [0.3333333333333333], [0.0], [0.0], [0.6666666666666666], [0.6666666666666666], [0.6666666666666666], [0.6666666666666666], [0.6666666666666666]], "coll_payoff_1": [[1.0], [1.0], [1.0], [1.0], [1.0], [1.0], [1.0], [1.0], [1.0], [1.0]], "lead_payoff_1": [[1.0], [1.0], [0.6666666666666666], [1.0], [1.0], [0.3333333333333333], [0.3333333333333333], [0.3333333333333333], [0.3333333333333333], [0.3333333333333333]], "payoff_total": [[[0.4310344826951149, 0.7356321838021073]], [[0.4310344826951149, 0.7356321838021073]], [[0.509578543987484, 0.6570881225097381]], [[0.4310344826951149, 0.7356321838021073]], [[0.4310344826951149, 0.7356321838021073]], [[0.5881226052798532, 0.5785440612173691]], [[0.5881226052798532, 0.5785440612173691]], [[0.5881226052798532, 0.5785440612173691]], [[0.5881226052798532, 0.5785440612173691]], [[0.5881226052798532, 0.5785440612173691]]], "final_lead_payoff_0": [[0.39655172413793105], [0.39655172413793105], [0.43103448275862066], [0.39655172413793105], [0.39655172413793105], [0.46551724137931033], [0.46551724137931033], [0.46551724137931033], [0.46551724137931033], [0.46551724137931033]], "final_lead_payoff_1": [[0.603448275862069], [0.603448275862069], [0.5689655172413793], [0.603448275862069], [0.603448275862069], [0.5344827586206896], [0.5344827586206896], [0.5344827586206896], [0.5344827586206896], [0.5344827586206896]]}