{"2": {"0": {"[1.0, 0]": {"num_count": 1940, "sum_payoffs": 737.7479997418018, "action": [1.0, 0]}, "[0.0, 0]": {"num_count": 660, "sum_payoffs": 208.49399992702786, "action": [0.0, 0]}}, "1": {"[0.0, 0]": {"num_count": 680, "sum_payoffs": 217.24199992396623, "action": [0.0, 0]}, "[1.0, 0]": {"num_count": 1920, "sum_payoffs": 731.5514997439698, "action": [1.0, 0]}}}, "1": {"0": {"[0.0, 0]": {"num_count": 915, "sum_payoffs": 349.91999987753275, "action": [0.0, 0]}, "[1.0, 0]": {"num_count": 1685, "sum_payoffs": 702.4724997541243, "action": [1.0, 0]}}, "1": {"[1.0, 0]": {"num_count": 1672, "sum_payoffs": 697.4099997558967, "action": [1.0, 0]}, "[0.0, 0]": {"num_count": 928, "sum_payoffs": 356.1974998753357, "action": [0.0, 0]}}}}