{"runtime": 0.656212329864502, "winner": [0, 1], "T_terminal": 12, "trajectories": [[1.0, 3.0, 0.0, 3.0, 3.0, 0.0, 0.0], [2.0, 3.0, 0.0, 4.0, 3.0, 4.71238898038469, 1.0], [3.0, 3.0, 0.0, 4.0, 2.0, 0.0, 2.0], [4.0, 3.0, 0.0, 5.0, 2.0, 4.71238898038469, 3.0], [4.0, 3.0, 0.0, 5.0, 2.0, 4.71238898038469, 4.0], [4.0, 3.0, 4.71238898038469, 5.0, 2.0, 0.0, 5.0], [3.9999999999999996, 1.0, 4.71238898038469, 6.0, 2.0, 4.71238898038469, 6.0], [3.9999999999999996, 1.0, 3.141592653589793, 6.0, 2.0, 3.141592653589793, 7.0], [3.9999999999999996, 1.0, 3.141592653589793, 6.0, 2.0, 4.71238898038469, 8.0], [3.9999999999999996, 1.0, 4.71238898038469, 6.0, 1.0, 0.0, 9.0], [3.9999999999999996, 1.0, 3.141592653589793, 7.0, 1.0, 4.71238898038469, 10.0], [1.9999999999999996, 1.0000000000000002, 4.71238898038469, 7.0, 1.0, 3.141592653589793, 11.0], [1.9999999999999996, 1.0000000000000002, 0.0, 7.0, 1.0, 3.141592653589793, 12.0], [2.0, 3.0, 0.0, 4.0, 3.0, 4.71238898038469, 1.0], [3.0, 3.0, 0.0, 4.0, 2.0, 0.0, 2.0], [4.0, 3.0, 0.0, 5.0, 2.0, 4.71238898038469, 3.0], [4.0, 3.0, 0.0, 5.0, 2.0, 4.71238898038469, 4.0], [4.0, 3.0, 4.71238898038469, 5.0, 2.0, 0.0, 5.0], [3.9999999999999996, 1.0, 4.71238898038469, 6.0, 2.0, 4.71238898038469, 6.0], [3.9999999999999996, 1.0, 3.141592653589793, 6.0, 2.0, 3.141592653589793, 7.0], [3.9999999999999996, 1.0, 3.141592653589793, 6.0, 2.0, 4.71238898038469, 8.0], [3.9999999999999996, 1.0, 4.71238898038469, 6.0, 1.0, 0.0, 9.0], [3.9999999999999996, 1.0, 3.141592653589793, 7.0, 1.0, 4.71238898038469, 10.0], [1.9999999999999996, 1.0000000000000002, 4.71238898038469, 7.0, 1.0, 3.141592653589793, 11.0], [1.9999999999999996, 1.0000000000000002, 3.141592653589793, 7.0, 1.0, 1.5707963267948966, 12.0]], "penalty_distance_0": [-0.09473469826562889, -0.17018171410394992, -0.17018171410394992, -0.17018171410394992, -0.17018171410394992, -0.07481454796226998, -0.07481454796226998, -0.07481454796226998, -0.09473469826562883, -0.03485094785750474, -0.004716562899359827, -0.004716562899359827, -0.09473469826562889, -0.17018171410394992, -0.17018171410394992, -0.17018171410394992, -0.17018171410394992, -0.07481454796226998, -0.07481454796226998, -0.07481454796226998, -0.09473469826562883, -0.03485094785750474, -0.004716562899359827, -0.004716562899359827], "penalty_distance_1": [-0.09473469826562889, -0.17018171410394992, -0.17018171410394992, -0.17018171410394992, -0.17018171410394992, -0.07481454796226998, -0.07481454796226998, -0.07481454796226998, -0.09473469826562883, -0.03485094785750474, -0.004716562899359827, -0.004716562899359827, -0.09473469826562889, -0.17018171410394992, -0.17018171410394992, -0.17018171410394992, -0.17018171410394992, -0.07481454796226998, -0.07481454796226998, -0.07481454796226998, -0.09473469826562883, -0.03485094785750474, -0.004716562899359827, -0.004716562899359827], "reward_progress_0": [0.0, 0.0, 0.0, 0.0, 0.0, -0.0, 0.0, 0.0, 0.0, 0.0, -0.0, 0.0, 0.0, 0.0, 0.0, 0.0, 0.0, -0.0, 0.0, 0.0, 0.0, 0.0, -0.0, 0.0], "reward_progress_1": [0.0, 0.0, 0.0, 0.0, 0.0, 0.0, 0.0, 0.0, 0.0, 0.0, 0.0, 0.0, 0.0, 0.0, 0.0, 0.0, 0.0, 0.0, 0.0, 0.0, 0.0, 0.0, 0.0, 0.0], "penalty_agressor_0": [0.0, 0.0, 0.0, 0.0, 0.0, 0.0, 0.0, 0.0, 0.0, 0.0, 0.0, 0.0, 0.0, 0.0, 0.0, 0.0, 0.0, 0.0, 0.0, 0.0, 0.0, 0.0, 0.0, 0.0], "penalty_agressor_1": [0.0, 0.0, 0.0, 0.0, 0.0, 0.0, 0.0, 0.0, 0.0, 0.0, 0.0, 0.0, 0.0, 0.0, 0.0, 0.0, 0.0, 0.0, 0.0, 0.0, 0.0, 0.0, 0.0, 0.0], "penalty_timestep_0": [-12.0, -12.0], "penalty_timestep_1": [-12.0, -12.0], "reward_lead_0": [-5.0, -5.0], "reward_lead_1": [5.0, 5.0], "payoff_total0": [-0.09473469826562889, -0.2649164123695788, -0.43509812647352875, -0.6052798405774786, -0.7754615546814285, -0.8502761026436985, -0.9250906506059684, -0.9999051985682383, -1.094639896833867, -1.1294908446913718, -1.1342074075907316, -1.1389239704900913, -18.13892397049009, -18.23365866875572, -18.40384038285967, -18.57402209696362, -18.74420381106757, -18.914385525171518, -18.98920007313379, -19.06401462109606, -19.13882916905833, -19.23356386732396, -19.268414815181462, -19.273131378080823, -19.277847940980184, -36.27784794098018], "payoff_total1": [-0.09473469826562889, -0.2649164123695788, -0.43509812647352875, -0.6052798405774786, -0.7754615546814285, -0.8502761026436985, -0.9250906506059684, -0.9999051985682383, -1.094639896833867, -1.1294908446913718, -1.1342074075907316, -1.1389239704900913, -8.138923970490092, -8.23365866875572, -8.40384038285967, -8.57402209696362, -8.74420381106757, -8.91438552517152, -8.989200073133789, -9.06401462109606, -9.13882916905833, -9.233563867323959, -9.268414815181464, -9.273131378080823, -9.277847940980182, -16.277847940980184]}