{"8": {"0": {"[2.0, 1.5707963267948966]": {"num_count": 360, "sum_payoffs": 92.57407931315697, "action": [2.0, 1.5707963267948966]}, "[0.0, 1.5707963267948966]": {"num_count": 317, "sum_payoffs": 77.05589879510723, "action": [0.0, 1.5707963267948966]}, "[2.0, 0.0]": {"num_count": 365, "sum_payoffs": 94.39773916785981, "action": [2.0, 0.0]}, "[0.0, 0.0]": {"num_count": 343, "sum_payoffs": 86.34411449725458, "action": [0.0, 0.0]}, "[1.0, 0.0]": {"num_count": 357, "sum_payoffs": 91.48085152047028, "action": [1.0, 0.0]}, "[1.0, -1.5707963267948966]": {"num_count": 350, "sum_payoffs": 88.87595330653372, "action": [1.0, -1.5707963267948966]}, "[0.0, -1.5707963267948966]": {"num_count": 322, "sum_payoffs": 78.89313595465475, "action": [0.0, -1.5707963267948966]}, "[2.0, -1.5707963267948966]": {"num_count": 349, "sum_payoffs": 88.48245128453048, "action": [2.0, -1.5707963267948966]}, "[1.0, 1.5707963267948966]": {"num_count": 337, "sum_payoffs": 84.25301044712411, "action": [1.0, 1.5707963267948966]}}, "1": {"[1.0, 1.5707963267948966]": {"num_count": 332, "sum_payoffs": 100.81824451129745, "action": [1.0, 1.5707963267948966]}, "[2.0, 0.0]": {"num_count": 407, "sum_payoffs": 132.2545320422507, "action": [2.0, 0.0]}, "[0.0, 0.0]": {"num_count": 329, "sum_payoffs": 99.48614783636472, "action": [0.0, 0.0]}, "[2.0, 1.5707963267948966]": {"num_count": 358, "sum_payoffs": 111.56349053105775, "action": [2.0, 1.5707963267948966]}, "[0.0, 1.5707963267948966]": {"num_count": 290, "sum_payoffs": 83.60874016134414, "action": [0.0, 1.5707963267948966]}, "[2.0, -1.5707963267948966]": {"num_count": 377, "sum_payoffs": 119.51317636703226, "action": [2.0, -1.5707963267948966]}, "[1.0, -1.5707963267948966]": {"num_count": 342, "sum_payoffs": 104.88242562866341, "action": [1.0, -1.5707963267948966]}, "[0.0, -1.5707963267948966]": {"num_count": 306, "sum_payoffs": 90.00889500121966, "action": [0.0, -1.5707963267948966]}, "[1.0, 0.0]": {"num_count": 359, "sum_payoffs": 111.99721884472984, "action": [1.0, 0.0]}}}}