{"2": {"0": {"[0.0, 0]": {"num_count": 101, "sum_payoffs": 20.269799995946062, "action": [0.0, 0]}, "[1.0, 0]": {"num_count": 499, "sum_payoffs": 152.5776631273785, "action": [1.0, 0]}}, "1": {"[1.0, 0]": {"num_count": 523, "sum_payoffs": 164.51706312499022, "action": [1.0, 0]}, "[0.0, 0]": {"num_count": 77, "sum_payoffs": 17.369999996526012, "action": [0.0, 0]}}}, "1": {"0": {"[1.0, 0]": {"num_count": 82, "sum_payoffs": 30.97799999380439, "action": [1.0, 0]}, "[0.0, 0]": {"num_count": 518, "sum_payoffs": 170.76599996584758, "action": [0.0, 0]}}, "1": {"[0.0, 0]": {"num_count": 233, "sum_payoffs": 61.73999998765166, "action": [0.0, 0]}, "[1.0, 0]": {"num_count": 367, "sum_payoffs": 126.39599997471996, "action": [1.0, 0]}}}}