{"14": {"0": {"[0.0, 0.0]": {"num_count": 173, "sum_payoffs": 38.546723321869806, "action": [0.0, 0.0]}, "[1.0, 0.0]": {"num_count": 175, "sum_payoffs": 39.32714603227272, "action": [1.0, 0.0]}, "[0.0, -1.5707963267948966]": {"num_count": 177, "sum_payoffs": 40.188026432703026, "action": [0.0, -1.5707963267948966]}, "[1.0, -1.5707963267948966]": {"num_count": 185, "sum_payoffs": 43.178869096765204, "action": [1.0, -1.5707963267948966]}, "[2.0, 1.5707963267948966]": {"num_count": 182, "sum_payoffs": 41.961561595266794, "action": [2.0, 1.5707963267948966]}, "[1.0, 1.5707963267948966]": {"num_count": 173, "sum_payoffs": 38.67438953425824, "action": [1.0, 1.5707963267948966]}, "[2.0, 0.0]": {"num_count": 181, "sum_payoffs": 41.60776585516265, "action": [2.0, 0.0]}, "[0.0, 1.5707963267948966]": {"num_count": 171, "sum_payoffs": 37.88453631666399, "action": [0.0, 1.5707963267948966]}, "[2.0, -1.5707963267948966]": {"num_count": 183, "sum_payoffs": 42.350333917867296, "action": [2.0, -1.5707963267948966]}}, "1": {"[1.0, -1.5707963267948966]": {"num_count": 275, "sum_payoffs": 57.65719237233377, "action": [1.0, -1.5707963267948966]}, "[0.0, 1.5707963267948966]": {"num_count": 259, "sum_payoffs": 52.35297612885835, "action": [0.0, 1.5707963267948966]}, "[0.0, 0.0]": {"num_count": 261, "sum_payoffs": 53.08689327525732, "action": [0.0, 0.0]}, "[0.0, -1.5707963267948966]": {"num_count": 264, "sum_payoffs": 54.00578368904906, "action": [0.0, -1.5707963267948966]}, "[1.0, 0.0]": {"num_count": 270, "sum_payoffs": 56.00492452595753, "action": [1.0, 0.0]}, "[1.0, 1.5707963267948966]": {"num_count": 271, "sum_payoffs": 56.27964168395197, "action": [1.0, 1.5707963267948966]}}}}