{"alphat_eff_gamelength_4": [0.6153846153846154, 0.6153846153846154, 0.6153846153846154, 0.6153846153846154, 0.6153846153846154, 0.6153846153846154, 0.6153846153846154, 0.6153846153846154, 0.6153846153846154, 0.6153846153846154], "runtime_gamelength_4": [31.430116415023804, 30.835251331329346, 31.407439708709717, 31.050666570663452, 31.18700075149536, 30.979052543640137, 31.0740065574646, 31.120809078216553, 31.2821261882782, 31.16634702682495], "max_timestep": [4, 4, 4, 4, 4, 4, 4, 4, 4, 4], "winner": [[0, 0], [0, 0], [0, 0], [0, 0], [0, 0], [0, 0], [0, 0], [0, 0], [0, 0], [0, 0]], "runtime": [31.43037986755371, 30.835490703582764, 31.407692670822144, 31.05091381072998, 31.187267303466797, 30.979315996170044, 31.07426619529724, 31.121081113815308, 31.28243851661682, 31.16661024093628], "T_terminal": [1, 1, 1, 1, 1, 1, 1, 1, 1, 1], "trajectory_0": [[[1.0, 3.0, 0.0, 0], [3.0, 3.0, -1.5707963267948966, 1]], [[1.0, 3.0, 0.0, 0], [3.0, 3.0, 0.0, 1]], [[1.0, 3.0, 0.0, 0], [3.0, 3.0, 0.0, 1]], [[1.0, 3.0, 0.0, 0], [3.0, 3.0, 0.0, 1]], [[1.0, 3.0, 0.0, 0], [3.0, 3.0, 0.0, 1]], [[1.0, 3.0, 0.0, 0], [3.0, 3.0, 0.0, 1]], [[1.0, 3.0, 0.0, 0], [3.0, 3.0, 0.0, 1]], [[1.0, 3.0, 0.0, 0], [3.0, 3.0, 0.0, 1]], [[1.0, 3.0, 0.0, 0], [3.0, 3.0, -1.5707963267948966, 1]], [[1.0, 3.0, 0.0, 0], [3.0, 3.0, 0.0, 1]]], "trajectory_1": [[[3.0, 3.0, 0.0, 0], [5.0, 3.0, 0.0, 1]], [[3.0, 3.0, 0.0, 0], [5.0, 3.0, 0.0, 1]], [[3.0, 3.0, 0.0, 0], [5.0, 3.0, 0.0, 1]], [[3.0, 3.0, 0.0, 0], [5.0, 3.0, 0.0, 1]], [[3.0, 3.0, 0.0, 0], [5.0, 3.0, 0.0, 1]], [[3.0, 3.0, 0.0, 0], [5.0, 3.0, 0.0, 1]], [[3.0, 3.0, 0.0, 0], [5.0, 3.0, 0.0, 1]], [[3.0, 3.0, 0.0, 0], [5.0, 3.0, 0.0, 1]], [[3.0, 3.0, 0.0, 0], [5.0, 3.0, 0.0, 1]], [[3.0, 3.0, 0.0, 0], [5.0, 3.0, 0.0, 1]]], "coll_payoff_0": [[1.0], [1.0], [1.0], [1.0], [1.0], [1.0], [1.0], [1.0], [1.0], [1.0]], "lead_payoff_0": [[0.5], [0.5], [0.5], [0.5], [0.5], [0.5], [0.5], [0.5], [0.5], [0.5]], "coll_payoff_1": [[1.0], [1.0], [1.0], [1.0], [1.0], [1.0], [1.0], [1.0], [1.0], [1.0]], "lead_payoff_1": [[0.5], [0.5], [0.5], [0.5], [0.5], [0.5], [0.5], [0.5], [0.5], [0.5]], "payoff_total": [[[0.537356321762021, 0.6293103447352011]], [[0.537356321762021, 0.6293103447352011]], [[0.537356321762021, 0.6293103447352011]], [[0.537356321762021, 0.6293103447352011]], [[0.537356321762021, 0.6293103447352011]], [[0.537356321762021, 0.6293103447352011]], [[0.537356321762021, 0.6293103447352011]], [[0.537356321762021, 0.6293103447352011]], [[0.537356321762021, 0.6293103447352011]], [[0.537356321762021, 0.6293103447352011]]], "final_lead_payoff_0": [[0.43103448275862066], [0.43103448275862066], [0.43103448275862066], [0.43103448275862066], [0.43103448275862066], [0.43103448275862066], [0.43103448275862066], [0.43103448275862066], [0.43103448275862066], [0.43103448275862066]], "final_lead_payoff_1": [[0.5689655172413793], [0.5689655172413793], [0.5689655172413793], [0.5689655172413793], [0.5689655172413793], [0.5689655172413793], [0.5689655172413793], [0.5689655172413793], [0.5689655172413793], [0.5689655172413793]]}