{"1": {"0": {"[0.0, 1.5707963267948966]": {"num_count": 161, "sum_payoffs": 37.971014486425155, "action": [0.0, 1.5707963267948966]}, "[1.0, 0.0]": {"num_count": 176, "sum_payoffs": 43.77811093723147, "action": [1.0, 0.0]}, "[2.0, 1.5707963267948966]": {"num_count": 194, "sum_payoffs": 50.874562710161655, "action": [2.0, 1.5707963267948966]}, "[0.0, 0.0]": {"num_count": 163, "sum_payoffs": 38.67066466122109, "action": [0.0, 0.0]}, "[2.0, 0.0]": {"num_count": 195, "sum_payoffs": 51.38430783751303, "action": [2.0, 0.0]}, "[2.0, -1.5707963267948966]": {"num_count": 195, "sum_payoffs": 51.26436780754799, "action": [2.0, -1.5707963267948966]}, "[1.0, -1.5707963267948966]": {"num_count": 178, "sum_payoffs": 44.537731127009934, "action": [1.0, -1.5707963267948966]}, "[1.0, 1.5707963267948966]": {"num_count": 178, "sum_payoffs": 44.55772113200409, "action": [1.0, 1.5707963267948966]}, "[0.0, -1.5707963267948966]": {"num_count": 160, "sum_payoffs": 37.541229379050506, "action": [0.0, -1.5707963267948966]}}, "1": {"[2.0, 1.5707963267948966]": {"num_count": 195, "sum_payoffs": 66.89655171298844, "action": [2.0, 1.5707963267948966]}, "[0.0, 1.5707963267948966]": {"num_count": 159, "sum_payoffs": 49.765117432985036, "action": [0.0, 1.5707963267948966]}, "[1.0, -1.5707963267948966]": {"num_count": 177, "sum_payoffs": 58.260869555507114, "action": [1.0, -1.5707963267948966]}, "[1.0, 0.0]": {"num_count": 179, "sum_payoffs": 59.18040978523894, "action": [1.0, 0.0]}, "[2.0, -1.5707963267948966]": {"num_count": 196, "sum_payoffs": 67.32633682036307, "action": [2.0, -1.5707963267948966]}, "[0.0, -1.5707963267948966]": {"num_count": 159, "sum_payoffs": 49.725137422996724, "action": [0.0, -1.5707963267948966]}, "[0.0, 0.0]": {"num_count": 164, "sum_payoffs": 52.1739130347825, "action": [0.0, 0.0]}, "[1.0, 1.5707963267948966]": {"num_count": 179, "sum_payoffs": 59.10044976526225, "action": [1.0, 1.5707963267948966]}, "[2.0, 0.0]": {"num_count": 192, "sum_payoffs": 65.32733632094612, "action": [2.0, 0.0]}}}}