{"5": {"0": {"[0.0, -1.5707963267948966]": {"num_count": 468, "sum_payoffs": 145.41283728461332, "action": [0.0, -1.5707963267948966]}, "[1.0, -1.5707963267948966]": {"num_count": 502, "sum_payoffs": 159.36873514991865, "action": [1.0, -1.5707963267948966]}, "[1.0, 0.0]": {"num_count": 543, "sum_payoffs": 176.12717913250404, "action": [1.0, 0.0]}, "[2.0, 1.5707963267948966]": {"num_count": 545, "sum_payoffs": 176.99514498213003, "action": [2.0, 1.5707963267948966]}, "[2.0, 0.0]": {"num_count": 571, "sum_payoffs": 187.84821158350405, "action": [2.0, 0.0]}, "[1.0, 1.5707963267948966]": {"num_count": 488, "sum_payoffs": 153.67553748863492, "action": [1.0, 1.5707963267948966]}, "[0.0, 1.5707963267948966]": {"num_count": 449, "sum_payoffs": 137.7910782236416, "action": [0.0, 1.5707963267948966]}, "[2.0, -1.5707963267948966]": {"num_count": 544, "sum_payoffs": 176.62744949638937, "action": [2.0, -1.5707963267948966]}, "[0.0, 0.0]": {"num_count": 490, "sum_payoffs": 154.49062067901724, "action": [0.0, 0.0]}}, "1": {"[0.0, 0.0]": {"num_count": 746, "sum_payoffs": 240.79743966025057, "action": [0.0, 0.0]}, "[1.0, 0.0]": {"num_count": 856, "sum_payoffs": 284.907513322164, "action": [1.0, 0.0]}, "[0.0, -1.5707963267948966]": {"num_count": 658, "sum_payoffs": 205.99622715159592, "action": [0.0, -1.5707963267948966]}, "[0.0, 1.5707963267948966]": {"num_count": 685, "sum_payoffs": 216.56310512753993, "action": [0.0, 1.5707963267948966]}, "[1.0, 1.5707963267948966]": {"num_count": 823, "sum_payoffs": 271.609111789972, "action": [1.0, 1.5707963267948966]}, "[1.0, -1.5707963267948966]": {"num_count": 832, "sum_payoffs": 275.12046996791867, "action": [1.0, -1.5707963267948966]}}}}