{"2": {"0": {"[1.0, 0]": {"num_count": 1858, "sum_payoffs": 5.286315788064, "action": [1.0, 0]}, "[0.0, 0]": {"num_count": 1742, "sum_payoffs": 4.94999999868, "action": [0.0, 0]}}, "1": {"[0.0, 0]": {"num_count": 1630, "sum_payoffs": 4.049999998920001, "action": [0.0, 0]}, "[1.0, 0]": {"num_count": 1970, "sum_payoffs": 6.186315787824, "action": [1.0, 0]}}}, "1": {"0": {"[0.0, 0]": {"num_count": 1696, "sum_payoffs": 0.89999999976, "action": [0.0, 0]}, "[1.0, 0]": {"num_count": 1904, "sum_payoffs": 1.79999999952, "action": [1.0, 0]}}, "1": {"[1.0, 0]": {"num_count": 1864, "sum_payoffs": 1.79999999952, "action": [1.0, 0]}, "[0.0, 0]": {"num_count": 1736, "sum_payoffs": 0.89999999976, "action": [0.0, 0]}}}}