{"2": {"0": {"[1.0, 0]": {"num_count": 1943, "sum_payoffs": 728.2709998058157, "action": [1.0, 0]}, "[0.0, 0]": {"num_count": 157, "sum_payoffs": 45.92699998775279, "action": [0.0, 0]}}, "1": {"[0.0, 0]": {"num_count": 168, "sum_payoffs": 45.015749987995754, "action": [0.0, 0]}, "[1.0, 0]": {"num_count": 1932, "sum_payoffs": 712.0507498101405, "action": [1.0, 0]}}}, "1": {"0": {"[1.0, 0]": {"num_count": 1959, "sum_payoffs": 798.0524997871812, "action": [1.0, 0]}, "[0.0, 0]": {"num_count": 141, "sum_payoffs": 48.1949999871479, "action": [0.0, 0]}}, "1": {"[0.0, 0]": {"num_count": 141, "sum_payoffs": 51.43499998628389, "action": [0.0, 0]}, "[1.0, 0]": {"num_count": 1959, "sum_payoffs": 802.9124997858845, "action": [1.0, 0]}}}}