{"13": {"0": {"[0.0, -1.5707963267948966]": {"num_count": 11, "sum_payoffs": 2.47904251774803, "action": [0.0, -1.5707963267948966]}, "[0.0, 1.5707963267948966]": {"num_count": 11, "sum_payoffs": 2.523217847128656, "action": [0.0, 1.5707963267948966]}, "[2.0, 0.0]": {"num_count": 11, "sum_payoffs": 2.7304977487358375, "action": [2.0, 0.0]}, "[2.0, -1.5707963267948966]": {"num_count": 11, "sum_payoffs": 2.6350423481702543, "action": [2.0, -1.5707963267948966]}, "[1.0, 1.5707963267948966]": {"num_count": 11, "sum_payoffs": 2.6049783250836964, "action": [1.0, 1.5707963267948966]}, "[0.0, 0.0]": {"num_count": 11, "sum_payoffs": 2.7621655797948717, "action": [0.0, 0.0]}, "[1.0, -1.5707963267948966]": {"num_count": 12, "sum_payoffs": 3.0275284614954554, "action": [1.0, -1.5707963267948966]}, "[1.0, 0.0]": {"num_count": 11, "sum_payoffs": 2.513240883504888, "action": [1.0, 0.0]}, "[2.0, 1.5707963267948966]": {"num_count": 11, "sum_payoffs": 2.5222185135106177, "action": [2.0, 1.5707963267948966]}}, "1": {"[1.0, 1.5707963267948966]": {"num_count": 11, "sum_payoffs": 2.7406666188953976, "action": [1.0, 1.5707963267948966]}, "[1.0, 0.0]": {"num_count": 11, "sum_payoffs": 2.9791833707498054, "action": [1.0, 0.0]}, "[0.0, -1.5707963267948966]": {"num_count": 11, "sum_payoffs": 2.778193252393685, "action": [0.0, -1.5707963267948966]}, "[0.0, 1.5707963267948966]": {"num_count": 11, "sum_payoffs": 2.8309654787762026, "action": [0.0, 1.5707963267948966]}, "[1.0, -1.5707963267948966]": {"num_count": 11, "sum_payoffs": 2.9971163971747847, "action": [1.0, -1.5707963267948966]}, "[2.0, 1.5707963267948966]": {"num_count": 11, "sum_payoffs": 3.1528959567887003, "action": [2.0, 1.5707963267948966]}, "[0.0, 0.0]": {"num_count": 11, "sum_payoffs": 2.8885102605473376, "action": [0.0, 0.0]}, "[2.0, -1.5707963267948966]": {"num_count": 11, "sum_payoffs": 2.938011238017281, "action": [2.0, -1.5707963267948966]}, "[2.0, 0.0]": {"num_count": 12, "sum_payoffs": 3.592140366292746, "action": [2.0, 0.0]}}}}