{"2": {"0": {"[1.0, 0]": {"num_count": 2794, "sum_payoffs": 443.10438938507133, "action": [1.0, 0]}, "[0.0, 0]": {"num_count": 1306, "sum_payoffs": 160.46369996790776, "action": [0.0, 0]}}, "1": {"[1.0, 0]": {"num_count": 2801, "sum_payoffs": 445.631589384566, "action": [1.0, 0]}, "[0.0, 0]": {"num_count": 1299, "sum_payoffs": 159.6860999680632, "action": [0.0, 0]}}}, "1": {"0": {"[0.0, 0]": {"num_count": 1529, "sum_payoffs": 225.31499995493976, "action": [0.0, 0]}, "[1.0, 0]": {"num_count": 2571, "sum_payoffs": 440.3429999119114, "action": [1.0, 0]}}, "1": {"[1.0, 0]": {"num_count": 2569, "sum_payoffs": 440.18099991194384, "action": [1.0, 0]}, "[0.0, 0]": {"num_count": 1531, "sum_payoffs": 225.9629999548102, "action": [0.0, 0]}}}}