{"2": {"0": {"[1.0, 0]": {"num_count": 1444, "sum_payoffs": 237.78414469607463, "action": [1.0, 0]}, "[0.0, 0]": {"num_count": 156, "sum_payoffs": 20.766535710725762, "action": [0.0, 0]}}, "1": {"[0.0, 0]": {"num_count": 156, "sum_payoffs": 19.366392853822926, "action": [0.0, 0]}, "[1.0, 0]": {"num_count": 1444, "sum_payoffs": 233.71678755391486, "action": [1.0, 0]}}}, "1": {"0": {"[1.0, 0]": {"num_count": 1417, "sum_payoffs": 250.88464281412814, "action": [1.0, 0]}, "[0.0, 0]": {"num_count": 183, "sum_payoffs": 28.80642856649034, "action": [0.0, 0]}}, "1": {"[0.0, 0]": {"num_count": 199, "sum_payoffs": 31.14964285180294, "action": [0.0, 0]}, "[1.0, 0]": {"num_count": 1401, "sum_payoffs": 247.8471428146492, "action": [1.0, 0]}}}}