{"2": {"0": {"[0.0, 0]": {"num_count": 338, "sum_payoffs": 63.24794998735007, "action": [0.0, 0]}, "[1.0, 0]": {"num_count": 4262, "sum_payoffs": 945.4769761266468, "action": [1.0, 0]}}, "1": {"[1.0, 0]": {"num_count": 4311, "sum_payoffs": 962.1301261233151, "action": [1.0, 0]}, "[0.0, 0]": {"num_count": 289, "sum_payoffs": 50.09399998998101, "action": [0.0, 0]}}}, "1": {"0": {"[1.0, 0]": {"num_count": 4270, "sum_payoffs": 1044.5264997910804, "action": [1.0, 0]}, "[0.0, 0]": {"num_count": 330, "sum_payoffs": 74.47499998510487, "action": [0.0, 0]}}, "1": {"[1.0, 0]": {"num_count": 4275, "sum_payoffs": 1045.4984997908862, "action": [1.0, 0]}, "[0.0, 0]": {"num_count": 325, "sum_payoffs": 73.50299998529925, "action": [0.0, 0]}}}}