{"2": {"0": {"[0.0, 0]": {"num_count": 1052, "sum_payoffs": 5.4236842093059865, "action": [0.0, 0]}, "[1.0, 0]": {"num_count": 1048, "sum_payoffs": 5.376315788264013, "action": [1.0, 0]}}, "1": {"[1.0, 0]": {"num_count": 1116, "sum_payoffs": 6.186315788081763, "action": [1.0, 0]}, "[0.0, 0]": {"num_count": 984, "sum_payoffs": 4.613684209488237, "action": [0.0, 0]}}}, "1": {"0": {"[1.0, 0]": {"num_count": 994, "sum_payoffs": 0.8999999997975, "action": [1.0, 0]}, "[0.0, 0]": {"num_count": 1106, "sum_payoffs": 1.799999999595, "action": [0.0, 0]}}, "1": {"[0.0, 0]": {"num_count": 990, "sum_payoffs": 0.8999999997975, "action": [0.0, 0]}, "[1.0, 0]": {"num_count": 1110, "sum_payoffs": 1.799999999595, "action": [1.0, 0]}}}}