{"2": {"0": {"[1.0, 0]": {"num_count": 2107, "sum_payoffs": 6.186315788081763, "action": [1.0, 0]}, "[0.0, 0]": {"num_count": 1993, "sum_payoffs": 4.94999999888625, "action": [0.0, 0]}}, "1": {"[1.0, 0]": {"num_count": 2122, "sum_payoffs": 6.186315788081763, "action": [1.0, 0]}, "[0.0, 0]": {"num_count": 1978, "sum_payoffs": 4.94999999888625, "action": [0.0, 0]}}}, "1": {"0": {"[0.0, 0]": {"num_count": 2024, "sum_payoffs": 0.8999999997975, "action": [0.0, 0]}, "[1.0, 0]": {"num_count": 2076, "sum_payoffs": 1.799999999595, "action": [1.0, 0]}}, "1": {"[0.0, 0]": {"num_count": 1990, "sum_payoffs": 0.8999999997975, "action": [0.0, 0]}, "[1.0, 0]": {"num_count": 2110, "sum_payoffs": 1.799999999595, "action": [1.0, 0]}}}}