{"runtime": 0.6116297245025635, "winner": [0, 1], "T_terminal": 12, "trajectories": [[1.0, 3.0, 0.0, 3.0, 3.0, 0.0, 0.0], [2.0, 3.0, 1.5707963267948966, 3.0, 3.0, 1.5707963267948966, 1.0], [2.0, 4.0, 1.5707963267948966, 3.0, 4.0, 1.5707963267948966, 2.0], [2.0, 4.0, 1.5707963267948966, 3.0, 4.0, 0.0, 3.0], [2.0, 4.0, 3.141592653589793, 3.0, 4.0, 4.71238898038469, 4.0], [1.0, 4.0, 3.141592653589793, 3.0, 4.0, 4.71238898038469, 5.0], [1.0, 4.0, 3.141592653589793, 3.0, 3.0, 4.71238898038469, 6.0], [1.0, 4.0, 1.5707963267948966, 3.0, 2.0, 4.71238898038469, 7.0], [1.0, 5.0, 3.141592653589793, 3.0, 2.0, 4.71238898038469, 8.0], [1.0, 5.0, 3.141592653589793, 3.0, 2.0, 4.71238898038469, 9.0], [1.0, 5.0, 3.141592653589793, 3.0, 1.0, 0.0, 10.0], [1.0, 5.0, 4.71238898038469, 3.0, 1.0, 0.0, 11.0], [1.0, 5.0, 4.71238898038469, 4.0, 1.0, 4.71238898038469, 12.0]], "penalty_distance_0": [-0.1103638323514327, -0.1103638323514327, -0.1103638323514327, -0.1103638323514327, -0.04060058497098381, -0.03206337769811572, -0.01773172396858687, -0.008151738351670669, -0.008151738351670669, -0.003426867298040082, -0.003426867298040082, -0.00202138409972564], "penalty_distance_1": [-0.1103638323514327, -0.1103638323514327, -0.1103638323514327, -0.1103638323514327, -0.04060058497098381, -0.03206337769811572, -0.01773172396858687, -0.008151738351670669, -0.008151738351670669, -0.003426867298040082, -0.003426867298040082, -0.00202138409972564], "reward_progress_0": [0.0, 0.0, 0.0, 0.0, -0.0, 0.0, 0.0, 0.0, 0.0, 0.0, 0.0, 0.0], "reward_progress_1": [0.0, 0.0, 0.0, 0.0, 0.0, 0.0, 0.0, 0.0, 0.0, 0.0, 0.0, 0.0], "penalty_agressor_0": [0.0, 0.0, 0.0, 0.0, 0.0, 0.0, 0.0, 0.0, 0.0, 0.0, 0.0, 0.0], "penalty_agressor_1": [0.0, 0.0, 0.0, 0.0, 0.0, 0.0, 0.0, 0.0, 0.0, 0.0, 0.0, 0.0], "penalty_timestep_0": [0.0], "penalty_timestep_1": [0.0], "reward_lead_0": [-3.0], "reward_lead_1": [3.0], "payoff_total0": [-0.1103638323514327, -0.2207276647028654, -0.3310914970542981, -0.4414553294057308, -0.4820559143767146, -0.5141192920748303, -0.5318510160434172, -0.5400027543950879, -0.5481544927467586, -0.5515813600447987, -0.5550082273428388, -0.5570296114425645, -3.5570296114425646], "payoff_total1": [-0.1103638323514327, -0.2207276647028654, -0.3310914970542981, -0.4414553294057308, -0.4820559143767146, -0.5141192920748303, -0.5318510160434172, -0.5400027543950879, -0.5481544927467586, -0.5515813600447987, -0.5550082273428388, -0.5570296114425645, 2.4429703885574354]}