{"12": {"0": {"[2.0, -1.5707963267948966]": {"num_count": 465, "sum_payoffs": 101.31901680014732, "action": [2.0, -1.5707963267948966]}, "[0.0, -1.5707963267948966]": {"num_count": 433, "sum_payoffs": 91.32589419700327, "action": [0.0, -1.5707963267948966]}, "[0.0, 0.0]": {"num_count": 446, "sum_payoffs": 95.34195094850517, "action": [0.0, 0.0]}, "[1.0, -1.5707963267948966]": {"num_count": 464, "sum_payoffs": 100.95623094752972, "action": [1.0, -1.5707963267948966]}, "[1.0, 1.5707963267948966]": {"num_count": 463, "sum_payoffs": 100.6790226251463, "action": [1.0, 1.5707963267948966]}, "[2.0, 1.5707963267948966]": {"num_count": 465, "sum_payoffs": 101.32264037961983, "action": [2.0, 1.5707963267948966]}, "[0.0, 1.5707963267948966]": {"num_count": 444, "sum_payoffs": 94.73842572472665, "action": [0.0, 1.5707963267948966]}, "[2.0, 0.0]": {"num_count": 455, "sum_payoffs": 98.19979595455061, "action": [2.0, 0.0]}, "[1.0, 0.0]": {"num_count": 465, "sum_payoffs": 101.3397570932165, "action": [1.0, 0.0]}}, "1": {"[2.0, 0.0]": {"num_count": 546, "sum_payoffs": 151.33882927052875, "action": [2.0, 0.0]}, "[0.0, 0.0]": {"num_count": 425, "sum_payoffs": 107.88115842763781, "action": [0.0, 0.0]}, "[0.0, 1.5707963267948966]": {"num_count": 397, "sum_payoffs": 98.08343465632588, "action": [0.0, 1.5707963267948966]}, "[2.0, -1.5707963267948966]": {"num_count": 469, "sum_payoffs": 123.52102639018258, "action": [2.0, -1.5707963267948966]}, "[2.0, 1.5707963267948966]": {"num_count": 483, "sum_payoffs": 128.49148371857436, "action": [2.0, 1.5707963267948966]}, "[0.0, -1.5707963267948966]": {"num_count": 402, "sum_payoffs": 99.8134643806516, "action": [0.0, -1.5707963267948966]}, "[1.0, -1.5707963267948966]": {"num_count": 427, "sum_payoffs": 108.55583783413527, "action": [1.0, -1.5707963267948966]}, "[1.0, 0.0]": {"num_count": 494, "sum_payoffs": 132.46115821551797, "action": [1.0, 0.0]}, "[1.0, 1.5707963267948966]": {"num_count": 457, "sum_payoffs": 119.15826817262325, "action": [1.0, 1.5707963267948966]}}}}