{"runtime": 51.23911213874817, "winner": [1, 0], "collision_count": 1, "T_terminal": 7, "trajectories": [[1.0, 3.0, 0.0, 3.0, 3.0, 0.0, 0.0], [2.0, 3.0, 0.0, 4.0, 3.0, 1.5707963267948966, 1.0], [4.0, 3.0, 0.0, 4.0, 3.0, 1.5707963267948966, 2.0], [6.0, 3.0, 1.5707963267948966, 4.0, 3.0, 0.0, 3.0], [6.0, 3.0, 0.0, 5.0, 3.0, 0.0, 4.0], [8.0, 3.0, 0.0, 6.0, 3.0, 1.5707963267948966, 5.0], [10.0, 3.0, 0.0, 6.0, 4.0, 0.0, 6.0], [12.0, 3.0, 4.71238898038469, 7.0, 4.0, 1.5707963267948966, 7.0]], "penalty_distance_0": [-0.013533528323661271, -0.1, -0.013533528323661271, -0.036787944117144235, -0.013533528323661271, -0.0016194143319162562, -0.0006102727274174004], "penalty_distance_1": [-0.013533528323661271, -0.1, -0.013533528323661271, -0.036787944117144235, -0.013533528323661271, -0.0016194143319162562, -0.0006102727274174004], "reward_progress_0": [0.0, 0.0, 0.0, 0.0, 0.0, 0.0, 0.0], "reward_progress_1": [0.0, 0.0, 0.0, 0.0, 0.0, 0.0, 0.0], "penalty_agressor_0": [0.0, 0.0, 0.0, 0.0, 0.0, 0.0, 0.0], "penalty_agressor_1": [0.0, 0.0, 0.0, 0.0, 0.0, 0.0, 0.0], "penalty_timestep_0": [-5.6000000000000005], "penalty_timestep_1": [-5.6000000000000005], "reward_lead_0": [5.0], "reward_lead_1": [-5.0], "payoff_total0": [-0.013533528323661271, -0.11353352832366127, -0.12706705664732254, -0.16385500076446677, -0.17738852908812805, -0.1790079434200443, -0.1796182161474617, -0.7796182161474623], "payoff_total1": [-0.013533528323661271, -0.11353352832366127, -0.12706705664732254, -0.16385500076446677, -0.17738852908812805, -0.1790079434200443, -0.1796182161474617, -10.779618216147464]}