{"2": {"0": {"[1.0, 0]": {"num_count": 3396, "sum_payoffs": 1279.394999552199, "action": [1.0, 0]}, "[0.0, 0]": {"num_count": 1204, "sum_payoffs": 395.84699986145154, "action": [0.0, 0]}}, "1": {"[1.0, 0]": {"num_count": 3371, "sum_payoffs": 1271.7404995548795, "action": [1.0, 0]}, "[0.0, 0]": {"num_count": 1229, "sum_payoffs": 406.41749985775175, "action": [0.0, 0]}}}, "1": {"0": {"[1.0, 0]": {"num_count": 2540, "sum_payoffs": 1038.8249996363681, "action": [1.0, 0]}, "[0.0, 0]": {"num_count": 2060, "sum_payoffs": 823.9724997115861, "action": [0.0, 0]}}, "1": {"[1.0, 0]": {"num_count": 2539, "sum_payoffs": 1038.8249996363681, "action": [1.0, 0]}, "[0.0, 0]": {"num_count": 2061, "sum_payoffs": 824.7824997113025, "action": [0.0, 0]}}}}