{"2": {"0": {"[1.0, 0]": {"num_count": 65, "sum_payoffs": 26.061749984362976, "action": [1.0, 0]}, "[0.0, 0]": {"num_count": 35, "sum_payoffs": 9.1124999945325, "action": [0.0, 0]}}, "1": {"[1.0, 0]": {"num_count": 64, "sum_payoffs": 27.337499983597525, "action": [1.0, 0]}, "[0.0, 0]": {"num_count": 36, "sum_payoffs": 10.75274999354835, "action": [0.0, 0]}}}, "1": {"0": {"[1.0, 0]": {"num_count": 60, "sum_payoffs": 26.122499984326495, "action": [1.0, 0]}, "[0.0, 0]": {"num_count": 40, "sum_payoffs": 13.972499991616512, "action": [0.0, 0]}}, "1": {"[0.0, 0]": {"num_count": 39, "sum_payoffs": 13.567499991859512, "action": [0.0, 0]}, "[1.0, 0]": {"num_count": 61, "sum_payoffs": 26.932499983840493, "action": [1.0, 0]}}}}