{"2": {"0": {"[1.0, 0]": {"num_count": 1792, "sum_payoffs": 354.6731248758683, "action": [1.0, 0]}, "[0.0, 0]": {"num_count": 808, "sum_payoffs": 122.86521706226065, "action": [0.0, 0]}}, "1": {"[1.0, 0]": {"num_count": 1783, "sum_payoffs": 354.0757498760767, "action": [1.0, 0]}, "[0.0, 0]": {"num_count": 817, "sum_payoffs": 125.64959206128651, "action": [0.0, 0]}}}, "1": {"0": {"[1.0, 0]": {"num_count": 1588, "sum_payoffs": 337.85999988174507, "action": [1.0, 0]}, "[0.0, 0]": {"num_count": 1012, "sum_payoffs": 189.88874993354167, "action": [0.0, 0]}}, "1": {"[1.0, 0]": {"num_count": 1585, "sum_payoffs": 337.2524998819577, "action": [1.0, 0]}, "[0.0, 0]": {"num_count": 1015, "sum_payoffs": 190.69874993325817, "action": [0.0, 0]}}}}