{"8": {"0": {"[2.0, 1.5707963267948966]": {"num_count": 365, "sum_payoffs": 94.3498238398141, "action": [2.0, 1.5707963267948966]}, "[0.0, 0.0]": {"num_count": 353, "sum_payoffs": 89.97345567000255, "action": [0.0, 0.0]}, "[1.0, -1.5707963267948966]": {"num_count": 343, "sum_payoffs": 86.50959330142635, "action": [1.0, -1.5707963267948966]}, "[1.0, 1.5707963267948966]": {"num_count": 338, "sum_payoffs": 84.64816450673126, "action": [1.0, 1.5707963267948966]}, "[0.0, -1.5707963267948966]": {"num_count": 325, "sum_payoffs": 79.95011772705695, "action": [0.0, -1.5707963267948966]}, "[1.0, 0.0]": {"num_count": 335, "sum_payoffs": 83.60371687511986, "action": [1.0, 0.0]}, "[2.0, 0.0]": {"num_count": 359, "sum_payoffs": 92.17601734561734, "action": [2.0, 0.0]}, "[2.0, -1.5707963267948966]": {"num_count": 367, "sum_payoffs": 95.19717332451744, "action": [2.0, -1.5707963267948966]}, "[0.0, 1.5707963267948966]": {"num_count": 315, "sum_payoffs": 76.44939167891562, "action": [0.0, 1.5707963267948966]}}, "1": {"[2.0, 1.5707963267948966]": {"num_count": 360, "sum_payoffs": 112.46515391006074, "action": [2.0, 1.5707963267948966]}, "[0.0, -1.5707963267948966]": {"num_count": 317, "sum_payoffs": 94.61251740540622, "action": [0.0, -1.5707963267948966]}, "[0.0, 1.5707963267948966]": {"num_count": 297, "sum_payoffs": 86.32598158340866, "action": [0.0, 1.5707963267948966]}, "[2.0, 0.0]": {"num_count": 405, "sum_payoffs": 131.45269909130676, "action": [2.0, 0.0]}, "[2.0, -1.5707963267948966]": {"num_count": 361, "sum_payoffs": 112.89879348968302, "action": [2.0, -1.5707963267948966]}, "[1.0, 1.5707963267948966]": {"num_count": 328, "sum_payoffs": 99.13733313471349, "action": [1.0, 1.5707963267948966]}, "[1.0, 0.0]": {"num_count": 354, "sum_payoffs": 109.99198980485147, "action": [1.0, 0.0]}, "[0.0, 0.0]": {"num_count": 341, "sum_payoffs": 104.58302384187255, "action": [0.0, 0.0]}, "[1.0, -1.5707963267948966]": {"num_count": 337, "sum_payoffs": 102.90151936982372, "action": [1.0, -1.5707963267948966]}}}}