{"2": {"0": {"[0.0, 0]": {"num_count": 1342, "sum_payoffs": 135.00599996399643, "action": [0.0, 0]}, "[1.0, 0]": {"num_count": 2758, "sum_payoffs": 370.4054999012405, "action": [1.0, 0]}}, "1": {"[1.0, 0]": {"num_count": 2761, "sum_payoffs": 370.8307499011266, "action": [1.0, 0]}, "[0.0, 0]": {"num_count": 1339, "sum_payoffs": 134.459249964142, "action": [0.0, 0]}}}, "1": {"0": {"[1.0, 0]": {"num_count": 2060, "sum_payoffs": 279.4349999254919, "action": [1.0, 0]}, "[0.0, 0]": {"num_count": 2040, "sum_payoffs": 275.86499992644366, "action": [0.0, 0]}}, "1": {"[1.0, 0]": {"num_count": 2060, "sum_payoffs": 279.4349999254919, "action": [1.0, 0]}, "[0.0, 0]": {"num_count": 2040, "sum_payoffs": 275.86499992644366, "action": [0.0, 0]}}}}