{"2": {"0": {"[0.0, 0]": {"num_count": 221, "sum_payoffs": 41.67404999166513, "action": [0.0, 0]}, "[1.0, 0]": {"num_count": 379, "sum_payoffs": 93.02037629718534, "action": [1.0, 0]}}, "1": {"[0.0, 0]": {"num_count": 221, "sum_payoffs": 42.03809999159232, "action": [0.0, 0]}, "[1.0, 0]": {"num_count": 379, "sum_payoffs": 93.96852629699569, "action": [1.0, 0]}}}, "1": {"0": {"[1.0, 0]": {"num_count": 338, "sum_payoffs": 86.62049998267555, "action": [1.0, 0]}, "[0.0, 0]": {"num_count": 262, "sum_payoffs": 60.137999987972464, "action": [0.0, 0]}}, "1": {"[0.0, 0]": {"num_count": 262, "sum_payoffs": 60.25949998794817, "action": [0.0, 0]}, "[1.0, 0]": {"num_count": 338, "sum_payoffs": 86.74199998265124, "action": [1.0, 0]}}}}