{"6": {"0": {"[1.0, 0.0]": {"num_count": 11, "sum_payoffs": 3.391512836760406, "action": [1.0, 0.0]}, "[1.0, -1.5707963267948966]": {"num_count": 12, "sum_payoffs": 3.825991961475142, "action": [1.0, -1.5707963267948966]}, "[2.0, -1.5707963267948966]": {"num_count": 11, "sum_payoffs": 3.368601142169158, "action": [2.0, -1.5707963267948966]}, "[2.0, 1.5707963267948966]": {"num_count": 11, "sum_payoffs": 3.597071069787158, "action": [2.0, 1.5707963267948966]}, "[0.0, 0.0]": {"num_count": 10, "sum_payoffs": 2.7774234156277955, "action": [0.0, 0.0]}, "[0.0, 1.5707963267948966]": {"num_count": 11, "sum_payoffs": 3.3770055429137407, "action": [0.0, 1.5707963267948966]}, "[0.0, -1.5707963267948966]": {"num_count": 12, "sum_payoffs": 3.91566837648229, "action": [0.0, -1.5707963267948966]}, "[1.0, 1.5707963267948966]": {"num_count": 11, "sum_payoffs": 3.508153190259294, "action": [1.0, 1.5707963267948966]}, "[2.0, 0.0]": {"num_count": 11, "sum_payoffs": 3.366450145872281, "action": [2.0, 0.0]}}, "1": {"[1.0, -1.5707963267948966]": {"num_count": 17, "sum_payoffs": 5.411189547757872, "action": [1.0, -1.5707963267948966]}, "[0.0, 0.0]": {"num_count": 16, "sum_payoffs": 4.839579295901346, "action": [0.0, 0.0]}, "[0.0, -1.5707963267948966]": {"num_count": 16, "sum_payoffs": 4.792426399855478, "action": [0.0, -1.5707963267948966]}, "[0.0, 1.5707963267948966]": {"num_count": 16, "sum_payoffs": 4.928055468033107, "action": [0.0, 1.5707963267948966]}, "[1.0, 0.0]": {"num_count": 18, "sum_payoffs": 6.082318353619351, "action": [1.0, 0.0]}, "[1.0, 1.5707963267948966]": {"num_count": 17, "sum_payoffs": 5.2438742905691225, "action": [1.0, 1.5707963267948966]}}}}