{"2": {"0": {"[0.0, 0]": {"num_count": 1546, "sum_payoffs": 94.30244998114024, "action": [0.0, 0]}, "[1.0, 0]": {"num_count": 2554, "sum_payoffs": 214.60945258866084, "action": [1.0, 0]}}, "1": {"[1.0, 0]": {"num_count": 2554, "sum_payoffs": 214.90105258860245, "action": [1.0, 0]}, "[0.0, 0]": {"num_count": 1546, "sum_payoffs": 94.44824998111109, "action": [0.0, 0]}}}, "1": {"0": {"[1.0, 0]": {"num_count": 2058, "sum_payoffs": 168.13799996636962, "action": [1.0, 0]}, "[0.0, 0]": {"num_count": 2042, "sum_payoffs": 166.12199996677313, "action": [0.0, 0]}}, "1": {"[0.0, 0]": {"num_count": 2042, "sum_payoffs": 166.12199996677313, "action": [0.0, 0]}, "[1.0, 0]": {"num_count": 2058, "sum_payoffs": 168.13799996636962, "action": [1.0, 0]}}}}