{"2": {"0": {"[0.0, 0]": {"num_count": 314, "sum_payoffs": 31.25174999166611, "action": [0.0, 0]}, "[1.0, 0]": {"num_count": 3286, "sum_payoffs": 414.55121041579457, "action": [1.0, 0]}}, "1": {"[0.0, 0]": {"num_count": 313, "sum_payoffs": 30.029249991992103, "action": [0.0, 0]}, "[1.0, 0]": {"num_count": 3287, "sum_payoffs": 412.61471041631, "action": [1.0, 0]}}}, "1": {"0": {"[0.0, 0]": {"num_count": 283, "sum_payoffs": 33.202499991145885, "action": [0.0, 0]}, "[1.0, 0]": {"num_count": 3317, "sum_payoffs": 455.5424998785408, "action": [1.0, 0]}}, "1": {"[0.0, 0]": {"num_count": 272, "sum_payoffs": 30.77249999179389, "action": [0.0, 0]}, "[1.0, 0]": {"num_count": 3328, "sum_payoffs": 455.94749987843323, "action": [1.0, 0]}}}}