{"2": {"0": {"[1.0, 0]": {"num_count": 1894, "sum_payoffs": 185.79543745819055, "action": [1.0, 0]}, "[0.0, 0]": {"num_count": 206, "sum_payoffs": 18.830812495763066, "action": [0.0, 0]}}, "1": {"[0.0, 0]": {"num_count": 343, "sum_payoffs": 26.226325651993818, "action": [0.0, 0]}, "[1.0, 0]": {"num_count": 1757, "sum_payoffs": 169.3785493039917, "action": [1.0, 0]}}}, "1": {"0": {"[0.0, 0]": {"num_count": 181, "sum_payoffs": 16.014374996396768, "action": [0.0, 0]}, "[1.0, 0]": {"num_count": 1919, "sum_payoffs": 199.34437495515058, "action": [1.0, 0]}}, "1": {"[1.0, 0]": {"num_count": 1859, "sum_payoffs": 192.45937495669924, "action": [1.0, 0]}, "[0.0, 0]": {"num_count": 241, "sum_payoffs": 21.481874995166667, "action": [0.0, 0]}}}}