{"runtime_game_length_12": [35.332385540008545, 34.89238095283508, 38.08826684951782, 35.0004403591156, 39.00313353538513], "runtime_game_length_11": [32.707855463027954, 38.837175130844116, 35.300467014312744, 32.50241255760193, 34.91490626335144], "runtime_game_length_10": [31.393608331680298, 30.371541500091553, 31.40761160850525, 28.662832736968994, 31.308760166168213], "runtime_game_length_9": [27.751115798950195, 26.090423107147217, 27.702404975891113, 25.327733278274536, 27.601600885391235], "runtime_game_length_8": [23.584256172180176, 22.02938675880432, 23.662094593048096, 21.589909553527832, 23.445929527282715], "runtime_game_length_7": [19.17134714126587, 17.698882341384888, 19.36145830154419, 17.341832160949707, 18.967023134231567], "runtime_game_length_6": [14.159700632095337, 12.612654209136963, 13.92815351486206, 12.898908853530884, 13.890646934509277], "runtime_game_length_5": [6.055448532104492, 5.7853240966796875, 5.883011102676392, 5.781102418899536, 6.005847215652466], "runtime_game_length_4": [0.506446361541748, 0.48372554779052734, 0.5112776756286621, 0.4732851982116699, 0.516758918762207], "runtime": [190.6625998020172, 188.8018753528595, 195.84523010253906, 179.57886624336243, 195.65502262115479], "winner": [[0, 1], [0, 1], [0, 1], [0, 1], [0, 1]], "T_terminal": [9, 9, 9, 9, 9], "trajectory_0": [[[1.0, 3.0, 0.0, 0], [2.0, 3.0, 0.0, 1], [3.0, 3.0, 0.0, 2], [4.0, 3.0, 0.0, 3], [5.0, 3.0, 0.0, 4], [6.0, 3.0, 0.0, 5], [7.0, 3.0, 0.0, 6], [8.0, 3.0, 0.0, 7], [9.0, 3.0, 0.0, 8], [10.0, 3.0, 1.5707963267948966, 9]], [[1.0, 3.0, 0.0, 0], [2.0, 3.0, 0.0, 1], [3.0, 3.0, 0.0, 2], [4.0, 3.0, 0.0, 3], [5.0, 3.0, 0.0, 4], [6.0, 3.0, 0.0, 5], [7.0, 3.0, 0.0, 6], [8.0, 3.0, 0.0, 7], [9.0, 3.0, 0.0, 8], [10.0, 3.0, 1.5707963267948966, 9]], [[1.0, 3.0, 0.0, 0], [2.0, 3.0, 0.0, 1], [3.0, 3.0, 0.0, 2], [4.0, 3.0, 0.0, 3], [5.0, 3.0, 0.0, 4], [6.0, 3.0, 0.0, 5], [7.0, 3.0, 0.0, 6], [8.0, 3.0, 0.0, 7], [9.0, 3.0, 0.0, 8], [10.0, 3.0, 0.0, 9]], [[1.0, 3.0, 0.0, 0], [2.0, 3.0, 0.0, 1], [3.0, 3.0, 0.0, 2], [4.0, 3.0, 0.0, 3], [5.0, 3.0, 0.0, 4], [6.0, 3.0, 0.0, 5], [7.0, 3.0, 0.0, 6], [8.0, 3.0, 0.0, 7], [9.0, 3.0, 0.0, 8], [10.0, 3.0, 1.5707963267948966, 9]], [[1.0, 3.0, 0.0, 0], [2.0, 3.0, 0.0, 1], [3.0, 3.0, 0.0, 2], [4.0, 3.0, 0.0, 3], [5.0, 3.0, 0.0, 4], [6.0, 3.0, 0.0, 5], [7.0, 3.0, 0.0, 6], [8.0, 3.0, 0.0, 7], [9.0, 3.0, 0.0, 8], [10.0, 3.0, 0.0, 9]]], "trajectory_1": [[[3.0, 3.0, 0.0, 0], [4.0, 3.0, 0.0, 1], [5.0, 3.0, 0.0, 2], [6.0, 3.0, 0.0, 3], [7.0, 3.0, 0.0, 4], [8.0, 3.0, 0.0, 5], [9.0, 3.0, 0.0, 6], [10.0, 3.0, 0.0, 7], [11.0, 3.0, 0.0, 8], [12.0, 3.0, 0.0, 9]], [[3.0, 3.0, 0.0, 0], [4.0, 3.0, 0.0, 1], [5.0, 3.0, 0.0, 2], [6.0, 3.0, 0.0, 3], [7.0, 3.0, 0.0, 4], [8.0, 3.0, 0.0, 5], [9.0, 3.0, 0.0, 6], [10.0, 3.0, 0.0, 7], [11.0, 3.0, 0.0, 8], [12.0, 3.0, 4.71238898038469, 9]], [[3.0, 3.0, 0.0, 0], [4.0, 3.0, 0.0, 1], [5.0, 3.0, 0.0, 2], [6.0, 3.0, 0.0, 3], [7.0, 3.0, 0.0, 4], [8.0, 3.0, 0.0, 5], [9.0, 3.0, 0.0, 6], [10.0, 3.0, 0.0, 7], [11.0, 3.0, 0.0, 8], [12.0, 3.0, 4.71238898038469, 9]], [[3.0, 3.0, 0.0, 0], [4.0, 3.0, 0.0, 1], [5.0, 3.0, 0.0, 2], [6.0, 3.0, 0.0, 3], [7.0, 3.0, 0.0, 4], [8.0, 3.0, 0.0, 5], [9.0, 3.0, 0.0, 6], [10.0, 3.0, 0.0, 7], [11.0, 3.0, 0.0, 8], [12.0, 3.0, 4.71238898038469, 9]], [[3.0, 3.0, 0.0, 0], [4.0, 3.0, 0.0, 1], [5.0, 3.0, 0.0, 2], [6.0, 3.0, 0.0, 3], [7.0, 3.0, 0.0, 4], [8.0, 3.0, 0.0, 5], [9.0, 3.0, 0.0, 6], [10.0, 3.0, 0.0, 7], [11.0, 3.0, 0.0, 8], [12.0, 3.0, 1.5707963267948966, 9]]], "penalty_distance_0": [[-0.06766764161830635, -0.06090087745647572, -0.054810789710828145, -0.04932971073974533, -0.0443967396657708, -0.039957065699193724, -0.035961359129274346, -0.03236522321634692, -0.02912870089471223], [-0.06766764161830635, -0.06090087745647572, -0.054810789710828145, -0.04932971073974533, -0.0443967396657708, -0.039957065699193724, -0.035961359129274346, -0.03236522321634692, -0.02912870089471223], [-0.06766764161830635, -0.06090087745647572, -0.054810789710828145, -0.04932971073974533, -0.0443967396657708, -0.039957065699193724, -0.035961359129274346, -0.03236522321634692, -0.02912870089471223], [-0.06766764161830635, -0.06090087745647572, -0.054810789710828145, -0.04932971073974533, -0.0443967396657708, -0.039957065699193724, -0.035961359129274346, -0.03236522321634692, -0.02912870089471223], [-0.06766764161830635, -0.06090087745647572, -0.054810789710828145, -0.04932971073974533, -0.0443967396657708, -0.039957065699193724, -0.035961359129274346, -0.03236522321634692, -0.02912870089471223]], "penalty_distance_1": [[-0.06766764161830635, -0.06090087745647572, -0.054810789710828145, -0.04932971073974533, -0.0443967396657708, -0.039957065699193724, -0.035961359129274346, -0.03236522321634692, -0.02912870089471223], [-0.06766764161830635, -0.06090087745647572, -0.054810789710828145, -0.04932971073974533, -0.0443967396657708, -0.039957065699193724, -0.035961359129274346, -0.03236522321634692, -0.02912870089471223], [-0.06766764161830635, -0.06090087745647572, -0.054810789710828145, -0.04932971073974533, -0.0443967396657708, -0.039957065699193724, -0.035961359129274346, -0.03236522321634692, -0.02912870089471223], [-0.06766764161830635, -0.06090087745647572, -0.054810789710828145, -0.04932971073974533, -0.0443967396657708, -0.039957065699193724, -0.035961359129274346, -0.03236522321634692, -0.02912870089471223], [-0.06766764161830635, -0.06090087745647572, -0.054810789710828145, -0.04932971073974533, -0.0443967396657708, -0.039957065699193724, -0.035961359129274346, -0.03236522321634692, -0.02912870089471223]], "reward_progress_0": [[0.1, 0.09000000000000001, 0.08100000000000002, 0.0729, 0.06561, 0.05904900000000001, 0.05314410000000001, 0.04782969000000001, 0.04304672100000001], [0.1, 0.09000000000000001, 0.08100000000000002, 0.0729, 0.06561, 0.05904900000000001, 0.05314410000000001, 0.04782969000000001, 0.04304672100000001], [0.1, 0.09000000000000001, 0.08100000000000002, 0.0729, 0.06561, 0.05904900000000001, 0.05314410000000001, 0.04782969000000001, 0.04304672100000001], [0.1, 0.09000000000000001, 0.08100000000000002, 0.0729, 0.06561, 0.05904900000000001, 0.05314410000000001, 0.04782969000000001, 0.04304672100000001], [0.1, 0.09000000000000001, 0.08100000000000002, 0.0729, 0.06561, 0.05904900000000001, 0.05314410000000001, 0.04782969000000001, 0.04304672100000001]], "reward_progress_1": [[0.1, 0.09000000000000001, 0.08100000000000002, 0.0729, 0.06561, 0.05904900000000001, 0.05314410000000001, 0.04782969000000001, 0.04304672100000001], [0.1, 0.09000000000000001, 0.08100000000000002, 0.0729, 0.06561, 0.05904900000000001, 0.05314410000000001, 0.04782969000000001, 0.04304672100000001], [0.1, 0.09000000000000001, 0.08100000000000002, 0.0729, 0.06561, 0.05904900000000001, 0.05314410000000001, 0.04782969000000001, 0.04304672100000001], [0.1, 0.09000000000000001, 0.08100000000000002, 0.0729, 0.06561, 0.05904900000000001, 0.05314410000000001, 0.04782969000000001, 0.04304672100000001], [0.1, 0.09000000000000001, 0.08100000000000002, 0.0729, 0.06561, 0.05904900000000001, 0.05314410000000001, 0.04782969000000001, 0.04304672100000001]], "penalty_timestep_0": [[-0.9], [-0.9], [-0.9], [-0.9], [-0.9]], "penalty_timestep_1": [[-0.9], [-0.9], [-0.9], [-0.9], [-0.9]], "reward_lead_0": [[-2.0], [-2.0], [-2.0], [-2.0], [-2.0]], "reward_lead_1": [[2.0], [2.0], [2.0], [2.0], [2.0]],