{"2": {"0": {"[0.0, 0]": {"num_count": 1115, "sum_payoffs": 194.92842853800894, "action": [0.0, 0]}, "[1.0, 0]": {"num_count": 2985, "sum_payoffs": 663.6459923674079, "action": [1.0, 0]}}, "1": {"[0.0, 0]": {"num_count": 1113, "sum_payoffs": 194.61599996663398, "action": [0.0, 0]}, "[1.0, 0]": {"num_count": 2987, "sum_payoffs": 664.5832780815331, "action": [1.0, 0]}}}, "1": {"0": {"[0.0, 0]": {"num_count": 1482, "sum_payoffs": 318.48428565969226, "action": [0.0, 0]}, "[1.0, 0]": {"num_count": 2618, "sum_payoffs": 631.2985713203316, "action": [1.0, 0]}}, "1": {"[1.0, 0]": {"num_count": 2614, "sum_payoffs": 630.4885713204706, "action": [1.0, 0]}, "[0.0, 0]": {"num_count": 1486, "sum_payoffs": 319.75714280233115, "action": [0.0, 0]}}}}