{"alphat_eff_gamelength_2": [1.0, 1.0, 1.0, 1.0, 1.0, 1.0, 1.0, 1.0, 1.0, 1.0], "runtime_gamelength_2": [1.253927230834961, 0.9935779571533203, 0.9728679656982422, 0.9665238857269287, 1.039863109588623, 1.2093958854675293, 1.028888463973999, 1.020512342453003, 1.048734188079834, 0.94677734375], "max_timestep": [1, 1, 1, 1, 1, 1, 1, 1, 1, 1], "alphat_eff_gamelength_1": [1.0, 1.0, 1.0, 1.0, 1.0, 1.0, 1.0, 1.0, 1.0, 1.0], "runtime_gamelength_1": [0.6657984256744385, 0.6888277530670166, 0.6610548496246338, 0.7110867500305176, 0.6590895652770996, 0.7101092338562012, 0.6438727378845215, 0.6711633205413818, 0.7802071571350098, 0.6494536399841309], "winner": [[0, 0], [0, 0], [0, 0], [0, 0], [0, 0], [0, 0], [0, 0], [0, 0], [0, 0], [0, 0]], "runtime": [1.9199097156524658, 1.6828794479370117, 1.6341760158538818, 1.6778528690338135, 1.699145793914795, 1.9197356700897217, 1.672969102859497, 1.6918652057647705, 1.829138994216919, 1.5964641571044922], "T_terminal": [2, 2, 2, 2, 2, 2, 2, 2, 2, 2], "trajectory_0": [[[1.0, 0.0, 1.5707963267948966, 0], [1.0, 1.0, 1.5707963267948966, 1], [1.0, 2.0, 1.5707963267948966, 2]], [[1.0, 0.0, 1.5707963267948966, 0], [1.0, 1.0, 1.5707963267948966, 1], [1.0, 2.0, 1.5707963267948966, 2]], [[1.0, 0.0, 1.5707963267948966, 0], [1.0, 1.0, 1.5707963267948966, 1], [1.0, 2.0, 1.5707963267948966, 2]], [[1.0, 0.0, 1.5707963267948966, 0], [1.0, 1.0, 1.5707963267948966, 1], [1.0, 2.0, 1.5707963267948966, 2]], [[1.0, 0.0, 1.5707963267948966, 0], [1.0, 1.0, 1.5707963267948966, 1], [1.0, 2.0, 1.5707963267948966, 2]], [[1.0, 0.0, 1.5707963267948966, 0], [1.0, 1.0, 1.5707963267948966, 1], [1.0, 2.0, 1.5707963267948966, 2]], [[1.0, 0.0, 1.5707963267948966, 0], [1.0, 1.0, 1.5707963267948966, 1], [1.0, 2.0, 1.5707963267948966, 2]], [[1.0, 0.0, 1.5707963267948966, 0], [1.0, 1.0, 1.5707963267948966, 1], [1.0, 2.0, 1.5707963267948966, 2]], [[1.0, 0.0, 1.5707963267948966, 0], [1.0, 1.0, 1.5707963267948966, 1], [1.0, 2.0, 1.5707963267948966, 2]], [[1.0, 0.0, 1.5707963267948966, 0], [1.0, 1.0, 1.5707963267948966, 1], [1.0, 2.0, 1.5707963267948966, 2]]], "trajectory_1": [[[0.0, 1.0, 0.0, 0], [1.0, 1.0, 0.0, 1], [2.0, 1.0, 0.0, 2]], [[0.0, 1.0, 0.0, 0], [1.0, 1.0, 0.0, 1], [2.0, 1.0, 0.0, 2]], [[0.0, 1.0, 0.0, 0], [1.0, 1.0, 0.0, 1], [2.0, 1.0, 0.0, 2]], [[0.0, 1.0, 0.0, 0], [1.0, 1.0, 0.0, 1], [2.0, 1.0, 0.0, 2]], [[0.0, 1.0, 0.0, 0], [1.0, 1.0, 0.0, 1], [2.0, 1.0, 0.0, 2]], [[0.0, 1.0, 0.0, 0], [1.0, 1.0, 0.0, 1], [2.0, 1.0, 0.0, 2]], [[0.0, 1.0, 0.0, 0], [1.0, 1.0, 0.0, 1], [2.0, 1.0, 0.0, 2]], [[0.0, 1.0, 0.0, 0], [1.0, 1.0, 0.0, 1], [2.0, 1.0, 0.0, 2]], [[0.0, 1.0, 0.0, 0], [1.0, 1.0, 0.0, 1], [2.0, 1.0, 0.0, 2]], [[0.0, 1.0, 0.0, 0], [1.0, 1.0, 0.0, 1], [2.0, 1.0, 0.0, 2]]], "coll_payoff_0": [[0.0, 0.0], [0.0, 0.0], [0.0, 0.0], [0.0, 0.0], [0.0, 0.0], [0.0, 0.0], [0.0, 0.0], [0.0, 0.0], [0.0, 0.0], [0.0, 0.0]], "coll_payoff_1": [[0.0, 0.0], [0.0, 0.0], [0.0, 0.0], [0.0, 0.0], [0.0, 0.0], [0.0, 0.0], [0.0, 0.0], [0.0, 0.0], [0.0, 0.0], [0.0, 0.0]], "payoff_total": [[[0.0, 0.0], [0.2499999999125, 0.2499999999125]], [[0.0, 0.0], [0.2499999999125, 0.2499999999125]], [[0.0, 0.0], [0.2499999999125, 0.2499999999125]], [[0.0, 0.0], [0.2499999999125, 0.2499999999125]], [[0.0, 0.0], [0.2499999999125, 0.2499999999125]], [[0.0, 0.0], [0.2499999999125, 0.2499999999125]], [[0.0, 0.0], [0.2499999999125, 0.2499999999125]], [[0.0, 0.0], [0.2499999999125, 0.2499999999125]], [[0.0, 0.0], [0.2499999999125, 0.2499999999125]], [[0.0, 0.0], [0.2499999999125, 0.2499999999125]]], "final_lead_payoff_0": [[0.5], [0.5], [0.5], [0.5], [0.5], [0.5], [0.5], [0.5], [0.5], [0.5]], "final_lead_payoff_1": [[0.5], [0.5], [0.5], [0.5], [0.5], [0.5], [0.5], [0.5], [0.5], [0.5]]}