{"2": {"0": {"[0.0, 0]": {"num_count": 39, "sum_payoffs": 11.846249997334594, "action": [0.0, 0]}, "[1.0, 0]": {"num_count": 61, "sum_payoffs": 24.603749994464156, "action": [1.0, 0]}}, "1": {"[0.0, 0]": {"num_count": 37, "sum_payoffs": 10.570499997621638, "action": [0.0, 0]}, "[1.0, 0]": {"num_count": 63, "sum_payoffs": 25.51499999425913, "action": [1.0, 0]}}}, "1": {"0": {"[0.0, 0]": {"num_count": 43, "sum_payoffs": 15.794999996446137, "action": [0.0, 0]}, "[1.0, 0]": {"num_count": 57, "sum_payoffs": 24.502499994486932, "action": [1.0, 0]}}, "1": {"[1.0, 0]": {"num_count": 56, "sum_payoffs": 24.097499994578058, "action": [1.0, 0]}, "[0.0, 0]": {"num_count": 44, "sum_payoffs": 16.604999996263885, "action": [0.0, 0]}}}}