{"15": {"0": {"[0.0, 1.5707963267948966]": {"num_count": 491, "sum_payoffs": 103.40164234078975, "action": [0.0, 1.5707963267948966]}, "[0.0, -1.5707963267948966]": {"num_count": 504, "sum_payoffs": 107.40309046811493, "action": [0.0, -1.5707963267948966]}, "[2.0, -1.5707963267948966]": {"num_count": 527, "sum_payoffs": 114.39812058616192, "action": [2.0, -1.5707963267948966]}, "[2.0, 0.0]": {"num_count": 535, "sum_payoffs": 116.8246342832508, "action": [2.0, 0.0]}, "[1.0, -1.5707963267948966]": {"num_count": 518, "sum_payoffs": 111.6218488778529, "action": [1.0, -1.5707963267948966]}, "[2.0, 1.5707963267948966]": {"num_count": 511, "sum_payoffs": 109.48496933727296, "action": [2.0, 1.5707963267948966]}, "[1.0, 1.5707963267948966]": {"num_count": 508, "sum_payoffs": 108.59076744153786, "action": [1.0, 1.5707963267948966]}, "[0.0, 0.0]": {"num_count": 500, "sum_payoffs": 106.13841368442901, "action": [0.0, 0.0]}, "[1.0, 0.0]": {"num_count": 506, "sum_payoffs": 107.98652721516807, "action": [1.0, 0.0]}}, "1": {"[1.0, 1.5707963267948966]": {"num_count": 774, "sum_payoffs": 150.31287296713296, "action": [1.0, 1.5707963267948966]}, "[0.0, 1.5707963267948966]": {"num_count": 743, "sum_payoffs": 141.92753404384723, "action": [0.0, 1.5707963267948966]}, "[0.0, 0.0]": {"num_count": 758, "sum_payoffs": 145.97394671805895, "action": [0.0, 0.0]}, "[0.0, -1.5707963267948966]": {"num_count": 739, "sum_payoffs": 140.93394354020782, "action": [0.0, -1.5707963267948966]}, "[1.0, 0.0]": {"num_count": 806, "sum_payoffs": 158.86060385252276, "action": [1.0, 0.0]}, "[1.0, -1.5707963267948966]": {"num_count": 780, "sum_payoffs": 151.87320263011787, "action": [1.0, -1.5707963267948966]}}}}