{"12": {"0": {"[0.0, 1.5707963267948966]": {"num_count": 480, "sum_payoffs": 100.77545859785815, "action": [0.0, 1.5707963267948966]}, "[1.0, -1.5707963267948966]": {"num_count": 508, "sum_payoffs": 109.35485434757126, "action": [1.0, -1.5707963267948966]}, "[1.0, 1.5707963267948966]": {"num_count": 497, "sum_payoffs": 105.96002835183442, "action": [1.0, 1.5707963267948966]}, "[2.0, 0.0]": {"num_count": 528, "sum_payoffs": 115.52090638845787, "action": [2.0, 0.0]}, "[2.0, -1.5707963267948966]": {"num_count": 527, "sum_payoffs": 115.14160597796284, "action": [2.0, -1.5707963267948966]}, "[0.0, -1.5707963267948966]": {"num_count": 496, "sum_payoffs": 105.61956113860904, "action": [0.0, -1.5707963267948966]}, "[0.0, 0.0]": {"num_count": 509, "sum_payoffs": 109.63048379929509, "action": [0.0, 0.0]}, "[1.0, 0.0]": {"num_count": 526, "sum_payoffs": 114.83730237004032, "action": [1.0, 0.0]}, "[2.0, 1.5707963267948966]": {"num_count": 529, "sum_payoffs": 115.76458423111677, "action": [2.0, 1.5707963267948966]}}, "1": {"[1.0, 0.0]": {"num_count": 549, "sum_payoffs": 146.3508052774083, "action": [1.0, 0.0]}, "[2.0, -1.5707963267948966]": {"num_count": 535, "sum_payoffs": 141.44903521817207, "action": [2.0, -1.5707963267948966]}, "[2.0, 1.5707963267948966]": {"num_count": 541, "sum_payoffs": 143.5257885489867, "action": [2.0, 1.5707963267948966]}, "[1.0, 1.5707963267948966]": {"num_count": 496, "sum_payoffs": 127.59534069310575, "action": [1.0, 1.5707963267948966]}, "[1.0, -1.5707963267948966]": {"num_count": 497, "sum_payoffs": 128.05628510402613, "action": [1.0, -1.5707963267948966]}, "[2.0, 0.0]": {"num_count": 609, "sum_payoffs": 167.79969112108873, "action": [2.0, 0.0]}, "[0.0, 0.0]": {"num_count": 483, "sum_payoffs": 123.12218776195033, "action": [0.0, 0.0]}, "[0.0, 1.5707963267948966]": {"num_count": 441, "sum_payoffs": 108.61884379495385, "action": [0.0, 1.5707963267948966]}, "[0.0, -1.5707963267948966]": {"num_count": 449, "sum_payoffs": 111.37739476408707, "action": [0.0, -1.5707963267948966]}}}}