{"2": {"0": {"[0.0, 0]": {"num_count": 140, "sum_payoffs": 41.00624997539636, "action": [0.0, 0]}, "[1.0, 0]": {"num_count": 1960, "sum_payoffs": 753.6037495478208, "action": [1.0, 0]}}, "1": {"[1.0, 0]": {"num_count": 1909, "sum_payoffs": 684.8954995890468, "action": [1.0, 0]}, "[0.0, 0]": {"num_count": 191, "sum_payoffs": 51.75899996894475, "action": [0.0, 0]}}}, "1": {"0": {"[1.0, 0]": {"num_count": 151, "sum_payoffs": 63.17999996209218, "action": [1.0, 0]}, "[0.0, 0]": {"num_count": 1949, "sum_payoffs": 767.2724995396626, "action": [0.0, 0]}}, "1": {"[1.0, 0]": {"num_count": 1926, "sum_payoffs": 801.899999518887, "action": [1.0, 0]}, "[0.0, 0]": {"num_count": 174, "sum_payoffs": 68.2424999590546, "action": [0.0, 0]}}}}