{"2": {"0": {"[0.0, 0]": {"num_count": 1719, "sum_payoffs": 104.80004997904136, "action": [0.0, 0]}, "[1.0, 0]": {"num_count": 2881, "sum_payoffs": 240.59830258346003, "action": [1.0, 0]}}, "1": {"[0.0, 0]": {"num_count": 1718, "sum_payoffs": 104.83649997903412, "action": [0.0, 0]}, "[1.0, 0]": {"num_count": 2882, "sum_payoffs": 240.99925258337973, "action": [1.0, 0]}}}, "1": {"0": {"[0.0, 0]": {"num_count": 2097, "sum_payoffs": 162.19349996755957, "action": [0.0, 0]}, "[1.0, 0]": {"num_count": 2503, "sum_payoffs": 212.56649995747867, "action": [1.0, 0]}}, "1": {"[1.0, 0]": {"num_count": 2501, "sum_payoffs": 212.40449995751106, "action": [1.0, 0]}, "[0.0, 0]": {"num_count": 2099, "sum_payoffs": 162.43649996751097, "action": [0.0, 0]}}}}