{"alphat_eff_gamelength_12": [1.8461538461538463, 1.8461538461538463, 1.8461538461538463, 1.8461538461538463, 1.8461538461538463, 1.8461538461538463, 1.8461538461538463, 1.8461538461538463, 1.8461538461538463, 1.8461538461538463], "runtime_gamelength_12": [69.49869656562805, 74.739586353302, 73.8176040649414, 71.14826083183289, 69.63019061088562, 73.0656726360321, 70.08318996429443, 73.3291187286377, 74.58182096481323, 73.60587930679321], "max_timestep": [12, 12, 12, 12, 12, 12, 12, 12, 12, 12], "winner": [[0, 0], [0, 0], [0, 0], [0, 0], [0, 0], [0, 0], [0, 0], [0, 0], [0, 0], [0, 0]], "runtime": [69.49894714355469, 74.73986792564392, 73.81785607337952, 71.14851450920105, 69.6304566860199, 73.06597590446472, 70.08349061012268, 73.32940936088562, 74.58213639259338, 73.60612773895264], "T_terminal": [1, 1, 1, 1, 1, 1, 1, 1, 1, 1], "trajectory_0": [[[1.0, 3.0, 0.0, 0], [3.0, 3.0, 0.0, 1]], [[1.0, 3.0, 0.0, 0], [3.0, 3.0, 0.0, 1]], [[1.0, 3.0, 0.0, 0], [2.0, 3.0, -1.5707963267948966, 1]], [[1.0, 3.0, 0.0, 0], [3.0, 3.0, -1.5707963267948966, 1]], [[1.0, 3.0, 0.0, 0], [3.0, 3.0, 0.0, 1]], [[1.0, 3.0, 0.0, 0], [3.0, 3.0, -1.5707963267948966, 1]], [[1.0, 3.0, 0.0, 0], [3.0, 3.0, 0.0, 1]], [[1.0, 3.0, 0.0, 0], [3.0, 3.0, -1.5707963267948966, 1]], [[1.0, 3.0, 0.0, 0], [3.0, 3.0, -1.5707963267948966, 1]], [[1.0, 3.0, 0.0, 0], [2.0, 3.0, 0.0, 1]]], "trajectory_1": [[[3.0, 3.0, 0.0, 0], [5.0, 3.0, 0.0, 1]], [[3.0, 3.0, 0.0, 0], [5.0, 3.0, 0.0, 1]], [[3.0, 3.0, 0.0, 0], [5.0, 3.0, 0.0, 1]], [[3.0, 3.0, 0.0, 0], [5.0, 3.0, 0.0, 1]], [[3.0, 3.0, 0.0, 0], [5.0, 3.0, 0.0, 1]], [[3.0, 3.0, 0.0, 0], [5.0, 3.0, 0.0, 1]], [[3.0, 3.0, 0.0, 0], [5.0, 3.0, 0.0, 1]], [[3.0, 3.0, 0.0, 0], [5.0, 3.0, 0.0, 1]], [[3.0, 3.0, 0.0, 0], [5.0, 3.0, 0.0, 1]], [[3.0, 3.0, 0.0, 0], [5.0, 3.0, 0.0, 1]]], "coll_payoff_0": [[1.0], [1.0], [1.0], [1.0], [1.0], [1.0], [1.0], [1.0], [1.0], [1.0]], "lead_payoff_0": [[0.5], [0.5], [0.25], [0.5], [0.5], [0.5], [0.5], [0.5], [0.5], [0.25]], "coll_payoff_1": [[1.0], [1.0], [1.0], [1.0], [1.0], [1.0], [1.0], [1.0], [1.0], [1.0]], "lead_payoff_1": [[0.5], [0.5], [0.75], [0.5], [0.5], [0.5], [0.5], [0.5], [0.5], [0.75]], "payoff_total": [[[0.537356321762021, 0.6293103447352011]], [[0.537356321762021, 0.6293103447352011]], [[0.47270114935692054, 0.6939655171403017]], [[0.537356321762021, 0.6293103447352011]], [[0.537356321762021, 0.6293103447352011]], [[0.537356321762021, 0.6293103447352011]], [[0.537356321762021, 0.6293103447352011]], [[0.537356321762021, 0.6293103447352011]], [[0.537356321762021, 0.6293103447352011]], [[0.47270114935692054, 0.6939655171403017]]], "final_lead_payoff_0": [[0.43103448275862066], [0.43103448275862066], [0.39655172413793105], [0.43103448275862066], [0.43103448275862066], [0.43103448275862066], [0.43103448275862066], [0.43103448275862066], [0.43103448275862066], [0.39655172413793105]], "final_lead_payoff_1": [[0.5689655172413793], [0.5689655172413793], [0.603448275862069], [0.5689655172413793], [0.5689655172413793], [0.5689655172413793], [0.5689655172413793], [0.5689655172413793], [0.5689655172413793], [0.603448275862069]]}