{"2": {"0": {"[0.0, 0]": {"num_count": 43, "sum_payoffs": 6.047249998891337, "action": [0.0, 0]}, "[1.0, 0]": {"num_count": 57, "sum_payoffs": 11.725460524166127, "action": [1.0, 0]}}, "1": {"[0.0, 0]": {"num_count": 43, "sum_payoffs": 6.1079999988801985, "action": [0.0, 0]}, "[1.0, 0]": {"num_count": 57, "sum_payoffs": 11.786210524154995, "action": [1.0, 0]}}}, "1": {"0": {"[1.0, 0]": {"num_count": 52, "sum_payoffs": 8.287499998480618, "action": [1.0, 0]}, "[0.0, 0]": {"num_count": 48, "sum_payoffs": 6.944999998726743, "action": [0.0, 0]}}, "1": {"[1.0, 0]": {"num_count": 52, "sum_payoffs": 8.287499998480618, "action": [1.0, 0]}, "[0.0, 0]": {"num_count": 48, "sum_payoffs": 6.944999998726743, "action": [0.0, 0]}}}}