{"8": {"0": {"[0.0, -1.5707963267948966]": {"num_count": 366, "sum_payoffs": 88.9384226855921, "action": [0.0, -1.5707963267948966]}, "[1.0, 1.5707963267948966]": {"num_count": 403, "sum_payoffs": 101.84640049292851, "action": [1.0, 1.5707963267948966]}, "[0.0, 0.0]": {"num_count": 395, "sum_payoffs": 99.0386897205742, "action": [0.0, 0.0]}, "[2.0, -1.5707963267948966]": {"num_count": 414, "sum_payoffs": 105.80798946028796, "action": [2.0, -1.5707963267948966]}, "[2.0, 1.5707963267948966]": {"num_count": 406, "sum_payoffs": 103.00991241089308, "action": [2.0, 1.5707963267948966]}, "[1.0, -1.5707963267948966]": {"num_count": 409, "sum_payoffs": 103.99620064484355, "action": [1.0, -1.5707963267948966]}, "[2.0, 0.0]": {"num_count": 426, "sum_payoffs": 110.05136099605119, "action": [2.0, 0.0]}, "[0.0, 1.5707963267948966]": {"num_count": 370, "sum_payoffs": 90.26705471897377, "action": [0.0, 1.5707963267948966]}, "[1.0, 0.0]": {"num_count": 411, "sum_payoffs": 104.7939592171408, "action": [1.0, 0.0]}}, "1": {"[2.0, -1.5707963267948966]": {"num_count": 431, "sum_payoffs": 135.10632107307612, "action": [2.0, -1.5707963267948966]}, "[1.0, 0.0]": {"num_count": 422, "sum_payoffs": 131.35694638328192, "action": [1.0, 0.0]}, "[0.0, 1.5707963267948966]": {"num_count": 354, "sum_payoffs": 103.78074881996211, "action": [0.0, 1.5707963267948966]}, "[1.0, -1.5707963267948966]": {"num_count": 389, "sum_payoffs": 117.96131207952737, "action": [1.0, -1.5707963267948966]}, "[1.0, 1.5707963267948966]": {"num_count": 394, "sum_payoffs": 119.99342961435171, "action": [1.0, 1.5707963267948966]}, "[0.0, -1.5707963267948966]": {"num_count": 364, "sum_payoffs": 107.86744362583921, "action": [0.0, -1.5707963267948966]}, "[2.0, 1.5707963267948966]": {"num_count": 408, "sum_payoffs": 125.72006845900006, "action": [2.0, 1.5707963267948966]}, "[0.0, 0.0]": {"num_count": 365, "sum_payoffs": 108.08831794240581, "action": [0.0, 0.0]}, "[2.0, 0.0]": {"num_count": 473, "sum_payoffs": 152.3543663052546, "action": [2.0, 0.0]}}}}