{"runtime_game_length_8": 9.710294485092163, "runtime_game_length_7": 6.300659894943237, "runtime_game_length_6": 2.2003912925720215, "runtime_game_length_5": 1.6782653331756592, "runtime_game_length_4": 1.6217882633209229, "runtime_game_length_3": 1.4795081615447998, "runtime_game_length_2": 1.2246975898742676, "runtime_game_length_1": 0.17904138565063477, "runtime": 24.39529013633728, "winner": [0, 1], "T_terminal": 8, "trajectory_0": [[1.0, 3.0, 0.0, 0], [1.0, 3.0, 1.5707963267948966, 1], [1.0000000000000002, 5.0, 1.5707963267948966, 2], [1.0000000000000002, 5.0, 3.141592653589793, 3], [2.220446049250313e-16, 5.0, 3.141592653589793, 4], [2.220446049250313e-16, 5.0, 3.141592653589793, 5], [2.220446049250313e-16, 5.0, 4.71238898038469, 6], [2.220446049250313e-16, 5.0, 0.0, 7], [2.0, 5.0, 0.0, 8]], "trajectory_1": [[3.0, 3.0, 0.0, 0], [4.0, 3.0, 4.71238898038469, 1], [4.0, 2.0, 0.0, 2], [5.0, 2.0, 0.0, 3], [5.0, 2.0, 0.0, 4], [6.0, 2.0, 1.5707963267948966, 5], [6.0, 3.0, 0.0, 6], [7.0, 3.0, 0.0, 7], [8.0, 3.0, 4.71238898038469, 8]], "penalty_distance_0": [-0.024893534183931972, -0.006466318240697591, -0.002728868534629614, -0.0010699101324727928, -0.0004005014481165968, -0.000529009017897617, -0.0001831106095784584, -0.00042849730449706977], "penalty_distance_1": [-0.024893534183931972, -0.006466318240697591, -0.002728868534629614, -0.0010699101324727928, -0.0004005014481165968, -0.000529009017897617, -0.0001831106095784584, -0.00042849730449706977], "reward_progress_0": [0.0, 1.998401444325282e-17, 0.0, -0.0729, 0.0, 0.0, 0.0, 0.09565938000000002], "reward_progress_1": [0.1, 0.0, 0.08100000000000002, 0.0, 0.06561, 0.0, 0.05314410000000001, 0.04782969000000001], "penalty_timestep_0": [-0.8], "penalty_timestep_1": [-0.8], "reward_lead_0": [-6.0], "reward_lead_1": [6.0], "payoff_total_0": [-0.024893534183931972, -0.03135985242462954, -0.034088720959259154, -0.10805863109173196, -0.10845913253984855, -0.10898814155774617, -0.10917125216732462, -0.01394036947182168, -6.813940369471822], "payoff_total_1": [0.07510646581606803, 0.06864014757537044, 0.14691127904074086, 0.14584136890826804, 0.21105086746015145, 0.21052185844225385, 0.2634828478326754, 0.31088404052817836, 5.510884040528179]}