{"2": {"0": {"[0.0, 0]": {"num_count": 892, "sum_payoffs": 59.72039998805511, "action": [0.0, 0]}, "[1.0, 0]": {"num_count": 1208, "sum_payoffs": 103.10890261095811, "action": [1.0, 0]}}, "1": {"[1.0, 0]": {"num_count": 1209, "sum_payoffs": 103.0360026109727, "action": [1.0, 0]}, "[0.0, 0]": {"num_count": 891, "sum_payoffs": 59.42879998811344, "action": [0.0, 0]}}}, "1": {"0": {"[0.0, 0]": {"num_count": 912, "sum_payoffs": 66.57299998668636, "action": [0.0, 0]}, "[1.0, 0]": {"num_count": 1188, "sum_payoffs": 105.76799997884748, "action": [1.0, 0]}}, "1": {"[1.0, 0]": {"num_count": 1188, "sum_payoffs": 105.72749997885559, "action": [1.0, 0]}, "[0.0, 0]": {"num_count": 912, "sum_payoffs": 66.45149998671064, "action": [0.0, 0]}}}}