{"runtime": 37.748677015304565, "winner": [1, 0], "collision_count": 1, "T_terminal": 6, "trajectories": [[1.0, 3.0, 0.0, 3.0, 3.0, 0.0, 0.0], [3.0, 3.0, 0.0, 4.0, 3.0, 0.0, 1.0], [5.0, 3.0, 0.0, 5.0, 3.0, 4.71238898038469, 2.0], [7.0, 3.0, 0.0, 5.0, 3.0, 0.0, 3.0], [9.0, 3.0, 0.0, 6.0, 3.0, 0.0, 4.0], [11.0, 3.0, 0.0, 7.0, 3.0, 0.0, 5.0], [13.0, 3.0, 4.71238898038469, 8.0, 3.0, 1.5707963267948966, 6.0]], "penalty_distance_0": [-0.2575156088200096, -0.7, -0.09473469826562889, -0.03485094785750476, -0.012820947222113924, -0.004716562899359827], "penalty_distance_1": [-0.2575156088200096, -0.7, -0.09473469826562889, -0.03485094785750476, -0.012820947222113924, -0.004716562899359827], "reward_progress_0": [0.0, 0.0, 0.0, 0.0, 0.0, 0.0], "reward_progress_1": [0.0, 0.0, 0.0, 0.0, 0.0, 0.0], "penalty_agressor_0": [0.0, 0.0, 0.0, 0.0, 0.0, 0.0], "penalty_agressor_1": [0.0, 0.0, 0.0, 0.0, 0.0, 0.0], "penalty_timestep_0": [-2.4000000000000004], "penalty_timestep_1": [-2.4000000000000004], "reward_lead_0": [5.0], "reward_lead_1": [-5.0], "payoff_total0": [-0.2575156088200096, -0.9575156088200096, -1.0522503070856386, -1.0871012549431434, -1.0999222021652573, -1.104638765064617, 1.4953612349353826], "payoff_total1": [-0.2575156088200096, -0.9575156088200096, -1.0522503070856386, -1.0871012549431434, -1.0999222021652573, -1.104638765064617, -8.504638765064618]}