{"2": {"0": {"[1.0, 0]": {"num_count": 354, "sum_payoffs": 42.91223683245008, "action": [1.0, 0]}, "[0.0, 0]": {"num_count": 246, "sum_payoffs": 20.56138815326838, "action": [0.0, 0]}}, "1": {"[0.0, 0]": {"num_count": 246, "sum_payoffs": 20.424700653299148, "action": [0.0, 0]}, "[1.0, 0]": {"num_count": 354, "sum_payoffs": 42.86667433246033, "action": [1.0, 0]}}}, "1": {"0": {"[1.0, 0]": {"num_count": 304, "sum_payoffs": 32.23124999274819, "action": [1.0, 0]}, "[0.0, 0]": {"num_count": 296, "sum_payoffs": 30.543749993127854, "action": [0.0, 0]}}, "1": {"[1.0, 0]": {"num_count": 304, "sum_payoffs": 32.23124999274819, "action": [1.0, 0]}, "[0.0, 0]": {"num_count": 296, "sum_payoffs": 30.54374999312785, "action": [0.0, 0]}}}}