{"alphat_eff_gamelength_12": 1.8461538461538463, "runtime_gamelength_12": 2.8544158935546875, "max_timestep": 12, "winner": [0, 0], "runtime": 2.8546504974365234, "T_terminal": 1, "trajectory_0": [[1.0, 3.0, 0.0, 0], [3.0, 3.0, 1.5707963267948966, 1]], "trajectory_1": [[3.0, 3.0, 0.0, 0], [4.0, 3.0, 0.0, 1]], "coll_payoff_0": [1.0], "lead_payoff_0": [0.75], "coll_payoff_1": [1.0], "lead_payoff_1": [0.25], "payoff_total": [[0.6020114941671217, 0.5646551723301005]], "final_lead_payoff_0": [0.46551724137931033], "final_lead_payoff_1": [0.5344827586206896]}