{"alphat_eff_gamelength_2": [1.0, 1.0, 1.0, 1.0, 1.0, 1.0, 1.0, 1.0, 1.0, 1.0], "runtime_gamelength_2": [0.7947936058044434, 0.7177236080169678, 0.8235855102539062, 0.7416644096374512, 0.852278470993042, 0.8230223655700684, 0.9892799854278564, 0.7780880928039551, 0.7351984977722168, 0.7637338638305664], "max_timestep": [1, 1, 1, 1, 1, 1, 1, 1, 1, 1], "alphat_eff_gamelength_1": [0.5, 0.5, 1.0, 1.0, 1.0, 0.5, 0.5, 0.5, 0.5, 1.0], "runtime_gamelength_1": [0.5075089931488037, 0.6060600280761719, 0.6269323825836182, 0.5171778202056885, 0.5008785724639893, 0.502349853515625, 0.5986473560333252, 0.6185469627380371, 0.5165348052978516, 0.5061826705932617], "winner": [[0, 1], [0, 1], [0, 0], [0, 0], [0, 0], [0, 1], [0, 1], [0, 0], [0, 1], [0, 1]], "runtime": [1.3027641773223877, 1.3241305351257324, 1.450967788696289, 1.25907301902771, 1.3534092903137207, 1.325655221939087, 1.5882060527801514, 1.3970236778259277, 1.2519915103912354, 1.2701890468597412], "T_terminal": [2, 2, 2, 2, 2, 2, 2, 2, 2, 2], "trajectory_0": [[[1.0, 0.0, 1.5707963267948966, 0], [1.0, 0.0, 1.5707963267948966, 1], [1.0, 0.0, 1.5707963267948966, 2]], [[1.0, 0.0, 1.5707963267948966, 0], [1.0, 0.0, 1.5707963267948966, 1], [1.0, 0.0, 1.5707963267948966, 2]], [[1.0, 0.0, 1.5707963267948966, 0], [1.0, 1.0, 1.5707963267948966, 1], [1.0, 2.0, 1.5707963267948966, 2]], [[1.0, 0.0, 1.5707963267948966, 0], [1.0, 1.0, 1.5707963267948966, 1], [1.0, 2.0, 1.5707963267948966, 2]], [[1.0, 0.0, 1.5707963267948966, 0], [1.0, 1.0, 1.5707963267948966, 1], [1.0, 2.0, 1.5707963267948966, 2]], [[1.0, 0.0, 1.5707963267948966, 0], [1.0, 0.0, 1.5707963267948966, 1], [1.0, 0.0, 1.5707963267948966, 2]], [[1.0, 0.0, 1.5707963267948966, 0], [1.0, 0.0, 1.5707963267948966, 1], [1.0, 0.0, 1.5707963267948966, 2]], [[1.0, 0.0, 1.5707963267948966, 0], [1.0, 0.0, 1.5707963267948966, 1], [1.0, 0.0, 1.5707963267948966, 2]], [[1.0, 0.0, 1.5707963267948966, 0], [1.0, 0.0, 1.5707963267948966, 1], [1.0, 0.0, 1.5707963267948966, 2]], [[1.0, 0.0, 1.5707963267948966, 0], [1.0, 1.0, 1.5707963267948966, 1], [1.0, 1.0, 1.5707963267948966, 2]]], "trajectory_1": [[[0.0, 1.0, 0.0, 0], [1.0, 1.0, 0.0, 1], [2.0, 1.0, 0.0, 2]], [[0.0, 1.0, 0.0, 0], [1.0, 1.0, 0.0, 1], [2.0, 1.0, 0.0, 2]], [[0.0, 1.0, 0.0, 0], [1.0, 1.0, 0.0, 1], [2.0, 1.0, 0.0, 2]], [[0.0, 1.0, 0.0, 0], [1.0, 1.0, 0.0, 1], [2.0, 1.0, 0.0, 2]], [[0.0, 1.0, 0.0, 0], [1.0, 1.0, 0.0, 1], [2.0, 1.0, 0.0, 2]], [[0.0, 1.0, 0.0, 0], [1.0, 1.0, 0.0, 1], [2.0, 1.0, 0.0, 2]], [[0.0, 1.0, 0.0, 0], [1.0, 1.0, 0.0, 1], [2.0, 1.0, 0.0, 2]], [[0.0, 1.0, 0.0, 0], [0.0, 1.0, 0.0, 1], [0.0, 1.0, 0.0, 2]], [[0.0, 1.0, 0.0, 0], [1.0, 1.0, 0.0, 1], [2.0, 1.0, 0.0, 2]], [[0.0, 1.0, 0.0, 0], [1.0, 1.0, 0.0, 1], [2.0, 1.0, 0.0, 2]]], "coll_payoff_0": [[1.0, 1.0], [1.0, 1.0], [0.0, 0.0], [0.0, 0.0], [0.0, 0.0], [1.0, 1.0], [1.0, 1.0], [1.0, 1.0], [1.0, 1.0], [0.0, 0.0]], "coll_payoff_1": [[1.0, 1.0], [1.0, 1.0], [0.0, 0.0], [0.0, 0.0], [0.0, 0.0], [1.0, 1.0], [1.0, 1.0], [1.0, 1.0], [1.0, 1.0], [0.0, 0.0]], "payoff_total": [[[0.999999999775, 0.999999999775], [1.0526315787105263, 1.0526315787105263]], [[0.999999999775, 0.999999999775], [1.0526315787105263, 1.0526315787105263]], [[0.0, 0.0], [0.0, 0.0]], [[0.0, 0.0], [0.0, 0.0]], [[0.0, 0.0], [0.0, 0.0]], [[0.999999999775, 0.999999999775], [1.0526315787105263, 1.0526315787105263]], [[0.999999999775, 0.999999999775], [1.0526315787105263, 1.0526315787105263]], [[0.999999999775, 0.999999999775], [1.0526315787105263, 1.0526315787105263]], [[0.999999999775, 0.999999999775], [1.0526315787105263, 1.0526315787105263]], [[0.0, 0.0], [0.0, 0.0]]], "final_lead_payoff_0": [[0.0], [0.0], [0.5], [0.5], [0.5], [0.0], [0.0], [0.5], [0.0], [0.25]], "final_lead_payoff_1": [[1.0], [1.0], [0.5], [0.5], [0.5], [1.0], [1.0], [0.5], [1.0], [0.75]]}