{"2": {"0": {"[1.0, 0]": {"num_count": 2892, "sum_payoffs": 544.8312827040597, "action": [1.0, 0]}, "[0.0, 0]": {"num_count": 208, "sum_payoffs": 30.227624989420224, "action": [0.0, 0]}}, "1": {"[1.0, 0]": {"num_count": 2825, "sum_payoffs": 528.4344077098023, "action": [1.0, 0]}, "[0.0, 0]": {"num_count": 275, "sum_payoffs": 36.41849998725339, "action": [0.0, 0]}}}, "1": {"0": {"[1.0, 0]": {"num_count": 2879, "sum_payoffs": 587.8462497942439, "action": [1.0, 0]}, "[0.0, 0]": {"num_count": 221, "sum_payoffs": 39.1274999863053, "action": [0.0, 0]}}, "1": {"[0.0, 0]": {"num_count": 219, "sum_payoffs": 40.34249998588003, "action": [0.0, 0]}, "[1.0, 0]": {"num_count": 2881, "sum_payoffs": 590.8837497931816, "action": [1.0, 0]}}}}