x0,y0,theta0,x1,y1,theta1,timestep
1,2,0,2,4,0,0
2.0,2.0,1.5707963267948966,3.0,4.0,0.0,1
2.0,2.0,1.5707963267948966,4.0,4.0,0.0,2
2.0,2.0,1.5707963267948966,5.0,4.0,0.0,3
2.0,2.0,1.5707963267948966,6.0,4.0,0.0,4
2.0,4.0,0.0,7.0,4.0,4.71238898038469,5
4.0,4.0,0.0,7.0,4.0,0.0,6
5.0,4.0,0.0,8.0,4.0,0.0,7
5.0,4.0,0.0,9.0,4.0,4.71238898038469,8
