x0,y0,theta0,x1,y1,theta1,timestep
2,2,0,1,4,0,0
3.0,2.0,4.71238898038469,2.0,4.0,1.5707963267948966,1
3.0,2.0,0.0,2.0,4.0,0.0,2
3.0,2.0,4.71238898038469,3.0,4.0,0.0,3
3.0,2.0,4.71238898038469,4.0,4.0,0.0,4
3.0,2.0,0.0,4.0,4.0,0.0,5
4.0,2.0,0.0,5.0,4.0,1.5707963267948966,6
4.0,2.0,1.5707963267948966,5.0,4.0,0.0,7
4.0,4.0,0.0,5.0,4.0,0.0,8
5.0,4.0,1.5707963267948966,5.0,4.0,4.71238898038469,9
5.0,4.0,0.0,5.0,4.0,3.141592653589793,10
