x0,y0,theta0,x1,y1,theta1,timestep
0,0,0,0,4,0,0
1.0,0.0,0.0,2.0,4.0,0.0,1
2.0,0.0,0.79,4.0,4.0,-0.79,2
2.703845315652236,0.7103532724176078,0.0,5.407690631304472,2.5792934551647844,-0.0,3
3.703845315652236,0.7103532724176078,0.79,7.407690631304472,2.5792934551647844,0.0,4
4.407690631304472,1.4207065448352156,0.79,8.407690631304472,2.5792934551647844,0.79,5
5.1115359469567085,2.1310598172528232,0.0,8.407690631304472,2.5792934551647844,0.0,6
6.1115359469567085,2.1310598172528232,0.79,8.407690631304472,2.5792934551647844,-0.79,7
6.815381262608945,2.8414130896704313,0.0,8.407690631304472,2.5792934551647844,-1.58,8
