x0,y0,theta0,x1,y1,theta1,timestep
1,1,0,1,5,0,0
3.0,1.0,0.0,3.0,5.0,0.0,1
4.0,1.0,0.0,3.0,5.0,1.5707963267948966,2
6.0,1.0,0.0,3.0,5.0,0.0,3
8.0,1.0,4.71238898038469,4.0,5.0,1.5707963267948966,4
8.0,1.0,0.0,4.0,5.0,0.0,5
10.0,1.0,0.0,6.0,5.0,4.71238898038469,6
11.0,1.0,0.0,6.0,3.0,0.0,7
13.0,1.0,4.71238898038469,8.0,3.0,0.0,8
13.0,1.0,0.0,10.0,3.0,0.0,9
15.0,1.0,0.0,12.0,3.0,0.0,10
17.0,1.0,0.0,14.0,3.0,0.0,11
18.0,1.0,4.71238898038469,16.0,3.0,4.71238898038469,12
