x0,y0,theta0,x1,y1,theta1,timestep
1,2,0,1,4,0,0
2.0,2.0,0.0,3.0,4.0,0.0,1
3.0,2.0,0.0,5.0,4.0,0.0,2
4.0,2.0,0.0,7.0,4.0,0.0,3
4.0,2.0,4.71238898038469,7.0,4.0,0.0,4
4.0,2.0,4.71238898038469,8.0,4.0,0.0,5
4.0,2.0,4.71238898038469,8.0,4.0,1.5707963267948966,6
4.0,2.0,0.0,8.0,4.0,3.141592653589793,7
4.0,2.0,0.0,8.0,4.0,1.5707963267948966,8
4.0,2.0,1.5707963267948966,8.0,4.0,0.0,9
4.0,3.0,0.0,9.0,4.0,4.71238898038469,10
