x0,y0,theta0,x1,y1,theta1,timestep
1,1,0,1,4,0,0
3.0,1.0,0.0,3.0,4.0,0.0,1
5.0,1.0,1.5707963267948966,5.0,4.0,0.0,2
5.0,3.0,0.0,6.0,4.0,-1.5707963267948966,3
5.0,3.0,-1.5707963267948966,6.0,2.0,-3.141592653589793,4
5.0,1.0,-1.5707963267948966,6.0,2.0,-1.5707963267948966,5
5.0,1.0,0.0,6.0,1.0,0.0,6
