x0,y0,theta0,x1,y1,theta1,timestep
1,1,0,1,5,0,0
2.0,1.0,0.0,2.0,5.0,0.0,1
4.0,1.0,0.0,4.0,5.0,0.0,2
5.0,1.0,0.0,5.0,5.0,0.0,3
6.0,1.0,0.0,6.0,5.0,4.71238898038469,4
7.0,1.0,0.0,6.0,3.0,0.0,5
9.0,1.0,0.0,8.0,3.0,0.0,6
11.0,1.0,0.0,10.0,3.0,0.0,7
13.0,1.0,0.0,12.0,3.0,0.0,8
15.0,1.0,0.0,14.0,3.0,0.0,9
17.0,1.0,0.0,16.0,3.0,0.0,10
18.0,1.0,4.71238898038469,18.0,3.0,4.71238898038469,11
