x0,y0,theta0,x1,y1,theta1,timestep,timehorizon
6.815381262608945,2.8414130896704313,-5.53,8.407690631304472,2.5792934551647844,-7.11,15,7
