{"2": {"0": {"[0.0, 0]": {"num_count": 900, "sum_payoffs": 112.61699997747549, "action": [0.0, 0]}, "[1.0, 0]": {"num_count": 1700, "sum_payoffs": 273.9520894188986, "action": [1.0, 0]}}, "1": {"[1.0, 0]": {"num_count": 1696, "sum_payoffs": 273.4417894190009, "action": [1.0, 0]}, "[0.0, 0]": {"num_count": 904, "sum_payoffs": 113.56469997728598, "action": [0.0, 0]}}}, "1": {"0": {"[0.0, 0]": {"num_count": 965, "sum_payoffs": 138.8879999722243, "action": [0.0, 0]}, "[1.0, 0]": {"num_count": 1635, "sum_payoffs": 283.6889999432628, "action": [1.0, 0]}}, "1": {"[0.0, 0]": {"num_count": 966, "sum_payoffs": 139.2119999721595, "action": [0.0, 0]}, "[1.0, 0]": {"num_count": 1634, "sum_payoffs": 283.68899994326284, "action": [1.0, 0]}}}}