{"2": {"0": {"[1.0, 0]": {"num_count": 1800, "sum_payoffs": 465.4061051778206, "action": [1.0, 0]}, "[0.0, 0]": {"num_count": 800, "sum_payoffs": 169.4414999689353, "action": [0.0, 0]}}, "1": {"[1.0, 0]": {"num_count": 1787, "sum_payoffs": 462.1256051784222, "action": [1.0, 0]}, "[0.0, 0]": {"num_count": 813, "sum_payoffs": 173.4509999682002, "action": [0.0, 0]}}}, "1": {"0": {"[0.0, 0]": {"num_count": 934, "sum_payoffs": 232.9049999573019, "action": [0.0, 0]}, "[1.0, 0]": {"num_count": 1666, "sum_payoffs": 469.7249999139032, "action": [1.0, 0]}}, "1": {"[0.0, 0]": {"num_count": 942, "sum_payoffs": 235.73999995678216, "action": [0.0, 0]}, "[1.0, 0]": {"num_count": 1658, "sum_payoffs": 467.6999999142743, "action": [1.0, 0]}}}}