{"10": {"0": {"[0.0, -1.5707963267948966]": {"num_count": 11, "sum_payoffs": 2.846134296517232, "action": [0.0, -1.5707963267948966]}, "[2.0, 0.0]": {"num_count": 11, "sum_payoffs": 2.9403832443750746, "action": [2.0, 0.0]}, "[1.0, 0.0]": {"num_count": 11, "sum_payoffs": 2.770993182127781, "action": [1.0, 0.0]}, "[2.0, -1.5707963267948966]": {"num_count": 11, "sum_payoffs": 3.06640061089952, "action": [2.0, -1.5707963267948966]}, "[1.0, -1.5707963267948966]": {"num_count": 11, "sum_payoffs": 3.1000184071076453, "action": [1.0, -1.5707963267948966]}, "[0.0, 1.5707963267948966]": {"num_count": 11, "sum_payoffs": 2.975482448947211, "action": [0.0, 1.5707963267948966]}, "[0.0, 0.0]": {"num_count": 11, "sum_payoffs": 3.056488686241598, "action": [0.0, 0.0]}, "[1.0, 1.5707963267948966]": {"num_count": 12, "sum_payoffs": 3.450720376291794, "action": [1.0, 1.5707963267948966]}, "[2.0, 1.5707963267948966]": {"num_count": 11, "sum_payoffs": 2.836522924871656, "action": [2.0, 1.5707963267948966]}}, "1": {"[1.0, 0.0]": {"num_count": 17, "sum_payoffs": 4.163516744434486, "action": [1.0, 0.0]}, "[0.0, 1.5707963267948966]": {"num_count": 17, "sum_payoffs": 3.948447048617093, "action": [0.0, 1.5707963267948966]}, "[0.0, -1.5707963267948966]": {"num_count": 17, "sum_payoffs": 3.9970807376816273, "action": [0.0, -1.5707963267948966]}, "[1.0, 1.5707963267948966]": {"num_count": 16, "sum_payoffs": 3.6673155739706003, "action": [1.0, 1.5707963267948966]}, "[1.0, -1.5707963267948966]": {"num_count": 17, "sum_payoffs": 4.317897968035639, "action": [1.0, -1.5707963267948966]}, "[0.0, 0.0]": {"num_count": 16, "sum_payoffs": 3.679817846251274, "action": [0.0, 0.0]}}}}