{"2": {"0": {"[1.0, 1.5707963267948966]": {"num_count": 119, "sum_payoffs": 26.654172909184172, "action": [1.0, 1.5707963267948966]}, "[0.0, 1.5707963267948966]": {"num_count": 109, "sum_payoffs": 22.65888794361941, "action": [0.0, 1.5707963267948966]}, "[0.0, -1.5707963267948966]": {"num_count": 109, "sum_payoffs": 22.629989349450298, "action": [0.0, -1.5707963267948966]}, "[1.0, 0.0]": {"num_count": 131, "sum_payoffs": 31.571985741076798, "action": [1.0, 0.0]}, "[2.0, 1.5707963267948966]": {"num_count": 124, "sum_payoffs": 28.664363465704753, "action": [2.0, 1.5707963267948966]}, "[2.0, 0.0]": {"num_count": 144, "sum_payoffs": 36.7504291272032, "action": [2.0, 0.0]}, "[0.0, 0.0]": {"num_count": 119, "sum_payoffs": 26.649990217938118, "action": [0.0, 0.0]}, "[1.0, -1.5707963267948966]": {"num_count": 117, "sum_payoffs": 25.863155374594246, "action": [1.0, -1.5707963267948966]}, "[2.0, -1.5707963267948966]": {"num_count": 128, "sum_payoffs": 30.240531902976922, "action": [2.0, -1.5707963267948966]}}, "1": {"[0.0, 0.0]": {"num_count": 121, "sum_payoffs": 36.01628532968636, "action": [0.0, 0.0]}, "[2.0, 0.0]": {"num_count": 147, "sum_payoffs": 48.35354061302549, "action": [2.0, 0.0]}, "[0.0, 1.5707963267948966]": {"num_count": 105, "sum_payoffs": 28.641222862101, "action": [0.0, 1.5707963267948966]}, "[1.0, 0.0]": {"num_count": 133, "sum_payoffs": 41.57013883680021, "action": [1.0, 0.0]}, "[2.0, -1.5707963267948966]": {"num_count": 128, "sum_payoffs": 39.20137756561881, "action": [2.0, -1.5707963267948966]}, "[2.0, 1.5707963267948966]": {"num_count": 129, "sum_payoffs": 39.734480579244114, "action": [2.0, 1.5707963267948966]}, "[0.0, -1.5707963267948966]": {"num_count": 104, "sum_payoffs": 28.070421306445045, "action": [0.0, -1.5707963267948966]}, "[1.0, -1.5707963267948966]": {"num_count": 116, "sum_payoffs": 33.69967189762019, "action": [1.0, -1.5707963267948966]}, "[1.0, 1.5707963267948966]": {"num_count": 117, "sum_payoffs": 34.14314581278432, "action": [1.0, 1.5707963267948966]}}}}