{"runtime_game_length_8": 7.802086114883423, "runtime_game_length_7": 4.854228496551514, "runtime_game_length_6": 2.5339674949645996, "runtime_game_length_5": 1.3029522895812988, "runtime_game_length_4": 1.3668947219848633, "runtime_game_length_3": 1.258955717086792, "runtime_game_length_2": 1.2714447975158691, "runtime_game_length_1": 0.13918089866638184, "runtime": 20.530472993850708, "winner": [0, 1], "T_terminal": 8, "trajectory_0": [[1.0, 3.0, 0.0, 0], [1.0, 3.0, 4.71238898038469, 1], [0.9999999999999998, 2.0, 4.71238898038469, 2], [0.9999999999999998, 2.0, 0.0, 3], [1.9999999999999998, 2.0, 4.71238898038469, 4], [1.9999999999999996, 1.0, 0.0, 5], [3.9999999999999996, 1.0, 1.5707963267948966, 6], [3.9999999999999996, 3.0, 0.0, 7], [6.0, 3.0, 4.71238898038469, 8]], "trajectory_1": [[3.0, 3.0, 0.0, 0], [4.0, 3.0, 0.0, 1], [5.0, 3.0, 0.0, 2], [6.0, 3.0, 0.0, 3], [7.0, 3.0, 1.5707963267948966, 4], [7.0, 3.0, 1.5707963267948966, 5], [7.0, 4.0, 1.5707963267948966, 6], [7.0, 4.0, 0.0, 7], [8.0, 4.0, 0.0, 8]], "penalty_distance_0": [-0.024893534183931972, -0.007287364493623153, -0.0024716045460404716, -0.0022244440914364247, -0.001503809008833514, -0.004242551397721685, -0.011247741402887836, -0.02555969026089648], "penalty_distance_1": [-0.024893534183931972, -0.007287364493623153, -0.0024716045460404716, -0.0022244440914364247, -0.001503809008833514, -0.004242551397721685, -0.011247741402887836, -0.02555969026089648], "reward_progress_0": [0.0, -1.998401444325282e-17, 0.0, 0.0729, -1.4568346529131304e-17, 0.11809800000000002, 0.0, 0.09565938000000004], "reward_progress_1": [0.1, 0.09000000000000001, 0.08100000000000002, 0.0729, 0.0, 0.0, 0.0, 0.04782969000000001], "penalty_timestep_0": [-0.8], "penalty_timestep_1": [-0.8], "reward_lead_0": [-2.0], "reward_lead_1": [2.0], "payoff_total_0": [-0.024893534183931972, -0.03218089867755514, -0.034652503223595615, 0.03602305268496797, 0.034519243676134445, 0.14837469227841277, 0.13712695087552496, 0.20722664061462853, -2.5927733593853715], "payoff_total_1": [0.07510646581606803, 0.15781910132244487, 0.23634749677640443, 0.307023052684968, 0.3055192436761345, 0.3012766922784128, 0.290028950875525, 0.3122989506146285, 1.5122989506146285]}