{"2": {"0": {"[0.0, 0]": {"num_count": 186, "sum_payoffs": 56.49749998022571, "action": [0.0, 0]}, "[1.0, 0]": {"num_count": 414, "sum_payoffs": 161.65574994342066, "action": [1.0, 0]}}, "1": {"[0.0, 0]": {"num_count": 187, "sum_payoffs": 57.40874997990676, "action": [0.0, 0]}, "[1.0, 0]": {"num_count": 413, "sum_payoffs": 161.83799994335683, "action": [1.0, 0]}}}, "1": {"0": {"[1.0, 0]": {"num_count": 302, "sum_payoffs": 122.5124999571202, "action": [1.0, 0]}, "[0.0, 0]": {"num_count": 298, "sum_payoffs": 120.48749995782896, "action": [0.0, 0]}}, "1": {"[1.0, 0]": {"num_count": 302, "sum_payoffs": 122.5124999571202, "action": [1.0, 0]}, "[0.0, 0]": {"num_count": 298, "sum_payoffs": 120.48749995782896, "action": [0.0, 0]}}}}