{"7": {"0": {"[1.0, 0.0]": {"num_count": 423, "sum_payoffs": 114.83921675243141, "action": [1.0, 0.0]}, "[1.0, 1.5707963267948966]": {"num_count": 402, "sum_payoffs": 107.18126201371925, "action": [1.0, 1.5707963267948966]}, "[0.0, -1.5707963267948966]": {"num_count": 366, "sum_payoffs": 93.97506456673004, "action": [0.0, -1.5707963267948966]}, "[2.0, 0.0]": {"num_count": 419, "sum_payoffs": 113.4101336022575, "action": [2.0, 0.0]}, "[0.0, 0.0]": {"num_count": 396, "sum_payoffs": 104.9519816293182, "action": [0.0, 0.0]}, "[0.0, 1.5707963267948966]": {"num_count": 365, "sum_payoffs": 93.67302725282369, "action": [0.0, 1.5707963267948966]}, "[2.0, 1.5707963267948966]": {"num_count": 406, "sum_payoffs": 108.58527072891624, "action": [2.0, 1.5707963267948966]}, "[2.0, -1.5707963267948966]": {"num_count": 420, "sum_payoffs": 113.66327372415623, "action": [2.0, -1.5707963267948966]}, "[1.0, -1.5707963267948966]": {"num_count": 403, "sum_payoffs": 107.56824636143928, "action": [1.0, -1.5707963267948966]}}, "1": {"[1.0, 1.5707963267948966]": {"num_count": 385, "sum_payoffs": 123.37355590910653, "action": [1.0, 1.5707963267948966]}, "[0.0, 0.0]": {"num_count": 373, "sum_payoffs": 118.3449858675556, "action": [0.0, 0.0]}, "[2.0, -1.5707963267948966]": {"num_count": 440, "sum_payoffs": 146.80059334836866, "action": [2.0, -1.5707963267948966]}, "[1.0, -1.5707963267948966]": {"num_count": 390, "sum_payoffs": 125.56624731021903, "action": [1.0, -1.5707963267948966]}, "[2.0, 1.5707963267948966]": {"num_count": 419, "sum_payoffs": 137.8805086042705, "action": [2.0, 1.5707963267948966]}, "[1.0, 0.0]": {"num_count": 428, "sum_payoffs": 141.74915777723928, "action": [1.0, 0.0]}, "[0.0, -1.5707963267948966]": {"num_count": 350, "sum_payoffs": 108.58617374685474, "action": [0.0, -1.5707963267948966]}, "[2.0, 0.0]": {"num_count": 478, "sum_payoffs": 163.38736446392528, "action": [2.0, 0.0]}, "[0.0, 1.5707963267948966]": {"num_count": 337, "sum_payoffs": 103.12102484547148, "action": [0.0, 1.5707963267948966]}}}}