{"2": {"0": {"[0.0, 0]": {"num_count": 505, "sum_payoffs": 92.13257366578387, "action": [0.0, 0]}, "[1.0, 0]": {"num_count": 1095, "sum_payoffs": 259.9658762638005, "action": [1.0, 0]}}, "1": {"[1.0, 0]": {"num_count": 1105, "sum_payoffs": 264.6346499470768, "action": [1.0, 0]}, "[0.0, 0]": {"num_count": 495, "sum_payoffs": 90.3068999819385, "action": [0.0, 0]}}}, "1": {"0": {"[0.0, 0]": {"num_count": 708, "sum_payoffs": 166.20749996675607, "action": [0.0, 0]}, "[1.0, 0]": {"num_count": 892, "sum_payoffs": 223.42949995531035, "action": [1.0, 0]}}, "1": {"[1.0, 0]": {"num_count": 892, "sum_payoffs": 223.55099995528602, "action": [1.0, 0]}, "[0.0, 0]": {"num_count": 708, "sum_payoffs": 166.32899996673174, "action": [0.0, 0]}}}}