{"2": {"0": {"[1.0, 0]": {"num_count": 2388, "sum_payoffs": 6.186315785761895, "action": [1.0, 0]}, "[0.0, 0]": {"num_count": 2212, "sum_payoffs": 5.039999996976, "action": [0.0, 0]}}, "1": {"[1.0, 0]": {"num_count": 2224, "sum_payoffs": 5.376315786247895, "action": [1.0, 0]}, "[0.0, 0]": {"num_count": 2376, "sum_payoffs": 5.84999999649, "action": [0.0, 0]}}}, "1": {"0": {"[1.0, 0]": {"num_count": 2460, "sum_payoffs": 1.79999999892, "action": [1.0, 0]}, "[0.0, 0]": {"num_count": 2140, "sum_payoffs": 0.0, "action": [0.0, 0]}}, "1": {"[1.0, 0]": {"num_count": 2280, "sum_payoffs": 0.89999999946, "action": [1.0, 0]}, "[0.0, 0]": {"num_count": 2320, "sum_payoffs": 0.89999999946, "action": [0.0, 0]}}}}