{"2": {"0": {"[0.0, 0]": {"num_count": 2849, "sum_payoffs": 975.9487497397815, "action": [0.0, 0]}, "[1.0, 0]": {"num_count": 251, "sum_payoffs": 98.96174997361035, "action": [1.0, 0]}}, "1": {"[1.0, 0]": {"num_count": 2884, "sum_payoffs": 1114.458749702852, "action": [1.0, 0]}, "[0.0, 0]": {"num_count": 216, "sum_payoffs": 70.89524998109454, "action": [0.0, 0]}}}, "1": {"0": {"[0.0, 0]": {"num_count": 177, "sum_payoffs": 26.527499992925943, "action": [0.0, 0]}, "[1.0, 0]": {"num_count": 2923, "sum_payoffs": 1141.897499695463, "action": [1.0, 0]}}, "1": {"[1.0, 0]": {"num_count": 2910, "sum_payoffs": 1259.954999663973, "action": [1.0, 0]}, "[0.0, 0]": {"num_count": 190, "sum_payoffs": 83.42999997775183, "action": [0.0, 0]}}}}