{"2": {"0": {"[1.0, 0]": {"num_count": 3841, "sum_payoffs": 1068.665891206914, "action": [1.0, 0]}, "[0.0, 0]": {"num_count": 259, "sum_payoffs": 53.33287498800013, "action": [0.0, 0]}}, "1": {"[1.0, 0]": {"num_count": 3857, "sum_payoffs": 1074.1333912056866, "action": [1.0, 0]}, "[0.0, 0]": {"num_count": 243, "sum_payoffs": 51.965999988307644, "action": [0.0, 0]}}}, "1": {"0": {"[0.0, 0]": {"num_count": 277, "sum_payoffs": 72.06187498378573, "action": [0.0, 0]}, "[1.0, 0]": {"num_count": 3823, "sum_payoffs": 1170.0393747368005, "action": [1.0, 0]}}, "1": {"[1.0, 0]": {"num_count": 3845, "sum_payoffs": 1180.8224997343718, "action": [1.0, 0]}, "[0.0, 0]": {"num_count": 255, "sum_payoffs": 69.4799999843667, "action": [0.0, 0]}}}}