{"6": {"0": {"[2.0, -1.5707963267948966]": {"num_count": 365, "sum_payoffs": 114.49012503473371, "action": [2.0, -1.5707963267948966]}, "[2.0, 0.0]": {"num_count": 374, "sum_payoffs": 118.33947743965537, "action": [2.0, 0.0]}, "[1.0, 0.0]": {"num_count": 338, "sum_payoffs": 103.24767816726178, "action": [1.0, 0.0]}, "[0.0, 1.5707963267948966]": {"num_count": 321, "sum_payoffs": 96.17309523461043, "action": [0.0, 1.5707963267948966]}, "[1.0, 1.5707963267948966]": {"num_count": 333, "sum_payoffs": 101.14407442610938, "action": [1.0, 1.5707963267948966]}, "[1.0, -1.5707963267948966]": {"num_count": 350, "sum_payoffs": 108.30355200858828, "action": [1.0, -1.5707963267948966]}, "[0.0, 0.0]": {"num_count": 315, "sum_payoffs": 93.70633344544967, "action": [0.0, 0.0]}, "[2.0, 1.5707963267948966]": {"num_count": 366, "sum_payoffs": 114.93935563844569, "action": [2.0, 1.5707963267948966]}, "[0.0, -1.5707963267948966]": {"num_count": 338, "sum_payoffs": 103.20679301007392, "action": [0.0, -1.5707963267948966]}}, "1": {"[0.0, -1.5707963267948966]": {"num_count": 469, "sum_payoffs": 139.82748714563664, "action": [0.0, -1.5707963267948966]}, "[0.0, 0.0]": {"num_count": 482, "sum_payoffs": 145.02489671442834, "action": [0.0, 0.0]}, "[1.0, -1.5707963267948966]": {"num_count": 541, "sum_payoffs": 168.24354235061026, "action": [1.0, -1.5707963267948966]}, "[1.0, 0.0]": {"num_count": 571, "sum_payoffs": 180.22932553847465, "action": [1.0, 0.0]}, "[1.0, 1.5707963267948966]": {"num_count": 550, "sum_payoffs": 171.91384956965018, "action": [1.0, 1.5707963267948966]}, "[0.0, 1.5707963267948966]": {"num_count": 487, "sum_payoffs": 146.904385655878, "action": [0.0, 1.5707963267948966]}}}}