{"9": {"0": {"[0.0, -1.5707963267948966]": {"num_count": 67, "sum_payoffs": 16.389119054187546, "action": [0.0, -1.5707963267948966]}, "[2.0, 1.5707963267948966]": {"num_count": 69, "sum_payoffs": 17.090984176902534, "action": [2.0, 1.5707963267948966]}, "[1.0, -1.5707963267948966]": {"num_count": 67, "sum_payoffs": 16.219854680902465, "action": [1.0, -1.5707963267948966]}, "[0.0, 0.0]": {"num_count": 66, "sum_payoffs": 15.852560227102032, "action": [0.0, 0.0]}, "[0.0, 1.5707963267948966]": {"num_count": 66, "sum_payoffs": 15.906888337222806, "action": [0.0, 1.5707963267948966]}, "[2.0, 0.0]": {"num_count": 68, "sum_payoffs": 16.74275009236708, "action": [2.0, 0.0]}, "[1.0, 1.5707963267948966]": {"num_count": 64, "sum_payoffs": 14.829577373812524, "action": [1.0, 1.5707963267948966]}, "[2.0, -1.5707963267948966]": {"num_count": 65, "sum_payoffs": 15.339368151460262, "action": [2.0, -1.5707963267948966]}, "[1.0, 0.0]": {"num_count": 68, "sum_payoffs": 16.662850322813394, "action": [1.0, 0.0]}}, "1": {"[2.0, -1.5707963267948966]": {"num_count": 69, "sum_payoffs": 20.865118615528008, "action": [2.0, -1.5707963267948966]}, "[2.0, 0.0]": {"num_count": 72, "sum_payoffs": 22.48858652516964, "action": [2.0, 0.0]}, "[0.0, 0.0]": {"num_count": 64, "sum_payoffs": 18.160248882276807, "action": [0.0, 0.0]}, "[1.0, 0.0]": {"num_count": 68, "sum_payoffs": 20.41428956438196, "action": [1.0, 0.0]}, "[1.0, -1.5707963267948966]": {"num_count": 67, "sum_payoffs": 19.77117676255236, "action": [1.0, -1.5707963267948966]}, "[1.0, 1.5707963267948966]": {"num_count": 66, "sum_payoffs": 19.36175402474249, "action": [1.0, 1.5707963267948966]}, "[2.0, 1.5707963267948966]": {"num_count": 71, "sum_payoffs": 21.85991371048465, "action": [2.0, 1.5707963267948966]}, "[0.0, -1.5707963267948966]": {"num_count": 61, "sum_payoffs": 16.87011368499309, "action": [0.0, -1.5707963267948966]}, "[0.0, 1.5707963267948966]": {"num_count": 62, "sum_payoffs": 17.357245506759142, "action": [0.0, 1.5707963267948966]}}}}