{"2": {"0": {"[1.0, 0]": {"num_count": 721, "sum_payoffs": 147.75915787072546, "action": [1.0, 0]}, "[0.0, 0]": {"num_count": 379, "sum_payoffs": 57.5088749906546, "action": [0.0, 0]}}, "1": {"[1.0, 0]": {"num_count": 723, "sum_payoffs": 149.53103287043754, "action": [1.0, 0]}, "[0.0, 0]": {"num_count": 377, "sum_payoffs": 57.74174999061678, "action": [0.0, 0]}}}, "1": {"0": {"[1.0, 0]": {"num_count": 656, "sum_payoffs": 141.94124997693382, "action": [1.0, 0]}, "[0.0, 0]": {"num_count": 444, "sum_payoffs": 82.0574999866656, "action": [0.0, 0]}}, "1": {"[1.0, 0]": {"num_count": 655, "sum_payoffs": 141.73874997696672, "action": [1.0, 0]}, "[0.0, 0]": {"num_count": 445, "sum_payoffs": 82.46249998659978, "action": [0.0, 0]}}}}