{"2": {"0": {"[0.0, 0]": {"num_count": 217, "sum_payoffs": 34.964999994006, "action": [0.0, 0]}, "[1.0, 0]": {"num_count": 3383, "sum_payoffs": 720.9245637861544, "action": [1.0, 0]}}, "1": {"[0.0, 0]": {"num_count": 242, "sum_payoffs": 41.8731428499647, "action": [0.0, 0]}, "[1.0, 0]": {"num_count": 3358, "sum_payoffs": 711.7252780734464, "action": [1.0, 0]}}}, "1": {"0": {"[0.0, 0]": {"num_count": 254, "sum_payoffs": 51.878571419677776, "action": [0.0, 0]}, "[1.0, 0]": {"num_count": 3346, "sum_payoffs": 782.3057141515552, "action": [1.0, 0]}}, "1": {"[1.0, 0]": {"num_count": 3375, "sum_payoffs": 789.3642855789152, "action": [1.0, 0]}, "[0.0, 0]": {"num_count": 225, "sum_payoffs": 44.819999992316426, "action": [0.0, 0]}}}}