{"2": {"0": {"[1.0, 0]": {"num_count": 2842, "sum_payoffs": 360.36971046025366, "action": [1.0, 0]}, "[0.0, 0]": {"num_count": 258, "sum_payoffs": 25.602749995306134, "action": [0.0, 0]}}, "1": {"[1.0, 0]": {"num_count": 2855, "sum_payoffs": 356.1172104610323, "action": [1.0, 0]}, "[0.0, 0]": {"num_count": 245, "sum_payoffs": 23.658749995662557, "action": [0.0, 0]}}}, "1": {"0": {"[1.0, 0]": {"num_count": 2844, "sum_payoffs": 390.74249992839054, "action": [1.0, 0]}, "[0.0, 0]": {"num_count": 256, "sum_payoffs": 30.02999999449446, "action": [0.0, 0]}}, "1": {"[0.0, 0]": {"num_count": 330, "sum_payoffs": 39.54749999274957, "action": [0.0, 0]}, "[1.0, 0]": {"num_count": 2770, "sum_payoffs": 380.4149999302826, "action": [1.0, 0]}}}}