{"2": {"0": {"[0.0, -1.5707963267948966]": {"num_count": 11, "sum_payoffs": 3.497381743385728, "action": [0.0, -1.5707963267948966]}, "[1.0, -1.5707963267948966]": {"num_count": 11, "sum_payoffs": 3.491515111478019, "action": [1.0, -1.5707963267948966]}, "[2.0, 1.5707963267948966]": {"num_count": 11, "sum_payoffs": 3.3754861694321505, "action": [2.0, 1.5707963267948966]}, "[1.0, 0.0]": {"num_count": 12, "sum_payoffs": 4.21785484005663, "action": [1.0, 0.0]}, "[1.0, 1.5707963267948966]": {"num_count": 11, "sum_payoffs": 3.723355712885036, "action": [1.0, 1.5707963267948966]}, "[0.0, 0.0]": {"num_count": 12, "sum_payoffs": 4.09233788841087, "action": [0.0, 0.0]}, "[2.0, 0.0]": {"num_count": 11, "sum_payoffs": 3.732843722484926, "action": [2.0, 0.0]}, "[0.0, 1.5707963267948966]": {"num_count": 11, "sum_payoffs": 3.4046020462859765, "action": [0.0, 1.5707963267948966]}, "[2.0, -1.5707963267948966]": {"num_count": 10, "sum_payoffs": 2.9785107441602534, "action": [2.0, -1.5707963267948966]}}, "1": {"[1.0, 0.0]": {"num_count": 19, "sum_payoffs": 7.578891712404227, "action": [1.0, 0.0]}, "[0.0, -1.5707963267948966]": {"num_count": 15, "sum_payoffs": 4.824109683527751, "action": [0.0, -1.5707963267948966]}, "[0.0, 0.0]": {"num_count": 16, "sum_payoffs": 5.238467721838058, "action": [0.0, 0.0]}, "[0.0, 1.5707963267948966]": {"num_count": 15, "sum_payoffs": 4.737196618335709, "action": [0.0, 1.5707963267948966]}, "[1.0, 1.5707963267948966]": {"num_count": 17, "sum_payoffs": 6.293266409300336, "action": [1.0, 1.5707963267948966]}, "[1.0, -1.5707963267948966]": {"num_count": 18, "sum_payoffs": 6.632227363549298, "action": [1.0, -1.5707963267948966]}}}}