{"5": {"0": {"[1.0, 0.0]": {"num_count": 120, "sum_payoffs": 38.795156416270295, "action": [1.0, 0.0]}, "[2.0, 1.5707963267948966]": {"num_count": 125, "sum_payoffs": 41.350355866902966, "action": [2.0, 1.5707963267948966]}, "[0.0, 1.5707963267948966]": {"num_count": 119, "sum_payoffs": 38.2784095388652, "action": [0.0, 1.5707963267948966]}, "[2.0, 0.0]": {"num_count": 121, "sum_payoffs": 39.453659140575986, "action": [2.0, 0.0]}, "[1.0, 1.5707963267948966]": {"num_count": 121, "sum_payoffs": 39.24566840640428, "action": [1.0, 1.5707963267948966]}, "[0.0, 0.0]": {"num_count": 118, "sum_payoffs": 37.838069698934035, "action": [0.0, 0.0]}, "[0.0, -1.5707963267948966]": {"num_count": 118, "sum_payoffs": 37.95563818077153, "action": [0.0, -1.5707963267948966]}, "[1.0, -1.5707963267948966]": {"num_count": 130, "sum_payoffs": 43.81819254893338, "action": [1.0, -1.5707963267948966]}, "[2.0, -1.5707963267948966]": {"num_count": 128, "sum_payoffs": 42.85787346053068, "action": [2.0, -1.5707963267948966]}}, "1": {"[1.0, 0.0]": {"num_count": 196, "sum_payoffs": 66.91578205818716, "action": [1.0, 0.0]}, "[0.0, -1.5707963267948966]": {"num_count": 172, "sum_payoffs": 55.60065682418268, "action": [0.0, -1.5707963267948966]}, "[1.0, -1.5707963267948966]": {"num_count": 190, "sum_payoffs": 64.1328185516248, "action": [1.0, -1.5707963267948966]}, "[0.0, 0.0]": {"num_count": 177, "sum_payoffs": 57.97999808396217, "action": [0.0, 0.0]}, "[1.0, 1.5707963267948966]": {"num_count": 189, "sum_payoffs": 63.752706837851775, "action": [1.0, 1.5707963267948966]}, "[0.0, 1.5707963267948966]": {"num_count": 176, "sum_payoffs": 57.63947454545721, "action": [0.0, 1.5707963267948966]}}}}