{"2": {"0": {"[0.0, 0]": {"num_count": 1177, "sum_payoffs": 91.92824997931652, "action": [0.0, 0]}, "[1.0, 0]": {"num_count": 1923, "sum_payoffs": 199.15448679728956, "action": [1.0, 0]}}, "1": {"[0.0, 0]": {"num_count": 1167, "sum_payoffs": 90.84318747956043, "action": [0.0, 0]}, "[1.0, 0]": {"num_count": 1933, "sum_payoffs": 201.15079929683978, "action": [1.0, 0]}}}, "1": {"0": {"[1.0, 0]": {"num_count": 1683, "sum_payoffs": 178.23374995989863, "action": [1.0, 0]}, "[0.0, 0]": {"num_count": 1417, "sum_payoffs": 137.66624996902496, "action": [0.0, 0]}}, "1": {"[1.0, 0]": {"num_count": 1682, "sum_payoffs": 178.08187495993278, "action": [1.0, 0]}, "[0.0, 0]": {"num_count": 1418, "sum_payoffs": 137.81812496899076, "action": [0.0, 0]}}}}