{"2": {"0": {"[0.0, 0]": {"num_count": 106, "sum_payoffs": 28.977749989857767, "action": [0.0, 0]}, "[1.0, 0]": {"num_count": 1494, "sum_payoffs": 556.4092498052528, "action": [1.0, 0]}}, "1": {"[1.0, 0]": {"num_count": 1461, "sum_payoffs": 541.6469998104184, "action": [1.0, 0]}, "[0.0, 0]": {"num_count": 139, "sum_payoffs": 39.730499986094216, "action": [0.0, 0]}}}, "1": {"0": {"[1.0, 0]": {"num_count": 1449, "sum_payoffs": 592.5149997926216, "action": [1.0, 0]}, "[0.0, 0]": {"num_count": 151, "sum_payoffs": 49.81499998256467, "action": [0.0, 0]}}, "1": {"[1.0, 0]": {"num_count": 1499, "sum_payoffs": 618.0299997836884, "action": [1.0, 0]}, "[0.0, 0]": {"num_count": 101, "sum_payoffs": 35.63999998752601, "action": [0.0, 0]}}}}