{"2": {"0": {"[1.0, 0]": {"num_count": 1159, "sum_payoffs": 443.77874990015397, "action": [1.0, 0]}, "[0.0, 0]": {"num_count": 441, "sum_payoffs": 137.78099996899905, "action": [0.0, 0]}}, "1": {"[1.0, 0]": {"num_count": 1156, "sum_payoffs": 445.054499899867, "action": [1.0, 0]}, "[0.0, 0]": {"num_count": 444, "sum_payoffs": 140.15024996846594, "action": [0.0, 0]}}}, "1": {"0": {"[0.0, 0]": {"num_count": 584, "sum_payoffs": 222.1424999500194, "action": [0.0, 0]}, "[1.0, 0]": {"num_count": 1016, "sum_payoffs": 425.45249990426686, "action": [1.0, 0]}}, "1": {"[0.0, 0]": {"num_count": 593, "sum_payoffs": 226.59749994901708, "action": [0.0, 0]}, "[1.0, 0]": {"num_count": 1007, "sum_payoffs": 421.8074999050871, "action": [1.0, 0]}}}}