{"2": {"0": {"[1.0, 0]": {"num_count": 59, "sum_payoffs": 20.482863153798167, "action": [1.0, 0]}, "[0.0, 0]": {"num_count": 41, "sum_payoffs": 10.88819999782236, "action": [0.0, 0]}}, "1": {"[1.0, 0]": {"num_count": 60, "sum_payoffs": 20.724063153749935, "action": [1.0, 0]}, "[0.0, 0]": {"num_count": 40, "sum_payoffs": 10.35539999792892, "action": [0.0, 0]}}}, "1": {"0": {"[1.0, 0]": {"num_count": 58, "sum_payoffs": 20.7719999958456, "action": [1.0, 0]}, "[0.0, 0]": {"num_count": 42, "sum_payoffs": 12.005999997598803, "action": [0.0, 0]}}, "1": {"[0.0, 0]": {"num_count": 40, "sum_payoffs": 11.195999997760802, "action": [0.0, 0]}, "[1.0, 0]": {"num_count": 60, "sum_payoffs": 21.9059999956188, "action": [1.0, 0]}}}}