{"2": {"0": {"[0.0, 0]": {"num_count": 795, "sum_payoffs": 2.609999998434, "action": [0.0, 0]}, "[1.0, 0]": {"num_count": 805, "sum_payoffs": 3.329999998002, "action": [1.0, 0]}}, "1": {"[0.0, 0]": {"num_count": 795, "sum_payoffs": 2.609999998434, "action": [0.0, 0]}, "[1.0, 0]": {"num_count": 805, "sum_payoffs": 3.329999998002, "action": [1.0, 0]}}}, "1": {"0": {"[1.0, 0]": {"num_count": 806, "sum_payoffs": 1.79999999892, "action": [1.0, 0]}, "[0.0, 0]": {"num_count": 794, "sum_payoffs": 0.89999999946, "action": [0.0, 0]}}, "1": {"[0.0, 0]": {"num_count": 794, "sum_payoffs": 0.89999999946, "action": [0.0, 0]}, "[1.0, 0]": {"num_count": 806, "sum_payoffs": 1.79999999892, "action": [1.0, 0]}}}}