{"2": {"0": {"[1.0, 0]": {"num_count": 2393, "sum_payoffs": 322.5952499139808, "action": [1.0, 0]}, "[0.0, 0]": {"num_count": 1207, "sum_payoffs": 121.95678944116015, "action": [0.0, 0]}}, "1": {"[1.0, 0]": {"num_count": 2395, "sum_payoffs": 323.48696044005897, "action": [1.0, 0]}, "[0.0, 0]": {"num_count": 1205, "sum_payoffs": 121.7940789148879, "action": [0.0, 0]}}}, "1": {"0": {"[0.0, 0]": {"num_count": 1454, "sum_payoffs": 180.68999995181787, "action": [0.0, 0]}, "[1.0, 0]": {"num_count": 2146, "sum_payoffs": 306.97499991814914, "action": [1.0, 0]}}, "1": {"[1.0, 0]": {"num_count": 2144, "sum_payoffs": 306.7724999182031, "action": [1.0, 0]}, "[0.0, 0]": {"num_count": 1456, "sum_payoffs": 181.1624999516919, "action": [0.0, 0]}}}}