{"runtime": 43.212486743927, "winner": [0, 1], "T_terminal": 12, "trajectories": [[1.0, 3.0, 0.0, 3.0, 3.0, 0.0, 0.0], [3.0, 3.0, 4.71238898038469, 4.0, 3.0, 1.5707963267948966, 1.0], [2.9999999999999996, 1.0, 4.71238898038469, 4.0, 4.0, 0.0, 2.0], [2.9999999999999996, 1.0, 4.71238898038469, 5.0, 4.0, 1.5707963267948966, 3.0], [2.9999999999999996, 1.0, 3.141592653589793, 5.0, 5.0, 0.0, 4.0], [2.9999999999999996, 1.0, 4.71238898038469, 6.0, 5.0, 4.71238898038469, 5.0], [2.9999999999999996, 1.0, 0.0, 6.0, 5.0, 0.0, 6.0], [5.0, 1.0, 0.0, 7.0, 5.0, 0.0, 7.0], [5.0, 1.0, 0.0, 8.0, 5.0, 4.71238898038469, 8.0], [5.0, 1.0, 4.71238898038469, 8.0, 4.0, 4.71238898038469, 9.0], [5.0, 1.0, 0.0, 8.0, 3.0, 0.0, 10.0], [6.0, 1.0, 1.5707963267948966, 8.0, 3.0, 1.5707963267948966, 11.0], [6.0, 2.0, 3.141592653589793, 8.0, 3.0, 1.5707963267948966, 12.0]], "penalty_distance_0": [-3.6787944117144233, -0.4232921962320499, -0.27172461172235546, -0.1142289099346694, -0.06737946999085467, -0.06737946999085467, -0.1142289099346694, -0.06737946999085467, -0.1436959609043909, -0.2717246117223556, -0.5910574656195623, -1.0687792566038574], "penalty_distance_1": [-3.6787944117144233, -0.4232921962320499, -0.27172461172235546, -0.1142289099346694, -0.06737946999085467, -0.06737946999085467, -0.1142289099346694, -0.06737946999085467, -0.1436959609043909, -0.2717246117223556, -0.5910574656195623, -1.0687792566038574], "reward_progress_0": [0.0, -0.0, 0.0, 0.0, 0.0, 0.0, 0.0, 0.0, 0.0, 0.0, 0.0, 0.0], "reward_progress_1": [0.0, 0.0, 0.0, 0.0, 0.0, 0.0, 0.0, 0.0, 0.0, 0.0, 0.0, 0.0], "penalty_agressor_0": [0.0, 0.0, 0.0, 0.0, 0.0, 0.0, 0.0, 0.0, 0.0, 0.0, 0.0, 0.0], "penalty_agressor_1": [0.0, 0.0, 0.0, 0.0, 0.0, 0.0, 0.0, 0.0, 0.0, 0.0, 0.0, 0.0], "penalty_timestep_0": [-1.2000000000000002], "penalty_timestep_1": [-1.2000000000000002], "reward_lead_0": [-2.0], "reward_lead_1": [2.0], "payoff_total_0": [-3.6787944117144233, -4.1020866079464735, -4.373811219668829, -4.488040129603498, -4.555419599594353, -4.622799069585208, -4.737027979519878, -4.804407449510733, -4.948103410415124, -5.219828022137479, -5.810885487757042, -6.879664744360899, -10.0796647443609], "payoff_total_1": [-3.6787944117144233, -4.1020866079464735, -4.373811219668829, -4.488040129603498, -4.555419599594353, -4.622799069585208, -4.737027979519878, -4.804407449510733, -4.948103410415124, -5.219828022137479, -5.810885487757042, -6.879664744360899, -6.079664744360899]}