{"2": {"0": {"[1.0, 0]": {"num_count": 2280, "sum_payoffs": 235.46779928911562, "action": [1.0, 0]}, "[0.0, 0]": {"num_count": 1320, "sum_payoffs": 101.13187497724526, "action": [0.0, 0]}}, "1": {"[0.0, 0]": {"num_count": 1308, "sum_payoffs": 99.77343747755094, "action": [0.0, 0]}, "[1.0, 0]": {"num_count": 2292, "sum_payoffs": 237.55523678864571, "action": [1.0, 0]}}}, "1": {"0": {"[0.0, 0]": {"num_count": 1546, "sum_payoffs": 145.36124996729217, "action": [0.0, 0]}, "[1.0, 0]": {"num_count": 2054, "sum_payoffs": 221.1131249502539, "action": [1.0, 0]}}, "1": {"[1.0, 0]": {"num_count": 2051, "sum_payoffs": 220.75874995033362, "action": [1.0, 0]}, "[0.0, 0]": {"num_count": 1549, "sum_payoffs": 145.81687496718968, "action": [0.0, 0]}}}}