{"2": {"0": {"[1.0, 0]": {"num_count": 1914, "sum_payoffs": 357.26512487496325, "action": [1.0, 0]}, "[0.0, 0]": {"num_count": 186, "sum_payoffs": 26.819467095876245, "action": [0.0, 0]}}, "1": {"[1.0, 0]": {"num_count": 1933, "sum_payoffs": 367.65337487132837, "action": [1.0, 0]}, "[0.0, 0]": {"num_count": 167, "sum_payoffs": 24.085717096833083, "action": [0.0, 0]}}}, "1": {"0": {"[0.0, 0]": {"num_count": 185, "sum_payoffs": 34.87499998779368, "action": [0.0, 0]}, "[1.0, 0]": {"num_count": 1915, "sum_payoffs": 394.55999986189414, "action": [1.0, 0]}}, "1": {"[1.0, 0]": {"num_count": 1859, "sum_payoffs": 380.8912498666798, "action": [1.0, 0]}, "[0.0, 0]": {"num_count": 241, "sum_payoffs": 42.67124998506497, "action": [0.0, 0]}}}}