{"2": {"0": {"[2.0, 0.0]": {"num_count": 605, "sum_payoffs": 155.58825657044386, "action": [2.0, 0.0]}, "[2.0, 1.5707963267948966]": {"num_count": 503, "sum_payoffs": 121.25850116401068, "action": [2.0, 1.5707963267948966]}, "[2.0, -1.5707963267948966]": {"num_count": 502, "sum_payoffs": 120.94843880393081, "action": [2.0, -1.5707963267948966]}, "[1.0, -1.5707963267948966]": {"num_count": 423, "sum_payoffs": 95.02835537173675, "action": [1.0, -1.5707963267948966]}, "[1.0, 0.0]": {"num_count": 505, "sum_payoffs": 121.92693506290874, "action": [1.0, 0.0]}, "[0.0, -1.5707963267948966]": {"num_count": 359, "sum_payoffs": 74.51687198641447, "action": [0.0, -1.5707963267948966]}, "[0.0, 0.0]": {"num_count": 426, "sum_payoffs": 95.95651448044534, "action": [0.0, 0.0]}, "[1.0, 1.5707963267948966]": {"num_count": 420, "sum_payoffs": 94.07513632923583, "action": [1.0, 1.5707963267948966]}, "[0.0, 1.5707963267948966]": {"num_count": 357, "sum_payoffs": 73.9084805300702, "action": [0.0, 1.5707963267948966]}}, "1": {"[1.0, 0.0]": {"num_count": 819, "sum_payoffs": 236.5521586639185, "action": [1.0, 0.0]}, "[0.0, 1.5707963267948966]": {"num_count": 582, "sum_payoffs": 152.58501181651815, "action": [0.0, 1.5707963267948966]}, "[0.0, -1.5707963267948966]": {"num_count": 585, "sum_payoffs": 153.67435844737258, "action": [0.0, -1.5707963267948966]}, "[1.0, 1.5707963267948966]": {"num_count": 721, "sum_payoffs": 201.415813798703, "action": [1.0, 1.5707963267948966]}, "[1.0, -1.5707963267948966]": {"num_count": 729, "sum_payoffs": 204.33044343993268, "action": [1.0, -1.5707963267948966]}, "[0.0, 0.0]": {"num_count": 664, "sum_payoffs": 181.2687858667918, "action": [0.0, 0.0]}}}}