{"2": {"0": {"[0.0, 0]": {"num_count": 2301, "sum_payoffs": 5.84999999844, "action": [0.0, 0]}, "[1.0, 0]": {"num_count": 2299, "sum_payoffs": 5.759999998464, "action": [1.0, 0]}}, "1": {"[1.0, 0]": {"num_count": 2308, "sum_payoffs": 6.186315787824, "action": [1.0, 0]}, "[0.0, 0]": {"num_count": 2292, "sum_payoffs": 5.42368420908, "action": [0.0, 0]}}}, "1": {"0": {"[0.0, 0]": {"num_count": 2310, "sum_payoffs": 1.79999999952, "action": [0.0, 0]}, "[1.0, 0]": {"num_count": 2290, "sum_payoffs": 0.89999999976, "action": [1.0, 0]}}, "1": {"[1.0, 0]": {"num_count": 2310, "sum_payoffs": 1.79999999952, "action": [1.0, 0]}, "[0.0, 0]": {"num_count": 2290, "sum_payoffs": 0.89999999976, "action": [0.0, 0]}}}}