{"11": {"0": {"[2.0, 0.0]": {"num_count": 244, "sum_payoffs": 55.920704711507106, "action": [2.0, 0.0]}, "[0.0, 0.0]": {"num_count": 229, "sum_payoffs": 50.53481312627169, "action": [0.0, 0.0]}, "[0.0, 1.5707963267948966]": {"num_count": 222, "sum_payoffs": 48.13745006534516, "action": [0.0, 1.5707963267948966]}, "[2.0, -1.5707963267948966]": {"num_count": 240, "sum_payoffs": 54.4240665758044, "action": [2.0, -1.5707963267948966]}, "[0.0, -1.5707963267948966]": {"num_count": 226, "sum_payoffs": 49.533258045152124, "action": [0.0, -1.5707963267948966]}, "[1.0, -1.5707963267948966]": {"num_count": 236, "sum_payoffs": 53.072474259456065, "action": [1.0, -1.5707963267948966]}, "[2.0, 1.5707963267948966]": {"num_count": 238, "sum_payoffs": 53.73547908204203, "action": [2.0, 1.5707963267948966]}, "[1.0, 0.0]": {"num_count": 235, "sum_payoffs": 52.77818698928055, "action": [1.0, 0.0]}, "[1.0, 1.5707963267948966]": {"num_count": 230, "sum_payoffs": 50.99410294100907, "action": [1.0, 1.5707963267948966]}}, "1": {"[2.0, 1.5707963267948966]": {"num_count": 237, "sum_payoffs": 64.09263038267999, "action": [2.0, 1.5707963267948966]}, "[0.0, -1.5707963267948966]": {"num_count": 206, "sum_payoffs": 51.87412226347609, "action": [0.0, -1.5707963267948966]}, "[2.0, 0.0]": {"num_count": 269, "sum_payoffs": 76.90570247379091, "action": [2.0, 0.0]}, "[1.0, 1.5707963267948966]": {"num_count": 226, "sum_payoffs": 59.75693253616365, "action": [1.0, 1.5707963267948966]}, "[0.0, 0.0]": {"num_count": 224, "sum_payoffs": 59.00896105555924, "action": [0.0, 0.0]}, "[1.0, 0.0]": {"num_count": 246, "sum_payoffs": 67.70381997666674, "action": [1.0, 0.0]}, "[1.0, -1.5707963267948966]": {"num_count": 233, "sum_payoffs": 62.48794909148461, "action": [1.0, -1.5707963267948966]}, "[2.0, -1.5707963267948966]": {"num_count": 251, "sum_payoffs": 69.6328738724089, "action": [2.0, -1.5707963267948966]}, "[0.0, 1.5707963267948966]": {"num_count": 208, "sum_payoffs": 52.7143328892153, "action": [0.0, 1.5707963267948966]}}}}