{"alphat_eff_gamelength_8": {"mean": 1.2307692307692306, "variance": 4.930380657631324e-32}, "runtime_gamelength_8": {"mean": 1.8579924345016479, "variance": 0.05467647777252808}, "max_timestep": {"mean": 8.0, "variance": 0.0}, "winner": {"mean": [0.0, 0.0], "variance": [0.0, 0.0]}, "runtime": {"mean": 1.8583808422088623, "variance": 0.05477387328042823}, "T_terminal": {"mean": 1.0, "variance": 0.0}, "trajectory_0": {"mean": [[1.0, 3.0, 0.0, 0.0], [2.0, 3.0, -0.15707963267948966, 1.0]], "variance": [[0.0, 0.0, 0.0, 0.0], [0.4, 0.0, 1.7025067591879144, 0.0]]}, "trajectory_1": {"mean": [[3.0, 3.0, 0.0, 0.0], [3.9, 3.0, 0.0, 1.0]], "variance": [[0.0, 0.0, 0.0, 0.0], [0.09, 0.0, 0.9869604401089358, 0.0]]}, "coll_payoff_0": {"mean": [0.9], "variance": [0.09000000000000001]}, "lead_payoff_0": {"mean": [0.36666666666666675], "variance": [0.07666666666666665]}, "coll_payoff_1": {"mean": [0.9], "variance": [0.09000000000000001]}, "lead_payoff_1": {"mean": [0.6333333333333334], "variance": [0.07666666666666663]}, "payoff_total": {"mean": [[0.5007662834519986, 0.6325670497157792]], "variance": [[0.0017822697841802543, 0.011731184213386297]]}, "final_lead_payoff_0": {"mean": [0.4344827586206896], "variance": [0.0008204518430439952]}, "final_lead_payoff_1": {"mean": [0.5655172413793104], "variance": [0.0008204518430439955]}}