{"2": {"0": {"[0.0, 0]": {"num_count": 738, "sum_payoffs": 73.82324998031272, "action": [0.0, 0]}, "[1.0, 0]": {"num_count": 1362, "sum_payoffs": 187.9799999498703, "action": [1.0, 0]}}, "1": {"[0.0, 0]": {"num_count": 731, "sum_payoffs": 73.04024998052155, "action": [0.0, 0]}, "[1.0, 0]": {"num_count": 1369, "sum_payoffs": 190.09949994930508, "action": [1.0, 0]}}}, "1": {"0": {"[0.0, 0]": {"num_count": 985, "sum_payoffs": 129.86249996536824, "action": [0.0, 0]}, "[1.0, 0]": {"num_count": 1115, "sum_payoffs": 155.36999995856792, "action": [1.0, 0]}}, "1": {"[0.0, 0]": {"num_count": 985, "sum_payoffs": 129.92999996535025, "action": [0.0, 0]}, "[1.0, 0]": {"num_count": 1115, "sum_payoffs": 155.4374999585499, "action": [1.0, 0]}}}}