{"2": {"0": {"[0.0, 0]": {"num_count": 1286, "sum_payoffs": 2.1836842097620264, "action": [0.0, 0]}, "[1.0, 0]": {"num_count": 1314, "sum_payoffs": 3.7563157881589744, "action": [1.0, 0]}}, "1": {"[0.0, 0]": {"num_count": 1286, "sum_payoffs": 2.1836842097620264, "action": [0.0, 0]}, "[1.0, 0]": {"num_count": 1314, "sum_payoffs": 3.7563157881589744, "action": [1.0, 0]}}}, "1": {"0": {"[0.0, 0]": {"num_count": 1292, "sum_payoffs": 0.899999999685, "action": [0.0, 0]}, "[1.0, 0]": {"num_count": 1308, "sum_payoffs": 1.79999999937, "action": [1.0, 0]}}, "1": {"[1.0, 0]": {"num_count": 1308, "sum_payoffs": 1.79999999937, "action": [1.0, 0]}, "[0.0, 0]": {"num_count": 1292, "sum_payoffs": 0.899999999685, "action": [0.0, 0]}}}}