{"2": {"0": {"[0.0, 0]": {"num_count": 227, "sum_payoffs": 23.057999995772686, "action": [0.0, 0]}, "[1.0, 0]": {"num_count": 2373, "sum_payoffs": 300.2197104712732, "action": [1.0, 0]}}, "1": {"[0.0, 0]": {"num_count": 228, "sum_payoffs": 23.11124999576294, "action": [0.0, 0]}, "[1.0, 0]": {"num_count": 2372, "sum_payoffs": 298.1009604716614, "action": [1.0, 0]}}}, "1": {"0": {"[1.0, 0]": {"num_count": 2271, "sum_payoffs": 311.9699999428241, "action": [1.0, 0]}, "[0.0, 0]": {"num_count": 329, "sum_payoffs": 38.39999999295995, "action": [0.0, 0]}}, "1": {"[1.0, 0]": {"num_count": 2383, "sum_payoffs": 328.97999993970694, "action": [1.0, 0]}, "[0.0, 0]": {"num_count": 217, "sum_payoffs": 26.24999999518747, "action": [0.0, 0]}}}}