{"8": {"0": {"[1.0, 0.0]": {"num_count": 11, "sum_payoffs": 3.2006992421341094, "action": [1.0, 0.0]}, "[2.0, 0.0]": {"num_count": 11, "sum_payoffs": 2.770008131653551, "action": [2.0, 0.0]}, "[2.0, -1.5707963267948966]": {"num_count": 11, "sum_payoffs": 2.8969188834540462, "action": [2.0, -1.5707963267948966]}, "[0.0, 1.5707963267948966]": {"num_count": 11, "sum_payoffs": 3.15512368194463, "action": [0.0, 1.5707963267948966]}, "[1.0, 1.5707963267948966]": {"num_count": 11, "sum_payoffs": 3.11875863246526, "action": [1.0, 1.5707963267948966]}, "[2.0, 1.5707963267948966]": {"num_count": 11, "sum_payoffs": 3.2166856905277457, "action": [2.0, 1.5707963267948966]}, "[1.0, -1.5707963267948966]": {"num_count": 12, "sum_payoffs": 3.476521716203527, "action": [1.0, -1.5707963267948966]}, "[0.0, -1.5707963267948966]": {"num_count": 11, "sum_payoffs": 3.203199617338007, "action": [0.0, -1.5707963267948966]}, "[0.0, 0.0]": {"num_count": 11, "sum_payoffs": 3.062729183578735, "action": [0.0, 0.0]}}, "1": {"[0.0, 1.5707963267948966]": {"num_count": 16, "sum_payoffs": 4.279022241219065, "action": [0.0, 1.5707963267948966]}, "[1.0, 0.0]": {"num_count": 16, "sum_payoffs": 4.269872176638073, "action": [1.0, 0.0]}, "[0.0, -1.5707963267948966]": {"num_count": 16, "sum_payoffs": 4.174966579919581, "action": [0.0, -1.5707963267948966]}, "[1.0, 1.5707963267948966]": {"num_count": 17, "sum_payoffs": 4.506995595474237, "action": [1.0, 1.5707963267948966]}, "[0.0, 0.0]": {"num_count": 18, "sum_payoffs": 5.267996967651939, "action": [0.0, 0.0]}, "[1.0, -1.5707963267948966]": {"num_count": 17, "sum_payoffs": 4.706370004378318, "action": [1.0, -1.5707963267948966]}}}}