{"4": {"0": {"[2.0, -1.5707963267948966]": {"num_count": 128, "sum_payoffs": 42.65965973579387, "action": [2.0, -1.5707963267948966]}, "[1.0, 1.5707963267948966]": {"num_count": 117, "sum_payoffs": 37.16611784202537, "action": [1.0, 1.5707963267948966]}, "[1.0, -1.5707963267948966]": {"num_count": 120, "sum_payoffs": 38.67729071960832, "action": [1.0, -1.5707963267948966]}, "[2.0, 0.0]": {"num_count": 133, "sum_payoffs": 45.009760581390175, "action": [2.0, 0.0]}, "[1.0, 0.0]": {"num_count": 130, "sum_payoffs": 43.38856599489515, "action": [1.0, 0.0]}, "[0.0, 1.5707963267948966]": {"num_count": 116, "sum_payoffs": 36.55774050956642, "action": [0.0, 1.5707963267948966]}, "[0.0, -1.5707963267948966]": {"num_count": 115, "sum_payoffs": 36.18629701101037, "action": [0.0, -1.5707963267948966]}, "[2.0, 1.5707963267948966]": {"num_count": 124, "sum_payoffs": 40.68863061474499, "action": [2.0, 1.5707963267948966]}, "[0.0, 0.0]": {"num_count": 117, "sum_payoffs": 37.05620276295827, "action": [0.0, 0.0]}}, "1": {"[0.0, -1.5707963267948966]": {"num_count": 103, "sum_payoffs": 37.33956519669244, "action": [0.0, -1.5707963267948966]}, "[2.0, -1.5707963267948966]": {"num_count": 136, "sum_payoffs": 55.767798744669186, "action": [2.0, -1.5707963267948966]}, "[2.0, 0.0]": {"num_count": 142, "sum_payoffs": 59.33174637343586, "action": [2.0, 0.0]}, "[1.0, 1.5707963267948966]": {"num_count": 118, "sum_payoffs": 45.69547860579726, "action": [1.0, 1.5707963267948966]}, "[1.0, 0.0]": {"num_count": 124, "sum_payoffs": 49.08986074716342, "action": [1.0, 0.0]}, "[1.0, -1.5707963267948966]": {"num_count": 118, "sum_payoffs": 45.64188385156139, "action": [1.0, -1.5707963267948966]}, "[0.0, 0.0]": {"num_count": 118, "sum_payoffs": 45.65370814304497, "action": [0.0, 0.0]}, "[2.0, 1.5707963267948966]": {"num_count": 135, "sum_payoffs": 55.32181189515631, "action": [2.0, 1.5707963267948966]}, "[0.0, 1.5707963267948966]": {"num_count": 106, "sum_payoffs": 39.03734726671314, "action": [0.0, 1.5707963267948966]}}}}