{"10": {"0": {"[1.0, 1.5707963267948966]": {"num_count": 281, "sum_payoffs": 63.80451715865035, "action": [1.0, 1.5707963267948966]}, "[2.0, 0.0]": {"num_count": 307, "sum_payoffs": 72.84588378530395, "action": [2.0, 0.0]}, "[1.0, 0.0]": {"num_count": 295, "sum_payoffs": 68.66419165953879, "action": [1.0, 0.0]}, "[0.0, -1.5707963267948966]": {"num_count": 280, "sum_payoffs": 63.48822036007849, "action": [0.0, -1.5707963267948966]}, "[0.0, 1.5707963267948966]": {"num_count": 271, "sum_payoffs": 60.31994967696203, "action": [0.0, 1.5707963267948966]}, "[2.0, 1.5707963267948966]": {"num_count": 297, "sum_payoffs": 69.37271535329414, "action": [2.0, 1.5707963267948966]}, "[0.0, 0.0]": {"num_count": 280, "sum_payoffs": 63.43901490280137, "action": [0.0, 0.0]}, "[1.0, -1.5707963267948966]": {"num_count": 285, "sum_payoffs": 65.23452309856651, "action": [1.0, -1.5707963267948966]}, "[2.0, -1.5707963267948966]": {"num_count": 304, "sum_payoffs": 71.77032650374558, "action": [2.0, -1.5707963267948966]}}, "1": {"[2.0, -1.5707963267948966]": {"num_count": 309, "sum_payoffs": 88.78374620746288, "action": [2.0, -1.5707963267948966]}, "[0.0, 0.0]": {"num_count": 275, "sum_payoffs": 75.26984144994431, "action": [0.0, 0.0]}, "[0.0, -1.5707963267948966]": {"num_count": 266, "sum_payoffs": 71.74457307215012, "action": [0.0, -1.5707963267948966]}, "[1.0, -1.5707963267948966]": {"num_count": 277, "sum_payoffs": 76.00613255529346, "action": [1.0, -1.5707963267948966]}, "[1.0, 0.0]": {"num_count": 299, "sum_payoffs": 84.69846547536442, "action": [1.0, 0.0]}, "[2.0, 0.0]": {"num_count": 339, "sum_payoffs": 100.85940061870238, "action": [2.0, 0.0]}, "[2.0, 1.5707963267948966]": {"num_count": 307, "sum_payoffs": 87.84504197268468, "action": [2.0, 1.5707963267948966]}, "[1.0, 1.5707963267948966]": {"num_count": 278, "sum_payoffs": 76.35493162680608, "action": [1.0, 1.5707963267948966]}, "[0.0, 1.5707963267948966]": {"num_count": 250, "sum_payoffs": 65.44979511595358, "action": [0.0, 1.5707963267948966]}}}}