{"2": {"0": {"[1.0, 0]": {"num_count": 315, "sum_payoffs": 5.376315788264013, "action": [1.0, 0]}, "[0.0, 0]": {"num_count": 285, "sum_payoffs": 4.1399999990685, "action": [0.0, 0]}}, "1": {"[0.0, 0]": {"num_count": 285, "sum_payoffs": 4.1399999990685, "action": [0.0, 0]}, "[1.0, 0]": {"num_count": 315, "sum_payoffs": 5.376315788264013, "action": [1.0, 0]}}}, "1": {"0": {"[0.0, 0]": {"num_count": 304, "sum_payoffs": 0.8999999997975, "action": [0.0, 0]}, "[1.0, 0]": {"num_count": 296, "sum_payoffs": 1.799999999595, "action": [1.0, 0]}}, "1": {"[1.0, 0]": {"num_count": 347, "sum_payoffs": 1.799999999595, "action": [1.0, 0]}, "[0.0, 0]": {"num_count": 253, "sum_payoffs": 0.8999999997975, "action": [0.0, 0]}}}}