{"2": {"0": {"[0.0, 0]": {"num_count": 924, "sum_payoffs": 173.5460999652912, "action": [0.0, 0]}, "[1.0, 0]": {"num_count": 2176, "sum_payoffs": 508.765026214022, "action": [1.0, 0]}}, "1": {"[0.0, 0]": {"num_count": 926, "sum_payoffs": 174.4208999651168, "action": [0.0, 0]}, "[1.0, 0]": {"num_count": 2174, "sum_payoffs": 508.98372621397806, "action": [1.0, 0]}}}, "1": {"0": {"[1.0, 0]": {"num_count": 1849, "sum_payoffs": 464.7284999070445, "action": [1.0, 0]}, "[0.0, 0]": {"num_count": 1251, "sum_payoffs": 289.2869999421371, "action": [0.0, 0]}}, "1": {"[1.0, 0]": {"num_count": 1848, "sum_payoffs": 464.7284999070445, "action": [1.0, 0]}, "[0.0, 0]": {"num_count": 1252, "sum_payoffs": 289.77299994203986, "action": [0.0, 0]}}}}