{"2": {"0": {"[1.0, 0]": {"num_count": 377, "sum_payoffs": 66.5515894603738, "action": [1.0, 0]}, "[0.0, 0]": {"num_count": 223, "sum_payoffs": 27.051299994589815, "action": [0.0, 0]}}, "1": {"[0.0, 0]": {"num_count": 227, "sum_payoffs": 28.12049999437598, "action": [0.0, 0]}, "[1.0, 0]": {"num_count": 373, "sum_payoffs": 65.62818946055852, "action": [1.0, 0]}}}, "1": {"0": {"[0.0, 0]": {"num_count": 256, "sum_payoffs": 37.55699999248847, "action": [0.0, 0]}, "[1.0, 0]": {"num_count": 344, "sum_payoffs": 61.26299998774707, "action": [1.0, 0]}}, "1": {"[0.0, 0]": {"num_count": 256, "sum_payoffs": 37.637999992472274, "action": [0.0, 0]}, "[1.0, 0]": {"num_count": 344, "sum_payoffs": 61.343999987730875, "action": [1.0, 0]}}}}