{"runtime": 0.6768491268157959, "winner": [0, 1], "T_terminal": 12, "trajectories": [[1.0, 3.0, 0.0, 3.0, 3.0, 0.0, 0.0], [2.0, 3.0, 4.71238898038469, 4.0, 3.0, 0.0, 1.0], [1.9999999999999998, 2.0, 3.141592653589793, 4.0, 3.0, 1.5707963267948966, 2.0], [1.9999999999999998, 2.0, 3.141592653589793, 4.0, 4.0, 0.0, 3.0], [1.9999999999999998, 2.0, 3.141592653589793, 5.0, 4.0, 4.71238898038469, 4.0], [1.9999999999999998, 2.0, 1.5707963267948966, 5.0, 3.0, 3.141592653589793, 5.0], [1.9999999999999998, 2.0, 3.141592653589793, 5.0, 3.0, 4.71238898038469, 6.0], [1.9999999999999998, 2.0, 3.141592653589793, 5.0, 2.0, 0.0, 7.0], [1.9999999999999998, 2.0, 1.5707963267948966, 5.0, 2.0, 0.0, 8.0], [1.9999999999999998, 3.0, 0.0, 6.0, 2.0, 4.71238898038469, 9.0], [3.0, 3.0, 1.5707963267948966, 6.0, 2.0, 4.71238898038469, 10.0], [3.0, 5.0, 1.5707963267948966, 6.0, 1.0, 4.71238898038469, 11.0], [3.0, 5.0, 0.0, 6.0, 1.0, 3.141592653589793, 12.0]], "penalty_distance_0": [-0.027067056647322542, -0.02137558513207715, -0.011821149312391246, -0.005434492234447113, -0.008465843924640998, -0.008465843924640998, -0.00995741367357279, -0.00995741367357279, -0.0032388286638325124, -0.008465843924640998, -0.0013475893998170934, -0.0013475893998170934], "penalty_distance_1": [-0.027067056647322542, -0.02137558513207715, -0.011821149312391246, -0.005434492234447113, -0.008465843924640998, -0.008465843924640998, -0.00995741367357279, -0.00995741367357279, -0.0032388286638325124, -0.008465843924640998, -0.0013475893998170934, -0.0013475893998170934], "reward_progress_0": [0.0, -0.0, 0.0, 0.0, 0.0, 0.0, 0.0, 0.0, 0.0, 0.0, 0.0, 0.0], "reward_progress_1": [0.0, 0.0, 0.0, 0.0, 0.0, 0.0, 0.0, 0.0, 0.0, 0.0, 0.0, 0.0], "penalty_agressor_0": [0.0, 0.0, 0.0, 0.0, 0.0, 0.0, 0.0, 0.0, 0.0, 0.0, 0.0, 0.0], "penalty_agressor_1": [0.0, 0.0, 0.0, 0.0, 0.0, 0.0, 0.0, 0.0, 0.0, 0.0, 0.0, 0.0], "penalty_timestep_0": [-12.0], "penalty_timestep_1": [-12.0], "reward_lead_0": [-3.0], "reward_lead_1": [3.0], "payoff_total0": [-0.027067056647322542, -0.04844264177939969, -0.06026379109179094, -0.06569828332623805, -0.07416412725087905, -0.08262997117552005, -0.09258738484909285, -0.10254479852266564, -0.10578362718649816, -0.11424947111113916, -0.11559706051095625, -0.11694464991077334, -15.116944649910772], "payoff_total1": [-0.027067056647322542, -0.04844264177939969, -0.06026379109179094, -0.06569828332623805, -0.07416412725087905, -0.08262997117552005, -0.09258738484909285, -0.10254479852266564, -0.10578362718649816, -0.11424947111113916, -0.11559706051095625, -0.11694464991077334, -9.116944649910772]}