{"2": {"0": {"[0.0, 0]": {"num_count": 1041, "sum_payoffs": 4.949999998267501, "action": [0.0, 0]}, "[1.0, 0]": {"num_count": 1059, "sum_payoffs": 6.186315787308475, "action": [1.0, 0]}}, "1": {"[0.0, 0]": {"num_count": 1067, "sum_payoffs": 6.659999997669001, "action": [0.0, 0]}, "[1.0, 0]": {"num_count": 1033, "sum_payoffs": 4.476315787906974, "action": [1.0, 0]}}}, "1": {"0": {"[0.0, 0]": {"num_count": 1043, "sum_payoffs": 0.899999999685, "action": [0.0, 0]}, "[1.0, 0]": {"num_count": 1057, "sum_payoffs": 1.79999999937, "action": [1.0, 0]}}, "1": {"[1.0, 0]": {"num_count": 1043, "sum_payoffs": 0.899999999685, "action": [1.0, 0]}, "[0.0, 0]": {"num_count": 1057, "sum_payoffs": 1.79999999937, "action": [0.0, 0]}}}}