{"2": {"0": {"[1.0, 0]": {"num_count": 3843, "sum_payoffs": 1130.192999773957, "action": [1.0, 0]}, "[0.0, 0]": {"num_count": 257, "sum_payoffs": 58.564799988287206, "action": [0.0, 0]}}, "1": {"[1.0, 0]": {"num_count": 3839, "sum_payoffs": 1141.000199771792, "action": [1.0, 0]}, "[0.0, 0]": {"num_count": 261, "sum_payoffs": 64.96199998700779, "action": [0.0, 0]}}}, "1": {"0": {"[1.0, 0]": {"num_count": 3868, "sum_payoffs": 1264.7699997470354, "action": [1.0, 0]}, "[0.0, 0]": {"num_count": 232, "sum_payoffs": 65.62799998687406, "action": [0.0, 0]}}, "1": {"[1.0, 0]": {"num_count": 3844, "sum_payoffs": 1255.5359997488804, "action": [1.0, 0]}, "[0.0, 0]": {"num_count": 256, "sum_payoffs": 71.94599998561038, "action": [0.0, 0]}}}}