{"12": {"0": {"[0.0, 1.5707963267948966]": {"num_count": 67, "sum_payoffs": 14.693841663796965, "action": [0.0, 1.5707963267948966]}, "[0.0, 0.0]": {"num_count": 67, "sum_payoffs": 14.67945180038856, "action": [0.0, 0.0]}, "[0.0, -1.5707963267948966]": {"num_count": 65, "sum_payoffs": 13.776769838495065, "action": [0.0, -1.5707963267948966]}, "[1.0, -1.5707963267948966]": {"num_count": 66, "sum_payoffs": 14.080628914655435, "action": [1.0, -1.5707963267948966]}, "[1.0, 0.0]": {"num_count": 66, "sum_payoffs": 14.290386769228702, "action": [1.0, 0.0]}, "[2.0, -1.5707963267948966]": {"num_count": 68, "sum_payoffs": 15.03542577773103, "action": [2.0, -1.5707963267948966]}, "[1.0, 1.5707963267948966]": {"num_count": 65, "sum_payoffs": 13.8380611356268, "action": [1.0, 1.5707963267948966]}, "[2.0, 1.5707963267948966]": {"num_count": 70, "sum_payoffs": 16.00786021857226, "action": [2.0, 1.5707963267948966]}, "[2.0, 0.0]": {"num_count": 66, "sum_payoffs": 14.296384398445609, "action": [2.0, 0.0]}}, "1": {"[0.0, 1.5707963267948966]": {"num_count": 62, "sum_payoffs": 15.516040066105296, "action": [0.0, 1.5707963267948966]}, "[0.0, 0.0]": {"num_count": 65, "sum_payoffs": 16.84923013410306, "action": [0.0, 0.0]}, "[1.0, 0.0]": {"num_count": 70, "sum_payoffs": 19.253109796797197, "action": [1.0, 0.0]}, "[2.0, -1.5707963267948966]": {"num_count": 68, "sum_payoffs": 18.42835803410948, "action": [2.0, -1.5707963267948966]}, "[1.0, 1.5707963267948966]": {"num_count": 64, "sum_payoffs": 16.371291674107642, "action": [1.0, 1.5707963267948966]}, "[0.0, -1.5707963267948966]": {"num_count": 64, "sum_payoffs": 16.43486820099052, "action": [0.0, -1.5707963267948966]}, "[2.0, 0.0]": {"num_count": 73, "sum_payoffs": 20.764822998931784, "action": [2.0, 0.0]}, "[1.0, -1.5707963267948966]": {"num_count": 66, "sum_payoffs": 17.458545520598133, "action": [1.0, -1.5707963267948966]}, "[2.0, 1.5707963267948966]": {"num_count": 68, "sum_payoffs": 18.44692582585731, "action": [2.0, 1.5707963267948966]}}}}