{"2": {"0": {"[0.0, 0]": {"num_count": 739, "sum_payoffs": 5.039999996976, "action": [0.0, 0]}, "[1.0, 0]": {"num_count": 861, "sum_payoffs": 6.186315785761895, "action": [1.0, 0]}}, "1": {"[0.0, 0]": {"num_count": 787, "sum_payoffs": 5.039999996976, "action": [0.0, 0]}, "[1.0, 0]": {"num_count": 813, "sum_payoffs": 6.186315785761895, "action": [1.0, 0]}}}, "1": {"0": {"[1.0, 0]": {"num_count": 842, "sum_payoffs": 1.79999999892, "action": [1.0, 0]}, "[0.0, 0]": {"num_count": 758, "sum_payoffs": 0.89999999946, "action": [0.0, 0]}}, "1": {"[0.0, 0]": {"num_count": 764, "sum_payoffs": 0.89999999946, "action": [0.0, 0]}, "[1.0, 0]": {"num_count": 836, "sum_payoffs": 1.79999999892, "action": [1.0, 0]}}}}