{"2": {"0": {"[0.0, 0]": {"num_count": 42, "sum_payoffs": 8.989578945827356, "action": [0.0, 0]}, "[1.0, 0]": {"num_count": 58, "sum_payoffs": 16.710563906909766, "action": [1.0, 0]}}, "1": {"[1.0, 0]": {"num_count": 59, "sum_payoffs": 17.439563906784795, "action": [1.0, 0]}, "[0.0, 0]": {"num_count": 41, "sum_payoffs": 8.46886466020233, "action": [0.0, 0]}}}, "1": {"0": {"[0.0, 0]": {"num_count": 44, "sum_payoffs": 9.179999998426288, "action": [0.0, 0]}, "[1.0, 0]": {"num_count": 56, "sum_payoffs": 14.888571426019107, "action": [1.0, 0]}}, "1": {"[1.0, 0]": {"num_count": 56, "sum_payoffs": 15.004285711713555, "action": [1.0, 0]}, "[0.0, 0]": {"num_count": 44, "sum_payoffs": 9.527142855509634, "action": [0.0, 0]}}}}