{"2": {"0": {"[0.0, 0]": {"num_count": 255, "sum_payoffs": 31.461428566035224, "action": [0.0, 0]}, "[1.0, 0]": {"num_count": 2845, "sum_payoffs": 450.6110356370212, "action": [1.0, 0]}}, "1": {"[0.0, 0]": {"num_count": 273, "sum_payoffs": 34.11707142272283, "action": [0.0, 0]}, "[1.0, 0]": {"num_count": 2827, "sum_payoffs": 465.29517849164586, "action": [1.0, 0]}}}, "1": {"0": {"[1.0, 0]": {"num_count": 2842, "sum_payoffs": 501.43499991401967, "action": [1.0, 0]}, "[0.0, 0]": {"num_count": 258, "sum_payoffs": 39.828214278886534, "action": [0.0, 0]}}, "1": {"[0.0, 0]": {"num_count": 230, "sum_payoffs": 33.579642851386325, "action": [0.0, 0]}, "[1.0, 0]": {"num_count": 2870, "sum_payoffs": 504.5592856277693, "action": [1.0, 0]}}}}