{"2": {"0": {"[1.0, 0]": {"num_count": 54, "sum_payoffs": 6.186315787824, "action": [1.0, 0]}, "[0.0, 0]": {"num_count": 46, "sum_payoffs": 6.659999998224, "action": [0.0, 0]}}, "1": {"[0.0, 0]": {"num_count": 52, "sum_payoffs": 6.659999998224, "action": [0.0, 0]}, "[1.0, 0]": {"num_count": 48, "sum_payoffs": 6.186315787824, "action": [1.0, 0]}}}, "1": {"0": {"[1.0, 0]": {"num_count": 51, "sum_payoffs": 1.79999999952, "action": [1.0, 0]}, "[0.0, 0]": {"num_count": 49, "sum_payoffs": 0.89999999976, "action": [0.0, 0]}}, "1": {"[1.0, 0]": {"num_count": 46, "sum_payoffs": 0.89999999976, "action": [1.0, 0]}, "[0.0, 0]": {"num_count": 54, "sum_payoffs": 1.79999999952, "action": [0.0, 0]}}}}