{"13": {"0": {"[2.0, 1.5707963267948966]": {"num_count": 66, "sum_payoffs": 15.410338802215701, "action": [2.0, 1.5707963267948966]}, "[1.0, 1.5707963267948966]": {"num_count": 66, "sum_payoffs": 15.377932337362724, "action": [1.0, 1.5707963267948966]}, "[0.0, -1.5707963267948966]": {"num_count": 67, "sum_payoffs": 15.866182400389592, "action": [0.0, -1.5707963267948966]}, "[0.0, 0.0]": {"num_count": 64, "sum_payoffs": 14.519221572876988, "action": [0.0, 0.0]}, "[2.0, -1.5707963267948966]": {"num_count": 68, "sum_payoffs": 16.26252893296468, "action": [2.0, -1.5707963267948966]}, "[1.0, 0.0]": {"num_count": 66, "sum_payoffs": 15.394783107661436, "action": [1.0, 0.0]}, "[1.0, -1.5707963267948966]": {"num_count": 67, "sum_payoffs": 15.932900988876884, "action": [1.0, -1.5707963267948966]}, "[0.0, 1.5707963267948966]": {"num_count": 66, "sum_payoffs": 15.45086040151558, "action": [0.0, 1.5707963267948966]}, "[2.0, 0.0]": {"num_count": 70, "sum_payoffs": 17.170398232907523, "action": [2.0, 0.0]}}, "1": {"[0.0, 1.5707963267948966]": {"num_count": 99, "sum_payoffs": 20.694636112302565, "action": [0.0, 1.5707963267948966]}, "[1.0, -1.5707963267948966]": {"num_count": 102, "sum_payoffs": 21.878071580933213, "action": [1.0, -1.5707963267948966]}, "[1.0, 1.5707963267948966]": {"num_count": 101, "sum_payoffs": 21.52708432609827, "action": [1.0, 1.5707963267948966]}, "[1.0, 0.0]": {"num_count": 102, "sum_payoffs": 21.99968941629612, "action": [1.0, 0.0]}, "[0.0, 0.0]": {"num_count": 98, "sum_payoffs": 20.3934258913957, "action": [0.0, 0.0]}, "[0.0, -1.5707963267948966]": {"num_count": 98, "sum_payoffs": 20.462295119228983, "action": [0.0, -1.5707963267948966]}}}}