{"2": {"0": {"[0.0, 0]": {"num_count": 803, "sum_payoffs": 4.2299999988720005, "action": [0.0, 0]}, "[1.0, 0]": {"num_count": 797, "sum_payoffs": 3.756315788472, "action": [1.0, 0]}}, "1": {"[0.0, 0]": {"num_count": 803, "sum_payoffs": 4.2299999988720005, "action": [0.0, 0]}, "[1.0, 0]": {"num_count": 797, "sum_payoffs": 3.756315788472, "action": [1.0, 0]}}}, "1": {"0": {"[0.0, 0]": {"num_count": 807, "sum_payoffs": 0.89999999976, "action": [0.0, 0]}, "[1.0, 0]": {"num_count": 793, "sum_payoffs": 0.0, "action": [1.0, 0]}}, "1": {"[0.0, 0]": {"num_count": 793, "sum_payoffs": 0.0, "action": [0.0, 0]}, "[1.0, 0]": {"num_count": 807, "sum_payoffs": 0.89999999976, "action": [1.0, 0]}}}}