{"2": {"0": {"[1.0, 0]": {"num_count": 1003, "sum_payoffs": 301.98846309749456, "action": [1.0, 0]}, "[0.0, 0]": {"num_count": 97, "sum_payoffs": 22.859999995428026, "action": [0.0, 0]}}, "1": {"[0.0, 0]": {"num_count": 108, "sum_payoffs": 23.554799995289073, "action": [0.0, 0]}, "[1.0, 0]": {"num_count": 992, "sum_payoffs": 296.91966309850807, "action": [1.0, 0]}}}, "1": {"0": {"[0.0, 0]": {"num_count": 81, "sum_payoffs": 22.69799999546039, "action": [0.0, 0]}, "[1.0, 0]": {"num_count": 1019, "sum_payoffs": 339.5879999320884, "action": [1.0, 0]}}, "1": {"[0.0, 0]": {"num_count": 180, "sum_payoffs": 48.94199999021138, "action": [0.0, 0]}, "[1.0, 0]": {"num_count": 920, "sum_payoffs": 302.65199993947414, "action": [1.0, 0]}}}}