{"8": {"0": {"[1.0, -1.5707963267948966]": {"num_count": 348, "sum_payoffs": 88.19619014704136, "action": [1.0, -1.5707963267948966]}, "[1.0, 1.5707963267948966]": {"num_count": 337, "sum_payoffs": 84.1108924866812, "action": [1.0, 1.5707963267948966]}, "[0.0, 1.5707963267948966]": {"num_count": 311, "sum_payoffs": 74.88287986687857, "action": [0.0, 1.5707963267948966]}, "[0.0, -1.5707963267948966]": {"num_count": 322, "sum_payoffs": 78.82616833376268, "action": [0.0, -1.5707963267948966]}, "[1.0, 0.0]": {"num_count": 355, "sum_payoffs": 90.68363407576842, "action": [1.0, 0.0]}, "[0.0, 0.0]": {"num_count": 343, "sum_payoffs": 86.38345546334169, "action": [0.0, 0.0]}, "[2.0, 0.0]": {"num_count": 355, "sum_payoffs": 90.71467377091213, "action": [2.0, 0.0]}, "[2.0, 1.5707963267948966]": {"num_count": 363, "sum_payoffs": 93.55013543448631, "action": [2.0, 1.5707963267948966]}, "[2.0, -1.5707963267948966]": {"num_count": 366, "sum_payoffs": 94.6596626008582, "action": [2.0, -1.5707963267948966]}}, "1": {"[2.0, 0.0]": {"num_count": 405, "sum_payoffs": 131.6835157844233, "action": [2.0, 0.0]}, "[2.0, -1.5707963267948966]": {"num_count": 372, "sum_payoffs": 117.70066330303871, "action": [2.0, -1.5707963267948966]}, "[1.0, -1.5707963267948966]": {"num_count": 336, "sum_payoffs": 102.69139812712186, "action": [1.0, -1.5707963267948966]}, "[1.0, 0.0]": {"num_count": 363, "sum_payoffs": 113.81357699215826, "action": [1.0, 0.0]}, "[1.0, 1.5707963267948966]": {"num_count": 333, "sum_payoffs": 101.4118419816362, "action": [1.0, 1.5707963267948966]}, "[2.0, 1.5707963267948966]": {"num_count": 367, "sum_payoffs": 115.51446739533917, "action": [2.0, 1.5707963267948966]}, "[0.0, 0.0]": {"num_count": 326, "sum_payoffs": 98.47038092540124, "action": [0.0, 0.0]}, "[0.0, -1.5707963267948966]": {"num_count": 299, "sum_payoffs": 87.45377481534099, "action": [0.0, -1.5707963267948966]}, "[0.0, 1.5707963267948966]": {"num_count": 299, "sum_payoffs": 87.40424550288395, "action": [0.0, 1.5707963267948966]}}}}