{"2": {"0": {"[0.0, 0]": {"num_count": 1082, "sum_payoffs": 224.05199995892448, "action": [0.0, 0]}, "[1.0, 0]": {"num_count": 3018, "sum_payoffs": 775.1666051210615, "action": [1.0, 0]}}, "1": {"[0.0, 0]": {"num_count": 1104, "sum_payoffs": 230.7344999576993, "action": [0.0, 0]}, "[1.0, 0]": {"num_count": 2996, "sum_payoffs": 770.6711051218851, "action": [1.0, 0]}}}, "1": {"0": {"[0.0, 0]": {"num_count": 1483, "sum_payoffs": 375.7349999311276, "action": [0.0, 0]}, "[1.0, 0]": {"num_count": 2617, "sum_payoffs": 731.6249998659131, "action": [1.0, 0]}}, "1": {"[1.0, 0]": {"num_count": 2611, "sum_payoffs": 730.2749998661604, "action": [1.0, 0]}, "[0.0, 0]": {"num_count": 1489, "sum_payoffs": 377.8949999307318, "action": [0.0, 0]}}}}