{"13": {"0": {"[0.0, 1.5707963267948966]": {"num_count": 495, "sum_payoffs": 103.22603552498742, "action": [0.0, 1.5707963267948966]}, "[1.0, -1.5707963267948966]": {"num_count": 506, "sum_payoffs": 106.55020771992018, "action": [1.0, -1.5707963267948966]}, "[2.0, 0.0]": {"num_count": 514, "sum_payoffs": 108.94741034100376, "action": [2.0, 0.0]}, "[2.0, 1.5707963267948966]": {"num_count": 525, "sum_payoffs": 112.38229635394391, "action": [2.0, 1.5707963267948966]}, "[1.0, 1.5707963267948966]": {"num_count": 518, "sum_payoffs": 110.21345992543999, "action": [1.0, 1.5707963267948966]}, "[1.0, 0.0]": {"num_count": 515, "sum_payoffs": 109.30212335984552, "action": [1.0, 0.0]}, "[0.0, 0.0]": {"num_count": 505, "sum_payoffs": 106.28573226365394, "action": [0.0, 0.0]}, "[0.0, -1.5707963267948966]": {"num_count": 500, "sum_payoffs": 104.78413194025379, "action": [0.0, -1.5707963267948966]}, "[2.0, -1.5707963267948966]": {"num_count": 522, "sum_payoffs": 111.4105922790368, "action": [2.0, -1.5707963267948966]}}, "1": {"[0.0, 0.0]": {"num_count": 457, "sum_payoffs": 111.7314954697407, "action": [0.0, 0.0]}, "[0.0, 1.5707963267948966]": {"num_count": 438, "sum_payoffs": 105.17646051666759, "action": [0.0, 1.5707963267948966]}, "[0.0, -1.5707963267948966]": {"num_count": 451, "sum_payoffs": 109.65904906422129, "action": [0.0, -1.5707963267948966]}, "[1.0, 1.5707963267948966]": {"num_count": 486, "sum_payoffs": 121.57153599011765, "action": [1.0, 1.5707963267948966]}, "[2.0, 0.0]": {"num_count": 636, "sum_payoffs": 174.0580503308233, "action": [2.0, 0.0]}, "[2.0, -1.5707963267948966]": {"num_count": 540, "sum_payoffs": 140.24149646329323, "action": [2.0, -1.5707963267948966]}, "[1.0, -1.5707963267948966]": {"num_count": 483, "sum_payoffs": 120.5716944233648, "action": [1.0, -1.5707963267948966]}, "[1.0, 0.0]": {"num_count": 575, "sum_payoffs": 152.52293049909548, "action": [1.0, 0.0]}, "[2.0, 1.5707963267948966]": {"num_count": 534, "sum_payoffs": 138.20500400154359, "action": [2.0, 1.5707963267948966]}}}}