{"11": {"0": {"[0.0, 0.0]": {"num_count": 335, "sum_payoffs": 73.70319424976346, "action": [0.0, 0.0]}, "[1.0, -1.5707963267948966]": {"num_count": 348, "sum_payoffs": 77.95233446632938, "action": [1.0, -1.5707963267948966]}, "[0.0, -1.5707963267948966]": {"num_count": 333, "sum_payoffs": 73.05845103611948, "action": [0.0, -1.5707963267948966]}, "[1.0, 1.5707963267948966]": {"num_count": 346, "sum_payoffs": 77.39463734724951, "action": [1.0, 1.5707963267948966]}, "[2.0, 1.5707963267948966]": {"num_count": 343, "sum_payoffs": 76.4038006799557, "action": [2.0, 1.5707963267948966]}, "[2.0, -1.5707963267948966]": {"num_count": 356, "sum_payoffs": 80.62603993888226, "action": [2.0, -1.5707963267948966]}, "[1.0, 0.0]": {"num_count": 351, "sum_payoffs": 78.98777422897567, "action": [1.0, 0.0]}, "[2.0, 0.0]": {"num_count": 359, "sum_payoffs": 81.63485284002537, "action": [2.0, 0.0]}, "[0.0, 1.5707963267948966]": {"num_count": 329, "sum_payoffs": 71.6436963781738, "action": [0.0, 1.5707963267948966]}}, "1": {"[1.0, -1.5707963267948966]": {"num_count": 333, "sum_payoffs": 87.79431180114577, "action": [1.0, -1.5707963267948966]}, "[0.0, 0.0]": {"num_count": 334, "sum_payoffs": 88.17503554378175, "action": [0.0, 0.0]}, "[2.0, 0.0]": {"num_count": 406, "sum_payoffs": 115.54984226288856, "action": [2.0, 0.0]}, "[2.0, -1.5707963267948966]": {"num_count": 374, "sum_payoffs": 103.28735590529213, "action": [2.0, -1.5707963267948966]}, "[2.0, 1.5707963267948966]": {"num_count": 356, "sum_payoffs": 96.43743193777031, "action": [2.0, 1.5707963267948966]}, "[0.0, 1.5707963267948966]": {"num_count": 310, "sum_payoffs": 79.2721495149935, "action": [0.0, 1.5707963267948966]}, "[1.0, 0.0]": {"num_count": 355, "sum_payoffs": 96.04204200631645, "action": [1.0, 0.0]}, "[0.0, -1.5707963267948966]": {"num_count": 305, "sum_payoffs": 77.30655652199219, "action": [0.0, -1.5707963267948966]}, "[1.0, 1.5707963267948966]": {"num_count": 327, "sum_payoffs": 85.53005568721511, "action": [1.0, 1.5707963267948966]}}}}