{"alphat_eff_gamelength_14": [2.1538461538461537, 2.1538461538461537, 2.1538461538461537, 2.1538461538461537, 2.1538461538461537, 2.1538461538461537, 2.1538461538461537, 2.1538461538461537, 2.1538461538461537, 2.1538461538461537], "runtime_gamelength_14": [3.1233749389648438, 3.2212045192718506, 3.190657138824463, 3.217637777328491, 3.213542938232422, 3.215806484222412, 3.2155418395996094, 3.181835889816284, 3.1036012172698975, 3.1967599391937256], "max_timestep": [14, 14, 14, 14, 14, 14, 14, 14, 14, 14], "winner": [[0, 0], [0, 0], [0, 0], [0, 0], [0, 0], [0, 0], [0, 0], [0, 0], [0, 0], [0, 0]], "runtime": [3.123659372329712, 3.2214927673339844, 3.1909453868865967, 3.2179484367370605, 3.213818073272705, 3.216087818145752, 3.215808153152466, 3.1821062564849854, 3.1038687229156494, 3.197028636932373], "T_terminal": [1, 1, 1, 1, 1, 1, 1, 1, 1, 1], "trajectory_0": [[[1.0, 3.0, 0.0, 0], [3.0, 3.0, 0.0, 1]], [[1.0, 3.0, 0.0, 0], [2.0, 3.0, -1.5707963267948966, 1]], [[1.0, 3.0, 0.0, 0], [1.0, 3.0, 0.0, 1]], [[1.0, 3.0, 0.0, 0], [2.0, 3.0, 1.5707963267948966, 1]], [[1.0, 3.0, 0.0, 0], [1.0, 3.0, 0.0, 1]], [[1.0, 3.0, 0.0, 0], [3.0, 3.0, 0.0, 1]], [[1.0, 3.0, 0.0, 0], [2.0, 3.0, -1.5707963267948966, 1]], [[1.0, 3.0, 0.0, 0], [1.0, 3.0, -1.5707963267948966, 1]], [[1.0, 3.0, 0.0, 0], [2.0, 3.0, -1.5707963267948966, 1]], [[1.0, 3.0, 0.0, 0], [3.0, 3.0, 0.0, 1]]], "trajectory_1": [[[3.0, 3.0, 0.0, 0], [4.0, 3.0, 1.5707963267948966, 1]], [[3.0, 3.0, 0.0, 0], [4.0, 3.0, 0.0, 1]], [[3.0, 3.0, 0.0, 0], [3.0, 3.0, 0.0, 1]], [[3.0, 3.0, 0.0, 0], [4.0, 3.0, 0.0, 1]], [[3.0, 3.0, 0.0, 0], [4.0, 3.0, -1.5707963267948966, 1]], [[3.0, 3.0, 0.0, 0], [4.0, 3.0, 1.5707963267948966, 1]], [[3.0, 3.0, 0.0, 0], [4.0, 3.0, 0.0, 1]], [[3.0, 3.0, 0.0, 0], [4.0, 3.0, 1.5707963267948966, 1]], [[3.0, 3.0, 0.0, 0], [4.0, 3.0, 0.0, 1]], [[3.0, 3.0, 0.0, 0], [3.0, 3.0, 0.0, 1]]], "coll_payoff_0": [[1.0], [1.0], [1.0], [1.0], [1.0], [1.0], [1.0], [1.0], [1.0], [0.0]], "lead_payoff_0": [[0.6666666666666666], [0.3333333333333333], [0.3333333333333333], [0.3333333333333333], [0.0], [0.6666666666666666], [0.3333333333333333], [0.0], [0.3333333333333333], [1.0]], "coll_payoff_1": [[1.0], [1.0], [1.0], [1.0], [1.0], [1.0], [1.0], [1.0], [1.0], [0.0]], "lead_payoff_1": [[0.3333333333333333], [0.6666666666666666], [0.6666666666666666], [0.6666666666666666], [1.0], [0.3333333333333333], [0.6666666666666666], [1.0], [0.6666666666666666], [0.0]], "payoff_total": [[[0.5881226052798532, 0.5785440612173691]], [[0.509578543987484, 0.6570881225097381]], [[0.509578543987484, 0.6570881225097381]], [[0.509578543987484, 0.6570881225097381]], [[0.4310344826951149, 0.7356321838021073]], [[0.5881226052798532, 0.5785440612173691]], [[0.509578543987484, 0.6570881225097381]], [[0.4310344826951149, 0.7356321838021073]], [[0.509578543987484, 0.6570881225097381]], [[0.499999999925, 0.33333333327777775]]], "final_lead_payoff_0": [[0.46551724137931033], [0.43103448275862066], [0.43103448275862066], [0.43103448275862066], [0.39655172413793105], [0.46551724137931033], [0.43103448275862066], [0.39655172413793105], [0.43103448275862066], [0.5]], "final_lead_payoff_1": [[0.5344827586206896], [0.5689655172413793], [0.5689655172413793], [0.5689655172413793], [0.603448275862069], [0.5344827586206896], [0.5689655172413793], [0.603448275862069], [0.5689655172413793], [0.5]]}