{"runtime": 43.273759841918945, "winner": [1, 0], "collision_count": 0, "T_terminal": 7, "trajectories": [[1.0, 3.0, 0.0, 3.0, 3.0, 0.0, 0.0], [3.0, 3.0, 0.0, 4.0, 3.0, 1.5707963267948966, 1.0], [5.0, 3.0, 0.0, 4.0, 3.0, 1.5707963267948966, 2.0], [6.0, 3.0, 1.5707963267948966, 4.0, 4.0, 0.0, 3.0], [6.0, 4.0, 0.0, 5.0, 4.0, 0.0, 4.0], [8.0, 4.0, 0.0, 6.0, 4.0, 0.0, 5.0], [10.0, 4.0, 0.0, 7.0, 4.0, 0.0, 6.0], [12.0, 4.0, 4.71238898038469, 8.0, 4.0, 1.5707963267948966, 7.0]], "penalty_distance_0": [-0.2575156088200096, -0.2575156088200096, -0.07481454796227002, -0.2575156088200096, -0.09473469826562889, -0.03485094785750476, -0.012820947222113924], "penalty_distance_1": [-0.2575156088200096, -0.2575156088200096, -0.07481454796227002, -0.2575156088200096, -0.09473469826562889, -0.03485094785750476, -0.012820947222113924], "reward_progress_0": [0.0, 0.0, 0.0, 0.0, 0.0, 0.0, 0.0], "reward_progress_1": [0.0, 0.0, 0.0, 0.0, 0.0, 0.0, 0.0], "penalty_agressor_0": [0.0, 0.0, 0.0, 0.0, 0.0, 0.0, 0.0], "penalty_agressor_1": [0.0, 0.0, 0.0, 0.0, 0.0, 0.0, 0.0], "penalty_timestep_0": [-0.7000000000000001], "penalty_timestep_1": [-0.7000000000000001], "reward_lead_0": [4.0], "reward_lead_1": [-4.0], "payoff_total0": [-0.2575156088200096, -0.5150312176400192, -0.5898457656022893, -0.847361374422299, -0.9420960726879278, -0.9769470205454326, -0.9897679677675465, 2.310232032232453], "payoff_total1": [-0.2575156088200096, -0.5150312176400192, -0.5898457656022893, -0.847361374422299, -0.9420960726879278, -0.9769470205454326, -0.9897679677675465, -5.689767967767547]}