{"2": {"0": {"[0.0, 0]": {"num_count": 54, "sum_payoffs": 12.939749992236155, "action": [0.0, 0]}, "[1.0, 0]": {"num_count": 546, "sum_payoffs": 204.48449987730723, "action": [1.0, 0]}}, "1": {"[1.0, 0]": {"num_count": 546, "sum_payoffs": 205.57799987665123, "action": [1.0, 0]}, "[0.0, 0]": {"num_count": 54, "sum_payoffs": 15.126749990923956, "action": [0.0, 0]}}}, "1": {"0": {"[0.0, 0]": {"num_count": 100, "sum_payoffs": 35.03249997898052, "action": [0.0, 0]}, "[1.0, 0]": {"num_count": 500, "sum_payoffs": 205.7399998765547, "action": [1.0, 0]}}, "1": {"[1.0, 0]": {"num_count": 540, "sum_payoffs": 225.38249986476893, "action": [1.0, 0]}, "[0.0, 0]": {"num_count": 60, "sum_payoffs": 19.844999988093008, "action": [0.0, 0]}}}}