{"alphat_eff_gamelength_2": 1.0, "runtime_gamelength_2": 0.16127300262451172, "max_timestep": 1, "alphat_eff_gamelength_1": 1.0, "runtime_gamelength_1": 0.09590649604797363, "winner": [0, 0], "runtime": 0.2574586868286133, "T_terminal": 2, "trajectory_0": [[1.0, 0.0, 1.5707963267948966, 0], [1.0, 1.0, 1.5707963267948966, 1], [1.0, 2.0, 1.5707963267948966, 2]], "trajectory_1": [[0.0, 1.0, 0.0, 0], [1.0, 1.0, 0.0, 1], [2.0, 1.0, 0.0, 2]], "coll_payoff_0": [0.0, 0.0], "coll_payoff_1": [0.0, 0.0], "payoff_total": [[0.0, 0.0], [0.4999999997, 0.4999999997]], "final_lead_payoff_0": [0.5], "final_lead_payoff_1": [0.5]}