{"10": {"0": {"[0.0, 1.5707963267948966]": {"num_count": 119, "sum_payoffs": 26.80129777674626, "action": [0.0, 1.5707963267948966]}, "[0.0, 0.0]": {"num_count": 122, "sum_payoffs": 28.076892428583268, "action": [0.0, 0.0]}, "[1.0, 0.0]": {"num_count": 125, "sum_payoffs": 29.366927699362925, "action": [1.0, 0.0]}, "[2.0, -1.5707963267948966]": {"num_count": 126, "sum_payoffs": 29.631492545193645, "action": [2.0, -1.5707963267948966]}, "[1.0, -1.5707963267948966]": {"num_count": 121, "sum_payoffs": 27.788366656063513, "action": [1.0, -1.5707963267948966]}, "[1.0, 1.5707963267948966]": {"num_count": 122, "sum_payoffs": 28.116285027024553, "action": [1.0, 1.5707963267948966]}, "[2.0, 1.5707963267948966]": {"num_count": 125, "sum_payoffs": 29.355639936610693, "action": [2.0, 1.5707963267948966]}, "[0.0, -1.5707963267948966]": {"num_count": 117, "sum_payoffs": 26.059481985862494, "action": [0.0, -1.5707963267948966]}, "[2.0, 0.0]": {"num_count": 123, "sum_payoffs": 28.48481806914101, "action": [2.0, 0.0]}}, "1": {"[0.0, 0.0]": {"num_count": 115, "sum_payoffs": 31.055658438392324, "action": [0.0, 0.0]}, "[1.0, 1.5707963267948966]": {"num_count": 121, "sum_payoffs": 33.67362901988828, "action": [1.0, 1.5707963267948966]}, "[0.0, 1.5707963267948966]": {"num_count": 117, "sum_payoffs": 31.95166870213027, "action": [0.0, 1.5707963267948966]}, "[1.0, 0.0]": {"num_count": 123, "sum_payoffs": 34.51268246603378, "action": [1.0, 0.0]}, "[2.0, 0.0]": {"num_count": 139, "sum_payoffs": 41.78930887159007, "action": [2.0, 0.0]}, "[1.0, -1.5707963267948966]": {"num_count": 122, "sum_payoffs": 34.1477774052077, "action": [1.0, -1.5707963267948966]}, "[2.0, 1.5707963267948966]": {"num_count": 123, "sum_payoffs": 34.543961358791194, "action": [2.0, 1.5707963267948966]}, "[2.0, -1.5707963267948966]": {"num_count": 130, "sum_payoffs": 37.73614269278811, "action": [2.0, -1.5707963267948966]}, "[0.0, -1.5707963267948966]": {"num_count": 110, "sum_payoffs": 28.87843143988761, "action": [0.0, -1.5707963267948966]}}}}