{"4": {"0": {"[1.0, 1.5707963267948966]": {"num_count": 67, "sum_payoffs": 22.999946681457825, "action": [1.0, 1.5707963267948966]}, "[2.0, -1.5707963267948966]": {"num_count": 68, "sum_payoffs": 23.733524736276166, "action": [2.0, -1.5707963267948966]}, "[1.0, -1.5707963267948966]": {"num_count": 63, "sum_payoffs": 20.792762692525997, "action": [1.0, -1.5707963267948966]}, "[2.0, 1.5707963267948966]": {"num_count": 69, "sum_payoffs": 24.073663642962337, "action": [2.0, 1.5707963267948966]}, "[0.0, -1.5707963267948966]": {"num_count": 66, "sum_payoffs": 22.595322668317802, "action": [0.0, -1.5707963267948966]}, "[1.0, 0.0]": {"num_count": 66, "sum_payoffs": 22.41928376535024, "action": [1.0, 0.0]}, "[2.0, 0.0]": {"num_count": 73, "sum_payoffs": 26.4265805567946, "action": [2.0, 0.0]}, "[0.0, 1.5707963267948966]": {"num_count": 61, "sum_payoffs": 19.76069317431076, "action": [0.0, 1.5707963267948966]}, "[0.0, 0.0]": {"num_count": 67, "sum_payoffs": 22.960192498103936, "action": [0.0, 0.0]}}, "1": {"[1.0, 0.0]": {"num_count": 103, "sum_payoffs": 38.19351854451349, "action": [1.0, 0.0]}, "[1.0, 1.5707963267948966]": {"num_count": 106, "sum_payoffs": 39.76701695311758, "action": [1.0, 1.5707963267948966]}, "[0.0, -1.5707963267948966]": {"num_count": 94, "sum_payoffs": 33.205742110500125, "action": [0.0, -1.5707963267948966]}, "[1.0, -1.5707963267948966]": {"num_count": 108, "sum_payoffs": 40.79192200981635, "action": [1.0, -1.5707963267948966]}, "[0.0, 0.0]": {"num_count": 94, "sum_payoffs": 33.17916971028058, "action": [0.0, 0.0]}, "[0.0, 1.5707963267948966]": {"num_count": 95, "sum_payoffs": 33.6369282118087, "action": [0.0, 1.5707963267948966]}}}}