{"alphat_eff_gamelength_1": [0.15384615384615385, 0.15384615384615385, 0.15384615384615385, 0.15384615384615385, 0.15384615384615385, 0.15384615384615385, 0.15384615384615385, 0.15384615384615385, 0.15384615384615385, 0.15384615384615385], "runtime_gamelength_1": [0.48989319801330566, 0.4902024269104004, 0.4731862545013428, 0.49150943756103516, 0.4911060333251953, 0.4902677536010742, 0.49486517906188965, 0.5403010845184326, 0.479870080947876, 0.4904453754425049], "max_timestep": [1, 1, 1, 1, 1, 1, 1, 1, 1, 1], "winner": [[0, 0], [0, 0], [0, 0], [0, 0], [0, 0], [0, 0], [0, 0], [0, 0], [0, 0], [0, 0]], "runtime": [0.4901845455169678, 0.49044299125671387, 0.4735441207885742, 0.49180006980895996, 0.4914069175720215, 0.4905714988708496, 0.4951756000518799, 0.5405850410461426, 0.48025035858154297, 0.4907524585723877], "T_terminal": [1, 1, 1, 1, 1, 1, 1, 1, 1, 1], "trajectory_0": [[[1.0, 3.0, 0.0, 0], [3.0, 3.0, 1.5707963267948966, 1]], [[1.0, 3.0, 0.0, 0], [3.0, 3.0, 0.0, 1]], [[1.0, 3.0, 0.0, 0], [3.0, 3.0, 0.0, 1]], [[1.0, 3.0, 0.0, 0], [3.0, 3.0, -1.5707963267948966, 1]], [[1.0, 3.0, 0.0, 0], [3.0, 3.0, 0.0, 1]], [[1.0, 3.0, 0.0, 0], [3.0, 3.0, -1.5707963267948966, 1]], [[1.0, 3.0, 0.0, 0], [3.0, 3.0, 1.5707963267948966, 1]], [[1.0, 3.0, 0.0, 0], [3.0, 3.0, 1.5707963267948966, 1]], [[1.0, 3.0, 0.0, 0], [3.0, 3.0, 1.5707963267948966, 1]], [[1.0, 3.0, 0.0, 0], [3.0, 3.0, 0.0, 1]]], "trajectory_1": [[[3.0, 3.0, 0.0, 0], [5.0, 3.0, 0.0, 1]], [[3.0, 3.0, 0.0, 0], [5.0, 3.0, 1.5707963267948966, 1]], [[3.0, 3.0, 0.0, 0], [5.0, 3.0, 1.5707963267948966, 1]], [[3.0, 3.0, 0.0, 0], [5.0, 3.0, 1.5707963267948966, 1]], [[3.0, 3.0, 0.0, 0], [5.0, 3.0, 0.0, 1]], [[3.0, 3.0, 0.0, 0], [5.0, 3.0, -1.5707963267948966, 1]], [[3.0, 3.0, 0.0, 0], [5.0, 3.0, 0.0, 1]], [[3.0, 3.0, 0.0, 0], [5.0, 3.0, 1.5707963267948966, 1]], [[3.0, 3.0, 0.0, 0], [5.0, 3.0, 1.5707963267948966, 1]], [[3.0, 3.0, 0.0, 0], [5.0, 3.0, -1.5707963267948966, 1]]], "coll_payoff_0": [[1.0], [1.0], [1.0], [1.0], [1.0], [1.0], [1.0], [1.0], [1.0], [1.0]], "lead_payoff_0": [[0.5], [0.5], [0.5], [0.5], [0.5], [0.5], [0.5], [0.5], [0.5], [0.5]], "coll_payoff_1": [[1.0], [1.0], [1.0], [1.0], [1.0], [1.0], [1.0], [1.0], [1.0], [1.0]], "lead_payoff_1": [[0.5], [0.5], [0.5], [0.5], [0.5], [0.5], [0.5], [0.5], [0.5], [0.5]], "payoff_total": [[[0.537356321762021, 0.6293103447352011]], [[0.537356321762021, 0.6293103447352011]], [[0.537356321762021, 0.6293103447352011]], [[0.537356321762021, 0.6293103447352011]], [[0.537356321762021, 0.6293103447352011]], [[0.537356321762021, 0.6293103447352011]], [[0.537356321762021, 0.6293103447352011]], [[0.537356321762021, 0.6293103447352011]], [[0.537356321762021, 0.6293103447352011]], [[0.537356321762021, 0.6293103447352011]]], "final_lead_payoff_0": [[0.43103448275862066], [0.43103448275862066], [0.43103448275862066], [0.43103448275862066], [0.43103448275862066], [0.43103448275862066], [0.43103448275862066], [0.43103448275862066], [0.43103448275862066], [0.43103448275862066]], "final_lead_payoff_1": [[0.5689655172413793], [0.5689655172413793], [0.5689655172413793], [0.5689655172413793], [0.5689655172413793], [0.5689655172413793], [0.5689655172413793], [0.5689655172413793], [0.5689655172413793], [0.5689655172413793]]}