{"2": {"0": {"[0.0, 0]": {"num_count": 173, "sum_payoffs": 22.075199995585017, "action": [0.0, 0]}, "[1.0, 0]": {"num_count": 2427, "sum_payoffs": 363.5461894009835, "action": [1.0, 0]}}, "1": {"[1.0, 0]": {"num_count": 2431, "sum_payoffs": 368.06598940007996, "action": [1.0, 0]}, "[0.0, 0]": {"num_count": 169, "sum_payoffs": 19.888199996022408, "action": [0.0, 0]}}}, "1": {"0": {"[0.0, 0]": {"num_count": 248, "sum_payoffs": 34.640999993071624, "action": [0.0, 0]}, "[1.0, 0]": {"num_count": 2352, "sum_payoffs": 388.9889999221892, "action": [1.0, 0]}}, "1": {"[1.0, 0]": {"num_count": 2347, "sum_payoffs": 388.1789999223514, "action": [1.0, 0]}, "[0.0, 0]": {"num_count": 253, "sum_payoffs": 33.992999993201195, "action": [0.0, 0]}}}}