{"alphat_eff_gamelength_2": 1.0, "runtime_gamelength_2": 0.07324719429016113, "max_timestep": 1, "alphat_eff_gamelength_1": 0.5, "runtime_gamelength_1": 0.02813124656677246, "winner": [1, 0], "runtime": 0.10162663459777832, "T_terminal": 2, "trajectory_0": [[1.0, 0.0, 1.5707963267948966, 0], [1.0, 1.0, 1.5707963267948966, 1], [1.0, 2.0, 1.5707963267948966, 2]], "trajectory_1": [[0.0, 1.0, 0.0, 0], [0.0, 1.0, 0.0, 1], [1.0, 1.0, 0.0, 2]], "coll_payoff_0": [1.0, 1.0], "coll_payoff_1": [1.0, 1.0], "payoff_total": [[0.4285714284979592, 0.4285714284979592], [0.8796992479694951, 0.5939849623041891]], "final_lead_payoff_0": [0.75], "final_lead_payoff_1": [0.25]}