{"13": {"0": {"[0.0, -1.5707963267948966]": {"num_count": 490, "sum_payoffs": 101.52854486687865, "action": [0.0, -1.5707963267948966]}, "[0.0, 1.5707963267948966]": {"num_count": 490, "sum_payoffs": 101.43592468519408, "action": [0.0, 1.5707963267948966]}, "[2.0, -1.5707963267948966]": {"num_count": 521, "sum_payoffs": 110.78180000604729, "action": [2.0, -1.5707963267948966]}, "[2.0, 1.5707963267948966]": {"num_count": 531, "sum_payoffs": 113.88514355423597, "action": [2.0, 1.5707963267948966]}, "[2.0, 0.0]": {"num_count": 526, "sum_payoffs": 112.32286516992313, "action": [2.0, 0.0]}, "[1.0, 1.5707963267948966]": {"num_count": 510, "sum_payoffs": 107.53537954235733, "action": [1.0, 1.5707963267948966]}, "[1.0, 0.0]": {"num_count": 515, "sum_payoffs": 108.95204113347964, "action": [1.0, 0.0]}, "[1.0, -1.5707963267948966]": {"num_count": 518, "sum_payoffs": 109.92544414533788, "action": [1.0, -1.5707963267948966]}, "[0.0, 0.0]": {"num_count": 499, "sum_payoffs": 104.15184350544676, "action": [0.0, 0.0]}}, "1": {"[1.0, 0.0]": {"num_count": 542, "sum_payoffs": 140.6880536588616, "action": [1.0, 0.0]}, "[0.0, -1.5707963267948966]": {"num_count": 445, "sum_payoffs": 107.37672532570897, "action": [0.0, -1.5707963267948966]}, "[2.0, 0.0]": {"num_count": 653, "sum_payoffs": 179.7518911151067, "action": [2.0, 0.0]}, "[2.0, 1.5707963267948966]": {"num_count": 545, "sum_payoffs": 141.630914252948, "action": [2.0, 1.5707963267948966]}, "[2.0, -1.5707963267948966]": {"num_count": 531, "sum_payoffs": 136.87289777359862, "action": [2.0, -1.5707963267948966]}, "[1.0, 1.5707963267948966]": {"num_count": 484, "sum_payoffs": 120.62428573456924, "action": [1.0, 1.5707963267948966]}, "[0.0, 0.0]": {"num_count": 462, "sum_payoffs": 112.98949988140052, "action": [0.0, 0.0]}, "[1.0, -1.5707963267948966]": {"num_count": 497, "sum_payoffs": 125.09251670944099, "action": [1.0, -1.5707963267948966]}, "[0.0, 1.5707963267948966]": {"num_count": 441, "sum_payoffs": 105.9825246097654, "action": [0.0, 1.5707963267948966]}}}}