{"2": {"0": {"[0.0, 0]": {"num_count": 299, "sum_payoffs": 90.21374997594299, "action": [0.0, 0]}, "[1.0, 0]": {"num_count": 801, "sum_payoffs": 309.64274991742894, "action": [1.0, 0]}}, "1": {"[0.0, 0]": {"num_count": 312, "sum_payoffs": 96.59249997424199, "action": [0.0, 0]}, "[1.0, 0]": {"num_count": 788, "sum_payoffs": 305.81549991844923, "action": [1.0, 0]}}}, "1": {"0": {"[1.0, 0]": {"num_count": 695, "sum_payoffs": 292.4099999220258, "action": [1.0, 0]}, "[0.0, 0]": {"num_count": 405, "sum_payoffs": 152.48249995933782, "action": [0.0, 0]}}, "1": {"[0.0, 0]": {"num_count": 413, "sum_payoffs": 156.9374999581498, "action": [0.0, 0]}, "[1.0, 0]": {"num_count": 687, "sum_payoffs": 289.5749999227816, "action": [1.0, 0]}}}}