{"2": {"0": {"[1.0, 0]": {"num_count": 2343, "sum_payoffs": 296.9999604471187, "action": [1.0, 0]}, "[0.0, 0]": {"num_count": 257, "sum_payoffs": 26.18849999301633, "action": [0.0, 0]}}, "1": {"[0.0, 0]": {"num_count": 226, "sum_payoffs": 25.277249993259353, "action": [0.0, 0]}, "[1.0, 0]": {"num_count": 2374, "sum_payoffs": 300.34121044622856, "action": [1.0, 0]}}}, "1": {"0": {"[1.0, 0]": {"num_count": 2414, "sum_payoffs": 332.62499991131125, "action": [1.0, 0]}, "[0.0, 0]": {"num_count": 186, "sum_payoffs": 20.444999994547963, "action": [0.0, 0]}}, "1": {"[0.0, 0]": {"num_count": 242, "sum_payoffs": 27.802499992585897, "action": [0.0, 0]}, "[1.0, 0]": {"num_count": 2358, "sum_payoffs": 324.5924999134525, "action": [1.0, 0]}}}}