{"13": {"0": {"[2.0, 0.0]": {"num_count": 233, "sum_payoffs": 54.3650948897257, "action": [2.0, 0.0]}, "[1.0, 0.0]": {"num_count": 237, "sum_payoffs": 55.918309977586425, "action": [1.0, 0.0]}, "[1.0, 1.5707963267948966]": {"num_count": 232, "sum_payoffs": 54.046842278617326, "action": [1.0, 1.5707963267948966]}, "[0.0, 0.0]": {"num_count": 226, "sum_payoffs": 51.95356969163555, "action": [0.0, 0.0]}, "[1.0, -1.5707963267948966]": {"num_count": 233, "sum_payoffs": 54.42712231819479, "action": [1.0, -1.5707963267948966]}, "[0.0, 1.5707963267948966]": {"num_count": 228, "sum_payoffs": 52.638360580022564, "action": [0.0, 1.5707963267948966]}, "[2.0, -1.5707963267948966]": {"num_count": 244, "sum_payoffs": 58.47186568319134, "action": [2.0, -1.5707963267948966]}, "[2.0, 1.5707963267948966]": {"num_count": 239, "sum_payoffs": 56.584037827676596, "action": [2.0, 1.5707963267948966]}, "[0.0, -1.5707963267948966]": {"num_count": 228, "sum_payoffs": 52.610678085520945, "action": [0.0, -1.5707963267948966]}}, "1": {"[1.0, 1.5707963267948966]": {"num_count": 354, "sum_payoffs": 75.66663142801607, "action": [1.0, 1.5707963267948966]}, "[0.0, 1.5707963267948966]": {"num_count": 335, "sum_payoffs": 69.62899443967575, "action": [0.0, 1.5707963267948966]}, "[0.0, -1.5707963267948966]": {"num_count": 343, "sum_payoffs": 72.18155346015241, "action": [0.0, -1.5707963267948966]}, "[1.0, 0.0]": {"num_count": 365, "sum_payoffs": 79.08698572159136, "action": [1.0, 0.0]}, "[1.0, -1.5707963267948966]": {"num_count": 363, "sum_payoffs": 78.54447476959339, "action": [1.0, -1.5707963267948966]}, "[0.0, 0.0]": {"num_count": 340, "sum_payoffs": 71.14159800938174, "action": [0.0, 0.0]}}}}