{"runtime_game_length_10": {"mean": 43.783240461349486, "variance": 5.530819364082017}, "runtime_game_length_9": {"mean": 38.66756663322449, "variance": 9.302370467833988}, "runtime_game_length_8": {"mean": 32.77205481529236, "variance": 5.04101089486177}, "runtime_game_length_7": {"mean": 23.719845247268676, "variance": 1.9426496172393262}, "runtime_game_length_6": {"mean": 13.680711650848389, "variance": 0.17577381383709054}, "runtime_game_length_5": {"mean": 2.6227538108825685, "variance": 0.03665718733906033}, "runtime": {"mean": 155.24657335281373, "variance": 69.65562876139327}, "winner": {"mean": [1.0, 0.0], "variance": [0.0, 0.0]}, "T_terminal": {"mean": 6.0, "variance": 0.0}, "trajectory_0": {"mean": [[1.0, 3.0, 0.0, 0.0], [3.0, 3.0, 0.0, 1.0], [5.0, 3.0, 0.0, 2.0], [7.0, 3.0, 0.0, 3.0], [9.0, 3.0, 0.0, 4.0], [11.0, 3.0, 0.0, 5.0], [13.0, 3.0, 1.8849555921538759, 6.0]], "variance": [[0.0, 0.0, 0.0, 0.0], [0.0, 0.0, 0.0, 0.0], [0.0, 0.0, 0.0, 0.0], [0.0, 0.0, 0.0, 0.0], [0.0, 0.0, 0.0, 0.0], [0.0, 0.0, 0.0, 0.0], [0.0, 0.0, 2.3687050562614456, 0.0]]}, "trajectory_1": {"mean": [[3.0, 3.0, 0.0, 0.0], [4.0, 3.0, 0.0, 1.0], [5.0, 3.0, 0.0, 2.0], [6.0, 3.0, 0.0, 3.0], [7.0, 3.0, 0.0, 4.0], [8.0, 3.0, 0.0, 5.0], [9.0, 3.0, 0.0, 6.0]], "variance": [[0.0, 0.0, 0.0, 0.0], [0.0, 0.0, 0.0, 0.0], [0.0, 0.0, 0.0, 0.0], [0.0, 0.0, 0.0, 0.0], [0.0, 0.0, 0.0, 0.0], [0.0, 0.0, 0.0, 0.0], [0.0, 0.0, 0.0, 0.0]]}, "penalty_distance_0": {"mean": [-3.6787944117144233, -8.0, -2.3544284234972315, -0.6929166501714572, -0.20392783203477077, -0.06001668551060417], "variance": [0.0, 0.0, 0.0, 0.0, 0.0, 0.0]}, "penalty_distance_1": {"mean": [0.0, 0.0, 0.0, 0.0, 0.0, 0.0], "variance": [0.0, 0.0, 0.0, 0.0, 0.0, 0.0]}, "reward_progress_0": {"mean": [0.2, 0.16000000000000003, 0.12800000000000003, 0.10240000000000002, 0.08192000000000002, 0.06553600000000002], "variance": [0.0, 0.0, 0.0, 1.925929944387236e-34, 0.0, 0.0]}, "reward_progress_1": {"mean": [0.1, 0.08000000000000002, 0.06400000000000002, 0.05120000000000001, 0.04096000000000001, 0.03276800000000001], "variance": [0.0, 0.0, 0.0, 4.81482486096809e-35, 0.0, 0.0]}, "penalty_timestep_0": {"mean": [-0.6000000000000001], "variance": [0.0]}, "penalty_timestep_1": {"mean": [-0.6000000000000001], "variance": [0.0]}, "reward_lead_0": {"mean": [4.0], "variance": [0.0]}, "reward_lead_1": {"mean": [-4.0], "variance": [0.0]}, "payoff_total_0": {"mean": [-3.4787944117144236, -11.318794411714425, -13.545222835211657, -14.135739485383112, -14.257747317417884, -14.252228002928486, -10.852228002928486], "variance": [1.9721522630525295e-31, 0.0, 0.0, 0.0, 3.1554436208840472e-30, 0.0, 0.0]}, "payoff_total_1": {"mean": [0.1, 0.18000000000000002, 0.24400000000000005, 0.2952000000000001, 0.33616000000000007, 0.3689280000000001, -4.231071999999999], "variance": [0.0, 0.0, 0.0, 0.0, 0.0, 0.0, 0.0]}}