{"2": {"0": {"[1.0, 0]": {"num_count": 2205, "sum_payoffs": 5.376315786247895, "action": [1.0, 0]}, "[0.0, 0]": {"num_count": 2395, "sum_payoffs": 6.233684206786105, "action": [0.0, 0]}}, "1": {"[1.0, 0]": {"num_count": 2381, "sum_payoffs": 6.186315785761895, "action": [1.0, 0]}, "[0.0, 0]": {"num_count": 2219, "sum_payoffs": 5.423684207272105, "action": [0.0, 0]}}}, "1": {"0": {"[0.0, 0]": {"num_count": 2367, "sum_payoffs": 1.79999999892, "action": [0.0, 0]}, "[1.0, 0]": {"num_count": 2233, "sum_payoffs": 0.89999999946, "action": [1.0, 0]}}, "1": {"[1.0, 0]": {"num_count": 2381, "sum_payoffs": 1.79999999892, "action": [1.0, 0]}, "[0.0, 0]": {"num_count": 2219, "sum_payoffs": 0.89999999946, "action": [0.0, 0]}}}}