{"7": {"0": {"[1.0, -1.5707963267948966]": {"num_count": 392, "sum_payoffs": 103.65454094077245, "action": [1.0, -1.5707963267948966]}, "[0.0, 0.0]": {"num_count": 378, "sum_payoffs": 98.53783815432388, "action": [0.0, 0.0]}, "[0.0, -1.5707963267948966]": {"num_count": 381, "sum_payoffs": 99.56700932508373, "action": [0.0, -1.5707963267948966]}, "[1.0, 0.0]": {"num_count": 427, "sum_payoffs": 116.47697572820115, "action": [1.0, 0.0]}, "[2.0, -1.5707963267948966]": {"num_count": 428, "sum_payoffs": 116.86788820983587, "action": [2.0, -1.5707963267948966]}, "[1.0, 1.5707963267948966]": {"num_count": 388, "sum_payoffs": 102.13920274279792, "action": [1.0, 1.5707963267948966]}, "[0.0, 1.5707963267948966]": {"num_count": 371, "sum_payoffs": 95.97874488761676, "action": [0.0, 1.5707963267948966]}, "[2.0, 0.0]": {"num_count": 428, "sum_payoffs": 116.91356682547786, "action": [2.0, 0.0]}, "[2.0, 1.5707963267948966]": {"num_count": 407, "sum_payoffs": 109.1391245916158, "action": [2.0, 1.5707963267948966]}}, "1": {"[1.0, 0.0]": {"num_count": 413, "sum_payoffs": 135.67618371538225, "action": [1.0, 0.0]}, "[0.0, -1.5707963267948966]": {"num_count": 352, "sum_payoffs": 109.84771250741728, "action": [0.0, -1.5707963267948966]}, "[0.0, 1.5707963267948966]": {"num_count": 347, "sum_payoffs": 107.56706007435807, "action": [0.0, 1.5707963267948966]}, "[2.0, 0.0]": {"num_count": 495, "sum_payoffs": 171.15825598542415, "action": [2.0, 0.0]}, "[1.0, 1.5707963267948966]": {"num_count": 384, "sum_payoffs": 123.3241243055164, "action": [1.0, 1.5707963267948966]}, "[0.0, 0.0]": {"num_count": 370, "sum_payoffs": 117.36456978457299, "action": [0.0, 0.0]}, "[2.0, 1.5707963267948966]": {"num_count": 424, "sum_payoffs": 140.4167102459568, "action": [2.0, 1.5707963267948966]}, "[2.0, -1.5707963267948966]": {"num_count": 431, "sum_payoffs": 143.4680292978207, "action": [2.0, -1.5707963267948966]}, "[1.0, -1.5707963267948966]": {"num_count": 384, "sum_payoffs": 123.30886267743942, "action": [1.0, -1.5707963267948966]}}}}