{"5": {"0": {"[2.0, -1.5707963267948966]": {"num_count": 68, "sum_payoffs": 22.645415561388493, "action": [2.0, -1.5707963267948966]}, "[2.0, 0.0]": {"num_count": 67, "sum_payoffs": 21.930765624587643, "action": [2.0, 0.0]}, "[0.0, 0.0]": {"num_count": 65, "sum_payoffs": 20.794075843045146, "action": [0.0, 0.0]}, "[1.0, 0.0]": {"num_count": 68, "sum_payoffs": 22.440555841824906, "action": [1.0, 0.0]}, "[0.0, -1.5707963267948966]": {"num_count": 62, "sum_payoffs": 19.384002538848144, "action": [0.0, -1.5707963267948966]}, "[1.0, 1.5707963267948966]": {"num_count": 66, "sum_payoffs": 21.3197078181755, "action": [1.0, 1.5707963267948966]}, "[1.0, -1.5707963267948966]": {"num_count": 69, "sum_payoffs": 23.055139089338056, "action": [1.0, -1.5707963267948966]}, "[0.0, 1.5707963267948966]": {"num_count": 68, "sum_payoffs": 22.483021771596896, "action": [0.0, 1.5707963267948966]}, "[2.0, 1.5707963267948966]": {"num_count": 67, "sum_payoffs": 22.04402577806763, "action": [2.0, 1.5707963267948966]}}, "1": {"[1.0, 1.5707963267948966]": {"num_count": 102, "sum_payoffs": 34.425651993798844, "action": [1.0, 1.5707963267948966]}, "[0.0, -1.5707963267948966]": {"num_count": 94, "sum_payoffs": 30.481402251682184, "action": [0.0, -1.5707963267948966]}, "[1.0, -1.5707963267948966]": {"num_count": 104, "sum_payoffs": 35.5352650764166, "action": [1.0, -1.5707963267948966]}, "[0.0, 1.5707963267948966]": {"num_count": 96, "sum_payoffs": 31.454597960493366, "action": [0.0, 1.5707963267948966]}, "[0.0, 0.0]": {"num_count": 96, "sum_payoffs": 31.471604585499282, "action": [0.0, 0.0]}, "[1.0, 0.0]": {"num_count": 108, "sum_payoffs": 37.64360813704943, "action": [1.0, 0.0]}}}}