{"runtime": 0.7153759002685547, "winner": [0, 1], "T_terminal": 12, "trajectories": [[1.0, 3.0, 0.0, 3.0, 3.0, 0.0, 0.0], [3.0, 3.0, 0.0, 4.0, 3.0, 1.5707963267948966, 1.0], [4.0, 3.0, 1.5707963267948966, 4.0, 3.0, 0.0, 2.0], [4.0, 4.0, 3.141592653589793, 4.0, 3.0, 0.0, 3.0], [4.0, 4.0, 3.141592653589793, 5.0, 3.0, 1.5707963267948966, 4.0], [3.0, 4.0, 1.5707963267948966, 5.0, 4.0, 0.0, 5.0], [3.0, 4.0, 1.5707963267948966, 6.0, 4.0, 4.71238898038469, 6.0], [3.0, 5.0, 0.0, 6.0, 4.0, 0.0, 7.0], [5.0, 5.0, 4.71238898038469, 7.0, 4.0, 4.71238898038469, 8.0], [5.0, 4.0, 3.141592653589793, 7.0, 4.0, 3.141592653589793, 9.0], [3.0, 4.0, 3.141592653589793, 7.0, 4.0, 1.5707963267948966, 10.0], [1.0, 4.0, 4.71238898038469, 7.0, 5.0, 3.141592653589793, 11.0], [1.0, 4.0, 3.141592653589793, 6.0, 5.0, 4.71238898038469, 12.0], [3.0, 3.0, 0.0, 4.0, 3.0, 1.5707963267948966, 1.0], [4.0, 3.0, 1.5707963267948966, 4.0, 3.0, 0.0, 2.0], [4.0, 4.0, 3.141592653589793, 4.0, 3.0, 0.0, 3.0], [4.0, 4.0, 3.141592653589793, 5.0, 3.0, 1.5707963267948966, 4.0], [3.0, 4.0, 1.5707963267948966, 5.0, 4.0, 0.0, 5.0], [3.0, 4.0, 1.5707963267948966, 6.0, 4.0, 4.71238898038469, 6.0], [3.0, 5.0, 0.0, 6.0, 4.0, 0.0, 7.0], [5.0, 5.0, 4.71238898038469, 7.0, 4.0, 4.71238898038469, 8.0], [5.0, 4.0, 3.141592653589793, 7.0, 4.0, 3.141592653589793, 9.0], [3.0, 4.0, 3.141592653589793, 7.0, 4.0, 1.5707963267948966, 10.0], [1.0, 4.0, 4.71238898038469, 7.0, 5.0, 3.141592653589793, 11.0], [1.0, 4.0, 3.141592653589793, 7.0, 5.0, 1.5707963267948966, 12.0]], "penalty_distance_0": [-0.1103638323514327, -0.3, -0.1103638323514327, -0.07293502033026425, -0.04060058497098381, -0.014936120510359183, -0.012698765886961496, -0.03206337769811572, -0.04060058497098381, -0.005494691666620253, -0.0006845592656251814, -0.0018308181822522009, -0.1103638323514327, -0.3, -0.1103638323514327, -0.07293502033026425, -0.04060058497098381, -0.014936120510359183, -0.012698765886961496, -0.03206337769811572, -0.04060058497098381, -0.005494691666620253, -0.0006845592656251814, -0.0006845592656251814], "penalty_distance_1": [-0.1103638323514327, -0.3, -0.1103638323514327, -0.07293502033026425, -0.04060058497098381, -0.014936120510359183, -0.012698765886961496, -0.03206337769811572, -0.04060058497098381, -0.005494691666620253, -0.0006845592656251814, -0.0018308181822522009, -0.1103638323514327, -0.3, -0.1103638323514327, -0.07293502033026425, -0.04060058497098381, -0.014936120510359183, -0.012698765886961496, -0.03206337769811572, -0.04060058497098381, -0.005494691666620253, -0.0006845592656251814, -0.0006845592656251814], "reward_progress_0": [0.0, 0.0, 0.0, 0.0, -0.0, 0.0, 0.0, 0.0, 0.0, -0.0, -0.0, 0.0, 0.0, 0.0, 0.0, 0.0, -0.0, 0.0, 0.0, 0.0, 0.0, -0.0, -0.0, 0.0], "reward_progress_1": [0.0, 0.0, 0.0, 0.0, 0.0, 0.0, 0.0, 0.0, 0.0, 0.0, 0.0, -0.0, 0.0, 0.0, 0.0, 0.0, 0.0, 0.0, 0.0, 0.0, 0.0, 0.0, 0.0, 0.0], "penalty_agressor_0": [0.0, 0.0, 0.0, 0.0, 0.0, 0.0, 0.0, 0.0, 0.0, 0.0, 0.0, 0.0, 0.0, 0.0, 0.0, 0.0, 0.0, 0.0, 0.0, 0.0, 0.0, 0.0, 0.0, 0.0], "penalty_agressor_1": [0.0, 0.0, 0.0, 0.0, 0.0, 0.0, 0.0, 0.0, 0.0, 0.0, 0.0, 0.0, 0.0, 0.0, 0.0, 0.0, 0.0, 0.0, 0.0, 0.0, 0.0, 0.0, 0.0, 0.0], "penalty_timestep_0": [-12.0, -12.0], "penalty_timestep_1": [-12.0, -12.0], "reward_lead_0": [-5.0, -6.0], "reward_lead_1": [5.0, 6.0], "payoff_total0": [-0.1103638323514327, -0.4103638323514327, -0.5207276647028654, -0.5936626850331296, -0.6342632700041134, -0.6491993905144726, -0.6618981564014341, -0.6939615340995499, -0.7345621190705337, -0.7400568107371539, -0.7407413700027791, -0.7425721881850312, -17.742572188185033, -17.852936020536465, -18.152936020536465, -18.263299852887897, -18.33623487321816, -18.376835458189145, -18.391771578699505, -18.404470344586464, -18.43653372228458, -18.477134307255564, -18.482628998922184, -18.48331355818781, -18.483998117453435, -36.48399811745344], "payoff_total1": [-0.1103638323514327, -0.4103638323514327, -0.5207276647028654, -0.5936626850331296, -0.6342632700041134, -0.6491993905144726, -0.6618981564014341, -0.6939615340995499, -0.7345621190705337, -0.7400568107371539, -0.7407413700027791, -0.7425721881850312, -7.742572188185031, -7.852936020536464, -8.152936020536464, -8.263299852887897, -8.33623487321816, -8.376835458189145, -8.391771578699505, -8.404470344586466, -8.436533722284581, -8.477134307255564, -8.482628998922184, -8.48331355818781, -8.483998117453435, -14.483998117453435]}