{"2": {"0": {"[0.0, 0]": {"num_count": 207, "sum_payoffs": 52.955336831514344, "action": [0.0, 0]}, "[1.0, 0]": {"num_count": 2893, "sum_payoffs": 858.1643998283909, "action": [1.0, 0]}}, "1": {"[1.0, 0]": {"num_count": 2917, "sum_payoffs": 861.6293998276985, "action": [1.0, 0]}, "[0.0, 0]": {"num_count": 183, "sum_payoffs": 38.70113683436512, "action": [0.0, 0]}}}, "1": {"0": {"[0.0, 0]": {"num_count": 184, "sum_payoffs": 55.25999998894775, "action": [0.0, 0]}, "[1.0, 0]": {"num_count": 2916, "sum_payoffs": 954.5399998090405, "action": [1.0, 0]}}, "1": {"[1.0, 0]": {"num_count": 2919, "sum_payoffs": 950.9759998097542, "action": [1.0, 0]}, "[0.0, 0]": {"num_count": 181, "sum_payoffs": 48.779999990243795, "action": [0.0, 0]}}}}