{"15": {"0": {"[2.0, 0.0]": {"num_count": 296, "sum_payoffs": 66.52460106084563, "action": [2.0, 0.0]}, "[0.0, -1.5707963267948966]": {"num_count": 285, "sum_payoffs": 62.82485013341432, "action": [0.0, -1.5707963267948966]}, "[1.0, 1.5707963267948966]": {"num_count": 287, "sum_payoffs": 63.478104574492384, "action": [1.0, 1.5707963267948966]}, "[0.0, 0.0]": {"num_count": 278, "sum_payoffs": 60.417921294778274, "action": [0.0, 0.0]}, "[2.0, 1.5707963267948966]": {"num_count": 301, "sum_payoffs": 68.1825133009228, "action": [2.0, 1.5707963267948966]}, "[1.0, 0.0]": {"num_count": 284, "sum_payoffs": 62.430584443043216, "action": [1.0, 0.0]}, "[2.0, -1.5707963267948966]": {"num_count": 296, "sum_payoffs": 66.56984177900937, "action": [2.0, -1.5707963267948966]}, "[1.0, -1.5707963267948966]": {"num_count": 289, "sum_payoffs": 64.19791950105551, "action": [1.0, -1.5707963267948966]}, "[0.0, 1.5707963267948966]": {"num_count": 284, "sum_payoffs": 62.555471600762175, "action": [0.0, 1.5707963267948966]}}, "1": {"[0.0, 0.0]": {"num_count": 414, "sum_payoffs": 81.17599103784325, "action": [0.0, 0.0]}, "[0.0, 1.5707963267948966]": {"num_count": 419, "sum_payoffs": 82.60505453666903, "action": [0.0, 1.5707963267948966]}, "[1.0, -1.5707963267948966]": {"num_count": 449, "sum_payoffs": 91.48278041697716, "action": [1.0, -1.5707963267948966]}, "[1.0, 1.5707963267948966]": {"num_count": 442, "sum_payoffs": 89.36424522072812, "action": [1.0, 1.5707963267948966]}, "[1.0, 0.0]": {"num_count": 448, "sum_payoffs": 91.13977855079499, "action": [1.0, 0.0]}, "[0.0, -1.5707963267948966]": {"num_count": 428, "sum_payoffs": 85.19112775128627, "action": [0.0, -1.5707963267948966]}}}}