{"alphat_eff_gamelength_6": {"mean": 0.9230769230769231, "variance": 0.0}, "runtime_gamelength_6": {"mean": 46.96710827350616, "variance": 2.894373985949943}, "max_timestep": {"mean": 6.0, "variance": 0.0}, "winner": {"mean": [0.0, 0.0], "variance": [0.0, 0.0]}, "runtime": {"mean": 46.96737267971039, "variance": 2.8943766543537826}, "T_terminal": {"mean": 1.0, "variance": 0.0}, "trajectory_0": {"mean": [[1.0, 3.0, 0.0, 0.0], [3.0, 3.0, 0.0, 1.0]], "variance": [[0.0, 0.0, 0.0, 0.0], [0.0, 0.0, 0.0, 0.0]]}, "trajectory_1": {"mean": [[3.0, 3.0, 0.0, 0.0], [4.0, 3.0, -0.47123889803846897, 1.0]], "variance": [[0.0, 0.0, 0.0, 0.0], [0.0, 0.0, 0.5181542310571913, 0.0]]}, "coll_payoff_0": {"mean": [1.0], "variance": [0.0]}, "lead_payoff_0": {"mean": [0.6666666666666667], "variance": [1.232595164407831e-32]}, "coll_payoff_1": {"mean": [1.0], "variance": [0.0]}, "lead_payoff_1": {"mean": [0.33333333333333337], "variance": [3.0814879110195774e-33]}, "payoff_total": {"mean": [[0.5881226052798532, 0.578544061217369]], "variance": [[0.0, 1.232595164407831e-32]]}, "final_lead_payoff_0": {"mean": [0.4655172413793104], "variance": [3.0814879110195774e-33]}, "final_lead_payoff_1": {"mean": [0.5344827586206896], "variance": [0.0]}}