{"2": {"0": {"[1.0, 0]": {"num_count": 52, "sum_payoffs": 12.438532892715582, "action": [1.0, 0]}, "[0.0, 0]": {"num_count": 48, "sum_payoffs": 10.58909210354243, "action": [0.0, 0]}}, "1": {"[0.0, 0]": {"num_count": 47, "sum_payoffs": 11.095342103460165, "action": [0.0, 0]}, "[1.0, 0]": {"num_count": 53, "sum_payoffs": 13.75478289250169, "action": [1.0, 0]}}}, "1": {"0": {"[1.0, 0]": {"num_count": 51, "sum_payoffs": 11.227499998175523, "action": [1.0, 0]}, "[0.0, 0]": {"num_count": 49, "sum_payoffs": 10.372499998314462, "action": [0.0, 0]}}, "1": {"[0.0, 0]": {"num_count": 49, "sum_payoffs": 10.372499998314462, "action": [0.0, 0]}, "[1.0, 0]": {"num_count": 51, "sum_payoffs": 11.227499998175523, "action": [1.0, 0]}}}}