{"2": {"0": {"[0.0, 0.0]": {"num_count": 430, "sum_payoffs": 92.10693564733401, "action": [0.0, 0.0]}, "[0.0, -1.5707963267948966]": {"num_count": 363, "sum_payoffs": 71.40853485117796, "action": [0.0, -1.5707963267948966]}, "[0.0, 1.5707963267948966]": {"num_count": 361, "sum_payoffs": 70.77982746584141, "action": [0.0, 1.5707963267948966]}, "[1.0, 0.0]": {"num_count": 520, "sum_payoffs": 120.63202092604733, "action": [1.0, 0.0]}, "[2.0, 0.0]": {"num_count": 608, "sum_payoffs": 149.23918473065174, "action": [2.0, 0.0]}, "[2.0, -1.5707963267948966]": {"num_count": 491, "sum_payoffs": 111.28109856264889, "action": [2.0, -1.5707963267948966]}, "[2.0, 1.5707963267948966]": {"num_count": 487, "sum_payoffs": 110.09908087603694, "action": [2.0, 1.5707963267948966]}, "[1.0, 1.5707963267948966]": {"num_count": 418, "sum_payoffs": 88.3217086962069, "action": [1.0, 1.5707963267948966]}, "[1.0, -1.5707963267948966]": {"num_count": 422, "sum_payoffs": 89.54435824080309, "action": [1.0, -1.5707963267948966]}}, "1": {"[0.0, -1.5707963267948966]": {"num_count": 353, "sum_payoffs": 93.1451665316809, "action": [0.0, -1.5707963267948966]}, "[0.0, 0.0]": {"num_count": 427, "sum_payoffs": 121.12302542371108, "action": [0.0, 0.0]}, "[2.0, -1.5707963267948966]": {"num_count": 500, "sum_payoffs": 149.2362514146977, "action": [2.0, -1.5707963267948966]}, "[0.0, 1.5707963267948966]": {"num_count": 358, "sum_payoffs": 94.96751622610228, "action": [0.0, 1.5707963267948966]}, "[1.0, 1.5707963267948966]": {"num_count": 414, "sum_payoffs": 116.13388955766082, "action": [1.0, 1.5707963267948966]}, "[1.0, 0.0]": {"num_count": 516, "sum_payoffs": 155.55809049414003, "action": [1.0, 0.0]}, "[1.0, -1.5707963267948966]": {"num_count": 421, "sum_payoffs": 118.81972055477966, "action": [1.0, -1.5707963267948966]}, "[2.0, 0.0]": {"num_count": 608, "sum_payoffs": 191.87623576328258, "action": [2.0, 0.0]}, "[2.0, 1.5707963267948966]": {"num_count": 503, "sum_payoffs": 150.39806181365947, "action": [2.0, 1.5707963267948966]}}}}