{"2": {"0": {"[1.0, 0]": {"num_count": 1826, "sum_payoffs": 363.58365783566353, "action": [1.0, 0]}, "[0.0, 0]": {"num_count": 774, "sum_payoffs": 115.60612498121388, "action": [0.0, 0]}}, "1": {"[1.0, 0]": {"num_count": 1809, "sum_payoffs": 360.2626578362026, "action": [1.0, 0]}, "[0.0, 0]": {"num_count": 791, "sum_payoffs": 119.65612498055553, "action": [0.0, 0]}}}, "1": {"0": {"[0.0, 0]": {"num_count": 989, "sum_payoffs": 184.01624997009793, "action": [0.0, 0]}, "[1.0, 0]": {"num_count": 1611, "sum_payoffs": 343.73249994413914, "action": [1.0, 0]}}, "1": {"[0.0, 0]": {"num_count": 992, "sum_payoffs": 184.92749996994985, "action": [0.0, 0]}, "[1.0, 0]": {"num_count": 1608, "sum_payoffs": 343.2262499442214, "action": [1.0, 0]}}}}