{"2": {"0": {"[1.0, 0]": {"num_count": 918, "sum_payoffs": 230.18210522095953, "action": [1.0, 0]}, "[0.0, 0]": {"num_count": 182, "sum_payoffs": 36.70539473011281, "action": [0.0, 0]}}, "1": {"[0.0, 0]": {"num_count": 134, "sum_payoffs": 28.386394731637974, "action": [0.0, 0]}, "[1.0, 0]": {"num_count": 966, "sum_payoffs": 247.73510521774227, "action": [1.0, 0]}}}, "1": {"0": {"[0.0, 0]": {"num_count": 131, "sum_payoffs": 30.674999994376215, "action": [0.0, 0]}, "[1.0, 0]": {"num_count": 969, "sum_payoffs": 266.5499999511333, "action": [1.0, 0]}}, "1": {"[1.0, 0]": {"num_count": 986, "sum_payoffs": 272.0849999501191, "action": [1.0, 0]}, "[0.0, 0]": {"num_count": 114, "sum_payoffs": 26.48999999514347, "action": [0.0, 0]}}}}