{"2": {"0": {"[1.0, 0]": {"num_count": 3126, "sum_payoffs": 1181.8912492908826, "action": [1.0, 0]}, "[0.0, 0]": {"num_count": 974, "sum_payoffs": 312.0119998127871, "action": [0.0, 0]}}, "1": {"[1.0, 0]": {"num_count": 3085, "sum_payoffs": 1166.5822493000646, "action": [1.0, 0]}, "[0.0, 0]": {"num_count": 1015, "sum_payoffs": 328.414499802945, "action": [0.0, 0]}}}, "1": {"0": {"[1.0, 0]": {"num_count": 2063, "sum_payoffs": 836.1224994983588, "action": [1.0, 0]}, "[0.0, 0]": {"num_count": 2037, "sum_payoffs": 824.3774995054051, "action": [0.0, 0]}}, "1": {"[1.0, 0]": {"num_count": 2063, "sum_payoffs": 836.1224994983588, "action": [1.0, 0]}, "[0.0, 0]": {"num_count": 2037, "sum_payoffs": 824.3774995054051, "action": [0.0, 0]}}}}