{"2": {"0": {"[1.0, 0]": {"num_count": 1378, "sum_payoffs": 224.96328942869437, "action": [1.0, 0]}, "[0.0, 0]": {"num_count": 722, "sum_payoffs": 88.77869998224358, "action": [0.0, 0]}}, "1": {"[1.0, 0]": {"num_count": 1371, "sum_payoffs": 223.94268942889838, "action": [1.0, 0]}, "[0.0, 0]": {"num_count": 729, "sum_payoffs": 90.38249998192276, "action": [0.0, 0]}}}, "1": {"0": {"[0.0, 0]": {"num_count": 869, "sum_payoffs": 130.62599997387625, "action": [0.0, 0]}, "[1.0, 0]": {"num_count": 1231, "sum_payoffs": 211.19399995776473, "action": [1.0, 0]}}, "1": {"[1.0, 0]": {"num_count": 1231, "sum_payoffs": 211.27499995774852, "action": [1.0, 0]}, "[0.0, 0]": {"num_count": 869, "sum_payoffs": 130.70699997386004, "action": [0.0, 0]}}}}