{"2": {"0": {"[0.0, 0]": {"num_count": 180, "sum_payoffs": 19.95078946836399, "action": [0.0, 0]}, "[1.0, 0]": {"num_count": 920, "sum_payoffs": 119.49596049444803, "action": [1.0, 0]}}, "1": {"[1.0, 0]": {"num_count": 961, "sum_payoffs": 127.68971049226289, "action": [1.0, 0]}, "[0.0, 0]": {"num_count": 139, "sum_payoffs": 15.645039469512222, "action": [0.0, 0]}}}, "1": {"0": {"[0.0, 0]": {"num_count": 149, "sum_payoffs": 17.60999999530399, "action": [0.0, 0]}, "[1.0, 0]": {"num_count": 951, "sum_payoffs": 135.79499996378635, "action": [1.0, 0]}}, "1": {"[0.0, 0]": {"num_count": 233, "sum_payoffs": 25.777499993125943, "action": [0.0, 0]}, "[1.0, 0]": {"num_count": 867, "sum_payoffs": 121.41749996762013, "action": [1.0, 0]}}}}