{"10": {"0": {"[0.0, -1.5707963267948966]": {"num_count": 482, "sum_payoffs": 108.18756771958606, "action": [0.0, -1.5707963267948966]}, "[1.0, 1.5707963267948966]": {"num_count": 502, "sum_payoffs": 114.54462469727585, "action": [1.0, 1.5707963267948966]}, "[2.0, 1.5707963267948966]": {"num_count": 526, "sum_payoffs": 122.21296746744632, "action": [2.0, 1.5707963267948966]}, "[1.0, 0.0]": {"num_count": 521, "sum_payoffs": 120.64902258989264, "action": [1.0, 0.0]}, "[2.0, -1.5707963267948966]": {"num_count": 533, "sum_payoffs": 124.50660656093588, "action": [2.0, -1.5707963267948966]}, "[1.0, -1.5707963267948966]": {"num_count": 511, "sum_payoffs": 117.4561796743143, "action": [1.0, -1.5707963267948966]}, "[0.0, 0.0]": {"num_count": 511, "sum_payoffs": 117.33852177341116, "action": [0.0, 0.0]}, "[0.0, 1.5707963267948966]": {"num_count": 476, "sum_payoffs": 106.25129670285716, "action": [0.0, 1.5707963267948966]}, "[2.0, 0.0]": {"num_count": 538, "sum_payoffs": 126.05277964511619, "action": [2.0, 0.0]}}, "1": {"[0.0, 0.0]": {"num_count": 482, "sum_payoffs": 131.85776651192617, "action": [0.0, 0.0]}, "[0.0, -1.5707963267948966]": {"num_count": 445, "sum_payoffs": 118.29209125920276, "action": [0.0, -1.5707963267948966]}, "[2.0, -1.5707963267948966]": {"num_count": 564, "sum_payoffs": 162.29787034147694, "action": [2.0, -1.5707963267948966]}, "[1.0, 0.0]": {"num_count": 557, "sum_payoffs": 159.63596418084356, "action": [1.0, 0.0]}, "[2.0, 0.0]": {"num_count": 593, "sum_payoffs": 173.15422248546398, "action": [2.0, 0.0]}, "[1.0, 1.5707963267948966]": {"num_count": 483, "sum_payoffs": 132.20740694059006, "action": [1.0, 1.5707963267948966]}, "[1.0, -1.5707963267948966]": {"num_count": 481, "sum_payoffs": 131.53071691422522, "action": [1.0, -1.5707963267948966]}, "[0.0, 1.5707963267948966]": {"num_count": 456, "sum_payoffs": 122.41348201671052, "action": [0.0, 1.5707963267948966]}, "[2.0, 1.5707963267948966]": {"num_count": 539, "sum_payoffs": 152.9339937989594, "action": [2.0, 1.5707963267948966]}}}}