{"2": {"0": {"[0.0, 0]": {"num_count": 1187, "sum_payoffs": 181.26224993655845, "action": [0.0, 0]}, "[1.0, 0]": {"num_count": 2913, "sum_payoffs": 569.5514998006606, "action": [1.0, 0]}}, "1": {"[1.0, 0]": {"num_count": 2917, "sum_payoffs": 571.8644997998495, "action": [1.0, 0]}, "[0.0, 0]": {"num_count": 1183, "sum_payoffs": 180.95399993666564, "action": [0.0, 0]}}}, "1": {"0": {"[0.0, 0]": {"num_count": 1498, "sum_payoffs": 279.5962499021423, "action": [0.0, 0]}, "[1.0, 0]": {"num_count": 2602, "sum_payoffs": 551.8012498068549, "action": [1.0, 0]}}, "1": {"[1.0, 0]": {"num_count": 2596, "sum_payoffs": 550.5862498072798, "action": [1.0, 0]}, "[0.0, 0]": {"num_count": 1504, "sum_payoffs": 281.21624990157517, "action": [0.0, 0]}}}}