{"10": {"0": {"[1.0, 1.5707963267948966]": {"num_count": 176, "sum_payoffs": 40.04500748476471, "action": [1.0, 1.5707963267948966]}, "[1.0, -1.5707963267948966]": {"num_count": 182, "sum_payoffs": 42.3546267820342, "action": [1.0, -1.5707963267948966]}, "[1.0, 0.0]": {"num_count": 178, "sum_payoffs": 40.898866110934925, "action": [1.0, 0.0]}, "[2.0, -1.5707963267948966]": {"num_count": 181, "sum_payoffs": 41.896027586043346, "action": [2.0, -1.5707963267948966]}, "[0.0, 1.5707963267948966]": {"num_count": 170, "sum_payoffs": 37.862090925534126, "action": [0.0, 1.5707963267948966]}, "[2.0, 1.5707963267948966]": {"num_count": 184, "sum_payoffs": 43.01658057106607, "action": [2.0, 1.5707963267948966]}, "[0.0, -1.5707963267948966]": {"num_count": 172, "sum_payoffs": 38.65889199209902, "action": [0.0, -1.5707963267948966]}, "[0.0, 0.0]": {"num_count": 180, "sum_payoffs": 41.611097777769764, "action": [0.0, 0.0]}, "[2.0, 0.0]": {"num_count": 177, "sum_payoffs": 40.425964306461296, "action": [2.0, 0.0]}}, "1": {"[0.0, 0.0]": {"num_count": 166, "sum_payoffs": 44.73977529871145, "action": [0.0, 0.0]}, "[1.0, 0.0]": {"num_count": 187, "sum_payoffs": 53.64151829617213, "action": [1.0, 0.0]}, "[1.0, 1.5707963267948966]": {"num_count": 173, "sum_payoffs": 47.77721095185555, "action": [1.0, 1.5707963267948966]}, "[0.0, -1.5707963267948966]": {"num_count": 167, "sum_payoffs": 45.270859748815965, "action": [0.0, -1.5707963267948966]}, "[2.0, -1.5707963267948966]": {"num_count": 190, "sum_payoffs": 54.89696834688547, "action": [2.0, -1.5707963267948966]}, "[1.0, -1.5707963267948966]": {"num_count": 173, "sum_payoffs": 47.79363295178722, "action": [1.0, -1.5707963267948966]}, "[2.0, 1.5707963267948966]": {"num_count": 181, "sum_payoffs": 51.220756669672014, "action": [2.0, 1.5707963267948966]}, "[2.0, 0.0]": {"num_count": 199, "sum_payoffs": 58.915178338069424, "action": [2.0, 0.0]}, "[0.0, 1.5707963267948966]": {"num_count": 164, "sum_payoffs": 43.907499046201295, "action": [0.0, 1.5707963267948966]}}}}