{"2": {"0": {"[1.0, 0]": {"num_count": 274, "sum_payoffs": 4.859999998299, "action": [1.0, 0]}, "[0.0, 0]": {"num_count": 326, "sum_payoffs": 4.949999998267501, "action": [0.0, 0]}}, "1": {"[0.0, 0]": {"num_count": 306, "sum_payoffs": 4.0499999985825, "action": [0.0, 0]}, "[1.0, 0]": {"num_count": 294, "sum_payoffs": 5.759999997984001, "action": [1.0, 0]}}}, "1": {"0": {"[1.0, 0]": {"num_count": 274, "sum_payoffs": 0.899999999685, "action": [1.0, 0]}, "[0.0, 0]": {"num_count": 326, "sum_payoffs": 1.79999999937, "action": [0.0, 0]}}, "1": {"[1.0, 0]": {"num_count": 281, "sum_payoffs": 0.899999999685, "action": [1.0, 0]}, "[0.0, 0]": {"num_count": 319, "sum_payoffs": 1.79999999937, "action": [0.0, 0]}}}}