{"12": {"0": {"[1.0, 0.0]": {"num_count": 66, "sum_payoffs": 14.343044953331864, "action": [1.0, 0.0]}, "[0.0, 1.5707963267948966]": {"num_count": 66, "sum_payoffs": 14.204204625252576, "action": [0.0, 1.5707963267948966]}, "[0.0, -1.5707963267948966]": {"num_count": 66, "sum_payoffs": 14.138866669830174, "action": [0.0, -1.5707963267948966]}, "[1.0, -1.5707963267948966]": {"num_count": 68, "sum_payoffs": 15.107622694196932, "action": [1.0, -1.5707963267948966]}, "[0.0, 0.0]": {"num_count": 66, "sum_payoffs": 14.313187673387437, "action": [0.0, 0.0]}, "[2.0, -1.5707963267948966]": {"num_count": 67, "sum_payoffs": 14.618707768268942, "action": [2.0, -1.5707963267948966]}, "[2.0, 0.0]": {"num_count": 70, "sum_payoffs": 15.947923587740869, "action": [2.0, 0.0]}, "[2.0, 1.5707963267948966]": {"num_count": 64, "sum_payoffs": 13.44214743771553, "action": [2.0, 1.5707963267948966]}, "[1.0, 1.5707963267948966]": {"num_count": 67, "sum_payoffs": 14.634243396224534, "action": [1.0, 1.5707963267948966]}}, "1": {"[0.0, 0.0]": {"num_count": 65, "sum_payoffs": 16.76020778289348, "action": [0.0, 0.0]}, "[0.0, 1.5707963267948966]": {"num_count": 64, "sum_payoffs": 16.152069828279977, "action": [0.0, 1.5707963267948966]}, "[1.0, 0.0]": {"num_count": 68, "sum_payoffs": 18.106405200558285, "action": [1.0, 0.0]}, "[1.0, 1.5707963267948966]": {"num_count": 65, "sum_payoffs": 16.5484339744373, "action": [1.0, 1.5707963267948966]}, "[1.0, -1.5707963267948966]": {"num_count": 65, "sum_payoffs": 16.6134046116944, "action": [1.0, -1.5707963267948966]}, "[2.0, 0.0]": {"num_count": 72, "sum_payoffs": 19.923543946525392, "action": [2.0, 0.0]}, "[2.0, 1.5707963267948966]": {"num_count": 67, "sum_payoffs": 17.544223756641813, "action": [2.0, 1.5707963267948966]}, "[2.0, -1.5707963267948966]": {"num_count": 68, "sum_payoffs": 18.141779943427448, "action": [2.0, -1.5707963267948966]}, "[0.0, -1.5707963267948966]": {"num_count": 66, "sum_payoffs": 17.118856711349746, "action": [0.0, -1.5707963267948966]}}}}