{"7": {"0": {"[0.0, 1.5707963267948966]": {"num_count": 319, "sum_payoffs": 90.7828964094904, "action": [0.0, 1.5707963267948966]}, "[2.0, 0.0]": {"num_count": 363, "sum_payoffs": 108.43168029985314, "action": [2.0, 0.0]}, "[2.0, -1.5707963267948966]": {"num_count": 362, "sum_payoffs": 108.07729984528562, "action": [2.0, -1.5707963267948966]}, "[2.0, 1.5707963267948966]": {"num_count": 349, "sum_payoffs": 102.70523866996179, "action": [2.0, 1.5707963267948966]}, "[1.0, -1.5707963267948966]": {"num_count": 343, "sum_payoffs": 100.29270695967065, "action": [1.0, -1.5707963267948966]}, "[0.0, -1.5707963267948966]": {"num_count": 334, "sum_payoffs": 96.70566856644433, "action": [0.0, -1.5707963267948966]}, "[0.0, 0.0]": {"num_count": 336, "sum_payoffs": 97.42734724922178, "action": [0.0, 0.0]}, "[1.0, 0.0]": {"num_count": 346, "sum_payoffs": 101.55345579298525, "action": [1.0, 0.0]}, "[1.0, 1.5707963267948966]": {"num_count": 348, "sum_payoffs": 102.4046927792864, "action": [1.0, 1.5707963267948966]}}, "1": {"[1.0, -1.5707963267948966]": {"num_count": 554, "sum_payoffs": 162.0102408430882, "action": [1.0, -1.5707963267948966]}, "[0.0, 0.0]": {"num_count": 488, "sum_payoffs": 137.38704287190598, "action": [0.0, 0.0]}, "[1.0, 1.5707963267948966]": {"num_count": 547, "sum_payoffs": 159.49295864764625, "action": [1.0, 1.5707963267948966]}, "[1.0, 0.0]": {"num_count": 552, "sum_payoffs": 161.37111455854588, "action": [1.0, 0.0]}, "[0.0, 1.5707963267948966]": {"num_count": 482, "sum_payoffs": 135.05408712877016, "action": [0.0, 1.5707963267948966]}, "[0.0, -1.5707963267948966]": {"num_count": 477, "sum_payoffs": 133.23345421781156, "action": [0.0, -1.5707963267948966]}}}}