{"2": {"0": {"[1.0, 0]": {"num_count": 2390, "sum_payoffs": 712.3038630154514, "action": [1.0, 0]}, "[0.0, 0]": {"num_count": 210, "sum_payoffs": 46.04219999079167, "action": [0.0, 0]}}, "1": {"[1.0, 0]": {"num_count": 2436, "sum_payoffs": 728.4876630122152, "action": [1.0, 0]}, "[0.0, 0]": {"num_count": 164, "sum_payoffs": 34.52399999309527, "action": [0.0, 0]}}}, "1": {"0": {"[1.0, 0]": {"num_count": 2419, "sum_payoffs": 790.9199998417879, "action": [1.0, 0]}, "[0.0, 0]": {"num_count": 181, "sum_payoffs": 52.01999998959576, "action": [0.0, 0]}}, "1": {"[0.0, 0]": {"num_count": 178, "sum_payoffs": 50.88599998982257, "action": [0.0, 0]}, "[1.0, 0]": {"num_count": 2422, "sum_payoffs": 792.3779998414961, "action": [1.0, 0]}}}}