{"2": {"0": {"[1.0, 0]": {"num_count": 2875, "sum_payoffs": 539.5460327059116, "action": [1.0, 0]}, "[0.0, 0]": {"num_count": 225, "sum_payoffs": 31.993874988802002, "action": [0.0, 0]}}, "1": {"[0.0, 0]": {"num_count": 250, "sum_payoffs": 36.36787498727114, "action": [0.0, 0]}, "[1.0, 0]": {"num_count": 2850, "sum_payoffs": 533.714032707954, "action": [1.0, 0]}}}, "1": {"0": {"[0.0, 0]": {"num_count": 386, "sum_payoffs": 70.51499997531981, "action": [0.0, 0]}, "[1.0, 0]": {"num_count": 2714, "sum_payoffs": 556.3574998052596, "action": [1.0, 0]}}, "1": {"[1.0, 0]": {"num_count": 2883, "sum_payoffs": 592.7062497925439, "action": [1.0, 0]}, "[0.0, 0]": {"num_count": 217, "sum_payoffs": 38.62124998648247, "action": [0.0, 0]}}}}