{"alphat_eff_gamelength_2": {"mean": 1.0, "variance": 0.0}, "runtime_gamelength_2": {"mean": 0.3335723400115967, "variance": 0.0001397298344363662}, "max_timestep": {"mean": 1.0, "variance": 0.0}, "alphat_eff_gamelength_1": {"mean": 1.0, "variance": 0.0}, "runtime_gamelength_1": {"mean": 0.23044228553771973, "variance": 6.787487085375687e-05}, "winner": {"mean": [0.0, 0.0], "variance": [0.0, 0.0]}, "runtime": {"mean": 0.5642550945281982, "variance": 0.00018698078420356976}, "T_terminal": {"mean": 2.0, "variance": 0.0}, "trajectory_0": {"mean": [[1.0, 0.0, 1.5707963267948966, 0.0], [1.0, 1.0, 1.5707963267948966, 1.0], [1.0, 2.0, 1.5707963267948966, 2.0]], "variance": [[0.0, 0.0, 0.0, 0.0], [0.0, 0.0, 0.0, 0.0], [0.0, 0.0, 0.0, 0.0]]}, "trajectory_1": {"mean": [[0.0, 1.0, 0.0, 0.0], [1.0, 1.0, 0.0, 1.0], [2.0, 1.0, 0.0, 2.0]], "variance": [[0.0, 0.0, 0.0, 0.0], [0.0, 0.0, 0.0, 0.0], [0.0, 0.0, 0.0, 0.0]]}, "coll_payoff_0": {"mean": [0.0, 0.0], "variance": [0.0, 0.0]}, "coll_payoff_1": {"mean": [0.0, 0.0], "variance": [0.0, 0.0]}, "payoff_total": {"mean": [[0.0, 0.0], [0.19999999995999998, 0.19999999995999998]], "variance": [[0.0, 0.0], [7.703719777548943e-34, 7.703719777548943e-34]]}, "final_lead_payoff_0": {"mean": [0.5], "variance": [0.0]}, "final_lead_payoff_1": {"mean": [0.5], "variance": [0.0]}}