{"12": {"0": {"[0.0, 1.5707963267948966]": {"num_count": 485, "sum_payoffs": 102.32152271573062, "action": [0.0, 1.5707963267948966]}, "[2.0, 1.5707963267948966]": {"num_count": 507, "sum_payoffs": 109.05215619433422, "action": [2.0, 1.5707963267948966]}, "[1.0, -1.5707963267948966]": {"num_count": 520, "sum_payoffs": 113.05468426206852, "action": [1.0, -1.5707963267948966]}, "[2.0, 0.0]": {"num_count": 529, "sum_payoffs": 115.84822612936846, "action": [2.0, 0.0]}, "[2.0, -1.5707963267948966]": {"num_count": 539, "sum_payoffs": 118.88727805938429, "action": [2.0, -1.5707963267948966]}, "[0.0, 0.0]": {"num_count": 497, "sum_payoffs": 105.95142386441984, "action": [0.0, 0.0]}, "[0.0, -1.5707963267948966]": {"num_count": 495, "sum_payoffs": 105.34338824156025, "action": [0.0, -1.5707963267948966]}, "[1.0, 1.5707963267948966]": {"num_count": 512, "sum_payoffs": 110.60323300818635, "action": [1.0, 1.5707963267948966]}, "[1.0, 0.0]": {"num_count": 516, "sum_payoffs": 111.8320407191, "action": [1.0, 0.0]}}, "1": {"[0.0, -1.5707963267948966]": {"num_count": 437, "sum_payoffs": 107.32908223459768, "action": [0.0, -1.5707963267948966]}, "[1.0, -1.5707963267948966]": {"num_count": 492, "sum_payoffs": 126.40552973783625, "action": [1.0, -1.5707963267948966]}, "[0.0, 0.0]": {"num_count": 476, "sum_payoffs": 120.75153035508052, "action": [0.0, 0.0]}, "[0.0, 1.5707963267948966]": {"num_count": 452, "sum_payoffs": 112.52273947621306, "action": [0.0, 1.5707963267948966]}, "[2.0, 0.0]": {"num_count": 654, "sum_payoffs": 184.11784298121393, "action": [2.0, 0.0]}, "[1.0, 0.0]": {"num_count": 535, "sum_payoffs": 141.52556300252917, "action": [1.0, 0.0]}, "[1.0, 1.5707963267948966]": {"num_count": 489, "sum_payoffs": 125.39558913638326, "action": [1.0, 1.5707963267948966]}, "[2.0, 1.5707963267948966]": {"num_count": 530, "sum_payoffs": 139.730856366777, "action": [2.0, 1.5707963267948966]}, "[2.0, -1.5707963267948966]": {"num_count": 535, "sum_payoffs": 141.48944249953394, "action": [2.0, -1.5707963267948966]}}}}