{"10": {"0": {"[1.0, 1.5707963267948966]": {"num_count": 11, "sum_payoffs": 2.8640192435000573, "action": [1.0, 1.5707963267948966]}, "[0.0, 0.0]": {"num_count": 11, "sum_payoffs": 2.8484321283113987, "action": [0.0, 0.0]}, "[0.0, -1.5707963267948966]": {"num_count": 11, "sum_payoffs": 2.6814945685445792, "action": [0.0, -1.5707963267948966]}, "[1.0, -1.5707963267948966]": {"num_count": 12, "sum_payoffs": 3.127053906205617, "action": [1.0, -1.5707963267948966]}, "[2.0, -1.5707963267948966]": {"num_count": 11, "sum_payoffs": 2.668825067413087, "action": [2.0, -1.5707963267948966]}, "[0.0, 1.5707963267948966]": {"num_count": 11, "sum_payoffs": 2.662333946692956, "action": [0.0, 1.5707963267948966]}, "[2.0, 0.0]": {"num_count": 11, "sum_payoffs": 2.4330718278681682, "action": [2.0, 0.0]}, "[2.0, 1.5707963267948966]": {"num_count": 11, "sum_payoffs": 2.9055371887107233, "action": [2.0, 1.5707963267948966]}, "[1.0, 0.0]": {"num_count": 11, "sum_payoffs": 2.757979011497078, "action": [1.0, 0.0]}}, "1": {"[0.0, -1.5707963267948966]": {"num_count": 10, "sum_payoffs": 2.5586408100053397, "action": [0.0, -1.5707963267948966]}, "[2.0, 0.0]": {"num_count": 11, "sum_payoffs": 3.27579463418628, "action": [2.0, 0.0]}, "[2.0, 1.5707963267948966]": {"num_count": 12, "sum_payoffs": 3.6241345239994356, "action": [2.0, 1.5707963267948966]}, "[2.0, -1.5707963267948966]": {"num_count": 12, "sum_payoffs": 3.6724270195983135, "action": [2.0, -1.5707963267948966]}, "[1.0, 1.5707963267948966]": {"num_count": 11, "sum_payoffs": 3.3167809289291657, "action": [1.0, 1.5707963267948966]}, "[1.0, 0.0]": {"num_count": 12, "sum_payoffs": 3.610631181888229, "action": [1.0, 0.0]}, "[0.0, 1.5707963267948966]": {"num_count": 10, "sum_payoffs": 2.5763121480257016, "action": [0.0, 1.5707963267948966]}, "[1.0, -1.5707963267948966]": {"num_count": 11, "sum_payoffs": 3.217815184214765, "action": [1.0, -1.5707963267948966]}, "[0.0, 0.0]": {"num_count": 11, "sum_payoffs": 2.992934474461753, "action": [0.0, 0.0]}}}}