{"2": {"0": {"[1.0, 1.5707963267948966]": {"num_count": 64, "sum_payoffs": 14.833887401724182, "action": [1.0, 1.5707963267948966]}, "[2.0, 0.0]": {"num_count": 76, "sum_payoffs": 20.331193095791985, "action": [2.0, 0.0]}, "[0.0, -1.5707963267948966]": {"num_count": 61, "sum_payoffs": 13.365056599978667, "action": [0.0, -1.5707963267948966]}, "[2.0, -1.5707963267948966]": {"num_count": 66, "sum_payoffs": 15.64478629993694, "action": [2.0, -1.5707963267948966]}, "[1.0, -1.5707963267948966]": {"num_count": 65, "sum_payoffs": 15.045303432796569, "action": [1.0, -1.5707963267948966]}, "[0.0, 1.5707963267948966]": {"num_count": 62, "sum_payoffs": 13.756165393342856, "action": [0.0, 1.5707963267948966]}, "[2.0, 1.5707963267948966]": {"num_count": 67, "sum_payoffs": 16.21265453963906, "action": [2.0, 1.5707963267948966]}, "[1.0, 0.0]": {"num_count": 71, "sum_payoffs": 17.857104053772655, "action": [1.0, 0.0]}, "[0.0, 0.0]": {"num_count": 68, "sum_payoffs": 16.507235510026884, "action": [0.0, 0.0]}}, "1": {"[2.0, -1.5707963267948966]": {"num_count": 69, "sum_payoffs": 22.01301522792917, "action": [2.0, -1.5707963267948966]}, "[0.0, 0.0]": {"num_count": 65, "sum_payoffs": 19.80249005609746, "action": [0.0, 0.0]}, "[0.0, 1.5707963267948966]": {"num_count": 61, "sum_payoffs": 17.643895440696255, "action": [0.0, 1.5707963267948966]}, "[1.0, 1.5707963267948966]": {"num_count": 64, "sum_payoffs": 19.321534881587375, "action": [1.0, 1.5707963267948966]}, "[1.0, 0.0]": {"num_count": 72, "sum_payoffs": 23.432848789198026, "action": [1.0, 0.0]}, "[1.0, -1.5707963267948966]": {"num_count": 63, "sum_payoffs": 18.83764639112344, "action": [1.0, -1.5707963267948966]}, "[2.0, 1.5707963267948966]": {"num_count": 69, "sum_payoffs": 21.891119653975593, "action": [2.0, 1.5707963267948966]}, "[0.0, -1.5707963267948966]": {"num_count": 58, "sum_payoffs": 16.050453031728047, "action": [0.0, -1.5707963267948966]}, "[2.0, 0.0]": {"num_count": 79, "sum_payoffs": 27.310746796082363, "action": [2.0, 0.0]}}}}