{"5": {"0": {"[0.0, 0.0]": {"num_count": 493, "sum_payoffs": 146.26706720522017, "action": [0.0, 0.0]}, "[1.0, -1.5707963267948966]": {"num_count": 506, "sum_payoffs": 151.2073639180992, "action": [1.0, -1.5707963267948966]}, "[1.0, 1.5707963267948966]": {"num_count": 499, "sum_payoffs": 148.58114287377126, "action": [1.0, 1.5707963267948966]}, "[2.0, -1.5707963267948966]": {"num_count": 563, "sum_payoffs": 173.60278556056028, "action": [2.0, -1.5707963267948966]}, "[0.0, 1.5707963267948966]": {"num_count": 454, "sum_payoffs": 131.11295257347666, "action": [0.0, 1.5707963267948966]}, "[2.0, 1.5707963267948966]": {"num_count": 534, "sum_payoffs": 162.32614341880253, "action": [2.0, 1.5707963267948966]}, "[1.0, 0.0]": {"num_count": 521, "sum_payoffs": 157.14550588026097, "action": [1.0, 0.0]}, "[2.0, 0.0]": {"num_count": 574, "sum_payoffs": 178.01308834097776, "action": [2.0, 0.0]}, "[0.0, -1.5707963267948966]": {"num_count": 456, "sum_payoffs": 131.9442820135807, "action": [0.0, -1.5707963267948966]}}, "1": {"[0.0, 1.5707963267948966]": {"num_count": 399, "sum_payoffs": 137.73089174229014, "action": [0.0, 1.5707963267948966]}, "[2.0, 0.0]": {"num_count": 643, "sum_payoffs": 249.96737851474302, "action": [2.0, 0.0]}, "[1.0, 1.5707963267948966]": {"num_count": 503, "sum_payoffs": 184.89637478656766, "action": [1.0, 1.5707963267948966]}, "[1.0, -1.5707963267948966]": {"num_count": 507, "sum_payoffs": 186.7520611152036, "action": [1.0, -1.5707963267948966]}, "[0.0, 0.0]": {"num_count": 470, "sum_payoffs": 169.80717747221811, "action": [0.0, 0.0]}, "[1.0, 0.0]": {"num_count": 550, "sum_payoffs": 206.6001231547999, "action": [1.0, 0.0]}, "[2.0, 1.5707963267948966]": {"num_count": 547, "sum_payoffs": 205.23587053180816, "action": [2.0, 1.5707963267948966]}, "[0.0, -1.5707963267948966]": {"num_count": 425, "sum_payoffs": 149.26319851041714, "action": [0.0, -1.5707963267948966]}, "[2.0, -1.5707963267948966]": {"num_count": 556, "sum_payoffs": 209.39119223807046, "action": [2.0, -1.5707963267948966]}}}}