{"runtime": 512.736269235611, "winner": [0, 0], "T_terminal": 12, "trajectories": [[1.0, 3.0, 0.0, 3.0, 3.0, 0.0, 0.0], [1.0, 3.0, 1.5707963267948966, 4.0, 3.0, 0.0, 1.0], [1.0, 3.0, 3.141592653589793, 5.0, 3.0, 0.0, 2.0], [1.0, 3.0, 4.71238898038469, 6.0, 3.0, 0.0, 3.0], [1.0, 3.0, 4.71238898038469, 7.0, 3.0, 0.0, 4.0], [1.0, 3.0, 0.0, 8.0, 3.0, 0.0, 5.0], [3.0, 3.0, 1.5707963267948966, 9.0, 3.0, 4.71238898038469, 6.0], [3.0, 5.0, 1.5707963267948966, 9.0, 2.0, 4.71238898038469, 7.0], [3.0, 5.0, 0.0, 9.0, 1.0, 0.0, 8.0], [5.0, 5.0, 0.0, 9.0, 1.0, 0.0, 9.0], [6.0, 5.0, 0.0, 10.0, 1.0, 0.0, 10.0], [8.0, 5.0, 0.0, 10.0, 1.0, 4.71238898038469, 11.0], [10.0, 5.0, 4.71238898038469, 10.0, 1.0, 4.71238898038469, 12.0]], "penalty_distance_0": [-0.49787068367863946, -0.1831563888873418, -0.06737946999085467, -0.024787521766663587, -0.009118819655545162, -0.024787521766663587, -0.012208548944264496, -0.00738342646156649, -0.034934892766462, -0.034934892766462, -0.1142289099346694, -0.1831563888873418], "penalty_distance_1": [-0.49787068367863946, -0.1831563888873418, -0.06737946999085467, -0.024787521766663587, -0.009118819655545162, -0.024787521766663587, -0.012208548944264496, -0.00738342646156649, -0.034934892766462, -0.034934892766462, -0.1142289099346694, -0.1831563888873418], "reward_progress_0": [0.0, 0.0, 0.0, 0.0, 0.0, 0.0, 0.0, 0.0, 0.0, 0.0, 0.0, 0.0], "reward_progress_1": [0.0, 0.0, 0.0, 0.0, 0.0, 0.0, 0.0, 0.0, 0.0, 0.0, 0.0, 0.0], "penalty_agressor_0": [0.0, 0.0, 0.0, 0.0, 0.0, 0.0, 0.0, 0.0, 0.0, 0.0, 0.0, 0.0], "penalty_agressor_1": [0.0, 0.0, 0.0, 0.0, 0.0, 0.0, 0.0, 0.0, 0.0, 0.0, 0.0, 0.0], "penalty_timestep_0": [-1.2000000000000002], "penalty_timestep_1": [-1.2000000000000002], "reward_lead_0": [0.0], "reward_lead_1": [0.0], "payoff_total_0": [-0.49787068367863946, -0.6810270725659813, -0.7484065425568359, -0.7731940643234995, -0.7823128839790446, -0.8071004057457082, -0.8193089546899727, -0.8266923811515392, -0.8616272739180012, -0.8965621666844632, -1.0107910766191326, -1.1939474655064743, -2.3939474655064745], "payoff_total_1": [-0.49787068367863946, -0.6810270725659813, -0.7484065425568359, -0.7731940643234995, -0.7823128839790446, -0.8071004057457082, -0.8193089546899727, -0.8266923811515392, -0.8616272739180012, -0.8965621666844632, -1.0107910766191326, -1.1939474655064743, -2.3939474655064745]}