{"2": {"0": {"[2.0, 0.0]": {"num_count": 12, "sum_payoffs": 4.523969898417224, "action": [2.0, 0.0]}, "[2.0, -1.5707963267948966]": {"num_count": 10, "sum_payoffs": 2.81620059490687, "action": [2.0, -1.5707963267948966]}, "[1.0, 1.5707963267948966]": {"num_count": 11, "sum_payoffs": 3.3118223491862264, "action": [1.0, 1.5707963267948966]}, "[1.0, 0.0]": {"num_count": 12, "sum_payoffs": 4.083537940549307, "action": [1.0, 0.0]}, "[0.0, 1.5707963267948966]": {"num_count": 11, "sum_payoffs": 3.549529582500953, "action": [0.0, 1.5707963267948966]}, "[2.0, 1.5707963267948966]": {"num_count": 10, "sum_payoffs": 2.9785107441602534, "action": [2.0, 1.5707963267948966]}, "[0.0, -1.5707963267948966]": {"num_count": 11, "sum_payoffs": 3.335071594132344, "action": [0.0, -1.5707963267948966]}, "[0.0, 0.0]": {"num_count": 12, "sum_payoffs": 4.019874120303383, "action": [0.0, 0.0]}, "[1.0, -1.5707963267948966]": {"num_count": 11, "sum_payoffs": 3.526280337554835, "action": [1.0, -1.5707963267948966]}}, "1": {"[1.0, 0.0]": {"num_count": 19, "sum_payoffs": 7.872585445211077, "action": [1.0, 0.0]}, "[0.0, 0.0]": {"num_count": 17, "sum_payoffs": 6.056681803093372, "action": [0.0, 0.0]}, "[0.0, -1.5707963267948966]": {"num_count": 15, "sum_payoffs": 4.699498076305039, "action": [0.0, -1.5707963267948966]}, "[1.0, 1.5707963267948966]": {"num_count": 17, "sum_payoffs": 6.006344652824237, "action": [1.0, 1.5707963267948966]}, "[0.0, 1.5707963267948966]": {"num_count": 15, "sum_payoffs": 4.679182147312776, "action": [0.0, 1.5707963267948966]}, "[1.0, -1.5707963267948966]": {"num_count": 17, "sum_payoffs": 6.130956260046951, "action": [1.0, -1.5707963267948966]}}}}