{"1": {"0": {"[2.0, 1.5707963267948966]": {"num_count": 12, "sum_payoffs": 3.1784107940729633, "action": [2.0, 1.5707963267948966]}, "[0.0, 1.5707963267948966]": {"num_count": 11, "sum_payoffs": 2.688655671715809, "action": [0.0, 1.5707963267948966]}, "[1.0, -1.5707963267948966]": {"num_count": 11, "sum_payoffs": 2.788605696686657, "action": [1.0, -1.5707963267948966]}, "[0.0, -1.5707963267948966]": {"num_count": 11, "sum_payoffs": 2.64867566172747, "action": [0.0, -1.5707963267948966]}, "[0.0, 0.0]": {"num_count": 11, "sum_payoffs": 2.64867566172747, "action": [0.0, 0.0]}, "[2.0, 0.0]": {"num_count": 11, "sum_payoffs": 2.9285357316458436, "action": [2.0, 0.0]}, "[2.0, -1.5707963267948966]": {"num_count": 11, "sum_payoffs": 2.9285357316458436, "action": [2.0, -1.5707963267948966]}, "[1.0, 0.0]": {"num_count": 11, "sum_payoffs": 2.788605696686657, "action": [1.0, 0.0]}, "[1.0, 1.5707963267948966]": {"num_count": 11, "sum_payoffs": 2.788605696686657, "action": [1.0, 1.5707963267948966]}}, "1": {"[0.0, 1.5707963267948966]": {"num_count": 11, "sum_payoffs": 3.4482758614942526, "action": [0.0, 1.5707963267948966]}, "[1.0, 0.0]": {"num_count": 11, "sum_payoffs": 3.628185906441779, "action": [1.0, 0.0]}, "[0.0, -1.5707963267948966]": {"num_count": 11, "sum_payoffs": 3.4482758614942535, "action": [0.0, -1.5707963267948966]}, "[2.0, -1.5707963267948966]": {"num_count": 12, "sum_payoffs": 4.137931033793104, "action": [2.0, -1.5707963267948966]}, "[0.0, 0.0]": {"num_count": 11, "sum_payoffs": 3.4482758614942535, "action": [0.0, 0.0]}, "[1.0, 1.5707963267948966]": {"num_count": 11, "sum_payoffs": 3.628185906441779, "action": [1.0, 1.5707963267948966]}, "[1.0, -1.5707963267948966]": {"num_count": 11, "sum_payoffs": 3.628185906441779, "action": [1.0, -1.5707963267948966]}, "[2.0, 0.0]": {"num_count": 11, "sum_payoffs": 3.808095951389306, "action": [2.0, 0.0]}, "[2.0, 1.5707963267948966]": {"num_count": 11, "sum_payoffs": 3.808095951389305, "action": [2.0, 1.5707963267948966]}}}}