{"2": {"0": {"[0.0, 0]": {"num_count": 224, "sum_payoffs": 61.96499997831196, "action": [0.0, 0]}, "[1.0, 0]": {"num_count": 3376, "sum_payoffs": 1256.795999560117, "action": [1.0, 0]}}, "1": {"[1.0, 0]": {"num_count": 3344, "sum_payoffs": 1237.6597495668186, "action": [1.0, 0]}, "[0.0, 0]": {"num_count": 256, "sum_payoffs": 68.70824997595179, "action": [0.0, 0]}}}, "1": {"0": {"[1.0, 0]": {"num_count": 3401, "sum_payoffs": 1383.0749995159392, "action": [1.0, 0]}, "[0.0, 0]": {"num_count": 199, "sum_payoffs": 70.87499997519357, "action": [0.0, 0]}}, "1": {"[1.0, 0]": {"num_count": 3369, "sum_payoffs": 1374.569999518915, "action": [1.0, 0]}, "[0.0, 0]": {"num_count": 231, "sum_payoffs": 87.47999996938178, "action": [0.0, 0]}}}}