{"9": {"0": {"[1.0, -1.5707963267948966]": {"num_count": 122, "sum_payoffs": 29.42961828804731, "action": [1.0, -1.5707963267948966]}, "[2.0, -1.5707963267948966]": {"num_count": 121, "sum_payoffs": 29.058257170908217, "action": [2.0, -1.5707963267948966]}, "[1.0, 0.0]": {"num_count": 127, "sum_payoffs": 31.5501671177929, "action": [1.0, 0.0]}, "[2.0, 0.0]": {"num_count": 122, "sum_payoffs": 29.474465027804257, "action": [2.0, 0.0]}, "[1.0, 1.5707963267948966]": {"num_count": 123, "sum_payoffs": 29.77860330072887, "action": [1.0, 1.5707963267948966]}, "[0.0, 0.0]": {"num_count": 122, "sum_payoffs": 29.533985308577527, "action": [0.0, 0.0]}, "[0.0, 1.5707963267948966]": {"num_count": 117, "sum_payoffs": 27.492741931092503, "action": [0.0, 1.5707963267948966]}, "[0.0, -1.5707963267948966]": {"num_count": 119, "sum_payoffs": 28.196004336884922, "action": [0.0, -1.5707963267948966]}, "[2.0, 1.5707963267948966]": {"num_count": 127, "sum_payoffs": 31.47696189902768, "action": [2.0, 1.5707963267948966]}}, "1": {"[0.0, 1.5707963267948966]": {"num_count": 110, "sum_payoffs": 30.221589841087713, "action": [0.0, 1.5707963267948966]}, "[2.0, 0.0]": {"num_count": 137, "sum_payoffs": 42.73055205346891, "action": [2.0, 0.0]}, "[2.0, -1.5707963267948966]": {"num_count": 121, "sum_payoffs": 35.24944544453477, "action": [2.0, -1.5707963267948966]}, "[0.0, 0.0]": {"num_count": 119, "sum_payoffs": 34.33285598082012, "action": [0.0, 0.0]}, "[1.0, 1.5707963267948966]": {"num_count": 119, "sum_payoffs": 34.35621374531898, "action": [1.0, 1.5707963267948966]}, "[1.0, -1.5707963267948966]": {"num_count": 121, "sum_payoffs": 35.384138194544086, "action": [1.0, -1.5707963267948966]}, "[2.0, 1.5707963267948966]": {"num_count": 126, "sum_payoffs": 37.72752759781655, "action": [2.0, 1.5707963267948966]}, "[0.0, -1.5707963267948966]": {"num_count": 117, "sum_payoffs": 33.55479791320353, "action": [0.0, -1.5707963267948966]}, "[1.0, 0.0]": {"num_count": 130, "sum_payoffs": 39.603079452217315, "action": [1.0, 0.0]}}}}