{"6": {"0": {"[0.0, -1.5707963267948966]": {"num_count": 371, "sum_payoffs": 110.27853237340551, "action": [0.0, -1.5707963267948966]}, "[0.0, 1.5707963267948966]": {"num_count": 370, "sum_payoffs": 109.87617239007422, "action": [0.0, 1.5707963267948966]}, "[2.0, -1.5707963267948966]": {"num_count": 408, "sum_payoffs": 125.20073666744659, "action": [2.0, -1.5707963267948966]}, "[2.0, 0.0]": {"num_count": 442, "sum_payoffs": 139.15162863677887, "action": [2.0, 0.0]}, "[0.0, 0.0]": {"num_count": 384, "sum_payoffs": 115.56308061716517, "action": [0.0, 0.0]}, "[1.0, 0.0]": {"num_count": 410, "sum_payoffs": 126.05243758893374, "action": [1.0, 0.0]}, "[1.0, -1.5707963267948966]": {"num_count": 415, "sum_payoffs": 128.0987151362102, "action": [1.0, -1.5707963267948966]}, "[2.0, 1.5707963267948966]": {"num_count": 414, "sum_payoffs": 127.73605099729807, "action": [2.0, 1.5707963267948966]}, "[1.0, 1.5707963267948966]": {"num_count": 386, "sum_payoffs": 116.33103656908379, "action": [1.0, 1.5707963267948966]}}, "1": {"[1.0, -1.5707963267948966]": {"num_count": 643, "sum_payoffs": 200.25325357269463, "action": [1.0, -1.5707963267948966]}, "[0.0, 1.5707963267948966]": {"num_count": 540, "sum_payoffs": 160.34764815792988, "action": [0.0, 1.5707963267948966]}, "[1.0, 1.5707963267948966]": {"num_count": 637, "sum_payoffs": 197.9623728661939, "action": [1.0, 1.5707963267948966]}, "[1.0, 0.0]": {"num_count": 636, "sum_payoffs": 197.59939910230406, "action": [1.0, 0.0]}, "[0.0, -1.5707963267948966]": {"num_count": 565, "sum_payoffs": 170.00033516175705, "action": [0.0, -1.5707963267948966]}, "[0.0, 0.0]": {"num_count": 579, "sum_payoffs": 175.3438026963558, "action": [0.0, 0.0]}}}}