{"11": {"0": {"[1.0, -1.5707963267948966]": {"num_count": 122, "sum_payoffs": 27.065538384061306, "action": [1.0, -1.5707963267948966]}, "[1.0, 0.0]": {"num_count": 122, "sum_payoffs": 27.225100483194073, "action": [1.0, 0.0]}, "[1.0, 1.5707963267948966]": {"num_count": 122, "sum_payoffs": 27.107360363799405, "action": [1.0, 1.5707963267948966]}, "[2.0, 1.5707963267948966]": {"num_count": 121, "sum_payoffs": 26.739582067009152, "action": [2.0, 1.5707963267948966]}, "[0.0, -1.5707963267948966]": {"num_count": 122, "sum_payoffs": 27.074136145724218, "action": [0.0, -1.5707963267948966]}, "[2.0, 0.0]": {"num_count": 123, "sum_payoffs": 27.476372512344913, "action": [2.0, 0.0]}, "[2.0, -1.5707963267948966]": {"num_count": 128, "sum_payoffs": 29.54395406834653, "action": [2.0, -1.5707963267948966]}, "[0.0, 0.0]": {"num_count": 121, "sum_payoffs": 26.767053058949834, "action": [0.0, 0.0]}, "[0.0, 1.5707963267948966]": {"num_count": 119, "sum_payoffs": 25.948967395334936, "action": [0.0, 1.5707963267948966]}}, "1": {"[2.0, 0.0]": {"num_count": 138, "sum_payoffs": 39.959236412550574, "action": [2.0, 0.0]}, "[1.0, 1.5707963267948966]": {"num_count": 119, "sum_payoffs": 31.569495511751718, "action": [1.0, 1.5707963267948966]}, "[0.0, 0.0]": {"num_count": 114, "sum_payoffs": 29.367040614426248, "action": [0.0, 0.0]}, "[1.0, -1.5707963267948966]": {"num_count": 122, "sum_payoffs": 32.76550538905504, "action": [1.0, -1.5707963267948966]}, "[1.0, 0.0]": {"num_count": 125, "sum_payoffs": 34.10466992796474, "action": [1.0, 0.0]}, "[2.0, -1.5707963267948966]": {"num_count": 125, "sum_payoffs": 34.160513533791764, "action": [2.0, -1.5707963267948966]}, "[0.0, -1.5707963267948966]": {"num_count": 116, "sum_payoffs": 30.180398152377165, "action": [0.0, -1.5707963267948966]}, "[0.0, 1.5707963267948966]": {"num_count": 111, "sum_payoffs": 28.07659443534672, "action": [0.0, 1.5707963267948966]}, "[2.0, 1.5707963267948966]": {"num_count": 130, "sum_payoffs": 36.399108295145886, "action": [2.0, 1.5707963267948966]}}}}