{"runtime": 0.7185230255126953, "winner": [0, 1], "T_terminal": 12, "trajectories": [[1.0, 3.0, 0.0, 3.0, 3.0, 0.0, 0.0], [1.0, 3.0, 4.71238898038469, 4.0, 3.0, 4.71238898038469, 1.0], [1.0, 3.0, 0.0, 4.0, 3.0, 3.141592653589793, 2.0], [2.0, 3.0, 4.71238898038469, 3.0, 3.0, 4.71238898038469, 3.0], [2.0, 3.0, 0.0, 3.0, 3.0, 4.71238898038469, 4.0], [4.0, 3.0, 0.0, 3.0, 2.0, 4.71238898038469, 5.0], [6.0, 3.0, 1.5707963267948966, 3.0, 2.0, 4.71238898038469, 6.0], [6.0, 3.0, 0.0, 3.0, 1.0, 3.141592653589793, 7.0], [8.0, 3.0, 4.71238898038469, 3.0, 1.0, 1.5707963267948966, 8.0], [8.0, 3.0, 3.141592653589793, 3.0, 2.0, 0.0, 9.0], [6.0, 3.0000000000000004, 3.141592653589793, 4.0, 2.0, 0.0, 10.0], [5.0, 3.0000000000000004, 4.71238898038469, 5.0, 2.0, 0.0, 11.0], [5.0, 3.0000000000000004, 3.141592653589793, 6.0, 2.0, 4.71238898038469, 12.0]], "penalty_distance_0": [0.0, 0.0, 0.0, 0.0, 0.0, 0.0, 0.0, 0.0, 0.0, 0.0, 0.0, 0.0], "penalty_distance_1": [0.0, 0.0, 0.0, 0.0, 0.0, 0.0, 0.0, 0.0, 0.0, 0.0, 0.0, 0.0], "reward_progress_0": [0.0, 0.0, 0.0, 0.0, 0.0, 0.0, 0.0, 0.0, 0.0, -0.0, -0.0, 0.0], "reward_progress_1": [0.0, 0.0, -0.0, 0.0, 0.0, 0.0, 0.0, 0.0, 0.0, 0.0, 0.0, 0.0], "penalty_agressor_0": [0.0, 0.0, 0.0, 0.0, 0.0, 0.0, 0.0, 0.0, 0.0, 0.0, 0.0, 0.0], "penalty_agressor_1": [0.0, 0.0, 0.0, 0.0, 0.0, 0.0, 0.0, 0.0, 0.0, 0.0, 0.0, 0.0], "penalty_timestep_0": [-8.399999999999999], "penalty_timestep_1": [-8.399999999999999], "reward_lead_0": [-1.0], "reward_lead_1": [1.0], "payoff_total0": [0.0, 0.0, 0.0, 0.0, 0.0, 0.0, 0.0, 0.0, 0.0, 0.0, 0.0, 0.0, -9.399999999999999], "payoff_total1": [0.0, 0.0, 0.0, 0.0, 0.0, 0.0, 0.0, 0.0, 0.0, 0.0, 0.0, 0.0, -7.399999999999999]}