{"2": {"0": {"[1.0, 0]": {"num_count": 59, "sum_payoffs": 18.40760525824921, "action": [1.0, 0]}, "[0.0, 0]": {"num_count": 41, "sum_payoffs": 9.455999997478404, "action": [0.0, 0]}}, "1": {"[1.0, 0]": {"num_count": 61, "sum_payoffs": 19.193605258039607, "action": [1.0, 0]}, "[0.0, 0]": {"num_count": 39, "sum_payoffs": 8.426999997752802, "action": [0.0, 0]}}}, "1": {"0": {"[0.0, 0]": {"num_count": 43, "sum_payoffs": 10.559999997184006, "action": [0.0, 0]}, "[1.0, 0]": {"num_count": 57, "sum_payoffs": 17.47499999534001, "action": [1.0, 0]}}, "1": {"[1.0, 0]": {"num_count": 57, "sum_payoffs": 17.60999999530401, "action": [1.0, 0]}, "[0.0, 0]": {"num_count": 43, "sum_payoffs": 10.424999997220006, "action": [0.0, 0]}}}}