{"runtime": 0.63240647315979, "winner": [0, 1], "T_terminal": 12, "trajectories": [[1.0, 3.0, 0.0, 3.0, 3.0, 0.0, 0.0], [1.0, 3.0, 4.71238898038469, 3.0, 3.0, 4.71238898038469, 1.0], [1.0, 3.0, 3.141592653589793, 3.0, 2.0, 3.141592653589793, 2.0], [1.0, 3.0, 4.71238898038469, 3.0, 2.0, 4.71238898038469, 3.0], [1.0, 3.0, 3.141592653589793, 3.0, 2.0, 0.0, 4.0], [1.0, 3.0, 4.71238898038469, 4.0, 2.0, 0.0, 5.0], [1.0, 3.0, 3.141592653589793, 5.0, 2.0, 4.71238898038469, 6.0], [1.0, 3.0, 3.141592653589793, 5.0, 2.0, 3.141592653589793, 7.0], [1.0, 3.0, 4.71238898038469, 4.0, 2.0, 4.71238898038469, 8.0], [1.0, 3.0, 0.0, 4.0, 2.0, 3.141592653589793, 9.0], [2.0, 3.0, 1.5707963267948966, 3.0, 2.0, 4.71238898038469, 10.0], [2.0, 5.0, 3.141592653589793, 3.0, 2.0, 0.0, 11.0], [1.0, 5.0, 3.141592653589793, 3.0, 2.0, 1.5707963267948966, 12.0], [1.0, 3.0, 4.71238898038469, 3.0, 3.0, 4.71238898038469, 1.0], [1.0, 3.0, 3.141592653589793, 3.0, 2.0, 3.141592653589793, 2.0], [1.0, 3.0, 4.71238898038469, 3.0, 2.0, 4.71238898038469, 3.0], [1.0, 3.0, 3.141592653589793, 3.0, 2.0, 0.0, 4.0], [1.0, 3.0, 4.71238898038469, 4.0, 2.0, 0.0, 5.0], [1.0, 3.0, 3.141592653589793, 5.0, 2.0, 4.71238898038469, 6.0], [1.0, 3.0, 3.141592653589793, 5.0, 2.0, 3.141592653589793, 7.0], [1.0, 3.0, 4.71238898038469, 4.0, 2.0, 4.71238898038469, 8.0], [1.0, 3.0, 0.0, 4.0, 2.0, 3.141592653589793, 9.0], [2.0, 3.0, 1.5707963267948966, 3.0, 2.0, 4.71238898038469, 10.0], [2.0, 5.0, 3.141592653589793, 3.0, 2.0, 0.0, 11.0], [1.0, 5.0, 3.141592653589793, 3.0, 2.0, 1.5707963267948966, 12.0], [1.0, 3.0, 4.71238898038469, 3.0, 3.0, 4.71238898038469, 1.0], [1.0, 3.0, 3.141592653589793, 3.0, 2.0, 3.141592653589793, 2.0], [1.0, 3.0, 4.71238898038469, 3.0, 2.0, 4.71238898038469, 3.0], [1.0, 3.0, 3.141592653589793, 3.0, 2.0, 0.0, 4.0], [1.0, 3.0, 4.71238898038469, 4.0, 2.0, 0.0, 5.0], [1.0, 3.0, 3.141592653589793, 5.0, 2.0, 4.71238898038469, 6.0], [1.0, 3.0, 3.141592653589793, 5.0, 2.0, 3.141592653589793, 7.0], [1.0, 3.0, 4.71238898038469, 4.0, 2.0, 4.71238898038469, 8.0], [1.0, 3.0, 0.0, 4.0, 2.0, 3.141592653589793, 9.0], [2.0, 3.0, 1.5707963267948966, 3.0, 2.0, 4.71238898038469, 10.0], [2.0, 5.0, 3.141592653589793, 3.0, 2.0, 0.0, 11.0], [1.0, 5.0, 3.141592653589793, 3.0, 2.0, 1.5707963267948966, 12.0], [1.0, 3.0, 4.71238898038469, 3.0, 3.0, 4.71238898038469, 1.0], [1.0, 3.0, 3.141592653589793, 3.0, 2.0, 3.141592653589793, 2.0], [1.0, 3.0, 4.71238898038469, 3.0, 2.0, 4.71238898038469, 3.0], [1.0, 3.0, 3.141592653589793, 3.0, 2.0, 0.0, 4.0], [1.0, 3.0, 4.71238898038469, 4.0, 2.0, 0.0, 5.0], [1.0, 3.0, 3.141592653589793, 5.0, 2.0, 4.71238898038469, 6.0], [1.0, 3.0, 3.141592653589793, 5.0, 2.0, 3.141592653589793, 7.0], [1.0, 3.0, 4.71238898038469, 4.0, 2.0, 4.71238898038469, 8.0], [1.0, 3.0, 0.0, 4.0, 2.0, 3.141592653589793, 9.0], [2.0, 3.0, 1.5707963267948966, 3.0, 2.0, 4.71238898038469, 10.0], [2.0, 5.0, 3.141592653589793, 3.0, 2.0, 0.0, 11.0], [2.0, 5.0, 1.5707963267948966, 4.0, 2.0, 4.71238898038469, 12.0], [1.0, 3.0, 4.71238898038469, 3.0, 3.0, 4.71238898038469, 1.0], [1.0, 3.0, 3.141592653589793, 3.0, 2.0, 3.141592653589793, 2.0], [1.0, 3.0, 4.71238898038469, 3.0, 2.0, 4.71238898038469, 3.0], [1.0, 3.0, 3.141592653589793, 3.0, 2.0, 0.0, 4.0], [1.0, 3.0, 4.71238898038469, 4.0, 2.0, 0.0, 5.0], [1.0, 3.0, 3.141592653589793, 5.0, 2.0, 4.71238898038469, 6.0], [1.0, 3.0, 3.141592653589793, 5.0, 2.0, 3.141592653589793, 7.0], [1.0, 3.0, 4.71238898038469, 4.0, 2.0, 4.71238898038469, 8.0], [1.0, 3.0, 0.0, 4.0, 2.0, 3.141592653589793, 9.0], [2.0, 3.0, 1.5707963267948966, 3.0, 2.0, 4.71238898038469, 10.0], [2.0, 5.0, 3.141592653589793, 3.0, 2.0, 0.0, 11.0], [2.0, 5.0, 3.141592653589793, 4.0, 2.0, 0.0, 12.0]], "penalty_distance_0": [-0.013533528323661271, -0.010687792566038575, -0.010687792566038575, -0.010687792566038575, -0.004232921962320499, -0.0016194143319162562, -0.0016194143319162562, -0.004232921962320499, -0.004232921962320499, -0.02431167344342142, -0.004232921962320499, -0.0027172461172235564, -0.013533528323661271, -0.010687792566038575, -0.010687792566038575, -0.010687792566038575, -0.004232921962320499, -0.0016194143319162562, -0.0016194143319162562, -0.004232921962320499, -0.004232921962320499, -0.02431167344342142, -0.004232921962320499, -0.0027172461172235564, -0.013533528323661271, -0.010687792566038575, -0.010687792566038575, -0.010687792566038575, -0.004232921962320499, -0.0016194143319162562, -0.0016194143319162562, -0.004232921962320499, -0.004232921962320499, -0.02431167344342142, -0.004232921962320499, -0.0027172461172235564, -0.013533528323661271, -0.010687792566038575, -0.010687792566038575, -0.010687792566038575, -0.004232921962320499, -0.0016194143319162562, -0.0016194143319162562, -0.004232921962320499, -0.004232921962320499, -0.02431167344342142, -0.004232921962320499, -0.0027172461172235564, -0.013533528323661271, -0.010687792566038575, -0.010687792566038575, -0.010687792566038575, -0.004232921962320499, -0.0016194143319162562, -0.0016194143319162562, -0.004232921962320499, -0.004232921962320499, -0.02431167344342142, -0.004232921962320499, -0.0027172461172235564], "penalty_distance_1": [-0.013533528323661271, -0.010687792566038575, -0.010687792566038575, -0.010687792566038575, -0.004232921962320499, -0.0016194143319162562, -0.0016194143319162562, -0.004232921962320499, -0.004232921962320499, -0.02431167344342142, -0.004232921962320499, -0.0027172461172235564, -0.013533528323661271, -0.010687792566038575, -0.010687792566038575, -0.010687792566038575, -0.004232921962320499, -0.0016194143319162562, -0.0016194143319162562, -0.004232921962320499, -0.004232921962320499, -0.02431167344342142, -0.004232921962320499, -0.0027172461172235564, -0.013533528323661271, -0.010687792566038575, -0.010687792566038575, -0.010687792566038575, -0.004232921962320499, -0.0016194143319162562, -0.0016194143319162562, -0.004232921962320499, -0.004232921962320499, -0.02431167344342142, -0.004232921962320499, -0.0027172461172235564, -0.013533528323661271, -0.010687792566038575, -0.010687792566038575, -0.010687792566038575, -0.004232921962320499, -0.0016194143319162562, -0.0016194143319162562, -0.004232921962320499, -0.004232921962320499, -0.02431167344342142, -0.004232921962320499, -0.0027172461172235564, -0.013533528323661271, -0.010687792566038575, -0.010687792566038575, -0.010687792566038575, -0.004232921962320499, -0.0016194143319162562, -0.0016194143319162562, -0.004232921962320499, -0.004232921962320499, -0.02431167344342142, -0.004232921962320499, -0.0027172461172235564], "reward_progress_0": [0.0, 0.0, 0.0, 0.0, 0.0, 0.0, 0.0, 0.0, 0.0, 0.0, 0.0, -0.0, 0.0, 0.0, 0.0, 0.0, 0.0, 0.0, 0.0, 0.0, 0.0, 0.0, 0.0, -0.0, 0.0, 0.0, 0.0, 0.0, 0.0, 0.0, 0.0, 0.0, 0.0, 0.0, 0.0, -0.0, 0.0, 0.0, 0.0, 0.0, 0.0, 0.0, 0.0, 0.0, 0.0, 0.0, 0.0, 0.0, 0.0, 0.0, 0.0, 0.0, 0.0, 0.0, 0.0, 0.0, 0.0, 0.0, 0.0, 0.0], "reward_progress_1": [0.0, 0.0, 0.0, 0.0, 0.0, 0.0, 0.0, -0.0, 0.0, -0.0, 0.0, 0.0, 0.0, 0.0, 0.0, 0.0, 0.0, 0.0, 0.0, -0.0, 0.0, -0.0, 0.0, 0.0, 0.0, 0.0, 0.0, 0.0, 0.0, 0.0, 0.0, -0.0, 0.0, -0.0, 0.0, 0.0, 0.0, 0.0, 0.0, 0.0, 0.0, 0.0, 0.0, -0.0, 0.0, -0.0, 0.0, 0.0, 0.0, 0.0, 0.0, 0.0, 0.0, 0.0, 0.0, -0.0, 0.0, -0.0, 0.0, 0.0], "penalty_agressor_0": [0.0, 0.0, 0.0, 0.0, 0.0, 0.0, 0.0, 0.0, 0.0, 0.0, 0.0, 0.0, 0.0, 0.0, 0.0, 0.0, 0.0, 0.0, 0.0, 0.0, 0.0, 0.0, 0.0, 0.0, 0.0, 0.0, 0.0, 0.0, 0.0, 0.0, 0.0, 0.0, 0.0, 0.0, 0.0, 0.0, 0.0, 0.0, 0.0, 0.0, 0.0, 0.0, 0.0, 0.0, 0.0, 0.0, 0.0, 0.0, 0.0, 0.0, 0.0, 0.0, 0.0, 0.0, 0.0, 0.0, 0.0, 0.0, 0.0, 0.0], "penalty_agressor_1": [0.0, 0.0, 0.0, 0.0, 0.0, 0.0, 0.0, 0.0, 0.0, 0.0, 0.0, 0.0, 0.0, 0.0, 0.0, 0.0, 0.0, 0.0, 0.0, 0.0, 0.0, 0.0, 0.0, 0.0, 0.0, 0.0, 0.0, 0.0, 0.0, 0.0, 0.0, 0.0, 0.0, 0.0, 0.0, 0.0, 0.0, 0.0, 0.0, 0.0, 0.0, 0.0, 0.0, 0.0, 0.0, 0.0, 0.0, 0.0, 0.0, 0.0, 0.0, 0.0, 0.0, 0.0, 0.0, 0.0, 0.0, 0.0, 0.0, 0.0], "penalty_timestep_0": [-3.5999999999999996, -3.5999999999999996, -3.5999999999999996, -3.5999999999999996, -3.5999999999999996],