{"alphat_eff_gamelength_11": [1.6923076923076923, 1.6923076923076923, 1.6923076923076923, 1.6923076923076923, 1.6923076923076923, 1.6923076923076923, 1.6923076923076923, 1.6923076923076923, 1.6923076923076923, 1.6923076923076923], "runtime_gamelength_11": [95.882807970047, 95.27512741088867, 95.4246416091919, 198.71120595932007, 95.10987091064453, 93.15869522094727, 217.9810347557068, 89.24342441558838, 96.39053320884705, 96.60162329673767], "max_timestep": [11, 11, 11, 11, 11, 11, 11, 11, 11, 11], "winner": [[0, 0], [0, 0], [0, 0], [0, 0], [0, 0], [0, 0], [0, 0], [0, 0], [0, 0], [0, 0]], "runtime": [95.88309526443481, 95.27540683746338, 95.42490029335022, 198.71149325370789, 95.11014199256897, 93.15895462036133, 217.98159503936768, 89.2437207698822, 96.39079666137695, 96.60224771499634], "T_terminal": [1, 1, 1, 1, 1, 1, 1, 1, 1, 1], "trajectory_0": [[[1.0, 3.0, 0.0, 0], [3.0, 3.0, 0.0, 1]], [[1.0, 3.0, 0.0, 0], [3.0, 3.0, 0.0, 1]], [[1.0, 3.0, 0.0, 0], [3.0, 3.0, 0.0, 1]], [[1.0, 3.0, 0.0, 0], [3.0, 3.0, 0.0, 1]], [[1.0, 3.0, 0.0, 0], [3.0, 3.0, 0.0, 1]], [[1.0, 3.0, 0.0, 0], [3.0, 3.0, 0.0, 1]], [[1.0, 3.0, 0.0, 0], [3.0, 3.0, 0.0, 1]], [[1.0, 3.0, 0.0, 0], [3.0, 3.0, 0.0, 1]], [[1.0, 3.0, 0.0, 0], [3.0, 3.0, 0.0, 1]], [[1.0, 3.0, 0.0, 0], [3.0, 3.0, 0.0, 1]]], "trajectory_1": [[[3.0, 3.0, 0.0, 0], [4.0, 3.0, 0.0, 1]], [[3.0, 3.0, 0.0, 0], [4.0, 3.0, 0.0, 1]], [[3.0, 3.0, 0.0, 0], [4.0, 3.0, 0.0, 1]], [[3.0, 3.0, 0.0, 0], [4.0, 3.0, 0.0, 1]], [[3.0, 3.0, 0.0, 0], [4.0, 3.0, 0.0, 1]], [[3.0, 3.0, 0.0, 0], [4.0, 3.0, 0.0, 1]], [[3.0, 3.0, 0.0, 0], [4.0, 3.0, 0.0, 1]], [[3.0, 3.0, 0.0, 0], [4.0, 3.0, 0.0, 1]], [[3.0, 3.0, 0.0, 0], [4.0, 3.0, 0.0, 1]], [[3.0, 3.0, 0.0, 0], [4.0, 3.0, 0.0, 1]]], "coll_payoff_0": [[1.0], [1.0], [1.0], [1.0], [1.0], [1.0], [1.0], [1.0], [1.0], [1.0]], "lead_payoff_0": [[0.6666666666666666], [0.6666666666666666], [0.6666666666666666], [0.6666666666666666], [0.6666666666666666], [0.6666666666666666], [0.6666666666666666], [0.6666666666666666], [0.6666666666666666], [0.6666666666666666]], "coll_payoff_1": [[1.0], [1.0], [1.0], [1.0], [1.0], [1.0], [1.0], [1.0], [1.0], [1.0]], "lead_payoff_1": [[0.3333333333333333], [0.3333333333333333], [0.3333333333333333], [0.3333333333333333], [0.3333333333333333], [0.3333333333333333], [0.3333333333333333], [0.3333333333333333], [0.3333333333333333], [0.3333333333333333]], "payoff_total": [[[0.5881226052798532, 0.5785440612173691]], [[0.5881226052798532, 0.5785440612173691]], [[0.5881226052798532, 0.5785440612173691]], [[0.5881226052798532, 0.5785440612173691]], [[0.5881226052798532, 0.5785440612173691]], [[0.5881226052798532, 0.5785440612173691]], [[0.5881226052798532, 0.5785440612173691]], [[0.5881226052798532, 0.5785440612173691]], [[0.5881226052798532, 0.5785440612173691]], [[0.5881226052798532, 0.5785440612173691]]], "final_lead_payoff_0": [[0.46551724137931033], [0.46551724137931033], [0.46551724137931033], [0.46551724137931033], [0.46551724137931033], [0.46551724137931033], [0.46551724137931033], [0.46551724137931033], [0.46551724137931033], [0.46551724137931033]], "final_lead_payoff_1": [[0.5344827586206896], [0.5344827586206896], [0.5344827586206896], [0.5344827586206896], [0.5344827586206896], [0.5344827586206896], [0.5344827586206896], [0.5344827586206896], [0.5344827586206896], [0.5344827586206896]]}