{"2": {"0": {"[0.0, 0]": {"num_count": 1124, "sum_payoffs": 208.2181499583579, "action": [0.0, 0]}, "[1.0, 0]": {"num_count": 2976, "sum_payoffs": 690.8048761776004, "action": [1.0, 0]}}, "1": {"[1.0, 0]": {"num_count": 2980, "sum_payoffs": 693.570576177047, "action": [1.0, 0]}, "[0.0, 0]": {"num_count": 1120, "sum_payoffs": 207.85814995843018, "action": [0.0, 0]}}}, "1": {"0": {"[1.0, 0]": {"num_count": 2643, "sum_payoffs": 668.7269998662422, "action": [1.0, 0]}, "[0.0, 0]": {"num_count": 1457, "sum_payoffs": 328.4099999343116, "action": [0.0, 0]}}, "1": {"[1.0, 0]": {"num_count": 2638, "sum_payoffs": 667.7549998664366, "action": [1.0, 0]}, "[0.0, 0]": {"num_count": 1462, "sum_payoffs": 330.11099993397136, "action": [0.0, 0]}}}}