{"runtime": 0.7332258224487305, "winner": [1, 0], "T_terminal": 12, "trajectories": [[1.0, 3.0, 0.0, 3.0, 3.0, 0.0, 0.0], [2.0, 3.0, 0.0, 4.0, 3.0, 0.0, 1.0], [4.0, 3.0, 4.71238898038469, 4.0, 3.0, 4.71238898038469, 2.0], [4.0, 2.0, 0.0, 4.0, 2.0, 4.71238898038469, 3.0], [4.0, 2.0, 0.0, 4.0, 1.0, 3.141592653589793, 4.0], [5.0, 2.0, 4.71238898038469, 3.0, 1.0000000000000002, 1.5707963267948966, 5.0], [5.0, 1.0, 4.71238898038469, 3.0, 1.0000000000000002, 3.141592653589793, 6.0], [5.0, 1.0, 0.0, 2.0, 1.0000000000000004, 4.71238898038469, 7.0], [5.0, 1.0, 0.0, 2.0, 1.0000000000000004, 3.141592653589793, 8.0], [7.0, 1.0, 0.0, 2.0, 1.0000000000000004, 1.5707963267948966, 9.0], [7.0, 1.0, 1.5707963267948966, 2.0, 2.0000000000000004, 1.5707963267948966, 10.0], [7.0, 2.0, 3.141592653589793, 2.0, 2.0000000000000004, 1.5707963267948966, 11.0], [5.0, 2.0000000000000004, 3.141592653589793, 2.0, 3.0000000000000004, 1.5707963267948966, 12.0], [2.0, 3.0, 0.0, 4.0, 3.0, 0.0, 1.0], [4.0, 3.0, 4.71238898038469, 4.0, 3.0, 4.71238898038469, 2.0], [4.0, 2.0, 0.0, 4.0, 2.0, 4.71238898038469, 3.0], [4.0, 2.0, 0.0, 4.0, 1.0, 3.141592653589793, 4.0], [5.0, 2.0, 4.71238898038469, 3.0, 1.0000000000000002, 1.5707963267948966, 5.0], [5.0, 1.0, 4.71238898038469, 3.0, 1.0000000000000002, 3.141592653589793, 6.0], [5.0, 1.0, 0.0, 2.0, 1.0000000000000004, 4.71238898038469, 7.0], [5.0, 1.0, 0.0, 2.0, 1.0000000000000004, 3.141592653589793, 8.0], [7.0, 1.0, 0.0, 2.0, 1.0000000000000004, 1.5707963267948966, 9.0], [7.0, 1.0, 1.5707963267948966, 2.0, 2.0000000000000004, 1.5707963267948966, 10.0], [7.0, 2.0, 3.141592653589793, 2.0, 2.0000000000000004, 1.5707963267948966, 11.0], [5.0, 2.0000000000000004, 3.141592653589793, 2.0, 3.0000000000000004, 1.5707963267948966, 12.0], [2.0, 3.0, 0.0, 4.0, 3.0, 0.0, 1.0], [4.0, 3.0, 4.71238898038469, 4.0, 3.0, 4.71238898038469, 2.0], [4.0, 2.0, 0.0, 4.0, 2.0, 4.71238898038469, 3.0], [4.0, 2.0, 0.0, 4.0, 1.0, 3.141592653589793, 4.0], [5.0, 2.0, 4.71238898038469, 3.0, 1.0000000000000002, 1.5707963267948966, 5.0], [5.0, 1.0, 4.71238898038469, 3.0, 1.0000000000000002, 3.141592653589793, 6.0], [5.0, 1.0, 0.0, 2.0, 1.0000000000000004, 4.71238898038469, 7.0], [5.0, 1.0, 0.0, 2.0, 1.0000000000000004, 3.141592653589793, 8.0], [7.0, 1.0, 0.0, 2.0, 1.0000000000000004, 1.5707963267948966, 9.0], [7.0, 1.0, 1.5707963267948966, 2.0, 2.0000000000000004, 1.5707963267948966, 10.0], [7.0, 2.0, 3.141592653589793, 2.0, 2.0000000000000004, 1.5707963267948966, 11.0], [5.0, 2.0000000000000004, 3.141592653589793, 2.0, 3.0000000000000004, 1.5707963267948966, 12.0], [2.0, 3.0, 0.0, 4.0, 3.0, 0.0, 1.0], [4.0, 3.0, 4.71238898038469, 4.0, 3.0, 4.71238898038469, 2.0], [4.0, 2.0, 0.0, 4.0, 2.0, 4.71238898038469, 3.0], [4.0, 2.0, 0.0, 4.0, 1.0, 3.141592653589793, 4.0], [5.0, 2.0, 4.71238898038469, 3.0, 1.0000000000000002, 1.5707963267948966, 5.0], [5.0, 1.0, 4.71238898038469, 3.0, 1.0000000000000002, 3.141592653589793, 6.0], [5.0, 1.0, 0.0, 2.0, 1.0000000000000004, 4.71238898038469, 7.0], [5.0, 1.0, 0.0, 2.0, 1.0000000000000004, 3.141592653589793, 8.0], [7.0, 1.0, 0.0, 2.0, 1.0000000000000004, 1.5707963267948966, 9.0], [7.0, 1.0, 1.5707963267948966, 2.0, 2.0000000000000004, 1.5707963267948966, 10.0], [7.0, 2.0, 3.141592653589793, 2.0, 2.0000000000000004, 1.5707963267948966, 11.0], [5.0, 2.0000000000000004, 3.141592653589793, 2.0, 3.0000000000000004, 1.5707963267948966, 12.0], [2.0, 3.0, 0.0, 4.0, 3.0, 0.0, 1.0], [4.0, 3.0, 4.71238898038469, 4.0, 3.0, 4.71238898038469, 2.0], [4.0, 2.0, 0.0, 4.0, 2.0, 4.71238898038469, 3.0], [4.0, 2.0, 0.0, 4.0, 1.0, 3.141592653589793, 4.0], [5.0, 2.0, 4.71238898038469, 3.0, 1.0000000000000002, 1.5707963267948966, 5.0], [5.0, 1.0, 4.71238898038469, 3.0, 1.0000000000000002, 3.141592653589793, 6.0], [5.0, 1.0, 0.0, 2.0, 1.0000000000000004, 4.71238898038469, 7.0], [5.0, 1.0, 0.0, 2.0, 1.0000000000000004, 3.141592653589793, 8.0], [7.0, 1.0, 0.0, 2.0, 1.0000000000000004, 1.5707963267948966, 9.0], [7.0, 1.0, 1.5707963267948966, 2.0, 2.0000000000000004, 1.5707963267948966, 10.0], [7.0, 2.0, 3.141592653589793, 2.0, 2.0000000000000004, 1.5707963267948966, 11.0], [5.0, 2.0000000000000004, 3.141592653589793, 2.0, 3.0000000000000004, 1.5707963267948966, 12.0]], "penalty_distance_0": [-0.013533528323661271, -0.1, -0.1, -0.036787944117144235, -0.010687792566038575, -0.013533528323661271, -0.004978706836786395, -0.004978706836786395, -0.0006737946999085467, -0.0006102727274174004, -0.0006737946999085467, -0.004232921962320499, -0.013533528323661271, -0.1, -0.1, -0.036787944117144235, -0.010687792566038575, -0.013533528323661271, -0.004978706836786395, -0.004978706836786395, -0.0006737946999085467, -0.0006102727274174004, -0.0006737946999085467, -0.004232921962320499, -0.013533528323661271, -0.1, -0.1, -0.036787944117144235, -0.010687792566038575, -0.013533528323661271, -0.004978706836786395, -0.004978706836786395, -0.0006737946999085467, -0.0006102727274174004, -0.0006737946999085467, -0.004232921962320499, -0.013533528323661271, -0.1, -0.1, -0.036787944117144235, -0.010687792566038575, -0.013533528323661271, -0.004978706836786395, -0.004978706836786395, -0.0006737946999085467, -0.0006102727274174004, -0.0006737946999085467, -0.004232921962320499, -0.013533528323661271, -0.1, -0.1, -0.036787944117144235, -0.010687792566038575, -0.013533528323661271, -0.004978706836786395, -0.004978706836786395, -0.0006737946999085467, -0.0006102727274174004, -0.0006737946999085467, -0.004232921962320499], "penalty_distance_1": [-0.013533528323661271, -0.1, -0.1, -0.036787944117144235, -0.010687792566038575, -0.013533528323661271, -0.004978706836786395, -0.004978706836786395, -0.0006737946999085467, -0.0006102727274174004, -0.0006737946999085467, -0.004232921962320499, -0.013533528323661271, -0.1, -0.1, -0.036787944117144235, -0.010687792566038575, -0.013533528323661271, -0.004978706836786395, -0.004978706836786395, -0.0006737946999085467, -0.0006102727274174004, -0.0006737946999085467, -0.004232921962320499, -0.013533528323661271, -0.1, -0.1, -0.036787944117144235, -0.010687792566038575, -0.013533528323661271, -0.004978706836786395, -0.004978706836786395, -0.0006737946999085467, -0.0006102727274174004, -0.0006737946999085467, -0.004232921962320499, -0.013533528323661271, -0.1, -0.1, -0.036787944117144235, -0.010687792566038575, -0.013533528323661271, -0.004978706836786395, -0.004978706836786395, -0.0006737946999085467, -0.0006102727274174004, -0.0006737946999085467, -0.004232921962320499, -0.013533528323661271, -0.1, -0.1, -0.036787944117144235, -0.010687792566038575, -0.013533528323661271, -0.004978706836786395, -0.004978706836786395, -0.0006737946999085467, -0.0006102727274174004, -0.0006737946999085467, -0.004232921962320499], "reward_progress_0": [0.0, 0.0, 0.0, 0.0, 0.0, 0.0, 0.0, 0.0, 0.0, 0.0, 0.0, -0.0, 0.0, 0.0, 0.0, 0.0, 0.0, 0.0, 0.0, 0.0, 0.0, 0.0, 0.0, -0.0, 0.0, 0.0, 0.0, 0.0, 0.0, 0.0, 0.0, 0.0, 0.0, 0.0, 0.0, -0.0, 0.0, 0.0, 0.0, 0.0, 0.0, 0.0, 0.0, 0.0, 0.0, 0.0, 0.0, -0.0, 0.0, 0.0, 0.0, 0.0, 0.0, 0.0, 0.0, 0.0, 0.0, 0.0, 0.0, -0.0], "reward_progress_1": [0.0, 0.0, 0.0, 0.0, -0.0, 0.0, -0.0, 0.0, 0.0, 0.0, 0.0, 0.0, 0.0, 0.0, 0.0, 0.0, -0.0, 0.0, -0.0, 0.0, 0.0, 0.0, 0.0, 0.0, 0.0, 0.0, 0.0, 0.0, -0.0, 0.0, -0.0, 0.0, 0.0, 0.0, 0.0, 0.0, 0.0, 0.0, 0.0, 0.0, -0.0, 0.0, -0.0, 0.0, 0.0, 0.0, 0.0, 0.0, 0.0, 0.0, 0.0, 0.0, -0.0, 0.0, -0.0, 0.0, 0.0, 0.0, 0.0, 0.0], "penalty_agressor_0": [0.0, 0.0, 0.0, 0.0, 0.0, 0.0, 0.0, 0.0, 0.0, 0.0, 0.0, 0.0, 0.0, 0.0, 0.0, 0.0, 0.0, 0.0, 0.0, 0.0, 0.0, 0.0, 0.0, 0.0, 0.0, 0.0, 0.0, 0.0, 0.0, 0.0, 0.0, 0.0, 0.0, 0.0, 0.0, 0.0, 0.0, 0.0, 0.0, 0.0, 0.0, 0.0, 0.0, 0.0, 0.0, 0.0, 0.0, 0.0, 0.0, 0.0, 0.0, 0.0, 0.0, 0.0, 0.0, 0.0, 0.0, 0.0, 0.0, 0.0],