{"2": {"0": {"[0.0, 0]": {"num_count": 155, "sum_payoffs": 30.41742856621414, "action": [0.0, 0]}, "[1.0, 0]": {"num_count": 445, "sum_payoffs": 109.53270674814068, "action": [1.0, 0]}}, "1": {"[1.0, 0]": {"num_count": 364, "sum_payoffs": 81.1749924672877, "action": [1.0, 0]}, "[0.0, 0]": {"num_count": 236, "sum_payoffs": 38.57142856481638, "action": [0.0, 0]}}}, "1": {"0": {"[1.0, 0]": {"num_count": 472, "sum_payoffs": 113.12999998060708, "action": [1.0, 0]}, "[0.0, 0]": {"num_count": 128, "sum_payoffs": 25.95857142412132, "action": [0.0, 0]}}, "1": {"[1.0, 0]": {"num_count": 518, "sum_payoffs": 124.46999997866342, "action": [1.0, 0]}, "[0.0, 0]": {"num_count": 82, "sum_payoffs": 16.46999999717656, "action": [0.0, 0]}}}}