{"2": {"0": {"[1.0, 0]": {"num_count": 3367, "sum_payoffs": 718.1127066437797, "action": [1.0, 0]}, "[0.0, 0]": {"num_count": 233, "sum_payoffs": 39.95999999314976, "action": [0.0, 0]}}, "1": {"[0.0, 0]": {"num_count": 217, "sum_payoffs": 33.576428565672586, "action": [0.0, 0]}, "[1.0, 0]": {"num_count": 3383, "sum_payoffs": 718.0394209295063, "action": [1.0, 0]}}}, "1": {"0": {"[1.0, 0]": {"num_count": 3386, "sum_payoffs": 790.6371427215536, "action": [1.0, 0]}, "[0.0, 0]": {"num_count": 214, "sum_payoffs": 41.57999999287184, "action": [0.0, 0]}}, "1": {"[0.0, 0]": {"num_count": 249, "sum_payoffs": 51.531428562594414, "action": [0.0, 0]}, "[1.0, 0]": {"num_count": 3351, "sum_payoffs": 784.6199998654432, "action": [1.0, 0]}}}}