{"runtime": 53.329601764678955, "winner": [1, 0], "collision_count": 0, "T_terminal": 8, "trajectories": [[1.0, 3.0, 0.0, 3.0, 3.0, 0.0, 0.0], [2.0, 3.0, 1.5707963267948966, 4.0, 3.0, 0.0, 1.0], [2.0, 5.0, 0.0, 5.0, 3.0, 0.0, 2.0], [4.0, 5.0, 0.0, 5.0, 3.0, 0.0, 3.0], [6.0, 5.0, 0.0, 6.0, 3.0, 0.0, 4.0], [8.0, 5.0, 4.71238898038469, 6.0, 3.0, 0.0, 5.0], [8.0, 5.0, 0.0, 7.0, 3.0, 4.71238898038469, 6.0], [10.0, 5.0, 0.0, 7.0, 3.0, 4.71238898038469, 7.0], [12.0, 5.0, 4.71238898038469, 7.0, 2.0, 0.0, 8.0]], "penalty_distance_0": [-0.04060058497098381, -0.008151738351670669, -0.03206337769811572, -0.04060058497098381, -0.01773172396858687, -0.03206337769811572, -0.008151738351670669, -0.0008805844711710228], "penalty_distance_1": [-0.04060058497098381, -0.008151738351670669, -0.03206337769811572, -0.04060058497098381, -0.01773172396858687, -0.03206337769811572, -0.008151738351670669, -0.0008805844711710228], "reward_progress_0": [0.0, 0.0, 0.0, 0.0, 0.0, 0.0, 0.0, 0.0], "reward_progress_1": [0.0, 0.0, 0.0, 0.0, 0.0, 0.0, 0.0, 0.0], "penalty_agressor_0": [0.0, 0.0, 0.0, 0.0, 0.0, 0.0, 0.0, 0.0], "penalty_agressor_1": [0.0, 0.0, 0.0, 0.0, 0.0, 0.0, 0.0, 0.0], "penalty_timestep_0": [-6.4], "penalty_timestep_1": [-6.4], "reward_lead_0": [5.0], "reward_lead_1": [-5.0], "payoff_total0": [-0.04060058497098381, -0.04875232332265448, -0.08081570102077021, -0.12141628599175402, -0.13914800996034088, -0.17121138765845662, -0.17936312601012727, -0.1802437104812983, -1.5802437104812987], "payoff_total1": [-0.04060058497098381, -0.04875232332265448, -0.08081570102077021, -0.12141628599175402, -0.13914800996034088, -0.17121138765845662, -0.17936312601012727, -0.1802437104812983, -11.580243710481298]}