{"2": {"0": {"[1.0, 0]": {"num_count": 366, "sum_payoffs": 63.781389460928025, "action": [1.0, 0]}, "[0.0, 0]": {"num_count": 234, "sum_payoffs": 29.797199994040646, "action": [0.0, 0]}}, "1": {"[1.0, 0]": {"num_count": 361, "sum_payoffs": 63.27108946103008, "action": [1.0, 0]}, "[0.0, 0]": {"num_count": 239, "sum_payoffs": 31.473899993705317, "action": [0.0, 0]}}}, "1": {"0": {"[1.0, 0]": {"num_count": 354, "sum_payoffs": 63.85499998722868, "action": [1.0, 0]}, "[0.0, 0]": {"num_count": 246, "sum_payoffs": 34.9649999930068, "action": [0.0, 0]}}, "1": {"[0.0, 0]": {"num_count": 245, "sum_payoffs": 34.7219999930554, "action": [0.0, 0]}, "[1.0, 0]": {"num_count": 355, "sum_payoffs": 64.09799998718009, "action": [1.0, 0]}}}}