{"8": {"0": {"[2.0, 0.0]": {"num_count": 301, "sum_payoffs": 77.2036582120681, "action": [2.0, 0.0]}, "[2.0, -1.5707963267948966]": {"num_count": 303, "sum_payoffs": 77.93242222274071, "action": [2.0, -1.5707963267948966]}, "[1.0, 0.0]": {"num_count": 292, "sum_payoffs": 73.8071114909705, "action": [1.0, 0.0]}, "[0.0, -1.5707963267948966]": {"num_count": 279, "sum_payoffs": 68.97265223180545, "action": [0.0, -1.5707963267948966]}, "[0.0, 0.0]": {"num_count": 285, "sum_payoffs": 71.28614570389863, "action": [0.0, 0.0]}, "[1.0, -1.5707963267948966]": {"num_count": 293, "sum_payoffs": 74.14569590552743, "action": [1.0, -1.5707963267948966]}, "[1.0, 1.5707963267948966]": {"num_count": 287, "sum_payoffs": 72.03929620799707, "action": [1.0, 1.5707963267948966]}, "[2.0, 1.5707963267948966]": {"num_count": 294, "sum_payoffs": 74.56194115820368, "action": [2.0, 1.5707963267948966]}, "[0.0, 1.5707963267948966]": {"num_count": 266, "sum_payoffs": 64.32481631882689, "action": [0.0, 1.5707963267948966]}}, "1": {"[0.0, 0.0]": {"num_count": 279, "sum_payoffs": 84.26670099663474, "action": [0.0, 0.0]}, "[2.0, 1.5707963267948966]": {"num_count": 303, "sum_payoffs": 94.3834178081535, "action": [2.0, 1.5707963267948966]}, "[2.0, 0.0]": {"num_count": 335, "sum_payoffs": 108.21270418854252, "action": [2.0, 0.0]}, "[1.0, -1.5707963267948966]": {"num_count": 292, "sum_payoffs": 89.72627227894212, "action": [1.0, -1.5707963267948966]}, "[0.0, -1.5707963267948966]": {"num_count": 252, "sum_payoffs": 72.9814050180234, "action": [0.0, -1.5707963267948966]}, "[0.0, 1.5707963267948966]": {"num_count": 265, "sum_payoffs": 78.38737484989633, "action": [0.0, 1.5707963267948966]}, "[1.0, 1.5707963267948966]": {"num_count": 274, "sum_payoffs": 82.12611479242727, "action": [1.0, 1.5707963267948966]}, "[1.0, 0.0]": {"num_count": 291, "sum_payoffs": 89.35310237956755, "action": [1.0, 0.0]}, "[2.0, -1.5707963267948966]": {"num_count": 309, "sum_payoffs": 96.96886253775398, "action": [2.0, -1.5707963267948966]}}}}