{"3": {"0": {"[2.0, 0.0]": {"num_count": 124, "sum_payoffs": 43.09159515971514, "action": [2.0, 0.0]}, "[0.0, -1.5707963267948966]": {"num_count": 115, "sum_payoffs": 38.5885664914791, "action": [0.0, -1.5707963267948966]}, "[1.0, 1.5707963267948966]": {"num_count": 120, "sum_payoffs": 41.1251563020129, "action": [1.0, 1.5707963267948966]}, "[0.0, 0.0]": {"num_count": 117, "sum_payoffs": 39.56830883015625, "action": [0.0, 0.0]}, "[1.0, 0.0]": {"num_count": 116, "sum_payoffs": 39.05198892488477, "action": [1.0, 0.0]}, "[2.0, 1.5707963267948966]": {"num_count": 131, "sum_payoffs": 46.9196761730942, "action": [2.0, 1.5707963267948966]}, "[1.0, -1.5707963267948966]": {"num_count": 129, "sum_payoffs": 45.76643371953668, "action": [1.0, -1.5707963267948966]}, "[2.0, -1.5707963267948966]": {"num_count": 136, "sum_payoffs": 49.52121017516313, "action": [2.0, -1.5707963267948966]}, "[0.0, 1.5707963267948966]": {"num_count": 112, "sum_payoffs": 37.14319148864717, "action": [0.0, 1.5707963267948966]}}, "1": {"[2.0, -1.5707963267948966]": {"num_count": 131, "sum_payoffs": 57.876487884376616, "action": [2.0, -1.5707963267948966]}, "[1.0, -1.5707963267948966]": {"num_count": 124, "sum_payoffs": 53.64375386884978, "action": [1.0, -1.5707963267948966]}, "[1.0, 1.5707963267948966]": {"num_count": 129, "sum_payoffs": 56.69752314006426, "action": [1.0, 1.5707963267948966]}, "[0.0, -1.5707963267948966]": {"num_count": 108, "sum_payoffs": 44.03534153503504, "action": [0.0, -1.5707963267948966]}, "[1.0, 0.0]": {"num_count": 123, "sum_payoffs": 52.96531198678084, "action": [1.0, 0.0]}, "[2.0, 1.5707963267948966]": {"num_count": 144, "sum_payoffs": 65.76494547303147, "action": [2.0, 1.5707963267948966]}, "[0.0, 0.0]": {"num_count": 102, "sum_payoffs": 40.41625356182193, "action": [0.0, 0.0]}, "[2.0, 0.0]": {"num_count": 135, "sum_payoffs": 60.349212446882305, "action": [2.0, 0.0]}, "[0.0, 1.5707963267948966]": {"num_count": 104, "sum_payoffs": 41.77366372551684, "action": [0.0, 1.5707963267948966]}}}}