{"10": {"0": {"[1.0, -1.5707963267948966]": {"num_count": 180, "sum_payoffs": 46.893670629837004, "action": [1.0, -1.5707963267948966]}, "[0.0, 0.0]": {"num_count": 171, "sum_payoffs": 43.25963369262054, "action": [0.0, 0.0]}, "[2.0, 1.5707963267948966]": {"num_count": 177, "sum_payoffs": 45.72597346923798, "action": [2.0, 1.5707963267948966]}, "[0.0, -1.5707963267948966]": {"num_count": 179, "sum_payoffs": 46.41909232122545, "action": [0.0, -1.5707963267948966]}, "[1.0, 1.5707963267948966]": {"num_count": 176, "sum_payoffs": 45.25255664223628, "action": [1.0, 1.5707963267948966]}, "[2.0, 0.0]": {"num_count": 179, "sum_payoffs": 46.45506563968766, "action": [2.0, 0.0]}, "[1.0, 0.0]": {"num_count": 177, "sum_payoffs": 45.73963625463812, "action": [1.0, 0.0]}, "[0.0, 1.5707963267948966]": {"num_count": 171, "sum_payoffs": 43.30178369813898, "action": [0.0, 1.5707963267948966]}, "[2.0, -1.5707963267948966]": {"num_count": 190, "sum_payoffs": 50.942247376855626, "action": [2.0, -1.5707963267948966]}}, "1": {"[0.0, 0.0]": {"num_count": 253, "sum_payoffs": 59.31309642781698, "action": [0.0, 0.0]}, "[0.0, 1.5707963267948966]": {"num_count": 260, "sum_payoffs": 61.65396763664193, "action": [0.0, 1.5707963267948966]}, "[1.0, 1.5707963267948966]": {"num_count": 266, "sum_payoffs": 63.90138268000573, "action": [1.0, 1.5707963267948966]}, "[0.0, -1.5707963267948966]": {"num_count": 255, "sum_payoffs": 59.96914491764541, "action": [0.0, -1.5707963267948966]}, "[1.0, -1.5707963267948966]": {"num_count": 281, "sum_payoffs": 69.28863426217583, "action": [1.0, -1.5707963267948966]}, "[1.0, 0.0]": {"num_count": 285, "sum_payoffs": 70.70127598686233, "action": [1.0, 0.0]}}}}