{"9": {"0": {"[1.0, -1.5707963267948966]": {"num_count": 69, "sum_payoffs": 19.34673425085919, "action": [1.0, -1.5707963267948966]}, "[2.0, 0.0]": {"num_count": 69, "sum_payoffs": 19.13552707649572, "action": [2.0, 0.0]}, "[2.0, -1.5707963267948966]": {"num_count": 69, "sum_payoffs": 19.212600869694555, "action": [2.0, -1.5707963267948966]}, "[0.0, 1.5707963267948966]": {"num_count": 64, "sum_payoffs": 16.87952612379524, "action": [0.0, 1.5707963267948966]}, "[0.0, -1.5707963267948966]": {"num_count": 65, "sum_payoffs": 17.16305755068784, "action": [0.0, -1.5707963267948966]}, "[1.0, 0.0]": {"num_count": 64, "sum_payoffs": 16.81792677629718, "action": [1.0, 0.0]}, "[2.0, 1.5707963267948966]": {"num_count": 68, "sum_payoffs": 18.683705380761815, "action": [2.0, 1.5707963267948966]}, "[1.0, 1.5707963267948966]": {"num_count": 66, "sum_payoffs": 17.912014504464167, "action": [1.0, 1.5707963267948966]}, "[0.0, 0.0]": {"num_count": 66, "sum_payoffs": 17.90802290704218, "action": [0.0, 0.0]}}, "1": {"[1.0, -1.5707963267948966]": {"num_count": 106, "sum_payoffs": 27.726130905681767, "action": [1.0, -1.5707963267948966]}, "[1.0, 0.0]": {"num_count": 102, "sum_payoffs": 26.207582763534624, "action": [1.0, 0.0]}, "[0.0, -1.5707963267948966]": {"num_count": 95, "sum_payoffs": 23.159347087381374, "action": [0.0, -1.5707963267948966]}, "[0.0, 0.0]": {"num_count": 97, "sum_payoffs": 23.956914880961975, "action": [0.0, 0.0]}, "[0.0, 1.5707963267948966]": {"num_count": 99, "sum_payoffs": 24.787833059370914, "action": [0.0, 1.5707963267948966]}, "[1.0, 1.5707963267948966]": {"num_count": 101, "sum_payoffs": 25.719122456246858, "action": [1.0, 1.5707963267948966]}}}}