{"8": {"0": {"[1.0, -1.5707963267948966]": {"num_count": 341, "sum_payoffs": 94.96544371445732, "action": [1.0, -1.5707963267948966]}, "[0.0, 1.5707963267948966]": {"num_count": 327, "sum_payoffs": 89.65828191499175, "action": [0.0, 1.5707963267948966]}, "[2.0, 1.5707963267948966]": {"num_count": 353, "sum_payoffs": 99.708020758737, "action": [2.0, 1.5707963267948966]}, "[2.0, -1.5707963267948966]": {"num_count": 362, "sum_payoffs": 103.1619999910097, "action": [2.0, -1.5707963267948966]}, "[1.0, 0.0]": {"num_count": 335, "sum_payoffs": 92.71123625300388, "action": [1.0, 0.0]}, "[0.0, 0.0]": {"num_count": 329, "sum_payoffs": 90.3702699223258, "action": [0.0, 0.0]}, "[2.0, 0.0]": {"num_count": 375, "sum_payoffs": 108.15756821535172, "action": [2.0, 0.0]}, "[1.0, 1.5707963267948966]": {"num_count": 343, "sum_payoffs": 95.76062424699269, "action": [1.0, 1.5707963267948966]}, "[0.0, -1.5707963267948966]": {"num_count": 335, "sum_payoffs": 92.67320485509538, "action": [0.0, -1.5707963267948966]}}, "1": {"[1.0, 0.0]": {"num_count": 555, "sum_payoffs": 152.33815154854958, "action": [1.0, 0.0]}, "[0.0, 1.5707963267948966]": {"num_count": 501, "sum_payoffs": 133.07571578238083, "action": [0.0, 1.5707963267948966]}, "[1.0, 1.5707963267948966]": {"num_count": 521, "sum_payoffs": 140.10179992358405, "action": [1.0, 1.5707963267948966]}, "[1.0, -1.5707963267948966]": {"num_count": 544, "sum_payoffs": 148.40546607144827, "action": [1.0, -1.5707963267948966]}, "[0.0, 0.0]": {"num_count": 489, "sum_payoffs": 128.7199293811601, "action": [0.0, 0.0]}, "[0.0, -1.5707963267948966]": {"num_count": 490, "sum_payoffs": 129.08545043077515, "action": [0.0, -1.5707963267948966]}}}}