{"2": {"0": {"[0.0, 0]": {"num_count": 277, "sum_payoffs": 57.25949998473079, "action": [0.0, 0]}, "[1.0, 0]": {"num_count": 3823, "sum_payoffs": 946.075894484631, "action": [1.0, 0]}}, "1": {"[0.0, 0]": {"num_count": 261, "sum_payoffs": 51.528394723101115, "action": [0.0, 0]}, "[1.0, 0]": {"num_count": 3839, "sum_payoffs": 945.9749997478172, "action": [1.0, 0]}}}, "1": {"0": {"[1.0, 0]": {"num_count": 3832, "sum_payoffs": 1042.1249997221403, "action": [1.0, 0]}, "[0.0, 0]": {"num_count": 268, "sum_payoffs": 64.96499998267568, "action": [0.0, 0]}}, "1": {"[0.0, 0]": {"num_count": 339, "sum_payoffs": 86.29499997698795, "action": [0.0, 0]}, "[1.0, 0]": {"num_count": 3761, "sum_payoffs": 1022.4149997274021, "action": [1.0, 0]}}}}