{"2": {"0": {"[1.0, 0]": {"num_count": 1431, "sum_payoffs": 285.5806578483353, "action": [1.0, 0]}, "[0.0, 0]": {"num_count": 669, "sum_payoffs": 101.5110591940304, "action": [0.0, 0]}}, "1": {"[1.0, 0]": {"num_count": 1418, "sum_payoffs": 283.7272499538998, "action": [1.0, 0]}, "[0.0, 0]": {"num_count": 682, "sum_payoffs": 105.18696708817001, "action": [0.0, 0]}}}, "1": {"0": {"[1.0, 0]": {"num_count": 1300, "sum_payoffs": 278.729999954708, "action": [1.0, 0]}, "[0.0, 0]": {"num_count": 800, "sum_payoffs": 147.66749997600368, "action": [0.0, 0]}}, "1": {"[1.0, 0]": {"num_count": 1296, "sum_payoffs": 277.9199999548397, "action": [1.0, 0]}, "[0.0, 0]": {"num_count": 804, "sum_payoffs": 148.8824999758063, "action": [0.0, 0]}}}}