{"2": {"0": {"[0.0, 0]": {"num_count": 335, "sum_payoffs": 44.534249991835246, "action": [0.0, 0]}, "[1.0, 0]": {"num_count": 3765, "sum_payoffs": 699.44512487182, "action": [1.0, 0]}}, "1": {"[1.0, 0]": {"num_count": 3823, "sum_payoffs": 719.5781248681355, "action": [1.0, 0]}, "[0.0, 0]": {"num_count": 277, "sum_payoffs": 39.892499992686275, "action": [0.0, 0]}}}, "1": {"0": {"[0.0, 0]": {"num_count": 261, "sum_payoffs": 46.72124999143443, "action": [0.0, 0]}, "[1.0, 0]": {"num_count": 3839, "sum_payoffs": 785.1824998561044, "action": [1.0, 0]}}, "1": {"[0.0, 0]": {"num_count": 238, "sum_payoffs": 41.759999992343964, "action": [0.0, 0]}, "[1.0, 0]": {"num_count": 3862, "sum_payoffs": 789.73874985527, "action": [1.0, 0]}}}}