{"2": {"0": {"[0.0, 0]": {"num_count": 668, "sum_payoffs": 101.39062497718783, "action": [0.0, 0]}, "[1.0, 0]": {"num_count": 1432, "sum_payoffs": 286.3096578303164, "action": [1.0, 0]}}, "1": {"[1.0, 0]": {"num_count": 1420, "sum_payoffs": 284.2137828307884, "action": [1.0, 0]}, "[0.0, 0]": {"num_count": 680, "sum_payoffs": 104.76224997642932, "action": [0.0, 0]}}}, "1": {"0": {"[1.0, 0]": {"num_count": 1269, "sum_payoffs": 270.73124993908135, "action": [1.0, 0]}, "[0.0, 0]": {"num_count": 831, "sum_payoffs": 155.76749996495167, "action": [0.0, 0]}}, "1": {"[1.0, 0]": {"num_count": 1267, "sum_payoffs": 270.3262499391725, "action": [1.0, 0]}, "[0.0, 0]": {"num_count": 833, "sum_payoffs": 156.37499996481495, "action": [0.0, 0]}}}}