{"13": {"0": {"[2.0, -1.5707963267948966]": {"num_count": 240, "sum_payoffs": 57.14380519661788, "action": [2.0, -1.5707963267948966]}, "[1.0, -1.5707963267948966]": {"num_count": 235, "sum_payoffs": 55.25091840178286, "action": [1.0, -1.5707963267948966]}, "[0.0, -1.5707963267948966]": {"num_count": 228, "sum_payoffs": 52.78612735770694, "action": [0.0, -1.5707963267948966]}, "[2.0, 1.5707963267948966]": {"num_count": 240, "sum_payoffs": 57.042322767594115, "action": [2.0, 1.5707963267948966]}, "[2.0, 0.0]": {"num_count": 238, "sum_payoffs": 56.35885118904225, "action": [2.0, 0.0]}, "[1.0, 1.5707963267948966]": {"num_count": 232, "sum_payoffs": 54.163819290716816, "action": [1.0, 1.5707963267948966]}, "[1.0, 0.0]": {"num_count": 230, "sum_payoffs": 53.520058878519066, "action": [1.0, 0.0]}, "[0.0, 0.0]": {"num_count": 229, "sum_payoffs": 53.07337537543602, "action": [0.0, 0.0]}, "[0.0, 1.5707963267948966]": {"num_count": 228, "sum_payoffs": 52.752910304086704, "action": [0.0, 1.5707963267948966]}}, "1": {"[0.0, -1.5707963267948966]": {"num_count": 342, "sum_payoffs": 71.7240710368084, "action": [0.0, -1.5707963267948966]}, "[0.0, 0.0]": {"num_count": 334, "sum_payoffs": 69.25787140385046, "action": [0.0, 0.0]}, "[1.0, 0.0]": {"num_count": 360, "sum_payoffs": 77.39901107205081, "action": [1.0, 0.0]}, "[1.0, 1.5707963267948966]": {"num_count": 368, "sum_payoffs": 79.97826488988395, "action": [1.0, 1.5707963267948966]}, "[0.0, 1.5707963267948966]": {"num_count": 336, "sum_payoffs": 69.89251803985043, "action": [0.0, 1.5707963267948966]}, "[1.0, -1.5707963267948966]": {"num_count": 360, "sum_payoffs": 77.46148744915958, "action": [1.0, -1.5707963267948966]}}}}