{"alphat_eff_gamelength_2": {"mean": 1.0, "variance": 0.0}, "runtime_gamelength_2": {"mean": 0.6184173345565795, "variance": 0.0012760394885054896}, "max_timestep": {"mean": 1.0, "variance": 0.0}, "alphat_eff_gamelength_1": {"mean": 1.0, "variance": 0.0}, "runtime_gamelength_1": {"mean": 0.39613947868347166, "variance": 0.00035815029387094917}, "winner": {"mean": [0.1, 0.1], "variance": [0.09000000000000001, 0.09000000000000001]}, "runtime": {"mean": 1.0148165464401244, "variance": 0.001251657731398268}, "T_terminal": {"mean": 2.0, "variance": 0.0}, "trajectory_0": {"mean": [[1.0, 0.0, 1.5707963267948966, 0.0], [1.0, 1.0, 1.5707963267948966, 1.0], [1.0, 1.8, 1.5707963267948966, 2.0]], "variance": [[0.0, 0.0, 0.0, 0.0], [0.0, 0.0, 0.0, 0.0], [0.0, 0.16000000000000003, 0.0, 0.0]]}, "trajectory_1": {"mean": [[0.0, 1.0, 0.0, 0.0], [1.0, 1.0, 0.0, 1.0], [1.8, 1.0, 0.0, 2.0]], "variance": [[0.0, 0.0, 0.0, 0.0], [0.0, 0.0, 0.0, 0.0], [0.16000000000000006, 0.0, 0.0, 0.0]]}, "coll_payoff_0": {"mean": [0.0, 0.0], "variance": [0.0, 0.0]}, "coll_payoff_1": {"mean": [0.0, 0.0], "variance": [0.0, 0.0]}, "payoff_total": {"mean": [[0.0, 0.0], [0.4999999998874999, 0.4999999998874999]], "variance": [[0.0, 0.0], [0.012499999994374993, 0.012499999994374993]]}, "final_lead_payoff_0": {"mean": [0.5], "variance": [0.0125]}, "final_lead_payoff_1": {"mean": [0.5], "variance": [0.0125]}}