{"2": {"0": {"[1.0, 0]": {"num_count": 994, "sum_payoffs": 366.5047498717216, "action": [1.0, 0]}, "[0.0, 0]": {"num_count": 106, "sum_payoffs": 32.440499988645804, "action": [0.0, 0]}}, "1": {"[0.0, 0]": {"num_count": 71, "sum_payoffs": 20.22974999291959, "action": [0.0, 0]}, "[1.0, 0]": {"num_count": 1029, "sum_payoffs": 382.7249998660437, "action": [1.0, 0]}}}, "1": {"0": {"[0.0, 0]": {"num_count": 79, "sum_payoffs": 26.72999999064452, "action": [0.0, 0]}, "[1.0, 0]": {"num_count": 1021, "sum_payoffs": 420.9974998526588, "action": [1.0, 0]}}, "1": {"[0.0, 0]": {"num_count": 101, "sum_payoffs": 33.61499998823478, "action": [0.0, 0]}, "[1.0, 0]": {"num_count": 999, "sum_payoffs": 410.06249985648583, "action": [1.0, 0]}}}}