{"runtime_game_length_12": 12.331966876983643, "runtime_game_length_11": 11.265018939971924, "runtime_game_length_10": 10.479217767715454, "runtime_game_length_9": 9.015352487564087, "runtime_game_length_8": 7.825563430786133, "runtime_game_length_7": 6.415859222412109, "runtime_game_length_6": 4.90039324760437, "runtime_game_length_5": 2.6030197143554688, "runtime_game_length_4": 0.1568002700805664, "runtime": 64.9936134815216, "winner": [0, 1], "T_terminal": 9, "trajectory_0": [[1.0, 3.0, 0.0, 0], [2.0, 3.0, 0.0, 1], [2.0, 3.0, 0.0, 2], [4.0, 3.0, 0.0, 3], [5.0, 3.0, 0.0, 4], [6.0, 3.0, 0.0, 5], [7.0, 3.0, 0.0, 6], [8.0, 3.0, 0.0, 7], [9.0, 3.0, 0.0, 8], [10.0, 3.0, 4.71238898038469, 9]], "trajectory_1": [[3.0, 3.0, 0.0, 0], [4.0, 3.0, 0.0, 1], [5.0, 3.0, 0.0, 2], [6.0, 3.0, 0.0, 3], [7.0, 3.0, 0.0, 4], [8.0, 3.0, 0.0, 5], [9.0, 3.0, 0.0, 6], [10.0, 3.0, 0.0, 7], [11.0, 3.0, 0.0, 8], [12.0, 3.0, 4.71238898038469, 9]], "penalty_distance_0": [-0.06766764161830635, -0.022404180765538774, -0.054810789710828145, -0.04932971073974533, -0.0443967396657708, -0.039957065699193724, -0.035961359129274346, -0.03236522321634692, -0.02912870089471223], "penalty_distance_1": [-0.06766764161830635, -0.022404180765538774, -0.054810789710828145, -0.04932971073974533, -0.0443967396657708, -0.039957065699193724, -0.035961359129274346, -0.03236522321634692, -0.02912870089471223], "reward_progress_0": [0.1, 0.0, 0.16200000000000003, 0.0729, 0.06561, 0.05904900000000001, 0.05314410000000001, 0.04782969000000001, 0.04304672100000001], "reward_progress_1": [0.1, 0.09000000000000001, 0.08100000000000002, 0.0729, 0.06561, 0.05904900000000001, 0.05314410000000001, 0.04782969000000001, 0.04304672100000001], "penalty_timestep_0": [-0.9], "penalty_timestep_1": [-0.9], "reward_lead_0": [-2.0], "reward_lead_1": [2.0], "payoff_total_0": [0.032332358381693654, 0.009928177616154887, 0.11711738790532675, 0.14068767716558145, 0.16190093749981066, 0.18099287180061696, 0.19817561267134265, 0.21364007945499575, 0.2275580995602836, -2.672441900439716], "payoff_total_1": [0.032332358381693654, 0.09992817761615488, 0.12611738790532676, 0.14968767716558146, 0.17090093749981067, 0.18999287180061697, 0.20717561267134266, 0.22264007945499575, 0.2365580995602835, 1.3365580995602837]}