{"2": {"0": {"[0.0, 0]": {"num_count": 43, "sum_payoffs": 10.424999998088749, "action": [0.0, 0]}, "[1.0, 0]": {"num_count": 57, "sum_payoffs": 17.20199999684629, "action": [1.0, 0]}}, "1": {"[1.0, 0]": {"num_count": 58, "sum_payoffs": 18.221605259817263, "action": [1.0, 0]}, "[0.0, 0]": {"num_count": 42, "sum_payoffs": 10.134394734984133, "action": [0.0, 0]}}}, "1": {"0": {"[1.0, 0]": {"num_count": 57, "sum_payoffs": 17.339999996820985, "action": [1.0, 0]}, "[0.0, 0]": {"num_count": 43, "sum_payoffs": 10.289999998113492, "action": [0.0, 0]}}, "1": {"[0.0, 0]": {"num_count": 42, "sum_payoffs": 10.019999998162993, "action": [0.0, 0]}, "[1.0, 0]": {"num_count": 58, "sum_payoffs": 17.879999996721985, "action": [1.0, 0]}}}}