{"runtime_game_length_12": 63.428977251052856, "runtime_game_length_11": 58.92149472236633, "runtime_game_length_10": 52.132221937179565, "runtime_game_length_9": 45.66910910606384, "runtime_game_length_8": 38.86813712120056, "runtime_game_length_7": 31.29610562324524, "runtime_game_length_6": 22.15277910232544, "runtime_game_length_5": 8.698220014572144, "runtime_game_length_4": 0.8488435745239258, "runtime": 322.0163218975067, "winner": [0, 1], "T_terminal": 9, "trajectory_0": [[1.0, 3.0, 0.0, 0], [2.0, 3.0, 0.0, 1], [3.0, 3.0, 0.0, 2], [4.0, 3.0, 0.0, 3], [5.0, 3.0, 0.0, 4], [6.0, 3.0, 0.0, 5], [7.0, 3.0, 0.0, 6], [8.0, 3.0, 0.0, 7], [9.0, 3.0, 0.0, 8], [10.0, 3.0, 4.71238898038469, 9]], "trajectory_1": [[3.0, 3.0, 0.0, 0], [4.0, 3.0, 0.0, 1], [5.0, 3.0, 0.0, 2], [6.0, 3.0, 0.0, 3], [7.0, 3.0, 0.0, 4], [8.0, 3.0, 0.0, 5], [9.0, 3.0, 0.0, 6], [10.0, 3.0, 0.0, 7], [11.0, 3.0, 0.0, 8], [12.0, 3.0, 1.5707963267948966, 9]], "penalty_distance_0": [-0.06766764161830635, -0.06090087745647572, -0.054810789710828145, -0.04932971073974533, -0.0443967396657708, -0.039957065699193724, -0.035961359129274346, -0.03236522321634692, -0.02912870089471223], "penalty_distance_1": [-0.06766764161830635, -0.06090087745647572, -0.054810789710828145, -0.04932971073974533, -0.0443967396657708, -0.039957065699193724, -0.035961359129274346, -0.03236522321634692, -0.02912870089471223], "reward_progress_0": [0.1, 0.09000000000000001, 0.08100000000000002, 0.0729, 0.06561, 0.05904900000000001, 0.05314410000000001, 0.04782969000000001, 0.04304672100000001], "reward_progress_1": [0.1, 0.09000000000000001, 0.08100000000000002, 0.0729, 0.06561, 0.05904900000000001, 0.05314410000000001, 0.04782969000000001, 0.04304672100000001], "penalty_timestep_0": [-0.9], "penalty_timestep_1": [-0.9], "reward_lead_0": [-2.0], "reward_lead_1": [2.0], "payoff_total_0": [0.032332358381693654, 0.06143148092521794, 0.08762069121438981, 0.11119098047464449, 0.1324042408088737, 0.15149617510968, 0.16867891598040569, 0.18414338276405878, 0.19806140286934648, -2.7019385971306535], "payoff_total_1": [0.032332358381693654, 0.06143148092521794, 0.08762069121438981, 0.11119098047464449, 0.1324042408088737, 0.15149617510968, 0.16867891598040569, 0.18414338276405878, 0.19806140286934648, 1.2980614028693465]}