{"12": {"0": {"[2.0, -1.5707963267948966]": {"num_count": 526, "sum_payoffs": 123.30982320446147, "action": [2.0, -1.5707963267948966]}, "[2.0, 0.0]": {"num_count": 552, "sum_payoffs": 131.66951140005696, "action": [2.0, 0.0]}, "[1.0, 0.0]": {"num_count": 512, "sum_payoffs": 118.77345901826409, "action": [1.0, 0.0]}, "[0.0, 0.0]": {"num_count": 500, "sum_payoffs": 114.8972843513146, "action": [0.0, 0.0]}, "[1.0, 1.5707963267948966]": {"num_count": 494, "sum_payoffs": 112.97487648790239, "action": [1.0, 1.5707963267948966]}, "[0.0, -1.5707963267948966]": {"num_count": 501, "sum_payoffs": 115.25277127165344, "action": [0.0, -1.5707963267948966]}, "[2.0, 1.5707963267948966]": {"num_count": 510, "sum_payoffs": 118.1094386955378, "action": [2.0, 1.5707963267948966]}, "[1.0, -1.5707963267948966]": {"num_count": 516, "sum_payoffs": 120.05488772011762, "action": [1.0, -1.5707963267948966]}, "[0.0, 1.5707963267948966]": {"num_count": 489, "sum_payoffs": 111.33510820089057, "action": [0.0, 1.5707963267948966]}}, "1": {"[1.0, 1.5707963267948966]": {"num_count": 780, "sum_payoffs": 167.57334136281486, "action": [1.0, 1.5707963267948966]}, "[0.0, 1.5707963267948966]": {"num_count": 750, "sum_payoffs": 158.9033718533226, "action": [0.0, 1.5707963267948966]}, "[0.0, 0.0]": {"num_count": 742, "sum_payoffs": 156.67007097116968, "action": [0.0, 0.0]}, "[0.0, -1.5707963267948966]": {"num_count": 735, "sum_payoffs": 154.69117313433452, "action": [0.0, -1.5707963267948966]}, "[1.0, 0.0]": {"num_count": 812, "sum_payoffs": 176.80422798107713, "action": [1.0, 0.0]}, "[1.0, -1.5707963267948966]": {"num_count": 781, "sum_payoffs": 167.8881451685557, "action": [1.0, -1.5707963267948966]}}}}