{"4": {"0": {"[1.0, 1.5707963267948966]": {"num_count": 68, "sum_payoffs": 22.665906842259005, "action": [1.0, 1.5707963267948966]}, "[2.0, 1.5707963267948966]": {"num_count": 67, "sum_payoffs": 22.08057208087014, "action": [2.0, 1.5707963267948966]}, "[1.0, 0.0]": {"num_count": 70, "sum_payoffs": 23.8043978727365, "action": [1.0, 0.0]}, "[0.0, 1.5707963267948966]": {"num_count": 60, "sum_payoffs": 18.422691115375432, "action": [0.0, 1.5707963267948966]}, "[2.0, 0.0]": {"num_count": 73, "sum_payoffs": 25.409865078604394, "action": [2.0, 0.0]}, "[0.0, 0.0]": {"num_count": 66, "sum_payoffs": 21.681364395113537, "action": [0.0, 0.0]}, "[1.0, -1.5707963267948966]": {"num_count": 64, "sum_payoffs": 20.617858233003627, "action": [1.0, -1.5707963267948966]}, "[0.0, -1.5707963267948966]": {"num_count": 64, "sum_payoffs": 20.434843834012216, "action": [0.0, -1.5707963267948966]}, "[2.0, -1.5707963267948966]": {"num_count": 68, "sum_payoffs": 22.720876355356793, "action": [2.0, -1.5707963267948966]}}, "1": {"[1.0, 1.5707963267948966]": {"num_count": 61, "sum_payoffs": 22.94922613083151, "action": [1.0, 1.5707963267948966]}, "[0.0, 1.5707963267948966]": {"num_count": 61, "sum_payoffs": 22.943130917117614, "action": [0.0, 1.5707963267948966]}, "[2.0, 0.0]": {"num_count": 74, "sum_payoffs": 30.939999503480166, "action": [2.0, 0.0]}, "[1.0, -1.5707963267948966]": {"num_count": 68, "sum_payoffs": 27.200015353598847, "action": [1.0, -1.5707963267948966]}, "[1.0, 0.0]": {"num_count": 69, "sum_payoffs": 27.617941136460708, "action": [1.0, 0.0]}, "[0.0, 0.0]": {"num_count": 62, "sum_payoffs": 23.54139114160414, "action": [0.0, 0.0]}, "[2.0, 1.5707963267948966]": {"num_count": 75, "sum_payoffs": 31.504230200456096, "action": [2.0, 1.5707963267948966]}, "[0.0, -1.5707963267948966]": {"num_count": 60, "sum_payoffs": 22.342452714871545, "action": [0.0, -1.5707963267948966]}, "[2.0, -1.5707963267948966]": {"num_count": 70, "sum_payoffs": 28.494375563537794, "action": [2.0, -1.5707963267948966]}}}}