{"2": {"0": {"[0.0, 0]": {"num_count": 229, "sum_payoffs": 36.68174999403918, "action": [0.0, 0]}, "[1.0, 0]": {"num_count": 371, "sum_payoffs": 78.27690788201657, "action": [1.0, 0]}}, "1": {"[0.0, 0]": {"num_count": 227, "sum_payoffs": 36.41399999408267, "action": [0.0, 0]}, "[1.0, 0]": {"num_count": 373, "sum_payoffs": 79.45590788182504, "action": [1.0, 0]}}}, "1": {"0": {"[0.0, 0]": {"num_count": 256, "sum_payoffs": 47.83499999222696, "action": [0.0, 0]}, "[1.0, 0]": {"num_count": 344, "sum_payoffs": 74.91374998782652, "action": [1.0, 0]}}, "1": {"[0.0, 0]": {"num_count": 257, "sum_payoffs": 48.23999999216115, "action": [0.0, 0]}, "[1.0, 0]": {"num_count": 343, "sum_payoffs": 74.71124998785945, "action": [1.0, 0]}}}}