{"runtime": 0.6894910335540771, "winner": [1, 0], "T_terminal": 12, "trajectories": [[1.0, 3.0, 0.0, 3.0, 3.0, 0.0, 0.0], [2.0, 3.0, 0.0, 4.0, 3.0, 0.0, 1.0], [3.0, 3.0, 0.0, 4.0, 3.0, 0.0, 2.0], [3.0, 3.0, 4.71238898038469, 4.0, 3.0, 4.71238898038469, 3.0], [3.0, 3.0, 4.71238898038469, 4.0, 2.0, 3.141592653589793, 4.0], [3.0, 3.0, 4.71238898038469, 3.0, 2.0, 4.71238898038469, 5.0], [3.0, 2.0, 3.141592653589793, 3.0, 2.0, 4.71238898038469, 6.0], [2.0, 2.0, 1.5707963267948966, 3.0, 2.0, 3.141592653589793, 7.0], [2.0, 3.0, 0.0, 2.0, 2.0, 1.5707963267948966, 8.0], [3.0, 3.0, 0.0, 2.0, 3.0, 0.0, 9.0], [5.0, 3.0, 0.0, 3.0, 3.0, 1.5707963267948966, 10.0], [6.0, 3.0, 1.5707963267948966, 3.0, 4.0, 3.141592653589793, 11.0], [6.0, 3.0, 0.0, 3.0, 4.0, 4.71238898038469, 12.0], [2.0, 3.0, 0.0, 4.0, 3.0, 0.0, 1.0], [3.0, 3.0, 0.0, 4.0, 3.0, 0.0, 2.0], [3.0, 3.0, 4.71238898038469, 4.0, 3.0, 4.71238898038469, 3.0], [3.0, 3.0, 4.71238898038469, 4.0, 2.0, 3.141592653589793, 4.0], [3.0, 3.0, 4.71238898038469, 3.0, 2.0, 4.71238898038469, 5.0], [3.0, 2.0, 3.141592653589793, 3.0, 2.0, 4.71238898038469, 6.0], [2.0, 2.0, 1.5707963267948966, 3.0, 2.0, 3.141592653589793, 7.0], [2.0, 3.0, 0.0, 2.0, 2.0, 1.5707963267948966, 8.0], [3.0, 3.0, 0.0, 2.0, 3.0, 0.0, 9.0], [5.0, 3.0, 0.0, 3.0, 3.0, 1.5707963267948966, 10.0], [6.0, 3.0, 1.5707963267948966, 3.0, 4.0, 3.141592653589793, 11.0], [6.0, 3.0, 0.0, 3.0, 4.0, 4.71238898038469, 12.0]], "penalty_distance_0": [-0.08120116994196762, -0.2207276647028654, -0.2207276647028654, -0.1458700406605285, -0.2207276647028654, -0.6, -0.2207276647028654, -0.2207276647028654, -0.2207276647028654, -0.08120116994196762, -0.025397531773922993, -0.025397531773922993, -0.08120116994196762, -0.2207276647028654, -0.2207276647028654, -0.1458700406605285, -0.2207276647028654, -0.6, -0.2207276647028654, -0.2207276647028654, -0.2207276647028654, -0.08120116994196762, -0.025397531773922993, -0.025397531773922993], "penalty_distance_1": [-0.08120116994196762, -0.2207276647028654, -0.2207276647028654, -0.1458700406605285, -0.2207276647028654, -0.6, -0.2207276647028654, -0.2207276647028654, -0.2207276647028654, -0.08120116994196762, -0.025397531773922993, -0.025397531773922993, -0.08120116994196762, -0.2207276647028654, -0.2207276647028654, -0.1458700406605285, -0.2207276647028654, -0.6, -0.2207276647028654, -0.2207276647028654, -0.2207276647028654, -0.08120116994196762, -0.025397531773922993, -0.025397531773922993], "reward_progress_0": [0.0, 0.0, 0.0, 0.0, 0.0, 0.0, -0.0, 0.0, 0.0, 0.0, 0.0, 0.0, 0.0, 0.0, 0.0, 0.0, 0.0, 0.0, -0.0, 0.0, 0.0, 0.0, 0.0, 0.0], "reward_progress_1": [0.0, 0.0, 0.0, 0.0, -0.0, 0.0, 0.0, -0.0, 0.0, 0.0, 0.0, 0.0, 0.0, 0.0, 0.0, 0.0, -0.0, 0.0, 0.0, -0.0, 0.0, 0.0, 0.0, 0.0], "penalty_agressor_0": [0.0, 0.0, 0.0, 0.0, 0.0, 0.0, 0.0, 0.0, 0.0, 0.0, 0.0, 0.0, 0.0, 0.0, 0.0, 0.0, 0.0, 0.0, 0.0, 0.0, 0.0, 0.0, 0.0, 0.0], "penalty_agressor_1": [0.0, 0.0, 0.0, 0.0, 0.0, 0.0, 0.0, 0.0, 0.0, 0.0, 0.0, 0.0, 0.0, 0.0, 0.0, 0.0, 0.0, 0.0, 0.0, 0.0, 0.0, 0.0, 0.0, 0.0], "penalty_timestep_0": [-7.199999999999999, -7.199999999999999], "penalty_timestep_1": [-7.199999999999999, -7.199999999999999], "reward_lead_0": [3.0, 3.0], "reward_lead_1": [-3.0, -3.0], "payoff_total0": [-0.08120116994196762, -0.301928834644833, -0.5226564993476984, -0.668526540008227, -0.8892542047110924, -1.4892542047110924, -1.7099818694139577, -1.930709534116823, -2.1514371988196883, -2.232638368761656, -2.258035900535579, -2.283433432309502, -6.483433432309502, -6.564634602251469, -6.785362266954334, -7.0060899316572, -7.151959972317728, -7.372687637020594, -7.972687637020593, -8.193415301723459, -8.414142966426326, -8.63487063112919, -8.716071801071157, -8.74146933284508, -8.766866864619002, -12.966866864619002], "payoff_total1": [-0.08120116994196762, -0.301928834644833, -0.5226564993476984, -0.668526540008227, -0.8892542047110924, -1.4892542047110924, -1.7099818694139577, -1.930709534116823, -2.1514371988196883, -2.232638368761656, -2.258035900535579, -2.283433432309502, -12.483433432309502, -12.56463460225147, -12.785362266954333, -13.0060899316572, -13.151959972317728, -13.372687637020594, -13.972687637020593, -14.193415301723459, -14.414142966426326, -14.63487063112919, -14.716071801071157, -14.74146933284508, -14.766866864619002, -24.966866864619]}