{"2": {"0": {"[1.0, 0]": {"num_count": 3198, "sum_payoffs": 506.0359893724847, "action": [1.0, 0]}, "[0.0, 0]": {"num_count": 1402, "sum_payoffs": 169.8326999660341, "action": [0.0, 0]}}, "1": {"[0.0, 0]": {"num_count": 1417, "sum_payoffs": 172.57859996548493, "action": [0.0, 0]}, "[1.0, 0]": {"num_count": 3183, "sum_payoffs": 503.29008937303223, "action": [1.0, 0]}}}, "1": {"0": {"[1.0, 0]": {"num_count": 2887, "sum_payoffs": 493.0739999013583, "action": [1.0, 0]}, "[0.0, 0]": {"num_count": 1713, "sum_payoffs": 253.5839999492861, "action": [0.0, 0]}}, "1": {"[0.0, 0]": {"num_count": 1716, "sum_payoffs": 254.1509999491727, "action": [0.0, 0]}, "[1.0, 0]": {"num_count": 2884, "sum_payoffs": 492.6689999014394, "action": [1.0, 0]}}}}