{"2": {"0": {"[0.0, 0]": {"num_count": 1186, "sum_payoffs": 245.47349993453594, "action": [0.0, 0]}, "[1.0, 0]": {"num_count": 3414, "sum_payoffs": 874.1114997669614, "action": [1.0, 0]}}, "1": {"[1.0, 0]": {"num_count": 3409, "sum_payoffs": 874.6544997668163, "action": [1.0, 0]}, "[0.0, 0]": {"num_count": 1191, "sum_payoffs": 247.60349993396767, "action": [0.0, 0]}}}, "1": {"0": {"[0.0, 0]": {"num_count": 1642, "sum_payoffs": 416.369999888975, "action": [0.0, 0]}, "[1.0, 0]": {"num_count": 2958, "sum_payoffs": 826.5299997796222, "action": [1.0, 0]}}, "1": {"[1.0, 0]": {"num_count": 2959, "sum_payoffs": 827.0699997794784, "action": [1.0, 0]}, "[0.0, 0]": {"num_count": 1641, "sum_payoffs": 416.09999988904696, "action": [0.0, 0]}}}}