{"2": {"0": {"[1.0, 0]": {"num_count": 63, "sum_payoffs": 26.2439999940951, "action": [1.0, 0]}, "[0.0, 0]": {"num_count": 37, "sum_payoffs": 11.663999997375601, "action": [0.0, 0]}}, "1": {"[1.0, 0]": {"num_count": 48, "sum_payoffs": 18.58949999581736, "action": [1.0, 0]}, "[0.0, 0]": {"num_count": 52, "sum_payoffs": 16.40249999630944, "action": [0.0, 0]}}}, "1": {"0": {"[1.0, 0]": {"num_count": 72, "sum_payoffs": 38.677499991297545, "action": [1.0, 0]}, "[0.0, 0]": {"num_count": 28, "sum_payoffs": 14.377499996765067, "action": [0.0, 0]}}, "1": {"[1.0, 0]": {"num_count": 64, "sum_payoffs": 22.679999994896995, "action": [1.0, 0]}, "[0.0, 0]": {"num_count": 36, "sum_payoffs": 5.2649999988153775, "action": [0.0, 0]}}}}