{"2": {"0": {"[1.0, 0]": {"num_count": 3331, "sum_payoffs": 737.5874209261566, "action": [1.0, 0]}, "[0.0, 0]": {"num_count": 1269, "sum_payoffs": 224.98186462308126, "action": [0.0, 0]}}, "1": {"[1.0, 0]": {"num_count": 3319, "sum_payoffs": 735.6342855881456, "action": [1.0, 0]}, "[0.0, 0]": {"num_count": 1281, "sum_payoffs": 228.1847142465923, "action": [0.0, 0]}}}, "1": {"0": {"[1.0, 0]": {"num_count": 2959, "sum_payoffs": 712.6457141635129, "action": [1.0, 0]}, "[0.0, 0]": {"num_count": 1641, "sum_payoffs": 352.73571422524907, "action": [0.0, 0]}}, "1": {"[0.0, 0]": {"num_count": 1640, "sum_payoffs": 352.6199999395546, "action": [0.0, 0]}, "[1.0, 0]": {"num_count": 2960, "sum_payoffs": 713.2242855919851, "action": [1.0, 0]}}}}