{"2": {"0": {"[1.0, 0]": {"num_count": 763, "sum_payoffs": 62.7304026190319, "action": [1.0, 0]}, "[0.0, 0]": {"num_count": 337, "sum_payoffs": 22.51214999549753, "action": [0.0, 0]}}, "1": {"[0.0, 0]": {"num_count": 212, "sum_payoffs": 15.704099996859224, "action": [0.0, 0]}, "[1.0, 0]": {"num_count": 888, "sum_payoffs": 76.24525261632965, "action": [1.0, 0]}}}, "1": {"0": {"[1.0, 0]": {"num_count": 813, "sum_payoffs": 69.92549998601588, "action": [1.0, 0]}, "[0.0, 0]": {"num_count": 287, "sum_payoffs": 20.321999995935535, "action": [0.0, 0]}}, "1": {"[0.0, 0]": {"num_count": 237, "sum_payoffs": 16.919999996615918, "action": [0.0, 0]}, "[1.0, 0]": {"num_count": 863, "sum_payoffs": 75.2714999849468, "action": [1.0, 0]}}}}