{"2": {"0": {"[1.0, 0]": {"num_count": 1735, "sum_payoffs": 6.186315787308475, "action": [1.0, 0]}, "[0.0, 0]": {"num_count": 1365, "sum_payoffs": 4.1399999985510005, "action": [0.0, 0]}}, "1": {"[1.0, 0]": {"num_count": 1572, "sum_payoffs": 5.376315787591975, "action": [1.0, 0]}, "[0.0, 0]": {"num_count": 1528, "sum_payoffs": 4.949999998267501, "action": [0.0, 0]}}}, "1": {"0": {"[1.0, 0]": {"num_count": 1589, "sum_payoffs": 1.79999999937, "action": [1.0, 0]}, "[0.0, 0]": {"num_count": 1511, "sum_payoffs": 0.899999999685, "action": [0.0, 0]}}, "1": {"[1.0, 0]": {"num_count": 1588, "sum_payoffs": 1.79999999937, "action": [1.0, 0]}, "[0.0, 0]": {"num_count": 1512, "sum_payoffs": 0.899999999685, "action": [0.0, 0]}}}}