{"runtime": 0.6479411125183105, "winner": [0, 1], "T_terminal": 12, "trajectories": [[1.0, 3.0, 0.0, 3.0, 3.0, 0.0, 0.0], [3.0, 3.0, 1.5707963267948966, 4.0, 3.0, 4.71238898038469, 1.0], [3.0, 3.0, 3.141592653589793, 4.0, 3.0, 0.0, 2.0], [1.0, 3.0000000000000004, 1.5707963267948966, 4.0, 3.0, 0.0, 3.0], [1.0, 4.0, 3.141592653589793, 4.0, 3.0, 0.0, 4.0], [1.0, 4.0, 1.5707963267948966, 5.0, 3.0, 4.71238898038469, 5.0], [1.0, 4.0, 3.141592653589793, 5.0, 3.0, 4.71238898038469, 6.0], [1.0, 4.0, 3.141592653589793, 5.0, 3.0, 3.141592653589793, 7.0], [1.0, 4.0, 1.5707963267948966, 4.0, 3.0, 1.5707963267948966, 8.0], [1.0, 4.0, 1.5707963267948966, 4.0, 3.0, 0.0, 9.0], [1.0, 4.0, 1.5707963267948966, 5.0, 3.0, 4.71238898038469, 10.0], [1.0, 4.0, 3.141592653589793, 5.0, 3.0, 4.71238898038469, 11.0], [1.0, 4.0, 1.5707963267948966, 5.0, 2.0, 4.71238898038469, 12.0]], "penalty_distance_0": [-0.14715177646857694, -0.14715177646857694, -0.01991482734714558, -0.016931687849281996, -0.006477657327665025, -0.006477657327665025, -0.006477657327665025, -0.016931687849281996, -0.016931687849281996, -0.006477657327665025, -0.006477657327665025, -0.004569156397386777], "penalty_distance_1": [-0.14715177646857694, -0.14715177646857694, -0.01991482734714558, -0.016931687849281996, -0.006477657327665025, -0.006477657327665025, -0.006477657327665025, -0.016931687849281996, -0.016931687849281996, -0.006477657327665025, -0.006477657327665025, -0.004569156397386777], "reward_progress_0": [0.0, 0.0, -0.0, 0.0, 0.0, 0.0, 0.0, 0.0, 0.0, 0.0, 0.0, 0.0], "reward_progress_1": [0.0, 0.0, 0.0, 0.0, 0.0, 0.0, 0.0, -0.0, 0.0, 0.0, 0.0, 0.0], "penalty_agressor_0": [0.0, 0.0, 0.0, 0.0, 0.0, 0.0, 0.0, 0.0, 0.0, 0.0, 0.0, 0.0], "penalty_agressor_1": [0.0, 0.0, 0.0, 0.0, 0.0, 0.0, 0.0, 0.0, 0.0, 0.0, 0.0, 0.0], "penalty_timestep_0": [-10.8], "penalty_timestep_1": [-10.8], "reward_lead_0": [-4.0], "reward_lead_1": [4.0], "payoff_total0": [-0.14715177646857694, -0.2943035529371539, -0.31421838028429944, -0.33115006813358144, -0.3376277254612465, -0.3441053827889115, -0.35058304011657654, -0.36751472796585855, -0.38444641581514055, -0.3909240731428056, -0.3974017304704706, -0.40197088686785737, -15.201970886867858], "payoff_total1": [-0.14715177646857694, -0.2943035529371539, -0.31421838028429944, -0.33115006813358144, -0.3376277254612465, -0.3441053827889115, -0.35058304011657654, -0.36751472796585855, -0.38444641581514055, -0.3909240731428056, -0.3974017304704706, -0.40197088686785737, -7.2019708868678585]}