{"2": {"0": {"[0.0, 0]": {"num_count": 1289, "sum_payoffs": 171.19510711350796, "action": [0.0, 0]}, "[1.0, 0]": {"num_count": 2811, "sum_payoffs": 476.3956803694416, "action": [1.0, 0]}}, "1": {"[1.0, 0]": {"num_count": 2796, "sum_payoffs": 473.27718036997646, "action": [1.0, 0]}, "[0.0, 0]": {"num_count": 1304, "sum_payoffs": 174.00117854159802, "action": [0.0, 0]}}}, "1": {"0": {"[1.0, 0]": {"num_count": 2558, "sum_payoffs": 467.2414284913135, "action": [1.0, 0]}, "[0.0, 0]": {"num_count": 1542, "sum_payoffs": 245.8574999578483, "action": [0.0, 0]}}, "1": {"[1.0, 0]": {"num_count": 2553, "sum_payoffs": 466.37357134860525, "action": [1.0, 0]}, "[0.0, 0]": {"num_count": 1547, "sum_payoffs": 247.07249995764, "action": [0.0, 0]}}}}