{"runtime": 47.39983367919922, "winner": [1, 0], "collision_count": 0, "T_terminal": 7, "trajectories": [[1.0, 3.0, 0.0, 3.0, 3.0, 0.0, 0.0], [3.0, 3.0, 1.5707963267948966, 4.0, 3.0, 0.0, 1.0], [3.0, 5.0, 0.0, 5.0, 3.0, 0.0, 2.0], [5.0, 5.0, 0.0, 6.0, 3.0, 1.5707963267948966, 3.0], [7.0, 5.0, 0.0, 6.0, 4.0, 1.5707963267948966, 4.0], [9.0, 5.0, 0.0, 6.0, 5.0, 0.0, 5.0], [11.0, 5.0, 0.0, 7.0, 5.0, 0.0, 6.0], [13.0, 5.0, 4.71238898038469, 8.0, 5.0, 4.71238898038469, 7.0]], "penalty_distance_0": [-0.33109149705429813, -0.053195171905760605, -0.09619013309434717, -0.21880506099079278, -0.04480836153107755, -0.01648407499986076, -0.006064152299176921], "penalty_distance_1": [-0.33109149705429813, -0.053195171905760605, -0.09619013309434717, -0.21880506099079278, -0.04480836153107755, -0.01648407499986076, -0.006064152299176921], "reward_progress_0": [0.0, 0.0, 0.0, 0.0, 0.0, 0.0, 0.0], "reward_progress_1": [0.0, 0.0, 0.0, 0.0, 0.0, 0.0, 0.0], "penalty_agressor_0": [0.0, 0.0, 0.0, 0.0, 0.0, 0.0, 0.0], "penalty_agressor_1": [0.0, 0.0, 0.0, 0.0, 0.0, 0.0, 0.0], "penalty_timestep_0": [-2.8000000000000003], "penalty_timestep_1": [-2.8000000000000003], "reward_lead_0": [5.0], "reward_lead_1": [-5.0], "payoff_total0": [-0.33109149705429813, -0.38428666896005875, -0.4804768020544059, -0.6992818630451987, -0.7440902245762763, -0.760574299576137, -0.7666384518753139, 1.4333615481246857], "payoff_total1": [-0.33109149705429813, -0.38428666896005875, -0.4804768020544059, -0.6992818630451987, -0.7440902245762763, -0.760574299576137, -0.7666384518753139, -8.566638451875315]}