{"14": {"0": {"[1.0, 1.5707963267948966]": {"num_count": 344, "sum_payoffs": 77.60589790029306, "action": [1.0, 1.5707963267948966]}, "[2.0, 0.0]": {"num_count": 362, "sum_payoffs": 83.59212715220548, "action": [2.0, 0.0]}, "[0.0, -1.5707963267948966]": {"num_count": 335, "sum_payoffs": 74.51020641623728, "action": [0.0, -1.5707963267948966]}, "[2.0, 1.5707963267948966]": {"num_count": 342, "sum_payoffs": 76.955788016124, "action": [2.0, 1.5707963267948966]}, "[1.0, -1.5707963267948966]": {"num_count": 347, "sum_payoffs": 78.51249090677271, "action": [1.0, -1.5707963267948966]}, "[1.0, 0.0]": {"num_count": 351, "sum_payoffs": 79.95366993102694, "action": [1.0, 0.0]}, "[0.0, 1.5707963267948966]": {"num_count": 337, "sum_payoffs": 75.181637185677, "action": [0.0, 1.5707963267948966]}, "[2.0, -1.5707963267948966]": {"num_count": 355, "sum_payoffs": 81.29368214606527, "action": [2.0, -1.5707963267948966]}, "[0.0, 0.0]": {"num_count": 327, "sum_payoffs": 71.94423717618976, "action": [0.0, 0.0]}}, "1": {"[1.0, 1.5707963267948966]": {"num_count": 528, "sum_payoffs": 108.68496156340078, "action": [1.0, 1.5707963267948966]}, "[0.0, 0.0]": {"num_count": 513, "sum_payoffs": 104.2933570539448, "action": [0.0, 0.0]}, "[1.0, 0.0]": {"num_count": 530, "sum_payoffs": 109.31387112510775, "action": [1.0, 0.0]}, "[0.0, -1.5707963267948966]": {"num_count": 500, "sum_payoffs": 100.49331539616655, "action": [0.0, -1.5707963267948966]}, "[1.0, -1.5707963267948966]": {"num_count": 534, "sum_payoffs": 110.41708739954795, "action": [1.0, -1.5707963267948966]}, "[0.0, 1.5707963267948966]": {"num_count": 495, "sum_payoffs": 99.10214555438898, "action": [0.0, 1.5707963267948966]}}}}