{"2": {"0": {"[1.0, 0]": {"num_count": 2362, "sum_payoffs": 506.1034284846476, "action": [1.0, 0]}, "[0.0, 0]": {"num_count": 238, "sum_payoffs": 39.022714279024754, "action": [0.0, 0]}}, "1": {"[1.0, 0]": {"num_count": 2425, "sum_payoffs": 520.6834284821473, "action": [1.0, 0]}, "[0.0, 0]": {"num_count": 175, "sum_payoffs": 27.150428566774195, "action": [0.0, 0]}}}, "1": {"0": {"[0.0, 0]": {"num_count": 182, "sum_payoffs": 37.761428564955054, "action": [0.0, 0]}, "[1.0, 0]": {"num_count": 2418, "sum_payoffs": 567.6557141883998, "action": [1.0, 0]}}, "1": {"[0.0, 0]": {"num_count": 201, "sum_payoffs": 39.959999993149566, "action": [0.0, 0]}, "[1.0, 0]": {"num_count": 2399, "sum_payoffs": 560.5971427610399, "action": [1.0, 0]}}}}