{"7": {"0": {"[0.0, 0.0]": {"num_count": 66, "sum_payoffs": 19.25790986672998, "action": [0.0, 0.0]}, "[0.0, -1.5707963267948966]": {"num_count": 66, "sum_payoffs": 19.205051189302782, "action": [0.0, -1.5707963267948966]}, "[1.0, 1.5707963267948966]": {"num_count": 67, "sum_payoffs": 19.77886383660202, "action": [1.0, 1.5707963267948966]}, "[1.0, -1.5707963267948966]": {"num_count": 66, "sum_payoffs": 19.42040187976001, "action": [1.0, -1.5707963267948966]}, "[2.0, 0.0]": {"num_count": 69, "sum_payoffs": 20.747305967068623, "action": [2.0, 0.0]}, "[0.0, 1.5707963267948966]": {"num_count": 65, "sum_payoffs": 18.857903857988163, "action": [0.0, 1.5707963267948966]}, "[2.0, -1.5707963267948966]": {"num_count": 67, "sum_payoffs": 19.894189171605525, "action": [2.0, -1.5707963267948966]}, "[2.0, 1.5707963267948966]": {"num_count": 69, "sum_payoffs": 20.925641598691605, "action": [2.0, 1.5707963267948966]}, "[1.0, 0.0]": {"num_count": 65, "sum_payoffs": 18.8831916219917, "action": [1.0, 0.0]}}, "1": {"[0.0, -1.5707963267948966]": {"num_count": 97, "sum_payoffs": 27.792167848365214, "action": [0.0, -1.5707963267948966]}, "[1.0, 1.5707963267948966]": {"num_count": 101, "sum_payoffs": 29.59040270390327, "action": [1.0, 1.5707963267948966]}, "[0.0, 0.0]": {"num_count": 103, "sum_payoffs": 30.679354982186062, "action": [0.0, 0.0]}, "[0.0, 1.5707963267948966]": {"num_count": 93, "sum_payoffs": 25.919632324716865, "action": [0.0, 1.5707963267948966]}, "[1.0, 0.0]": {"num_count": 104, "sum_payoffs": 31.0932292270704, "action": [1.0, 0.0]}, "[1.0, -1.5707963267948966]": {"num_count": 102, "sum_payoffs": 30.110328897535453, "action": [1.0, -1.5707963267948966]}}}}