{"9": {"0": {"[1.0, 0.0]": {"num_count": 245, "sum_payoffs": 67.54960303637552, "action": [1.0, 0.0]}, "[2.0, 1.5707963267948966]": {"num_count": 229, "sum_payoffs": 61.16791298517546, "action": [2.0, 1.5707963267948966]}, "[2.0, -1.5707963267948966]": {"num_count": 236, "sum_payoffs": 63.98081907756493, "action": [2.0, -1.5707963267948966]}, "[0.0, 0.0]": {"num_count": 227, "sum_payoffs": 60.294572274579885, "action": [0.0, 0.0]}, "[1.0, 1.5707963267948966]": {"num_count": 234, "sum_payoffs": 63.108146471481426, "action": [1.0, 1.5707963267948966]}, "[2.0, 0.0]": {"num_count": 244, "sum_payoffs": 67.1639836978706, "action": [2.0, 0.0]}, "[0.0, -1.5707963267948966]": {"num_count": 226, "sum_payoffs": 59.91828427630293, "action": [0.0, -1.5707963267948966]}, "[1.0, -1.5707963267948966]": {"num_count": 235, "sum_payoffs": 63.4983336267708, "action": [1.0, -1.5707963267948966]}, "[0.0, 1.5707963267948966]": {"num_count": 224, "sum_payoffs": 59.09792068079236, "action": [0.0, 1.5707963267948966]}}, "1": {"[0.0, -1.5707963267948966]": {"num_count": 324, "sum_payoffs": 79.91565025536588, "action": [0.0, -1.5707963267948966]}, "[1.0, 1.5707963267948966]": {"num_count": 370, "sum_payoffs": 96.36043016554385, "action": [1.0, 1.5707963267948966]}, "[1.0, 0.0]": {"num_count": 378, "sum_payoffs": 99.24663371083419, "action": [1.0, 0.0]}, "[1.0, -1.5707963267948966]": {"num_count": 357, "sum_payoffs": 91.74004065698936, "action": [1.0, -1.5707963267948966]}, "[0.0, 1.5707963267948966]": {"num_count": 326, "sum_payoffs": 80.59889496882145, "action": [0.0, 1.5707963267948966]}, "[0.0, 0.0]": {"num_count": 345, "sum_payoffs": 87.39565359106338, "action": [0.0, 0.0]}}}}