{"alphat_eff_gamelength_12": {"mean": 1.8461538461538463, "variance": 0.0}, "runtime_gamelength_12": {"mean": 101.47242336273193, "variance": 5.238943046887128}, "max_timestep": {"mean": 12.0, "variance": 0.0}, "winner": {"mean": [0.0, 0.0], "variance": [0.0, 0.0]}, "runtime": {"mean": 101.47272624969483, "variance": 5.2389375742770445}, "T_terminal": {"mean": 1.0, "variance": 0.0}, "trajectory_0": {"mean": [[1.0, 3.0, 0.0, 0.0], [2.8, 3.0, -0.3141592653589793, 1.0]], "variance": [[0.0, 0.0, 0.0, 0.0], [0.15999999999999998, 0.0, 0.8882643960980422, 0.0]]}, "trajectory_1": {"mean": [[3.0, 3.0, 0.0, 0.0], [5.0, 3.0, 0.0, 1.0]], "variance": [[0.0, 0.0, 0.0, 0.0], [0.0, 0.0, 0.0, 0.0]]}, "coll_payoff_0": {"mean": [1.0], "variance": [0.0]}, "lead_payoff_0": {"mean": [0.45], "variance": [0.010000000000000004]}, "coll_payoff_1": {"mean": [1.0], "variance": [0.0]}, "lead_payoff_1": {"mean": [0.55], "variance": [0.009999999999999998]}, "payoff_total": {"mean": [[0.5244252872810009, 0.6422413792162212]], "variance": [[0.0006688466109973218, 0.0006688466109973264]]}, "final_lead_payoff_0": {"mean": [0.42413793103448266], "variance": [0.00019024970273483902]}, "final_lead_payoff_1": {"mean": [0.5758620689655172], "variance": [0.00019024970273483896]}}