{"12": {"0": {"[0.0, 1.5707963267948966]": {"num_count": 11, "sum_payoffs": 2.4670381361713387, "action": [0.0, 1.5707963267948966]}, "[0.0, 0.0]": {"num_count": 12, "sum_payoffs": 3.0452537721618844, "action": [0.0, 0.0]}, "[1.0, -1.5707963267948966]": {"num_count": 11, "sum_payoffs": 2.7747877564620484, "action": [1.0, -1.5707963267948966]}, "[2.0, 0.0]": {"num_count": 11, "sum_payoffs": 2.4560983577235183, "action": [2.0, 0.0]}, "[1.0, 1.5707963267948966]": {"num_count": 11, "sum_payoffs": 2.523780471216007, "action": [1.0, 1.5707963267948966]}, "[0.0, -1.5707963267948966]": {"num_count": 11, "sum_payoffs": 2.633031683683712, "action": [0.0, -1.5707963267948966]}, "[1.0, 0.0]": {"num_count": 11, "sum_payoffs": 2.612084737661318, "action": [1.0, 0.0]}, "[2.0, -1.5707963267948966]": {"num_count": 11, "sum_payoffs": 2.7431680898240787, "action": [2.0, -1.5707963267948966]}, "[2.0, 1.5707963267948966]": {"num_count": 11, "sum_payoffs": 2.5671921097835453, "action": [2.0, 1.5707963267948966]}}, "1": {"[1.0, 1.5707963267948966]": {"num_count": 11, "sum_payoffs": 3.0999080012915976, "action": [1.0, 1.5707963267948966]}, "[0.0, 0.0]": {"num_count": 11, "sum_payoffs": 2.955927390060349, "action": [0.0, 0.0]}, "[0.0, 1.5707963267948966]": {"num_count": 11, "sum_payoffs": 2.890700788784836, "action": [0.0, 1.5707963267948966]}, "[2.0, 1.5707963267948966]": {"num_count": 11, "sum_payoffs": 3.089479409145528, "action": [2.0, 1.5707963267948966]}, "[1.0, -1.5707963267948966]": {"num_count": 11, "sum_payoffs": 2.940087187085314, "action": [1.0, -1.5707963267948966]}, "[0.0, -1.5707963267948966]": {"num_count": 10, "sum_payoffs": 2.5225931759152953, "action": [0.0, -1.5707963267948966]}, "[2.0, 0.0]": {"num_count": 12, "sum_payoffs": 3.882774201302724, "action": [2.0, 0.0]}, "[1.0, 0.0]": {"num_count": 11, "sum_payoffs": 3.2010389956764813, "action": [1.0, 0.0]}, "[2.0, -1.5707963267948966]": {"num_count": 12, "sum_payoffs": 3.6286449196255526, "action": [2.0, -1.5707963267948966]}}}}