{"2": {"0": {"[0.0, 0]": {"num_count": 257, "sum_payoffs": 51.52199998626076, "action": [0.0, 0]}, "[1.0, 0]": {"num_count": 3843, "sum_payoffs": 955.4156050084566, "action": [1.0, 0]}}, "1": {"[1.0, 0]": {"num_count": 3851, "sum_payoffs": 946.3601050108705, "action": [1.0, 0]}, "[0.0, 0]": {"num_count": 249, "sum_payoffs": 47.21249998740994, "action": [0.0, 0]}}}, "1": {"0": {"[0.0, 0]": {"num_count": 265, "sum_payoffs": 63.074999983179644, "action": [0.0, 0]}, "[1.0, 0]": {"num_count": 3835, "sum_payoffs": 1043.7449997217075, "action": [1.0, 0]}}, "1": {"[0.0, 0]": {"num_count": 277, "sum_payoffs": 68.20499998181171, "action": [0.0, 0]}, "[1.0, 0]": {"num_count": 3823, "sum_payoffs": 1040.7749997225012, "action": [1.0, 0]}}}}