{"2": {"0": {"[0.0, 0]": {"num_count": 40, "sum_payoffs": 8.039249997186264, "action": [0.0, 0]}, "[1.0, 0]": {"num_count": 60, "sum_payoffs": 14.762782889569865, "action": [1.0, 0]}}, "1": {"[1.0, 0]": {"num_count": 61, "sum_payoffs": 15.127282889442288, "action": [1.0, 0]}, "[0.0, 0]": {"num_count": 39, "sum_payoffs": 8.039249997186266, "action": [0.0, 0]}}}, "1": {"0": {"[0.0, 0]": {"num_count": 43, "sum_payoffs": 8.144999997149249, "action": [0.0, 0]}, "[1.0, 0]": {"num_count": 57, "sum_payoffs": 14.264999995007262, "action": [1.0, 0]}}, "1": {"[0.0, 0]": {"num_count": 50, "sum_payoffs": 8.651249996972059, "action": [0.0, 0]}, "[1.0, 0]": {"num_count": 50, "sum_payoffs": 11.936249995822319, "action": [1.0, 0]}}}}