{"2": {"0": {"[0.0, 0]": {"num_count": 193, "sum_payoffs": 53.76374998566292, "action": [0.0, 0]}, "[1.0, 0]": {"num_count": 2407, "sum_payoffs": 893.936249761647, "action": [1.0, 0]}}, "1": {"[1.0, 0]": {"num_count": 2439, "sum_payoffs": 906.1469997583912, "action": [1.0, 0]}, "[0.0, 0]": {"num_count": 161, "sum_payoffs": 41.91749998882196, "action": [0.0, 0]}}}, "1": {"0": {"[1.0, 0]": {"num_count": 2339, "sum_payoffs": 955.5974997451575, "action": [1.0, 0]}, "[0.0, 0]": {"num_count": 261, "sum_payoffs": 95.98499997440373, "action": [0.0, 0]}}, "1": {"[1.0, 0]": {"num_count": 2425, "sum_payoffs": 991.2374997356511, "action": [1.0, 0]}, "[0.0, 0]": {"num_count": 175, "sum_payoffs": 62.77499998325985, "action": [0.0, 0]}}}}