{"2": {"0": {"[0.0, 0]": {"num_count": 223, "sum_payoffs": 22.490249994002557, "action": [0.0, 0]}, "[1.0, 0]": {"num_count": 2377, "sum_payoffs": 298.82246044663356, "action": [1.0, 0]}}, "1": {"[0.0, 0]": {"num_count": 227, "sum_payoffs": 24.616499993435557, "action": [0.0, 0]}, "[1.0, 0]": {"num_count": 2373, "sum_payoffs": 301.92071044580814, "action": [1.0, 0]}}}, "1": {"0": {"[0.0, 0]": {"num_count": 231, "sum_payoffs": 25.979999993071928, "action": [0.0, 0]}, "[1.0, 0]": {"num_count": 2369, "sum_payoffs": 327.89999991257093, "action": [1.0, 0]}}, "1": {"[1.0, 0]": {"num_count": 2320, "sum_payoffs": 319.59749991478446, "action": [1.0, 0]}, "[0.0, 0]": {"num_count": 280, "sum_payoffs": 31.987499991469903, "action": [0.0, 0]}}}}