{"6": {"0": {"[2.0, 0.0]": {"num_count": 316, "sum_payoffs": 92.40994777322344, "action": [2.0, 0.0]}, "[2.0, 1.5707963267948966]": {"num_count": 304, "sum_payoffs": 87.54260168558636, "action": [2.0, 1.5707963267948966]}, "[1.0, 1.5707963267948966]": {"num_count": 276, "sum_payoffs": 76.40120718920205, "action": [1.0, 1.5707963267948966]}, "[0.0, -1.5707963267948966]": {"num_count": 272, "sum_payoffs": 74.81087789030857, "action": [0.0, -1.5707963267948966]}, "[0.0, 0.0]": {"num_count": 293, "sum_payoffs": 83.02839626729687, "action": [0.0, 0.0]}, "[2.0, -1.5707963267948966]": {"num_count": 305, "sum_payoffs": 88.00028521928017, "action": [2.0, -1.5707963267948966]}, "[1.0, 0.0]": {"num_count": 297, "sum_payoffs": 84.71673137159738, "action": [1.0, 0.0]}, "[0.0, 1.5707963267948966]": {"num_count": 259, "sum_payoffs": 69.6350407658764, "action": [0.0, 1.5707963267948966]}, "[1.0, -1.5707963267948966]": {"num_count": 278, "sum_payoffs": 77.15925568550908, "action": [1.0, -1.5707963267948966]}}, "1": {"[1.0, 0.0]": {"num_count": 311, "sum_payoffs": 110.24030841563031, "action": [1.0, 0.0]}, "[0.0, 1.5707963267948966]": {"num_count": 249, "sum_payoffs": 81.68077950386593, "action": [0.0, 1.5707963267948966]}, "[2.0, -1.5707963267948966]": {"num_count": 307, "sum_payoffs": 108.286941903494, "action": [2.0, -1.5707963267948966]}, "[2.0, 1.5707963267948966]": {"num_count": 302, "sum_payoffs": 105.94979670068943, "action": [2.0, 1.5707963267948966]}, "[1.0, -1.5707963267948966]": {"num_count": 278, "sum_payoffs": 94.93659930324537, "action": [1.0, -1.5707963267948966]}, "[0.0, -1.5707963267948966]": {"num_count": 243, "sum_payoffs": 78.83348766103592, "action": [0.0, -1.5707963267948966]}, "[2.0, 0.0]": {"num_count": 353, "sum_payoffs": 130.0006064565727, "action": [2.0, 0.0]}, "[1.0, 1.5707963267948966]": {"num_count": 286, "sum_payoffs": 98.48130380165888, "action": [1.0, 1.5707963267948966]}, "[0.0, 0.0]": {"num_count": 271, "sum_payoffs": 91.73114437657769, "action": [0.0, 0.0]}}}}