{"6": {"0": {"[1.0, -1.5707963267948966]": {"num_count": 181, "sum_payoffs": 56.2157751740334, "action": [1.0, -1.5707963267948966]}, "[1.0, 0.0]": {"num_count": 177, "sum_payoffs": 54.4418975323241, "action": [1.0, 0.0]}, "[0.0, 1.5707963267948966]": {"num_count": 158, "sum_payoffs": 45.99880635825281, "action": [0.0, 1.5707963267948966]}, "[0.0, 0.0]": {"num_count": 169, "sum_payoffs": 50.9288437285785, "action": [0.0, 0.0]}, "[2.0, 1.5707963267948966]": {"num_count": 183, "sum_payoffs": 57.19248114320121, "action": [2.0, 1.5707963267948966]}, "[2.0, 0.0]": {"num_count": 189, "sum_payoffs": 59.9634309810865, "action": [2.0, 0.0]}, "[2.0, -1.5707963267948966]": {"num_count": 190, "sum_payoffs": 60.44298531268056, "action": [2.0, -1.5707963267948966]}, "[1.0, 1.5707963267948966]": {"num_count": 180, "sum_payoffs": 55.730274670674255, "action": [1.0, 1.5707963267948966]}, "[0.0, -1.5707963267948966]": {"num_count": 173, "sum_payoffs": 52.67575265377637, "action": [0.0, -1.5707963267948966]}}, "1": {"[0.0, 1.5707963267948966]": {"num_count": 256, "sum_payoffs": 78.32229042596079, "action": [0.0, 1.5707963267948966]}, "[0.0, -1.5707963267948966]": {"num_count": 247, "sum_payoffs": 74.4775530163199, "action": [0.0, -1.5707963267948966]}, "[1.0, 0.0]": {"num_count": 285, "sum_payoffs": 90.58225924853713, "action": [1.0, 0.0]}, "[1.0, 1.5707963267948966]": {"num_count": 281, "sum_payoffs": 88.99675102269511, "action": [1.0, 1.5707963267948966]}, "[0.0, 0.0]": {"num_count": 247, "sum_payoffs": 74.4585509463267, "action": [0.0, 0.0]}, "[1.0, -1.5707963267948966]": {"num_count": 284, "sum_payoffs": 90.35381144366622, "action": [1.0, -1.5707963267948966]}}}}