{"2": {"0": {"[1.0, 0]": {"num_count": 1450, "sum_payoffs": 321.4484762514999, "action": [1.0, 0]}, "[0.0, 0]": {"num_count": 150, "sum_payoffs": 24.724799995055047, "action": [0.0, 0]}}, "1": {"[1.0, 0]": {"num_count": 1471, "sum_payoffs": 340.4434262476996, "action": [1.0, 0]}, "[0.0, 0]": {"num_count": 129, "sum_payoffs": 22.351049995529824, "action": [0.0, 0]}}}, "1": {"0": {"[1.0, 0]": {"num_count": 1468, "sum_payoffs": 364.00499992719176, "action": [1.0, 0]}, "[0.0, 0]": {"num_count": 132, "sum_payoffs": 27.940499994411933, "action": [0.0, 0]}}, "1": {"[1.0, 0]": {"num_count": 1458, "sum_payoffs": 359.6309999280667, "action": [1.0, 0]}, "[0.0, 0]": {"num_count": 142, "sum_payoffs": 28.183499994363334, "action": [0.0, 0]}}}}