{"7": {"0": {"[0.0, 1.5707963267948966]": {"num_count": 172, "sum_payoffs": 49.68929778379378, "action": [0.0, 1.5707963267948966]}, "[0.0, -1.5707963267948966]": {"num_count": 175, "sum_payoffs": 51.129439005969324, "action": [0.0, -1.5707963267948966]}, "[2.0, -1.5707963267948966]": {"num_count": 190, "sum_payoffs": 57.66902681266777, "action": [2.0, -1.5707963267948966]}, "[1.0, -1.5707963267948966]": {"num_count": 178, "sum_payoffs": 52.441199508304734, "action": [1.0, -1.5707963267948966]}, "[1.0, 0.0]": {"num_count": 171, "sum_payoffs": 49.31406064706785, "action": [1.0, 0.0]}, "[2.0, 0.0]": {"num_count": 190, "sum_payoffs": 57.67376336068583, "action": [2.0, 0.0]}, "[1.0, 1.5707963267948966]": {"num_count": 172, "sum_payoffs": 49.81899390736927, "action": [1.0, 1.5707963267948966]}, "[0.0, 0.0]": {"num_count": 173, "sum_payoffs": 50.1478910656709, "action": [0.0, 0.0]}, "[2.0, 1.5707963267948966]": {"num_count": 179, "sum_payoffs": 52.876983495775015, "action": [2.0, 1.5707963267948966]}}, "1": {"[1.0, 1.5707963267948966]": {"num_count": 282, "sum_payoffs": 83.54126384231384, "action": [1.0, 1.5707963267948966]}, "[0.0, 0.0]": {"num_count": 256, "sum_payoffs": 73.05803065129946, "action": [0.0, 0.0]}, "[1.0, -1.5707963267948966]": {"num_count": 277, "sum_payoffs": 81.56555014280875, "action": [1.0, -1.5707963267948966]}, "[0.0, 1.5707963267948966]": {"num_count": 247, "sum_payoffs": 69.41827884421276, "action": [0.0, 1.5707963267948966]}, "[0.0, -1.5707963267948966]": {"num_count": 248, "sum_payoffs": 69.8199108684597, "action": [0.0, -1.5707963267948966]}, "[1.0, 0.0]": {"num_count": 290, "sum_payoffs": 86.87319299909007, "action": [1.0, 0.0]}}}}