{"runtime_game_length_7": 5.280641794204712, "runtime_game_length_6": 4.35353422164917, "runtime_game_length_5": 3.2961156368255615, "runtime_game_length_4": 1.5682358741760254, "runtime_game_length_3": 0.6889655590057373, "runtime_game_length_2": 0.31703925132751465, "runtime_game_length_1": 0.07849264144897461, "runtime": 15.583415746688843, "winner": [1, 0], "T_terminal": 7, "trajectory_0": [[1.0, 1.0, 0.0, 0], [3.0, 1.0, 0.0, 1], [4.0, 1.0, 0.0, 2], [6.0, 1.0, 1.5707963267948966, 3], [6.0, 2.0, 0.0, 4], [8.0, 2.0, 0.0, 5], [10.0, 2.0, 0.0, 6], [12.0, 2.0, 0.0, 7]], "trajectory_1": [[1.0, 3.0, 0.0, 0], [3.0, 3.0, 0.0, 1], [5.0, 3.0, 0.0, 2], [6.0, 3.0, 1.5707963267948966, 3], [6.0, 3.0, 0.0, 4], [6.0, 3.0, 0.0, 5], [6.0, 3.0, 4.71238898038469, 6], [6.0, 1.0, 0.0, 7]], "penalty_distance_0": [-0.013533528323661271, -0.009619013309434717, -0.01096215794216563, -0.026818411261398153, -0.007012260702577909, -0.0009562479688532303, -0.00012126762022770402], "penalty_distance_1": [-0.12180175491295143, -0.08657111978491246, -0.09865942147949067, -0.24136570135258337, -0.06311034632320119, -0.008606231719679072, -0.0010914085820493361], "reward_progress_0": [0.2, 0.09000000000000001, 0.16200000000000003, 0.0, 0.13122, 0.11809800000000002, 0.10628820000000001], "reward_progress_1": [0.2, 0.18000000000000002, 0.08100000000000002, 0.0, 0.0, 0.0, 0.0], "penalty_timestep_0": [-0.7000000000000001], "penalty_timestep_1": [-0.7000000000000001], "reward_lead_0": [6.0], "reward_lead_1": [-6.0], "payoff_total_0": [0.18646647167633873, 0.26684745836690404, 0.4178853004247385, 0.3910668891633403, 0.5152746284607624, 0.6324163804919092, 0.7385833128716816, 6.0385833128716815], "payoff_total_1": [0.07819824508704858, 0.1716271253021361, 0.15396770382264546, -0.08739799752993788, -0.1505083438531391, -0.15911457557281822, -0.1602059841548676, -6.8602059841548675]}