{"2": {"0": {"[1.0, 0]": {"num_count": 1946, "sum_payoffs": 314.8151785174514, "action": [1.0, 0]}, "[0.0, 0]": {"num_count": 154, "sum_payoffs": 21.292426688079225, "action": [0.0, 0]}}, "1": {"[1.0, 0]": {"num_count": 1920, "sum_payoffs": 310.4868213753365, "action": [1.0, 0]}, "[0.0, 0]": {"num_count": 180, "sum_payoffs": 22.65271240213175, "action": [0.0, 0]}}}, "1": {"0": {"[1.0, 0]": {"num_count": 1934, "sum_payoffs": 342.7039285126683, "action": [1.0, 0]}, "[0.0, 0]": {"num_count": 166, "sum_payoffs": 23.599285710240135, "action": [0.0, 0]}}, "1": {"[0.0, 0]": {"num_count": 192, "sum_payoffs": 28.025357138052804, "action": [0.0, 0]}, "[1.0, 0]": {"num_count": 1908, "sum_payoffs": 337.75714279923096, "action": [1.0, 0]}}}}