{"12": {"0": {"[2.0, -1.5707963267948966]": {"num_count": 355, "sum_payoffs": 85.78313624246957, "action": [2.0, -1.5707963267948966]}, "[1.0, -1.5707963267948966]": {"num_count": 349, "sum_payoffs": 83.65478963176412, "action": [1.0, -1.5707963267948966]}, "[0.0, -1.5707963267948966]": {"num_count": 343, "sum_payoffs": 81.51490084920411, "action": [0.0, -1.5707963267948966]}, "[2.0, 1.5707963267948966]": {"num_count": 349, "sum_payoffs": 83.61041282287596, "action": [2.0, 1.5707963267948966]}, "[0.0, 0.0]": {"num_count": 334, "sum_payoffs": 78.45884302182296, "action": [0.0, 0.0]}, "[2.0, 0.0]": {"num_count": 359, "sum_payoffs": 87.11309788344258, "action": [2.0, 0.0]}, "[0.0, 1.5707963267948966]": {"num_count": 338, "sum_payoffs": 79.79093533272963, "action": [0.0, 1.5707963267948966]}, "[1.0, 0.0]": {"num_count": 336, "sum_payoffs": 79.1591559625346, "action": [1.0, 0.0]}, "[1.0, 1.5707963267948966]": {"num_count": 337, "sum_payoffs": 79.53263389382356, "action": [1.0, 1.5707963267948966]}}, "1": {"[0.0, 1.5707963267948966]": {"num_count": 515, "sum_payoffs": 112.52560729784967, "action": [0.0, 1.5707963267948966]}, "[0.0, 0.0]": {"num_count": 492, "sum_payoffs": 105.49340079214595, "action": [0.0, 0.0]}, "[1.0, 0.0]": {"num_count": 531, "sum_payoffs": 117.55729210872929, "action": [1.0, 0.0]}, "[1.0, -1.5707963267948966]": {"num_count": 526, "sum_payoffs": 115.90422387898288, "action": [1.0, -1.5707963267948966]}, "[1.0, 1.5707963267948966]": {"num_count": 536, "sum_payoffs": 119.04837336170871, "action": [1.0, 1.5707963267948966]}, "[0.0, -1.5707963267948966]": {"num_count": 500, "sum_payoffs": 107.97380105296284, "action": [0.0, -1.5707963267948966]}}}}