{"2": {"0": {"[1.0, 0]": {"num_count": 3304, "sum_payoffs": 844.7861050379296, "action": [1.0, 0]}, "[0.0, 0]": {"num_count": 1296, "sum_payoffs": 276.0914999263706, "action": [0.0, 0]}}, "1": {"[1.0, 0]": {"num_count": 3298, "sum_payoffs": 843.7871050381962, "action": [1.0, 0]}, "[0.0, 0]": {"num_count": 1302, "sum_payoffs": 278.06249992584486, "action": [0.0, 0]}}}, "1": {"0": {"[0.0, 0]": {"num_count": 1634, "sum_payoffs": 413.66999988969513, "action": [0.0, 0]}, "[1.0, 0]": {"num_count": 2966, "sum_payoffs": 828.6899997790471, "action": [1.0, 0]}}, "1": {"[0.0, 0]": {"num_count": 1642, "sum_payoffs": 416.3699998889753, "action": [0.0, 0]}, "[1.0, 0]": {"num_count": 2958, "sum_payoffs": 826.799999779551, "action": [1.0, 0]}}}}