{"2": {"0": {"[0.0, 0]": {"num_count": 2272, "sum_payoffs": 5.849999997952501, "action": [0.0, 0]}, "[1.0, 0]": {"num_count": 2328, "sum_payoffs": 6.186315787308475, "action": [1.0, 0]}}, "1": {"[0.0, 0]": {"num_count": 2278, "sum_payoffs": 5.849999997952501, "action": [0.0, 0]}, "[1.0, 0]": {"num_count": 2322, "sum_payoffs": 6.186315787308475, "action": [1.0, 0]}}}, "1": {"0": {"[1.0, 0]": {"num_count": 2430, "sum_payoffs": 1.79999999937, "action": [1.0, 0]}, "[0.0, 0]": {"num_count": 2170, "sum_payoffs": 0.899999999685, "action": [0.0, 0]}}, "1": {"[0.0, 0]": {"num_count": 2196, "sum_payoffs": 0.899999999685, "action": [0.0, 0]}, "[1.0, 0]": {"num_count": 2404, "sum_payoffs": 1.79999999937, "action": [1.0, 0]}}}}