{"2": {"0": {"[1.0, 0]": {"num_count": 536, "sum_payoffs": 208.8584999443029, "action": [1.0, 0]}, "[0.0, 0]": {"num_count": 64, "sum_payoffs": 17.678249995285807, "action": [0.0, 0]}}, "1": {"[1.0, 0]": {"num_count": 525, "sum_payoffs": 190.63349994916337, "action": [1.0, 0]}, "[0.0, 0]": {"num_count": 75, "sum_payoffs": 20.229749994605406, "action": [0.0, 0]}}}, "1": {"0": {"[0.0, 0]": {"num_count": 82, "sum_payoffs": 31.184999991683966, "action": [0.0, 0]}, "[1.0, 0]": {"num_count": 518, "sum_payoffs": 215.8649999424354, "action": [1.0, 0]}}, "1": {"[1.0, 0]": {"num_count": 467, "sum_payoffs": 192.77999994859147, "action": [1.0, 0]}, "[0.0, 0]": {"num_count": 133, "sum_payoffs": 46.57499998757991, "action": [0.0, 0]}}}}