{"2": {"0": {"[1.0, 0]": {"num_count": 1086, "sum_payoffs": 6.186315788081763, "action": [1.0, 0]}, "[0.0, 0]": {"num_count": 1014, "sum_payoffs": 5.039999998866, "action": [0.0, 0]}}, "1": {"[0.0, 0]": {"num_count": 1001, "sum_payoffs": 5.039999998866, "action": [0.0, 0]}, "[1.0, 0]": {"num_count": 1099, "sum_payoffs": 6.186315788081763, "action": [1.0, 0]}}}, "1": {"0": {"[1.0, 0]": {"num_count": 1136, "sum_payoffs": 1.799999999595, "action": [1.0, 0]}, "[0.0, 0]": {"num_count": 964, "sum_payoffs": 0.8999999997975, "action": [0.0, 0]}}, "1": {"[1.0, 0]": {"num_count": 1123, "sum_payoffs": 1.799999999595, "action": [1.0, 0]}, "[0.0, 0]": {"num_count": 977, "sum_payoffs": 0.8999999997975, "action": [0.0, 0]}}}}