{"2": {"0": {"[0.0, 0]": {"num_count": 915, "sum_payoffs": 229.03739995418957, "action": [0.0, 0]}, "[1.0, 0]": {"num_count": 2685, "sum_payoffs": 821.7654629935589, "action": [1.0, 0]}}, "1": {"[1.0, 0]": {"num_count": 2673, "sum_payoffs": 819.7584629939604, "action": [1.0, 0]}, "[0.0, 0]": {"num_count": 927, "sum_payoffs": 233.6687999532631, "action": [0.0, 0]}}}, "1": {"0": {"[0.0, 0]": {"num_count": 1281, "sum_payoffs": 391.2479999217557, "action": [0.0, 0]}, "[1.0, 0]": {"num_count": 2319, "sum_payoffs": 775.529999844868, "action": [1.0, 0]}}, "1": {"[0.0, 0]": {"num_count": 1285, "sum_payoffs": 392.8679999214318, "action": [0.0, 0]}, "[1.0, 0]": {"num_count": 2315, "sum_payoffs": 774.5579998450626, "action": [1.0, 0]}}}}