{"1": {"0": {"[2.0, 1.5707963267948966]": {"num_count": 259, "sum_payoffs": 68.11594201763306, "action": [2.0, 1.5707963267948966]}, "[0.0, 0.0]": {"num_count": 210, "sum_payoffs": 49.63518240052323, "action": [0.0, 0.0]}, "[1.0, 0.0]": {"num_count": 231, "sum_payoffs": 57.421289345752356, "action": [1.0, 0.0]}, "[0.0, 1.5707963267948966]": {"num_count": 209, "sum_payoffs": 49.2653673081311, "action": [0.0, 1.5707963267948966]}, "[2.0, -1.5707963267948966]": {"num_count": 262, "sum_payoffs": 69.28535730979196, "action": [2.0, -1.5707963267948966]}, "[0.0, -1.5707963267948966]": {"num_count": 209, "sum_payoffs": 49.185407288154394, "action": [0.0, -1.5707963267948966]}, "[1.0, 1.5707963267948966]": {"num_count": 233, "sum_payoffs": 58.22088954551915, "action": [1.0, 1.5707963267948966]}, "[2.0, 0.0]": {"num_count": 258, "sum_payoffs": 67.72613692024677, "action": [2.0, 0.0]}, "[1.0, -1.5707963267948966]": {"num_count": 229, "sum_payoffs": 56.721639170956394, "action": [1.0, -1.5707963267948966]}}, "1": {"[2.0, -1.5707963267948966]": {"num_count": 259, "sum_payoffs": 88.72563716662191, "action": [2.0, -1.5707963267948966]}, "[1.0, -1.5707963267948966]": {"num_count": 231, "sum_payoffs": 75.85207395037654, "action": [1.0, -1.5707963267948966]}, "[0.0, 1.5707963267948966]": {"num_count": 210, "sum_payoffs": 66.34682657564869, "action": [0.0, 1.5707963267948966]}, "[2.0, 0.0]": {"num_count": 259, "sum_payoffs": 88.72563716662185, "action": [2.0, 0.0]}, "[1.0, 0.0]": {"num_count": 230, "sum_payoffs": 75.38230883301355, "action": [1.0, 0.0]}, "[1.0, 1.5707963267948966]": {"num_count": 232, "sum_payoffs": 76.261869052757, "action": [1.0, 1.5707963267948966]}, "[0.0, -1.5707963267948966]": {"num_count": 208, "sum_payoffs": 65.44727635091101, "action": [0.0, -1.5707963267948966]}, "[2.0, 1.5707963267948966]": {"num_count": 262, "sum_payoffs": 90.13493251871074, "action": [2.0, 1.5707963267948966]}, "[0.0, 0.0]": {"num_count": 209, "sum_payoffs": 65.81709144330317, "action": [0.0, 0.0]}}}}