{"2": {"0": {"[1.0, 0]": {"num_count": 1845, "sum_payoffs": 478.315105135601, "action": [1.0, 0]}, "[0.0, 0]": {"num_count": 755, "sum_payoffs": 156.52499995825804, "action": [0.0, 0]}}, "1": {"[0.0, 0]": {"num_count": 747, "sum_payoffs": 154.6754999587514, "action": [0.0, 0]}, "[1.0, 0]": {"num_count": 1853, "sum_payoffs": 482.1086051345896, "action": [1.0, 0]}}}, "1": {"0": {"[1.0, 0]": {"num_count": 1657, "sum_payoffs": 467.0249998754701, "action": [1.0, 0]}, "[0.0, 0]": {"num_count": 943, "sum_payoffs": 235.73999993713352, "action": [0.0, 0]}}, "1": {"[1.0, 0]": {"num_count": 1654, "sum_payoffs": 466.34999987565004, "action": [1.0, 0]}, "[0.0, 0]": {"num_count": 946, "sum_payoffs": 236.95499993680951, "action": [0.0, 0]}}}}