{"2": {"0": {"[1.0, 0]": {"num_count": 792, "sum_payoffs": 305.81549989296514, "action": [1.0, 0]}, "[0.0, 0]": {"num_count": 308, "sum_payoffs": 94.22324996702172, "action": [0.0, 0]}}, "1": {"[0.0, 0]": {"num_count": 326, "sum_payoffs": 102.60674996408747, "action": [0.0, 0]}, "[1.0, 0]": {"num_count": 774, "sum_payoffs": 299.98349989500656, "action": [1.0, 0]}}}, "1": {"0": {"[1.0, 0]": {"num_count": 558, "sum_payoffs": 226.59749992069337, "action": [1.0, 0]}, "[0.0, 0]": {"num_count": 542, "sum_payoffs": 218.9024999233864, "action": [0.0, 0]}}, "1": {"[1.0, 0]": {"num_count": 558, "sum_payoffs": 226.59749992069337, "action": [1.0, 0]}, "[0.0, 0]": {"num_count": 542, "sum_payoffs": 218.9024999233864, "action": [0.0, 0]}}}}