{"4": {"0": {"[2.0, 0.0]": {"num_count": 306, "sum_payoffs": 100.59826273979994, "action": [2.0, 0.0]}, "[0.0, 1.5707963267948966]": {"num_count": 254, "sum_payoffs": 77.88512938405857, "action": [0.0, 1.5707963267948966]}, "[0.0, -1.5707963267948966]": {"num_count": 258, "sum_payoffs": 79.55696489273821, "action": [0.0, -1.5707963267948966]}, "[0.0, 0.0]": {"num_count": 282, "sum_payoffs": 89.89592724704806, "action": [0.0, 0.0]}, "[1.0, -1.5707963267948966]": {"num_count": 295, "sum_payoffs": 95.6864835321268, "action": [1.0, -1.5707963267948966]}, "[1.0, 0.0]": {"num_count": 294, "sum_payoffs": 95.29173435241674, "action": [1.0, 0.0]}, "[1.0, 1.5707963267948966]": {"num_count": 278, "sum_payoffs": 88.22731703111536, "action": [1.0, 1.5707963267948966]}, "[2.0, 1.5707963267948966]": {"num_count": 306, "sum_payoffs": 100.58712696605932, "action": [2.0, 1.5707963267948966]}, "[2.0, -1.5707963267948966]": {"num_count": 327, "sum_payoffs": 109.96097508473055, "action": [2.0, -1.5707963267948966]}}, "1": {"[0.0, 0.0]": {"num_count": 256, "sum_payoffs": 97.37084369493277, "action": [0.0, 0.0]}, "[2.0, 0.0]": {"num_count": 372, "sum_payoffs": 157.30203769681822, "action": [2.0, 0.0]}, "[1.0, 1.5707963267948966]": {"num_count": 280, "sum_payoffs": 109.52915763370778, "action": [1.0, 1.5707963267948966]}, "[0.0, -1.5707963267948966]": {"num_count": 235, "sum_payoffs": 86.89502276701252, "action": [0.0, -1.5707963267948966]}, "[1.0, -1.5707963267948966]": {"num_count": 285, "sum_payoffs": 112.02786110133441, "action": [1.0, -1.5707963267948966]}, "[0.0, 1.5707963267948966]": {"num_count": 239, "sum_payoffs": 88.67880357425838, "action": [0.0, 1.5707963267948966]}, "[1.0, 0.0]": {"num_count": 296, "sum_payoffs": 117.74549221638826, "action": [1.0, 0.0]}, "[2.0, -1.5707963267948966]": {"num_count": 328, "sum_payoffs": 134.37012858295788, "action": [2.0, -1.5707963267948966]}, "[2.0, 1.5707963267948966]": {"num_count": 309, "sum_payoffs": 124.44781811080207, "action": [2.0, 1.5707963267948966]}}}}