{"12": {"0": {"[1.0, -1.5707963267948966]": {"num_count": 232, "sum_payoffs": 50.271972337491114, "action": [1.0, -1.5707963267948966]}, "[1.0, 1.5707963267948966]": {"num_count": 233, "sum_payoffs": 50.675426344231155, "action": [1.0, 1.5707963267948966]}, "[0.0, 0.0]": {"num_count": 229, "sum_payoffs": 49.29545932278515, "action": [0.0, 0.0]}, "[0.0, 1.5707963267948966]": {"num_count": 225, "sum_payoffs": 47.82704514506671, "action": [0.0, 1.5707963267948966]}, "[2.0, -1.5707963267948966]": {"num_count": 240, "sum_payoffs": 53.040677008690665, "action": [2.0, -1.5707963267948966]}, "[0.0, -1.5707963267948966]": {"num_count": 231, "sum_payoffs": 49.935123823048116, "action": [0.0, -1.5707963267948966]}, "[2.0, 0.0]": {"num_count": 240, "sum_payoffs": 53.03536944273919, "action": [2.0, 0.0]}, "[2.0, 1.5707963267948966]": {"num_count": 238, "sum_payoffs": 52.32057841234884, "action": [2.0, 1.5707963267948966]}, "[1.0, 0.0]": {"num_count": 232, "sum_payoffs": 50.23279191483084, "action": [1.0, 0.0]}}, "1": {"[1.0, 0.0]": {"num_count": 235, "sum_payoffs": 61.00437352977067, "action": [1.0, 0.0]}, "[1.0, 1.5707963267948966]": {"num_count": 226, "sum_payoffs": 57.47571169883535, "action": [1.0, 1.5707963267948966]}, "[0.0, 1.5707963267948966]": {"num_count": 212, "sum_payoffs": 52.24442325761886, "action": [0.0, 1.5707963267948966]}, "[1.0, -1.5707963267948966]": {"num_count": 226, "sum_payoffs": 57.479823141037606, "action": [1.0, -1.5707963267948966]}, "[2.0, 1.5707963267948966]": {"num_count": 246, "sum_payoffs": 65.19510111738644, "action": [2.0, 1.5707963267948966]}, "[2.0, 0.0]": {"num_count": 277, "sum_payoffs": 77.58269498685748, "action": [2.0, 0.0]}, "[2.0, -1.5707963267948966]": {"num_count": 239, "sum_payoffs": 62.50692298320395, "action": [2.0, -1.5707963267948966]}, "[0.0, -1.5707963267948966]": {"num_count": 215, "sum_payoffs": 53.25593388755377, "action": [0.0, -1.5707963267948966]}, "[0.0, 0.0]": {"num_count": 224, "sum_payoffs": 56.820955856280584, "action": [0.0, 0.0]}}}}