{"3": {"0": {"[0.0, -1.5707963267948966]": {"num_count": 472, "sum_payoffs": 160.63845249388044, "action": [0.0, -1.5707963267948966]}, "[0.0, 0.0]": {"num_count": 441, "sum_payoffs": 147.1943718656903, "action": [0.0, 0.0]}, "[2.0, -1.5707963267948966]": {"num_count": 596, "sum_payoffs": 215.27372130946378, "action": [2.0, -1.5707963267948966]}, "[1.0, 1.5707963267948966]": {"num_count": 551, "sum_payoffs": 195.25262457221265, "action": [1.0, 1.5707963267948966]}, "[2.0, 1.5707963267948966]": {"num_count": 564, "sum_payoffs": 201.06945776865058, "action": [2.0, 1.5707963267948966]}, "[2.0, 0.0]": {"num_count": 519, "sum_payoffs": 181.09178499264632, "action": [2.0, 0.0]}, "[1.0, 0.0]": {"num_count": 452, "sum_payoffs": 152.01420356316777, "action": [1.0, 0.0]}, "[0.0, 1.5707963267948966]": {"num_count": 445, "sum_payoffs": 148.8624059046961, "action": [0.0, 1.5707963267948966]}, "[1.0, -1.5707963267948966]": {"num_count": 560, "sum_payoffs": 199.26060761136307, "action": [1.0, -1.5707963267948966]}}, "1": {"[1.0, -1.5707963267948966]": {"num_count": 533, "sum_payoffs": 229.52048715497827, "action": [1.0, -1.5707963267948966]}, "[0.0, 1.5707963267948966]": {"num_count": 408, "sum_payoffs": 165.22403674650872, "action": [0.0, 1.5707963267948966]}, "[2.0, 1.5707963267948966]": {"num_count": 615, "sum_payoffs": 272.43313942280207, "action": [2.0, 1.5707963267948966]}, "[0.0, -1.5707963267948966]": {"num_count": 407, "sum_payoffs": 164.62612963636107, "action": [0.0, -1.5707963267948966]}, "[1.0, 0.0]": {"num_count": 502, "sum_payoffs": 213.46206167223428, "action": [1.0, 0.0]}, "[2.0, 0.0]": {"num_count": 590, "sum_payoffs": 259.3383317409011, "action": [2.0, 0.0]}, "[2.0, -1.5707963267948966]": {"num_count": 637, "sum_payoffs": 283.95285405859346, "action": [2.0, -1.5707963267948966]}, "[0.0, 0.0]": {"num_count": 382, "sum_payoffs": 152.21213197590274, "action": [0.0, 0.0]}, "[1.0, 1.5707963267948966]": {"num_count": 526, "sum_payoffs": 225.8890677865749, "action": [1.0, 1.5707963267948966]}}}}