{"2": {"0": {"[1.0, 0]": {"num_count": 4342, "sum_payoffs": 1605.257999036974, "action": [1.0, 0]}, "[0.0, 0]": {"num_count": 258, "sum_payoffs": 75.99824995440129, "action": [0.0, 0]}}, "1": {"[1.0, 0]": {"num_count": 4343, "sum_payoffs": 1598.8792490408011, "action": [1.0, 0]}, "[0.0, 0]": {"num_count": 257, "sum_payoffs": 73.99349995560415, "action": [0.0, 0]}}}, "1": {"0": {"[0.0, 0]": {"num_count": 254, "sum_payoffs": 93.75749994374534, "action": [0.0, 0]}, "[1.0, 0]": {"num_count": 4346, "sum_payoffs": 1770.0524989378462, "action": [1.0, 0]}}, "1": {"[0.0, 0]": {"num_count": 240, "sum_payoffs": 86.06249994836242, "action": [0.0, 0]}, "[1.0, 0]": {"num_count": 4360, "sum_payoffs": 1776.5324989339579, "action": [1.0, 0]}}}}