{"runtime_game_length_12": [13.964558839797974, 13.833516836166382, 15.277804851531982, 14.967949867248535, 14.085142850875854], "runtime_game_length_11": [13.444537878036499, 13.159481287002563, 15.286317110061646, 13.642603397369385, 13.269936561584473], "runtime_game_length_10": [11.941202163696289, 11.964190006256104, 12.497199296951294, 12.822588443756104, 12.53555703163147], "runtime_game_length_9": [10.751371383666992, 10.579779624938965, 10.702558040618896, 10.452058792114258, 11.679423093795776], "runtime_game_length_8": [9.335466146469116, 9.24075961112976, 9.848867177963257, 9.104355573654175, 9.493008852005005], "runtime_game_length_7": [7.930765628814697, 7.3411149978637695, 9.073826313018799, 7.807750701904297, 8.088187456130981], "runtime_game_length_6": [5.968679428100586, 4.447024345397949, 6.81708550453186, 5.8032402992248535, 6.172580718994141], "runtime_game_length_5": [3.2127926349639893, 0.8860988616943359, 3.102602243423462, 3.26281476020813, 3.6352856159210205], "runtime_game_length_4": [0.19565701484680176, 0.18323588371276855, 0.18588590621948242, 0.20946145057678223], "runtime": [76.74547672271729, 71.45241189002991, 82.7902340888977, 78.04980516433716, 79.1691198348999], "winner": [[0, 1], [1, 0], [0, 1], [0, 1], [0, 1]], "T_terminal": [9, 8, 9, 9, 9], "trajectory_0": [[[1.0, 3.0, 0.0, 0], [1.0, 3.0, 0.0, 1], [3.0, 3.0, 0.0, 2], [4.0, 3.0, 0.0, 3], [5.0, 3.0, 0.0, 4], [6.0, 3.0, 0.0, 5], [7.0, 3.0, 0.0, 6], [8.0, 3.0, 0.0, 7], [9.0, 3.0, 0.0, 8], [10.0, 3.0, 0.0, 9]], [[1.0, 3.0, 0.0, 0], [2.0, 3.0, 0.0, 1], [3.0, 3.0, 4.71238898038469, 2], [2.9999999999999996, 1.0, 0.0, 3], [5.0, 1.0, 0.0, 4], [7.0, 1.0, 0.0, 5], [9.0, 1.0, 0.0, 6], [11.0, 1.0, 0.0, 7], [13.0, 1.0, 0.0, 8]], [[1.0, 3.0, 0.0, 0], [2.0, 3.0, 0.0, 1], [3.0, 3.0, 0.0, 2], [4.0, 3.0, 0.0, 3], [5.0, 3.0, 0.0, 4], [6.0, 3.0, 0.0, 5], [7.0, 3.0, 0.0, 6], [8.0, 3.0, 0.0, 7], [9.0, 3.0, 0.0, 8], [10.0, 3.0, 0.0, 9]], [[1.0, 3.0, 0.0, 0], [2.0, 3.0, 0.0, 1], [3.0, 3.0, 0.0, 2], [4.0, 3.0, 0.0, 3], [5.0, 3.0, 0.0, 4], [6.0, 3.0, 0.0, 5], [7.0, 3.0, 0.0, 6], [8.0, 3.0, 0.0, 7], [9.0, 3.0, 0.0, 8], [10.0, 3.0, 0.0, 9]], [[1.0, 3.0, 0.0, 0], [2.0, 3.0, 0.0, 1], [3.0, 3.0, 0.0, 2], [4.0, 3.0, 0.0, 3], [5.0, 3.0, 0.0, 4], [6.0, 3.0, 0.0, 5], [7.0, 3.0, 0.0, 6], [8.0, 3.0, 0.0, 7], [9.0, 3.0, 0.0, 8], [10.0, 3.0, 1.5707963267948966, 9]]], "trajectory_1": [[[3.0, 3.0, 0.0, 0], [4.0, 3.0, 0.0, 1], [5.0, 3.0, 0.0, 2], [6.0, 3.0, 0.0, 3], [7.0, 3.0, 0.0, 4], [8.0, 3.0, 0.0, 5], [9.0, 3.0, 0.0, 6], [10.0, 3.0, 0.0, 7], [11.0, 3.0, 0.0, 8], [12.0, 3.0, 4.71238898038469, 9]], [[3.0, 3.0, 0.0, 0], [4.0, 3.0, 0.0, 1], [5.0, 3.0, 0.0, 2], [6.0, 3.0, 0.0, 3], [7.0, 3.0, 0.0, 4], [8.0, 3.0, 0.0, 5], [9.0, 3.0, 0.0, 6], [10.0, 3.0, 0.0, 7], [11.0, 3.0, 0.0, 8]], [[3.0, 3.0, 0.0, 0], [4.0, 3.0, 0.0, 1], [5.0, 3.0, 0.0, 2], [6.0, 3.0, 0.0, 3], [7.0, 3.0, 0.0, 4], [8.0, 3.0, 0.0, 5], [9.0, 3.0, 0.0, 6], [10.0, 3.0, 0.0, 7], [11.0, 3.0, 0.0, 8], [12.0, 3.0, 4.71238898038469, 9]], [[3.0, 3.0, 0.0, 0], [4.0, 3.0, 0.0, 1], [5.0, 3.0, 0.0, 2], [6.0, 3.0, 0.0, 3], [7.0, 3.0, 0.0, 4], [8.0, 3.0, 0.0, 5], [9.0, 3.0, 0.0, 6], [10.0, 3.0, 0.0, 7], [11.0, 3.0, 0.0, 8], [12.0, 3.0, 1.5707963267948966, 9]], [[3.0, 3.0, 0.0, 0], [4.0, 3.0, 0.0, 1], [5.0, 3.0, 0.0, 2], [6.0, 3.0, 0.0, 3], [7.0, 3.0, 0.0, 4], [8.0, 3.0, 0.0, 5], [9.0, 3.0, 0.0, 6], [10.0, 3.0, 0.0, 7], [11.0, 3.0, 0.0, 8], [12.0, 3.0, 0.0, 9]]], "penalty_distance_0": [[-0.03982965469429116, -0.09744140393036116, -0.08769726353732504, -0.07892753718359254, -0.07103478346523327, -0.06393130511870997, -0.05753817460683896, -0.05178435714615507, -0.04660592143153957], [-0.10826822658929017, -0.09744140393036116, -0.017607754839608636, -0.034470471394932874, -0.056098085620623274, -0.06393130511870997, -0.04543944935270486, -0.02261607628221546], [-0.10826822658929017, -0.09744140393036116, -0.08769726353732504, -0.07892753718359254, -0.07103478346523327, -0.06393130511870997, -0.05753817460683896, -0.05178435714615507, -0.04660592143153957], [-0.10826822658929017, -0.09744140393036116, -0.08769726353732504, -0.07892753718359254, -0.07103478346523327, -0.06393130511870997, -0.05753817460683896, -0.05178435714615507, -0.04660592143153957], [-0.10826822658929017, -0.09744140393036116, -0.08769726353732504, -0.07892753718359254, -0.07103478346523327, -0.06393130511870997, -0.05753817460683896, -0.05178435714615507, -0.04660592143153957]], "penalty_distance_1": [[-0.009957413673572786, -0.024360350982590283, -0.021924315884331254, -0.01973188429589813, -0.017758695866308315, -0.015982826279677485, -0.014384543651709736, -0.012946089286538764, -0.011651480357884889], [-0.027067056647322535, -0.024360350982590283, -0.004401938709902158, -0.008617617848733217, -0.014024521405155815, -0.015982826279677485, -0.011359862338176211, -0.005654019070553864], [-0.027067056647322535, -0.024360350982590283, -0.021924315884331254, -0.01973188429589813, -0.017758695866308315, -0.015982826279677485, -0.014384543651709736, -0.012946089286538764, -0.011651480357884889], [-0.027067056647322535, -0.024360350982590283, -0.021924315884331254, -0.01973188429589813, -0.017758695866308315, -0.015982826279677485, -0.014384543651709736, -0.012946089286538764, -0.011651480357884889], [-0.027067056647322535, -0.024360350982590283, -0.021924315884331254, -0.01973188429589813, -0.017758695866308315, -0.015982826279677485, -0.014384543651709736, -0.012946089286538764, -0.011651480357884889]], "reward_progress_0": [[0.0, 0.0, 0.0, 0.0, 0.0, 0.0, 0.0, 0.0, 0.0], [0.0, 0.0, -0.0, 0.0, 0.0, 0.0, 0.0, 0.0], [0.0, 0.0, 0.0, 0.0, 0.0, 0.0, 0.0, 0.0, 0.0], [0.0, 0.0, 0.0, 0.0, 0.0, 0.0, 0.0, 0.0, 0.0], [0.0, 0.0, 0.0, 0.0, 0.0, 0.0, 0.0, 0.0, 0.0]], "reward_progress_1": [[0.0, 0.0, 0.0, 0.0, 0.0, 0.0, 0.0, 0.0, 0.0], [0.0, 0.0, 0.0, 0.0, 0.0, 0.0, 0.0, 0.0], [0.0, 0.0, 0.0, 0.0, 0.0, 0.0, 0.0, 0.0, 0.0], [0.0, 0.0, 0.0, 0.0, 0.0, 0.0, 0.0, 0.0, 0.0], [0.0, 0.0, 0.0, 0.0, 0.0, 0.0, 0.0, 0.0, 0.0]], "penalty_timestep_0": [[-0.9], [-0.8], [-0.9], [-0.9], [-0.9]], "penalty_timestep_1": [[-0.9], [-0.8], [-0.9], [-0.9], [-0.9]], "reward_lead_0": [[-2.0], [2.0], [-2.0], [-2.0], [-2.0]], "reward_lead_1": [[2.0], [-2.0], [2.0], [2.0], [2.0]], "payoff_total_0": [[-0.03982965469429116, -0.13727105862465233, -0.22496832216197737, -0.3038958593455699, -0.3749306428108032, -0.43886194792951316, -0.49640012253635213, -0.5481844796825072, -0.5947904011140467, -3.4947904011140465], [-0.10826822658929017, -0.20570963051965133, -0.22331738535925996, -0.25778785675419286, -0.31388594237481615, -0.37781724749352613, -0.423256696846231, -0.4458727731284465, 0.7541272268715535], [-0.10826822658929017, -0.20570963051965133, -0.2934068940569764, -0.3723344312405689, -0.4433692147058022, -0.5073005198245122, -0.5648386944313512, -0.6166230515775062, -0.6632289730090457, -3.5632289730090454], [-0.10826822658929017, -0.20570963051965133, -0.2934068940569764, -0.3723344312405689, -0.4433692147058022, -0.5073005198245122, -0.5648386944313512, -0.6166230515775062, -0.6632289730090457, -3.5632289730090454], [-0.10826822658929017, -0.20570963051965133, -0.2934068940569764, -0.3723344312405689, -0.4433692147058022, -0.5073005198245122, -0.5648386944313512, -0.6166230515775062, -0.6632289730090457, -3.5632289730090454]],