{"2": {"0": {"[2.0, 0.0]": {"num_count": 612, "sum_payoffs": 157.90590209511743, "action": [2.0, 0.0]}, "[0.0, 1.5707963267948966]": {"num_count": 357, "sum_payoffs": 73.92586314310856, "action": [0.0, 1.5707963267948966]}, "[1.0, 0.0]": {"num_count": 507, "sum_payoffs": 122.51906653332239, "action": [1.0, 0.0]}, "[0.0, -1.5707963267948966]": {"num_count": 358, "sum_payoffs": 74.22419223937298, "action": [0.0, -1.5707963267948966]}, "[1.0, -1.5707963267948966]": {"num_count": 423, "sum_payoffs": 94.95295828767549, "action": [1.0, -1.5707963267948966]}, "[2.0, 1.5707963267948966]": {"num_count": 501, "sum_payoffs": 120.61534448158962, "action": [2.0, 1.5707963267948966]}, "[0.0, 0.0]": {"num_count": 423, "sum_payoffs": 95.02835537173652, "action": [0.0, 0.0]}, "[1.0, 1.5707963267948966]": {"num_count": 421, "sum_payoffs": 94.3678160762773, "action": [1.0, 1.5707963267948966]}, "[2.0, -1.5707963267948966]": {"num_count": 498, "sum_payoffs": 119.54631377972744, "action": [2.0, -1.5707963267948966]}}, "1": {"[1.0, 0.0]": {"num_count": 830, "sum_payoffs": 240.46809924370243, "action": [1.0, 0.0]}, "[1.0, 1.5707963267948966]": {"num_count": 727, "sum_payoffs": 203.56854178219635, "action": [1.0, 1.5707963267948966]}, "[0.0, 1.5707963267948966]": {"num_count": 583, "sum_payoffs": 152.88920754469032, "action": [0.0, 1.5707963267948966]}, "[0.0, -1.5707963267948966]": {"num_count": 581, "sum_payoffs": 152.22280161732326, "action": [0.0, -1.5707963267948966]}, "[1.0, -1.5707963267948966]": {"num_count": 727, "sum_payoffs": 203.5367098720735, "action": [1.0, -1.5707963267948966]}, "[0.0, 0.0]": {"num_count": 652, "sum_payoffs": 177.0831975022277, "action": [0.0, 0.0]}}}}