{"2": {"0": {"[0.0, 0]": {"num_count": 151, "sum_payoffs": 33.561562492448594, "action": [0.0, 0]}, "[1.0, 0]": {"num_count": 1949, "sum_payoffs": 544.742703824791, "action": [1.0, 0]}}, "1": {"[1.0, 0]": {"num_count": 1957, "sum_payoffs": 546.7930163243298, "action": [1.0, 0]}, "[0.0, 0]": {"num_count": 143, "sum_payoffs": 29.597624993340474, "action": [0.0, 0]}}}, "1": {"0": {"[0.0, 0]": {"num_count": 151, "sum_payoffs": 38.649374991303844, "action": [0.0, 0]}, "[1.0, 0]": {"num_count": 1949, "sum_payoffs": 598.3818748653761, "action": [1.0, 0]}}, "1": {"[1.0, 0]": {"num_count": 1955, "sum_payoffs": 602.6343748644198, "action": [1.0, 0]}, "[0.0, 0]": {"num_count": 145, "sum_payoffs": 37.434374991577236, "action": [0.0, 0]}}}}