{"6": {"0": {"[1.0, 0.0]": {"num_count": 286, "sum_payoffs": 88.12622557560891, "action": [1.0, 0.0]}, "[1.0, 1.5707963267948966]": {"num_count": 280, "sum_payoffs": 85.53117733830999, "action": [1.0, 1.5707963267948966]}, "[2.0, 0.0]": {"num_count": 309, "sum_payoffs": 97.92804564794207, "action": [2.0, 0.0]}, "[2.0, 1.5707963267948966]": {"num_count": 301, "sum_payoffs": 94.55534489058564, "action": [2.0, 1.5707963267948966]}, "[0.0, 0.0]": {"num_count": 279, "sum_payoffs": 85.22799088367663, "action": [0.0, 0.0]}, "[2.0, -1.5707963267948966]": {"num_count": 304, "sum_payoffs": 95.91341700609156, "action": [2.0, -1.5707963267948966]}, "[0.0, 1.5707963267948966]": {"num_count": 272, "sum_payoffs": 82.21083890527068, "action": [0.0, 1.5707963267948966]}, "[1.0, -1.5707963267948966]": {"num_count": 295, "sum_payoffs": 91.95325295758883, "action": [1.0, -1.5707963267948966]}, "[0.0, -1.5707963267948966]": {"num_count": 274, "sum_payoffs": 83.06081740763776, "action": [0.0, -1.5707963267948966]}}, "1": {"[1.0, 1.5707963267948966]": {"num_count": 447, "sum_payoffs": 139.33446905087158, "action": [1.0, 1.5707963267948966]}, "[0.0, -1.5707963267948966]": {"num_count": 392, "sum_payoffs": 117.24563800144264, "action": [0.0, -1.5707963267948966]}, "[0.0, 0.0]": {"num_count": 415, "sum_payoffs": 126.32707122592932, "action": [0.0, 0.0]}, "[0.0, 1.5707963267948966]": {"num_count": 400, "sum_payoffs": 120.34998009831095, "action": [0.0, 1.5707963267948966]}, "[1.0, -1.5707963267948966]": {"num_count": 463, "sum_payoffs": 145.84162019825604, "action": [1.0, -1.5707963267948966]}, "[1.0, 0.0]": {"num_count": 483, "sum_payoffs": 153.92104198776772, "action": [1.0, 0.0]}}}}