{"3": {"0": {"[0.0, 0.0]": {"num_count": 348, "sum_payoffs": 116.33139658986772, "action": [0.0, 0.0]}, "[1.0, 0.0]": {"num_count": 380, "sum_payoffs": 130.72023763334877, "action": [1.0, 0.0]}, "[2.0, 0.0]": {"num_count": 390, "sum_payoffs": 134.93272435735676, "action": [2.0, 0.0]}, "[1.0, 1.5707963267948966]": {"num_count": 413, "sum_payoffs": 145.48094274091625, "action": [1.0, 1.5707963267948966]}, "[2.0, -1.5707963267948966]": {"num_count": 474, "sum_payoffs": 173.27507563026984, "action": [2.0, -1.5707963267948966]}, "[0.0, -1.5707963267948966]": {"num_count": 359, "sum_payoffs": 121.26256842466735, "action": [0.0, -1.5707963267948966]}, "[2.0, 1.5707963267948966]": {"num_count": 447, "sum_payoffs": 160.8790901500156, "action": [2.0, 1.5707963267948966]}, "[1.0, -1.5707963267948966]": {"num_count": 435, "sum_payoffs": 155.43478796926468, "action": [1.0, -1.5707963267948966]}, "[0.0, 1.5707963267948966]": {"num_count": 354, "sum_payoffs": 118.91629281496857, "action": [0.0, 1.5707963267948966]}}, "1": {"[0.0, 1.5707963267948966]": {"num_count": 322, "sum_payoffs": 130.60555943957183, "action": [0.0, 1.5707963267948966]}, "[2.0, 1.5707963267948966]": {"num_count": 472, "sum_payoffs": 209.93134527546005, "action": [2.0, 1.5707963267948966]}, "[2.0, 0.0]": {"num_count": 484, "sum_payoffs": 216.31991072893922, "action": [2.0, 0.0]}, "[0.0, 0.0]": {"num_count": 328, "sum_payoffs": 133.6549866090338, "action": [0.0, 0.0]}, "[1.0, -1.5707963267948966]": {"num_count": 412, "sum_payoffs": 177.82938443497707, "action": [1.0, -1.5707963267948966]}, "[2.0, -1.5707963267948966]": {"num_count": 476, "sum_payoffs": 212.00951714744008, "action": [2.0, -1.5707963267948966]}, "[1.0, 1.5707963267948966]": {"num_count": 394, "sum_payoffs": 168.33398673136688, "action": [1.0, 1.5707963267948966]}, "[0.0, -1.5707963267948966]": {"num_count": 330, "sum_payoffs": 134.64246062617394, "action": [0.0, -1.5707963267948966]}, "[1.0, 0.0]": {"num_count": 382, "sum_payoffs": 161.79293802376523, "action": [1.0, 0.0]}}}}