{"1": {"0": {"[0.0, 1.5707963267948966]": {"num_count": 60, "sum_payoffs": 14.27286356583709, "action": [0.0, 1.5707963267948966]}, "[1.0, -1.5707963267948966]": {"num_count": 66, "sum_payoffs": 17.071464265020836, "action": [1.0, -1.5707963267948966]}, "[1.0, 1.5707963267948966]": {"num_count": 66, "sum_payoffs": 17.17141428999168, "action": [1.0, 1.5707963267948966]}, "[0.0, 0.0]": {"num_count": 61, "sum_payoffs": 14.662668663223402, "action": [0.0, 0.0]}, "[0.0, -1.5707963267948966]": {"num_count": 61, "sum_payoffs": 14.702648673211742, "action": [0.0, -1.5707963267948966]}, "[2.0, -1.5707963267948966]": {"num_count": 74, "sum_payoffs": 20.869565213913056, "action": [2.0, -1.5707963267948966]}, "[2.0, 1.5707963267948966]": {"num_count": 73, "sum_payoffs": 20.439780106538407, "action": [2.0, 1.5707963267948966]}, "[1.0, 0.0]": {"num_count": 67, "sum_payoffs": 17.521239377389644, "action": [1.0, 0.0]}, "[2.0, 0.0]": {"num_count": 72, "sum_payoffs": 20.069965014146266, "action": [2.0, 0.0]}}, "1": {"[0.0, 0.0]": {"num_count": 95, "sum_payoffs": 29.315342323949714, "action": [0.0, 0.0]}, "[1.0, -1.5707963267948966]": {"num_count": 106, "sum_payoffs": 34.98250873979676, "action": [1.0, -1.5707963267948966]}, "[0.0, -1.5707963267948966]": {"num_count": 93, "sum_payoffs": 28.495752119188765, "action": [0.0, -1.5707963267948966]}, "[0.0, 1.5707963267948966]": {"num_count": 94, "sum_payoffs": 28.845577206586736, "action": [0.0, 1.5707963267948966]}, "[1.0, 0.0]": {"num_count": 105, "sum_payoffs": 34.4927536174396, "action": [1.0, 0.0]}, "[1.0, 1.5707963267948966]": {"num_count": 107, "sum_payoffs": 35.39230384217722, "action": [1.0, 1.5707963267948966]}}}}