{"2": {"0": {"[1.0, 0]": {"num_count": 761, "sum_payoffs": 5.286315786301895, "action": [1.0, 0]}, "[0.0, 0]": {"num_count": 839, "sum_payoffs": 5.84999999649, "action": [0.0, 0]}}, "1": {"[0.0, 0]": {"num_count": 729, "sum_payoffs": 4.94999999703, "action": [0.0, 0]}, "[1.0, 0]": {"num_count": 871, "sum_payoffs": 6.186315785761895, "action": [1.0, 0]}}}, "1": {"0": {"[1.0, 0]": {"num_count": 771, "sum_payoffs": 0.89999999946, "action": [1.0, 0]}, "[0.0, 0]": {"num_count": 829, "sum_payoffs": 1.79999999892, "action": [0.0, 0]}}, "1": {"[0.0, 0]": {"num_count": 789, "sum_payoffs": 0.89999999946, "action": [0.0, 0]}, "[1.0, 0]": {"num_count": 811, "sum_payoffs": 1.79999999892, "action": [1.0, 0]}}}}