{"6": {"0": {"[0.0, -1.5707963267948966]": {"num_count": 171, "sum_payoffs": 47.669160053115085, "action": [0.0, -1.5707963267948966]}, "[2.0, 0.0]": {"num_count": 188, "sum_payoffs": 54.994880953257955, "action": [2.0, 0.0]}, "[1.0, 1.5707963267948966]": {"num_count": 176, "sum_payoffs": 49.785782419495696, "action": [1.0, 1.5707963267948966]}, "[2.0, -1.5707963267948966]": {"num_count": 180, "sum_payoffs": 51.50461547408424, "action": [2.0, -1.5707963267948966]}, "[0.0, 0.0]": {"num_count": 183, "sum_payoffs": 52.78088944099235, "action": [0.0, 0.0]}, "[0.0, 1.5707963267948966]": {"num_count": 158, "sum_payoffs": 42.11909912093079, "action": [0.0, 1.5707963267948966]}, "[1.0, -1.5707963267948966]": {"num_count": 180, "sum_payoffs": 51.47680300178713, "action": [1.0, -1.5707963267948966]}, "[1.0, 0.0]": {"num_count": 179, "sum_payoffs": 51.15106901547146, "action": [1.0, 0.0]}, "[2.0, 1.5707963267948966]": {"num_count": 185, "sum_payoffs": 53.739075771115346, "action": [2.0, 1.5707963267948966]}}, "1": {"[0.0, 0.0]": {"num_count": 176, "sum_payoffs": 60.67083547796217, "action": [0.0, 0.0]}, "[1.0, 1.5707963267948966]": {"num_count": 177, "sum_payoffs": 61.0146131289311, "action": [1.0, 1.5707963267948966]}, "[1.0, 0.0]": {"num_count": 177, "sum_payoffs": 61.09905797475489, "action": [1.0, 0.0]}, "[2.0, -1.5707963267948966]": {"num_count": 191, "sum_payoffs": 67.93313820047379, "action": [2.0, -1.5707963267948966]}, "[2.0, 0.0]": {"num_count": 202, "sum_payoffs": 73.40697465942715, "action": [2.0, 0.0]}, "[2.0, 1.5707963267948966]": {"num_count": 186, "sum_payoffs": 65.5542984985268, "action": [2.0, 1.5707963267948966]}, "[0.0, 1.5707963267948966]": {"num_count": 153, "sum_payoffs": 49.46529422489394, "action": [0.0, 1.5707963267948966]}, "[1.0, -1.5707963267948966]": {"num_count": 182, "sum_payoffs": 63.636253412950474, "action": [1.0, -1.5707963267948966]}, "[0.0, -1.5707963267948966]": {"num_count": 156, "sum_payoffs": 50.92471769109913, "action": [0.0, -1.5707963267948966]}}}}