{"2": {"0": {"[1.0, 0]": {"num_count": 2230, "sum_payoffs": 278.34971047527984, "action": [1.0, 0]}, "[0.0, 0]": {"num_count": 370, "sum_payoffs": 37.0215394668968, "action": [0.0, 0]}}, "1": {"[1.0, 0]": {"num_count": 2419, "sum_payoffs": 312.67346046899155, "action": [1.0, 0]}, "[0.0, 0]": {"num_count": 181, "sum_payoffs": 20.315289469959744, "action": [0.0, 0]}}}, "1": {"0": {"[0.0, 0]": {"num_count": 226, "sum_payoffs": 26.85749999507609, "action": [0.0, 0]}, "[1.0, 0]": {"num_count": 2374, "sum_payoffs": 326.8874999400907, "action": [1.0, 0]}}, "1": {"[1.0, 0]": {"num_count": 2314, "sum_payoffs": 318.1124999416983, "action": [1.0, 0]}, "[0.0, 0]": {"num_count": 286, "sum_payoffs": 33.87749999378908, "action": [0.0, 0]}}}}