{"alphat_eff_gamelength_2": 1.0, "runtime_gamelength_2": 0.5725760459899902, "max_timestep": 1, "alphat_eff_gamelength_1": 1.0, "runtime_gamelength_1": 0.4404747486114502, "winner": [0, 0], "runtime": 1.0133183002471924, "T_terminal": 2, "trajectory_0": [[1.0, 0.0, 1.5707963267948966, 0], [1.0, 1.0, 1.5707963267948966, 1], [1.0, 2.0, 1.5707963267948966, 2]], "trajectory_1": [[0.0, 1.0, 0.0, 0], [1.0, 1.0, 0.0, 1], [2.0, 1.0, 0.0, 2]], "coll_payoff_0": [0.0, 0.0], "coll_payoff_1": [0.0, 0.0], "payoff_total": [[0.0, 0.0], [0.499999999825, 0.499999999825]], "final_lead_payoff_0": [0.5], "final_lead_payoff_1": [0.5]}