{"2": {"0": {"[1.0, 0]": {"num_count": 3407, "sum_payoffs": 1258.9829997167108, "action": [1.0, 0]}, "[0.0, 0]": {"num_count": 193, "sum_payoffs": 47.38499998933836, "action": [0.0, 0]}}, "1": {"[1.0, 0]": {"num_count": 3376, "sum_payoffs": 1251.8752497183089, "action": [1.0, 0]}, "[0.0, 0]": {"num_count": 224, "sum_payoffs": 65.79224998519676, "action": [0.0, 0]}}}, "1": {"0": {"[1.0, 0]": {"num_count": 3360, "sum_payoffs": 1372.5449996911418, "action": [1.0, 0]}, "[0.0, 0]": {"num_count": 240, "sum_payoffs": 89.30249997990722, "action": [0.0, 0]}}, "1": {"[0.0, 0]": {"num_count": 196, "sum_payoffs": 67.43249998482769, "action": [0.0, 0]}, "[1.0, 0]": {"num_count": 3404, "sum_payoffs": 1386.314999688041, "action": [1.0, 0]}}}}