{"8": {"0": {"[1.0, 1.5707963267948966]": {"num_count": 11, "sum_payoffs": 3.268688156463862, "action": [1.0, 1.5707963267948966]}, "[2.0, 1.5707963267948966]": {"num_count": 11, "sum_payoffs": 2.945992664300837, "action": [2.0, 1.5707963267948966]}, "[0.0, 0.0]": {"num_count": 11, "sum_payoffs": 3.2804644199469024, "action": [0.0, 0.0]}, "[2.0, 0.0]": {"num_count": 12, "sum_payoffs": 3.9975109356408844, "action": [2.0, 0.0]}, "[0.0, 1.5707963267948966]": {"num_count": 11, "sum_payoffs": 2.9455059821510607, "action": [0.0, 1.5707963267948966]}, "[1.0, 0.0]": {"num_count": 11, "sum_payoffs": 3.204584229049017, "action": [1.0, 0.0]}, "[2.0, -1.5707963267948966]": {"num_count": 11, "sum_payoffs": 3.2484018005839563, "action": [2.0, -1.5707963267948966]}, "[1.0, -1.5707963267948966]": {"num_count": 11, "sum_payoffs": 3.0370449240433812, "action": [1.0, -1.5707963267948966]}, "[0.0, -1.5707963267948966]": {"num_count": 11, "sum_payoffs": 3.0924858216683315, "action": [0.0, -1.5707963267948966]}}, "1": {"[1.0, 0.0]": {"num_count": 17, "sum_payoffs": 4.884135822685667, "action": [1.0, 0.0]}, "[1.0, 1.5707963267948966]": {"num_count": 17, "sum_payoffs": 4.966549531253198, "action": [1.0, 1.5707963267948966]}, "[0.0, 1.5707963267948966]": {"num_count": 16, "sum_payoffs": 4.347131161559453, "action": [0.0, 1.5707963267948966]}, "[1.0, -1.5707963267948966]": {"num_count": 17, "sum_payoffs": 5.02369657618949, "action": [1.0, -1.5707963267948966]}, "[0.0, 0.0]": {"num_count": 16, "sum_payoffs": 4.073410334263881, "action": [0.0, 0.0]}, "[0.0, -1.5707963267948966]": {"num_count": 17, "sum_payoffs": 4.690609244531295, "action": [0.0, -1.5707963267948966]}}}}