{"alphat_eff_gamelength_2": [1.0, 1.0, 1.0, 1.0, 1.0, 1.0, 1.0, 1.0, 1.0, 1.0], "runtime_gamelength_2": [0.05966973304748535, 0.06110191345214844, 0.07843279838562012, 0.08173990249633789, 0.06443047523498535, 0.06119036674499512, 0.08075928688049316, 0.06424117088317871, 0.058902740478515625, 0.06813979148864746], "max_timestep": [1, 1, 1, 1, 1, 1, 1, 1, 1, 1], "alphat_eff_gamelength_1": [0.5, 1.0, 0.5, 1.0, 1.0, 0.5, 1.0, 0.5, 1.0, 1.0], "runtime_gamelength_1": [0.019516944885253906, 0.021282434463500977, 0.030350208282470703, 0.02685689926147461, 0.02043771743774414, 0.02079176902770996, 0.02345728874206543, 0.021066904067993164, 0.019053220748901367, 0.024231672286987305], "winner": [[0, 0], [0, 0], [1, 0], [0, 0], [0, 0], [1, 0], [0, 0], [1, 0], [0, 0], [0, 0]], "runtime": [0.07938647270202637, 0.0826120376586914, 0.1090090274810791, 0.1088557243347168, 0.08503103256225586, 0.08214092254638672, 0.10447192192077637, 0.08556890487670898, 0.07817244529724121, 0.09264850616455078], "T_terminal": [2, 2, 2, 2, 2, 2, 2, 2, 2, 2], "trajectory_0": [[[1.0, 0.0, 1.5707963267948966, 0], [1.0, 1.0, 1.5707963267948966, 1], [1.0, 1.0, 1.5707963267948966, 2]], [[1.0, 0.0, 1.5707963267948966, 0], [1.0, 1.0, 1.5707963267948966, 1], [1.0, 2.0, 1.5707963267948966, 2]], [[1.0, 0.0, 1.5707963267948966, 0], [1.0, 1.0, 1.5707963267948966, 1], [1.0, 2.0, 1.5707963267948966, 2]], [[1.0, 0.0, 1.5707963267948966, 0], [1.0, 1.0, 1.5707963267948966, 1], [1.0, 1.0, 1.5707963267948966, 2]], [[1.0, 0.0, 1.5707963267948966, 0], [1.0, 1.0, 1.5707963267948966, 1], [1.0, 2.0, 1.5707963267948966, 2]], [[1.0, 0.0, 1.5707963267948966, 0], [1.0, 1.0, 1.5707963267948966, 1], [1.0, 2.0, 1.5707963267948966, 2]], [[1.0, 0.0, 1.5707963267948966, 0], [1.0, 1.0, 1.5707963267948966, 1], [1.0, 2.0, 1.5707963267948966, 2]], [[1.0, 0.0, 1.5707963267948966, 0], [1.0, 1.0, 1.5707963267948966, 1], [1.0, 2.0, 1.5707963267948966, 2]], [[1.0, 0.0, 1.5707963267948966, 0], [1.0, 1.0, 1.5707963267948966, 1], [1.0, 1.0, 1.5707963267948966, 2]], [[1.0, 0.0, 1.5707963267948966, 0], [1.0, 1.0, 1.5707963267948966, 1], [1.0, 2.0, 1.5707963267948966, 2]]], "trajectory_1": [[[0.0, 1.0, 0.0, 0], [0.0, 1.0, 0.0, 1], [1.0, 1.0, 0.0, 2]], [[0.0, 1.0, 0.0, 0], [1.0, 1.0, 0.0, 1], [2.0, 1.0, 0.0, 2]], [[0.0, 1.0, 0.0, 0], [0.0, 1.0, 0.0, 1], [1.0, 1.0, 0.0, 2]], [[0.0, 1.0, 0.0, 0], [1.0, 1.0, 0.0, 1], [1.0, 1.0, 0.0, 2]], [[0.0, 1.0, 0.0, 0], [1.0, 1.0, 0.0, 1], [2.0, 1.0, 0.0, 2]], [[0.0, 1.0, 0.0, 0], [0.0, 1.0, 0.0, 1], [1.0, 1.0, 0.0, 2]], [[0.0, 1.0, 0.0, 0], [1.0, 1.0, 0.0, 1], [2.0, 1.0, 0.0, 2]], [[0.0, 1.0, 0.0, 0], [0.0, 1.0, 0.0, 1], [1.0, 1.0, 0.0, 2]], [[0.0, 1.0, 0.0, 0], [1.0, 1.0, 0.0, 1], [1.0, 1.0, 0.0, 2]], [[0.0, 1.0, 0.0, 0], [1.0, 1.0, 0.0, 1], [2.0, 1.0, 0.0, 2]]], "coll_payoff_0": [[1.0, 0.0], [0.0, 0.0], [1.0, 1.0], [0.0, 0.0], [0.0, 0.0], [1.0, 1.0], [0.0, 0.0], [1.0, 1.0], [0.0, 0.0], [0.0, 0.0]], "coll_payoff_1": [[1.0, 0.0], [0.0, 0.0], [1.0, 1.0], [0.0, 0.0], [0.0, 0.0], [1.0, 1.0], [0.0, 0.0], [1.0, 1.0], [0.0, 0.0], [0.0, 0.0]], "payoff_total": [[[0.5999999998800001, 0.5999999998800001], [0.5157894735810526, 0.5157894735810526]], [[0.0, 0.0], [0.19999999996, 0.19999999996]], [[0.5999999998800001, 0.5999999998800001], [0.9315789471821052, 0.7315789472221053]], [[0.0, 0.0], [0.19999999996, 0.19999999996]], [[0.0, 0.0], [0.19999999996, 0.19999999996]], [[0.5999999998800001, 0.5999999998800001], [0.9315789471821052, 0.7315789472221053]], [[0.0, 0.0], [0.19999999996, 0.19999999996]], [[0.5999999998800001, 0.5999999998800001], [0.9315789471821052, 0.7315789472221053]], [[0.0, 0.0], [0.19999999996, 0.19999999996]], [[0.0, 0.0], [0.19999999996, 0.19999999996]]], "final_lead_payoff_0": [[0.5], [0.5], [0.75], [0.5], [0.5], [0.75], [0.5], [0.75], [0.5], [0.5]], "final_lead_payoff_1": [[0.5], [0.5], [0.25], [0.5], [0.5], [0.25], [0.5], [0.25], [0.5], [0.5]]}