{"8": {"0": {"[1.0, -1.5707963267948966]": {"num_count": 236, "sum_payoffs": 66.42117640964516, "action": [1.0, -1.5707963267948966]}, "[0.0, -1.5707963267948966]": {"num_count": 229, "sum_payoffs": 63.600773614121685, "action": [0.0, -1.5707963267948966]}, "[1.0, 0.0]": {"num_count": 229, "sum_payoffs": 63.5764157562519, "action": [1.0, 0.0]}, "[0.0, 0.0]": {"num_count": 220, "sum_payoffs": 59.96807664548914, "action": [0.0, 0.0]}, "[0.0, 1.5707963267948966]": {"num_count": 218, "sum_payoffs": 59.01085782570049, "action": [0.0, 1.5707963267948966]}, "[2.0, -1.5707963267948966]": {"num_count": 242, "sum_payoffs": 68.941899729709, "action": [2.0, -1.5707963267948966]}, "[2.0, 1.5707963267948966]": {"num_count": 241, "sum_payoffs": 68.39795358920294, "action": [2.0, 1.5707963267948966]}, "[1.0, 1.5707963267948966]": {"num_count": 238, "sum_payoffs": 67.19567252581875, "action": [1.0, 1.5707963267948966]}, "[2.0, 0.0]": {"num_count": 247, "sum_payoffs": 70.96281466412347, "action": [2.0, 0.0]}}, "1": {"[1.0, 0.0]": {"num_count": 374, "sum_payoffs": 103.31274927638356, "action": [1.0, 0.0]}, "[1.0, -1.5707963267948966]": {"num_count": 350, "sum_payoffs": 94.19879545115954, "action": [1.0, -1.5707963267948966]}, "[1.0, 1.5707963267948966]": {"num_count": 367, "sum_payoffs": 100.6521205680988, "action": [1.0, 1.5707963267948966]}, "[0.0, 1.5707963267948966]": {"num_count": 325, "sum_payoffs": 84.94200271323432, "action": [0.0, 1.5707963267948966]}, "[0.0, 0.0]": {"num_count": 344, "sum_payoffs": 92.06118526889318, "action": [0.0, 0.0]}, "[0.0, -1.5707963267948966]": {"num_count": 340, "sum_payoffs": 90.5743718453388, "action": [0.0, -1.5707963267948966]}}}}