{"2": {"0": {"[1.0, 0]": {"num_count": 840, "sum_payoffs": 6.186315788081763, "action": [1.0, 0]}, "[0.0, 0]": {"num_count": 760, "sum_payoffs": 4.94999999888625, "action": [0.0, 0]}}, "1": {"[0.0, 0]": {"num_count": 752, "sum_payoffs": 4.94999999888625, "action": [0.0, 0]}, "[1.0, 0]": {"num_count": 848, "sum_payoffs": 6.186315788081763, "action": [1.0, 0]}}}, "1": {"0": {"[1.0, 0]": {"num_count": 796, "sum_payoffs": 1.799999999595, "action": [1.0, 0]}, "[0.0, 0]": {"num_count": 804, "sum_payoffs": 0.8999999997975, "action": [0.0, 0]}}, "1": {"[1.0, 0]": {"num_count": 807, "sum_payoffs": 1.799999999595, "action": [1.0, 0]}, "[0.0, 0]": {"num_count": 793, "sum_payoffs": 0.8999999997975, "action": [0.0, 0]}}}}