{"2": {"0": {"[1.0, 0]": {"num_count": 949, "sum_payoffs": 185.7987828297061, "action": [1.0, 0]}, "[0.0, 0]": {"num_count": 151, "sum_payoffs": 24.020999991592564, "action": [0.0, 0]}}, "1": {"[0.0, 0]": {"num_count": 213, "sum_payoffs": 33.03674998843704, "action": [0.0, 0]}, "[1.0, 0]": {"num_count": 887, "sum_payoffs": 170.22203283515876, "action": [1.0, 0]}}}, "1": {"0": {"[1.0, 0]": {"num_count": 973, "sum_payoffs": 200.86874992969967, "action": [1.0, 0]}, "[0.0, 0]": {"num_count": 127, "sum_payoffs": 21.7124999924006, "action": [0.0, 0]}}, "1": {"[0.0, 0]": {"num_count": 126, "sum_payoffs": 23.23124999186904, "action": [0.0, 0]}, "[1.0, 0]": {"num_count": 974, "sum_payoffs": 202.184999929239, "action": [1.0, 0]}}}}