{"2": {"0": {"[1.0, 0]": {"num_count": 2873, "sum_payoffs": 367.65221042829177, "action": [1.0, 0]}, "[0.0, 0]": {"num_count": 227, "sum_payoffs": 24.244499993534756, "action": [0.0, 0]}}, "1": {"[0.0, 0]": {"num_count": 343, "sum_payoffs": 32.74949999126666, "action": [0.0, 0]}, "[1.0, 0]": {"num_count": 2757, "sum_payoffs": 345.78221043411935, "action": [1.0, 0]}}}, "1": {"0": {"[1.0, 0]": {"num_count": 2754, "sum_payoffs": 377.8499998992542, "action": [1.0, 0]}, "[0.0, 0]": {"num_count": 346, "sum_payoffs": 41.09999998903995, "action": [0.0, 0]}}, "1": {"[1.0, 0]": {"num_count": 2883, "sum_payoffs": 396.7499998942155, "action": [1.0, 0]}, "[0.0, 0]": {"num_count": 217, "sum_payoffs": 24.76499999339592, "action": [0.0, 0]}}}}