{"2": {"0": {"[1.0, 0]": {"num_count": 3858, "sum_payoffs": 1102.4578122519572, "action": [1.0, 0]}, "[0.0, 0]": {"num_count": 242, "sum_payoffs": 50.74087498858331, "action": [0.0, 0]}}, "1": {"[1.0, 0]": {"num_count": 3795, "sum_payoffs": 1027.0063122689078, "action": [1.0, 0]}, "[0.0, 0]": {"num_count": 305, "sum_payoffs": 67.14337498489279, "action": [0.0, 0]}}}, "1": {"0": {"[1.0, 0]": {"num_count": 3871, "sum_payoffs": 1185.9862497332092, "action": [1.0, 0]}, "[0.0, 0]": {"num_count": 229, "sum_payoffs": 60.9749999862804, "action": [0.0, 0]}}, "1": {"[0.0, 0]": {"num_count": 253, "sum_payoffs": 67.96124998470843, "action": [0.0, 0]}, "[1.0, 0]": {"num_count": 3847, "sum_payoffs": 1176.8737497352613, "action": [1.0, 0]}}}}