{"alphat_eff_gamelength_10": {"mean": 1.5384615384615385, "variance": 0.0}, "runtime_gamelength_10": {"mean": 40.12071051597595, "variance": 0.0267786652133077}, "max_timestep": {"mean": 10.0, "variance": 0.0}, "winner": {"mean": [0.0, 0.0], "variance": [0.0, 0.0]}, "runtime": {"mean": 40.12100391387939, "variance": 0.026783764058686755}, "T_terminal": {"mean": 1.0, "variance": 0.0}, "trajectory_0": {"mean": [[1.0, 3.0, 0.0, 0.0], [2.9, 3.0, -0.15707963267948966, 1.0]], "variance": [[0.0, 0.0, 0.0, 0.0], [0.09, 0.0, 1.7025067591879144, 0.0]]}, "trajectory_1": {"mean": [[3.0, 3.0, 0.0, 0.0], [4.0, 3.0, 0.3141592653589793, 1.0]], "variance": [[0.0, 0.0, 0.0, 0.0], [0.0, 0.0, 0.39478417604357424, 0.0]]}, "coll_payoff_0": {"mean": [1.0], "variance": [0.0]}, "lead_payoff_0": {"mean": [0.6333333333333334], "variance": [0.01]}, "coll_payoff_1": {"mean": [1.0], "variance": [0.0]}, "lead_payoff_1": {"mean": [0.3666666666666667], "variance": [0.01]}, "payoff_total": {"mean": [[0.5802681991506162, 0.586398467346606]], "variance": [[0.0005552252607869494, 0.0005552252607869478]]}, "final_lead_payoff_0": {"mean": [0.46206896551724136], "variance": [0.00010701545778834726]}, "final_lead_payoff_1": {"mean": [0.5379310344827586], "variance": [0.00010701545778834761]}}