{"2": {"0": {"[1.0, 0]": {"num_count": 2378, "sum_payoffs": 319.9897499413353, "action": [1.0, 0]}, "[0.0, 0]": {"num_count": 1222, "sum_payoffs": 124.38003945088137, "action": [0.0, 0]}}, "1": {"[0.0, 0]": {"num_count": 1216, "sum_payoffs": 123.71853945100257, "action": [0.0, 0]}, "[1.0, 0]": {"num_count": 2384, "sum_payoffs": 321.62324994103597, "action": [1.0, 0]}}}, "1": {"0": {"[0.0, 0]": {"num_count": 1370, "sum_payoffs": 165.50249996966244, "action": [0.0, 0]}, "[1.0, 0]": {"num_count": 2230, "sum_payoffs": 322.1624999409528, "action": [1.0, 0]}}, "1": {"[1.0, 0]": {"num_count": 2227, "sum_payoffs": 321.757499941027, "action": [1.0, 0]}, "[0.0, 0]": {"num_count": 1373, "sum_payoffs": 166.17749996953876, "action": [0.0, 0]}}}}