{"2": {"0": {"[1.0, 0]": {"num_count": 51, "sum_payoffs": 4.949999998886249, "action": [1.0, 0]}, "[0.0, 0]": {"num_count": 49, "sum_payoffs": 4.1399999990685, "action": [0.0, 0]}}, "1": {"[0.0, 0]": {"num_count": 47, "sum_payoffs": 3.7136842096907365, "action": [0.0, 0]}, "[1.0, 0]": {"num_count": 53, "sum_payoffs": 5.376315788264013, "action": [1.0, 0]}}}, "1": {"0": {"[0.0, 0]": {"num_count": 48, "sum_payoffs": 0.8999999997975, "action": [0.0, 0]}, "[1.0, 0]": {"num_count": 52, "sum_payoffs": 1.799999999595, "action": [1.0, 0]}}, "1": {"[1.0, 0]": {"num_count": 52, "sum_payoffs": 1.799999999595, "action": [1.0, 0]}, "[0.0, 0]": {"num_count": 48, "sum_payoffs": 0.8999999997975, "action": [0.0, 0]}}}}