{"runtime": 0.6505002975463867, "winner": [1, 0], "T_terminal": 12, "trajectories": [[1.0, 3.0, 0.0, 3.0, 3.0, 0.0, 0.0], [1.0, 3.0, 1.5707963267948966, 4.0, 3.0, 1.5707963267948966, 1.0], [1.0, 4.0, 0.0, 4.0, 4.0, 0.0, 2.0], [2.0, 4.0, 1.5707963267948966, 4.0, 4.0, 0.0, 3.0], [2.0, 4.0, 0.0, 5.0, 4.0, 4.71238898038469, 4.0], [4.0, 4.0, 4.71238898038469, 5.0, 3.0, 3.141592653589793, 5.0], [4.0, 3.0, 4.71238898038469, 4.0, 3.0, 1.5707963267948966, 6.0], [4.0, 3.0, 3.141592653589793, 4.0, 3.0, 3.141592653589793, 7.0], [4.0, 3.0, 1.5707963267948966, 4.0, 3.0, 3.141592653589793, 8.0], [4.0, 5.0, 1.5707963267948966, 3.0, 3.0, 1.5707963267948966, 9.0], [4.0, 5.0, 0.0, 3.0, 3.0, 0.0, 10.0], [5.0, 5.0, 1.5707963267948966, 3.0, 3.0, 0.0, 11.0], [5.0, 5.0, 1.5707963267948966, 4.0, 3.0, 0.0, 12.0], [1.0, 3.0, 1.5707963267948966, 4.0, 3.0, 1.5707963267948966, 1.0], [1.0, 4.0, 0.0, 4.0, 4.0, 0.0, 2.0], [2.0, 4.0, 1.5707963267948966, 4.0, 4.0, 0.0, 3.0], [2.0, 4.0, 0.0, 5.0, 4.0, 4.71238898038469, 4.0], [4.0, 4.0, 4.71238898038469, 5.0, 3.0, 3.141592653589793, 5.0], [4.0, 3.0, 4.71238898038469, 4.0, 3.0, 1.5707963267948966, 6.0], [4.0, 3.0, 3.141592653589793, 4.0, 3.0, 3.141592653589793, 7.0], [4.0, 3.0, 1.5707963267948966, 4.0, 3.0, 3.141592653589793, 8.0], [4.0, 5.0, 1.5707963267948966, 3.0, 3.0, 1.5707963267948966, 9.0], [4.0, 5.0, 0.0, 3.0, 3.0, 0.0, 10.0], [5.0, 5.0, 1.5707963267948966, 3.0, 3.0, 0.0, 11.0], [5.0, 5.0, 1.5707963267948966, 4.0, 3.0, 0.0, 12.0], [1.0, 3.0, 1.5707963267948966, 4.0, 3.0, 1.5707963267948966, 1.0], [1.0, 4.0, 0.0, 4.0, 4.0, 0.0, 2.0], [2.0, 4.0, 1.5707963267948966, 4.0, 4.0, 0.0, 3.0], [2.0, 4.0, 0.0, 5.0, 4.0, 4.71238898038469, 4.0], [4.0, 4.0, 4.71238898038469, 5.0, 3.0, 3.141592653589793, 5.0], [4.0, 3.0, 4.71238898038469, 4.0, 3.0, 1.5707963267948966, 6.0], [4.0, 3.0, 3.141592653589793, 4.0, 3.0, 3.141592653589793, 7.0], [4.0, 3.0, 1.5707963267948966, 4.0, 3.0, 3.141592653589793, 8.0], [4.0, 5.0, 1.5707963267948966, 3.0, 3.0, 1.5707963267948966, 9.0], [4.0, 5.0, 0.0, 3.0, 3.0, 0.0, 10.0], [5.0, 5.0, 1.5707963267948966, 3.0, 3.0, 0.0, 11.0], [5.0, 5.0, 0.0, 4.0, 3.0, 4.71238898038469, 12.0], [1.0, 3.0, 1.5707963267948966, 4.0, 3.0, 1.5707963267948966, 1.0], [1.0, 4.0, 0.0, 4.0, 4.0, 0.0, 2.0], [2.0, 4.0, 1.5707963267948966, 4.0, 4.0, 0.0, 3.0], [2.0, 4.0, 0.0, 5.0, 4.0, 4.71238898038469, 4.0], [4.0, 4.0, 4.71238898038469, 5.0, 3.0, 3.141592653589793, 5.0], [4.0, 3.0, 4.71238898038469, 4.0, 3.0, 1.5707963267948966, 6.0], [4.0, 3.0, 3.141592653589793, 4.0, 3.0, 3.141592653589793, 7.0], [4.0, 3.0, 1.5707963267948966, 4.0, 3.0, 3.141592653589793, 8.0], [4.0, 5.0, 1.5707963267948966, 3.0, 3.0, 1.5707963267948966, 9.0], [4.0, 5.0, 0.0, 3.0, 3.0, 0.0, 10.0], [5.0, 5.0, 1.5707963267948966, 3.0, 3.0, 0.0, 11.0], [5.0, 5.0, 0.0, 4.0, 3.0, 4.71238898038469, 12.0]], "penalty_distance_0": [-0.024893534183931972, -0.024893534183931972, -0.06766764161830635, -0.024893534183931972, -0.1215583672171071, -0.5, -0.5, -0.5, -0.05343896283019287, -0.05343896283019287, -0.029552873280978113, -0.05343896283019287, -0.024893534183931972, -0.024893534183931972, -0.06766764161830635, -0.024893534183931972, -0.1215583672171071, -0.5, -0.5, -0.5, -0.05343896283019287, -0.05343896283019287, -0.029552873280978113, -0.05343896283019287, -0.024893534183931972, -0.024893534183931972, -0.06766764161830635, -0.024893534183931972, -0.1215583672171071, -0.5, -0.5, -0.5, -0.05343896283019287, -0.05343896283019287, -0.029552873280978113, -0.05343896283019287, -0.024893534183931972, -0.024893534183931972, -0.06766764161830635, -0.024893534183931972, -0.1215583672171071, -0.5, -0.5, -0.5, -0.05343896283019287, -0.05343896283019287, -0.029552873280978113, -0.05343896283019287], "penalty_distance_1": [-0.024893534183931972, -0.024893534183931972, -0.06766764161830635, -0.024893534183931972, -0.1215583672171071, -0.5, -0.5, -0.5, -0.05343896283019287, -0.05343896283019287, -0.029552873280978113, -0.05343896283019287, -0.024893534183931972, -0.024893534183931972, -0.06766764161830635, -0.024893534183931972, -0.1215583672171071, -0.5, -0.5, -0.5, -0.05343896283019287, -0.05343896283019287, -0.029552873280978113, -0.05343896283019287, -0.024893534183931972, -0.024893534183931972, -0.06766764161830635, -0.024893534183931972, -0.1215583672171071, -0.5, -0.5, -0.5, -0.05343896283019287, -0.05343896283019287, -0.029552873280978113, -0.05343896283019287, -0.024893534183931972, -0.024893534183931972, -0.06766764161830635, -0.024893534183931972, -0.1215583672171071, -0.5, -0.5, -0.5, -0.05343896283019287, -0.05343896283019287, -0.029552873280978113, -0.05343896283019287], "reward_progress_0": [0.0, 0.0, 0.0, 0.0, 0.0, 0.0, 0.0, 0.0, 0.0, 0.0, 0.0, 0.0, 0.0, 0.0, 0.0, 0.0, 0.0, 0.0, 0.0, 0.0, 0.0, 0.0, 0.0, 0.0, 0.0, 0.0, 0.0, 0.0, 0.0, 0.0, 0.0, 0.0, 0.0, 0.0, 0.0, 0.0, 0.0, 0.0, 0.0, 0.0, 0.0, 0.0, 0.0, 0.0, 0.0, 0.0, 0.0, 0.0], "reward_progress_1": [0.0, 0.0, 0.0, 0.0, 0.0, -0.0, 0.0, 0.0, -0.0, 0.0, 0.0, 0.0, 0.0, 0.0, 0.0, 0.0, 0.0, -0.0, 0.0, 0.0, -0.0, 0.0, 0.0, 0.0, 0.0, 0.0, 0.0, 0.0, 0.0, -0.0, 0.0, 0.0, -0.0, 0.0, 0.0, 0.0, 0.0, 0.0, 0.0, 0.0, 0.0, -0.0, 0.0, 0.0, -0.0, 0.0, 0.0, 0.0], "penalty_agressor_0": [0.0, 0.0, 0.0, 0.0, 0.0, 0.0, 0.0, 0.0, 0.0, 0.0, 0.0, 0.0, 0.0, 0.0, 0.0, 0.0, 0.0, 0.0, 0.0, 0.0, 0.0, 0.0, 0.0, 0.0, 0.0, 0.0, 0.0, 0.0, 0.0, 0.0, 0.0, 0.0, 0.0, 0.0, 0.0, 0.0, 0.0, 0.0, 0.0, 0.0, 0.0, 0.0, 0.0, 0.0, 0.0, 0.0, 0.0, 0.0], "penalty_agressor_1": [0.0, 0.0, 0.0, 0.0, 0.0, 0.0, 0.0, 0.0, 0.0, 0.0, 0.0, 0.0, 0.0, 0.0, 0.0, 0.0, 0.0, 0.0, 0.0, 0.0, 0.0, 0.0, 0.0, 0.0, 0.0, 0.0, 0.0, 0.0, 0.0, 0.0, 0.0, 0.0, 0.0, 0.0, 0.0, 0.0, 0.0, 0.0, 0.0, 0.0, 0.0, 0.0, 0.0, 0.0, 0.0, 0.0, 0.0, 0.0], "penalty_timestep_0": [-1.2000000000000002, -1.2000000000000002, -1.2000000000000002, -1.2000000000000002], "penalty_timestep_1": [-1.2000000000000002, -1.2000000000000002, -1.2000000000000002, -1.2000000000000002], "reward_lead_0": [1.0, 1.0, 1.0, 1.0], "reward_lead_1": [-1.0, -1.0, -1.0, -1.0], "payoff_total0": [-0.024893534183931972, -0.049787068367863944, -0.1174547099861703, -0.14234824417010228, -0.2639066113872094, -0.7639066113872094, -1.2639066113872093, -1.7639066113872093, -1.817345574217402, -1.8707845370475948, -1.900337410328573, -1.9537763731587658, -2.153776373158766, -2.178669907342698, -2.20356344152663, -2.271231083144936, -2.296124617328868, -2.417682984545975, -2.917682984545975, -3.417682984545975, -3.917682984545975, -3.971121947376168, -4.024560910206361, -4.054113783487338, -4.107552746317531, -4.307552746317532, -4.332446280501463, -4.357339814685395, -4.425007456303701, -4.449900990487634, -4.57145935770474, -5.07145935770474, -5.57145935770474, -6.07145935770474, -6.124898320534934, -6.178337283365127, -6.207890156646105, -6.261329119476298, -6.461329119476298, -6.4862226536602305, -6.511116187844163, -6.578783829462469, -6.603677363646401, -6.725235730863508, -7.225235730863508, -7.725235730863508, -8.225235730863508, -8.278674693693702, -8.332113656523894, -8.361666529804872, -8.415105492635066, -8.615105492635067],