{"1": {"0": {"[0.0, 1.5707963267948966]": {"num_count": 325, "sum_payoffs": 77.55122437488123, "action": [0.0, 1.5707963267948966]}, "[1.0, 0.0]": {"num_count": 392, "sum_payoffs": 101.3893053304289, "action": [1.0, 0.0]}, "[0.0, -1.5707963267948966]": {"num_count": 325, "sum_payoffs": 77.59120438486957, "action": [0.0, -1.5707963267948966]}, "[1.0, 1.5707963267948966]": {"num_count": 390, "sum_payoffs": 100.72963516562129, "action": [1.0, 1.5707963267948966]}, "[2.0, 1.5707963267948966]": {"num_count": 483, "sum_payoffs": 134.72263865820668, "action": [2.0, 1.5707963267948966]}, "[0.0, 0.0]": {"num_count": 325, "sum_payoffs": 77.53123436988706, "action": [0.0, 0.0]}, "[1.0, -1.5707963267948966]": {"num_count": 395, "sum_payoffs": 102.47876060261116, "action": [1.0, -1.5707963267948966]}, "[2.0, -1.5707963267948966]": {"num_count": 481, "sum_payoffs": 133.98300847342247, "action": [2.0, -1.5707963267948966]}, "[2.0, 0.0]": {"num_count": 484, "sum_payoffs": 135.09245375059882, "action": [2.0, 0.0]}}, "1": {"[0.0, -1.5707963267948966]": {"num_count": 528, "sum_payoffs": 162.25887053767525, "action": [0.0, -1.5707963267948966]}, "[0.0, 0.0]": {"num_count": 523, "sum_payoffs": 160.20989502577294, "action": [0.0, 0.0]}, "[1.0, 0.0]": {"num_count": 678, "sum_payoffs": 222.328835545154, "action": [1.0, 0.0]}, "[1.0, -1.5707963267948966]": {"num_count": 673, "sum_payoffs": 220.29985003824564, "action": [1.0, -1.5707963267948966]}, "[0.0, 1.5707963267948966]": {"num_count": 527, "sum_payoffs": 161.76911541531814, "action": [0.0, 1.5707963267948966]}, "[1.0, 1.5707963267948966]": {"num_count": 671, "sum_payoffs": 219.54022984846705, "action": [1.0, 1.5707963267948966]}}}}