{"2": {"0": {"[0.0, 0]": {"num_count": 1099, "sum_payoffs": 202.09454995958262, "action": [0.0, 0]}, "[1.0, 0]": {"num_count": 3001, "sum_payoffs": 697.6165261762378, "action": [1.0, 0]}}, "1": {"[0.0, 0]": {"num_count": 1098, "sum_payoffs": 202.0985999595822, "action": [0.0, 0]}, "[1.0, 0]": {"num_count": 3002, "sum_payoffs": 699.1433761759323, "action": [1.0, 0]}}}, "1": {"0": {"[0.0, 0]": {"num_count": 1512, "sum_payoffs": 344.0834999311764, "action": [0.0, 0]}, "[1.0, 0]": {"num_count": 2588, "sum_payoffs": 653.0534998693771, "action": [1.0, 0]}}, "1": {"[1.0, 0]": {"num_count": 2582, "sum_payoffs": 651.5954998696687, "action": [1.0, 0]}, "[0.0, 0]": {"num_count": 1518, "sum_payoffs": 346.02749993078754, "action": [0.0, 0]}}}}