{"2": {"0": {"[1.0, 0]": {"num_count": 2733, "sum_payoffs": 213.11500258896174, "action": [1.0, 0]}, "[0.0, 0]": {"num_count": 367, "sum_payoffs": 22.556699995488596, "action": [0.0, 0]}}, "1": {"[0.0, 0]": {"num_count": 393, "sum_payoffs": 24.95429999500906, "action": [0.0, 0]}, "[1.0, 0]": {"num_count": 2707, "sum_payoffs": 208.16590258995137, "action": [1.0, 0]}}}, "1": {"0": {"[1.0, 0]": {"num_count": 2811, "sum_payoffs": 233.66699995325484, "action": [1.0, 0]}, "[0.0, 0]": {"num_count": 289, "sum_payoffs": 19.55249999608941, "action": [0.0, 0]}}, "1": {"[0.0, 0]": {"num_count": 281, "sum_payoffs": 18.98549999620282, "action": [0.0, 0]}, "[1.0, 0]": {"num_count": 2819, "sum_payoffs": 234.39599995310883, "action": [1.0, 0]}}}}