{"runtime": 39.35412526130676, "winner": [1, 0], "collision_count": 0, "T_terminal": 6, "trajectories": [[1.0, 3.0, 0.0, 3.0, 3.0, 0.0, 0.0], [3.0, 3.0, 0.0, 4.0, 3.0, 4.71238898038469, 1.0], [5.0, 3.0, 0.0, 4.0, 2.0, 0.0, 2.0], [7.0, 3.0, 0.0, 4.0, 2.0, 4.71238898038469, 3.0], [9.0, 3.0, 0.0, 4.0, 2.0, 0.0, 4.0], [11.0, 3.0, 0.0, 5.0, 2.0, 0.0, 5.0], [13.0, 3.0, 4.71238898038469, 6.0, 2.0, 4.71238898038469, 6.0]], "penalty_distance_0": [-0.36787944117144233, -0.2431167344342142, -0.04232921962320499, -0.0061027272741740034, -0.0022818642187506046, -0.0008493257047191695], "penalty_distance_1": [-0.36787944117144233, -0.2431167344342142, -0.04232921962320499, -0.0061027272741740034, -0.0022818642187506046, -0.0008493257047191695], "reward_progress_0": [0.0, 0.0, 0.0, 0.0, 0.0, 0.0], "reward_progress_1": [0.0, 0.0, 0.0, 0.0, 0.0, 0.0], "penalty_agressor_0": [0.0, 0.0, 0.0, 0.0, 0.0, 0.0], "penalty_agressor_1": [0.0, 0.0, 0.0, 0.0, 0.0, 0.0], "penalty_timestep_0": [-4.199999999999999], "penalty_timestep_1": [-4.199999999999999], "reward_lead_0": [7.0], "reward_lead_1": [-7.0], "payoff_total0": [-0.36787944117144233, -0.6109961756056566, -0.6533253952288616, -0.6594281225030356, -0.6617099867217863, -0.6625593124265055, 2.1374406875734953], "payoff_total1": [-0.36787944117144233, -0.6109961756056566, -0.6533253952288616, -0.6594281225030356, -0.6617099867217863, -0.6625593124265055, -11.862559312426505]}