{"2": {"0": {"[0.0, 0]": {"num_count": 302, "sum_payoffs": 4.949999998267501, "action": [0.0, 0]}, "[1.0, 0]": {"num_count": 298, "sum_payoffs": 4.476315787906974, "action": [1.0, 0]}}, "1": {"[0.0, 0]": {"num_count": 294, "sum_payoffs": 4.0499999985825, "action": [0.0, 0]}, "[1.0, 0]": {"num_count": 306, "sum_payoffs": 5.376315787591975, "action": [1.0, 0]}}}, "1": {"0": {"[0.0, 0]": {"num_count": 304, "sum_payoffs": 1.79999999937, "action": [0.0, 0]}, "[1.0, 0]": {"num_count": 296, "sum_payoffs": 0.899999999685, "action": [1.0, 0]}}, "1": {"[0.0, 0]": {"num_count": 296, "sum_payoffs": 0.899999999685, "action": [0.0, 0]}, "[1.0, 0]": {"num_count": 304, "sum_payoffs": 1.79999999937, "action": [1.0, 0]}}}}