{"2": {"0": {"[0.0, 0]": {"num_count": 317, "sum_payoffs": 46.306124983792664, "action": [0.0, 0]}, "[1.0, 0]": {"num_count": 4283, "sum_payoffs": 800.8014076144194, "action": [1.0, 0]}}, "1": {"[0.0, 0]": {"num_count": 337, "sum_payoffs": 46.619999983682874, "action": [0.0, 0]}, "[1.0, 0]": {"num_count": 4263, "sum_payoffs": 793.926532616827, "action": [1.0, 0]}}}, "1": {"0": {"[0.0, 0]": {"num_count": 297, "sum_payoffs": 52.99874998145035, "action": [0.0, 0]}, "[1.0, 0]": {"num_count": 4303, "sum_payoffs": 879.5474996921984, "action": [1.0, 0]}}, "1": {"[1.0, 0]": {"num_count": 4298, "sum_payoffs": 878.7374996924817, "action": [1.0, 0]}, "[0.0, 0]": {"num_count": 302, "sum_payoffs": 54.61874998088334, "action": [0.0, 0]}}}}