{"13": {"0": {"[2.0, 1.5707963267948966]": {"num_count": 65, "sum_payoffs": 15.078769058820145, "action": [2.0, 1.5707963267948966]}, "[0.0, 1.5707963267948966]": {"num_count": 66, "sum_payoffs": 15.316938364077524, "action": [0.0, 1.5707963267948966]}, "[1.0, 0.0]": {"num_count": 66, "sum_payoffs": 15.540599174508781, "action": [1.0, 0.0]}, "[0.0, 0.0]": {"num_count": 67, "sum_payoffs": 15.87528908849268, "action": [0.0, 0.0]}, "[2.0, -1.5707963267948966]": {"num_count": 68, "sum_payoffs": 16.410945869852476, "action": [2.0, -1.5707963267948966]}, "[2.0, 0.0]": {"num_count": 69, "sum_payoffs": 16.75532380771561, "action": [2.0, 0.0]}, "[1.0, -1.5707963267948966]": {"num_count": 67, "sum_payoffs": 15.831306150099827, "action": [1.0, -1.5707963267948966]}, "[0.0, -1.5707963267948966]": {"num_count": 65, "sum_payoffs": 14.95310550948079, "action": [0.0, -1.5707963267948966]}, "[1.0, 1.5707963267948966]": {"num_count": 67, "sum_payoffs": 15.877404780689416, "action": [1.0, 1.5707963267948966]}}, "1": {"[1.0, 0.0]": {"num_count": 105, "sum_payoffs": 23.44180773829043, "action": [1.0, 0.0]}, "[0.0, 1.5707963267948966]": {"num_count": 96, "sum_payoffs": 19.92736120334734, "action": [0.0, 1.5707963267948966]}, "[0.0, 0.0]": {"num_count": 100, "sum_payoffs": 21.508417685474015, "action": [0.0, 0.0]}, "[0.0, -1.5707963267948966]": {"num_count": 99, "sum_payoffs": 21.21169805750827, "action": [0.0, -1.5707963267948966]}, "[1.0, 1.5707963267948966]": {"num_count": 99, "sum_payoffs": 21.088950790442354, "action": [1.0, 1.5707963267948966]}, "[1.0, -1.5707963267948966]": {"num_count": 101, "sum_payoffs": 22.004536627487035, "action": [1.0, -1.5707963267948966]}}}}