{"8": {"0": {"[1.0, -1.5707963267948966]": {"num_count": 180, "sum_payoffs": 50.973303332041475, "action": [1.0, -1.5707963267948966]}, "[2.0, 0.0]": {"num_count": 188, "sum_payoffs": 54.283394927409674, "action": [2.0, 0.0]}, "[0.0, 0.0]": {"num_count": 172, "sum_payoffs": 47.55950224288648, "action": [0.0, 0.0]}, "[2.0, -1.5707963267948966]": {"num_count": 182, "sum_payoffs": 51.833524362477455, "action": [2.0, -1.5707963267948966]}, "[1.0, 1.5707963267948966]": {"num_count": 175, "sum_payoffs": 48.83950199249902, "action": [1.0, 1.5707963267948966]}, "[0.0, -1.5707963267948966]": {"num_count": 169, "sum_payoffs": 46.29733844052291, "action": [0.0, -1.5707963267948966]}, "[1.0, 0.0]": {"num_count": 178, "sum_payoffs": 50.03017315175802, "action": [1.0, 0.0]}, "[2.0, 1.5707963267948966]": {"num_count": 185, "sum_payoffs": 53.04757414253849, "action": [2.0, 1.5707963267948966]}, "[0.0, 1.5707963267948966]": {"num_count": 171, "sum_payoffs": 46.98824763942083, "action": [0.0, 1.5707963267948966]}}, "1": {"[1.0, 0.0]": {"num_count": 288, "sum_payoffs": 80.07936488242105, "action": [1.0, 0.0]}, "[0.0, 0.0]": {"num_count": 265, "sum_payoffs": 71.07536585521409, "action": [0.0, 0.0]}, "[0.0, 1.5707963267948966]": {"num_count": 244, "sum_payoffs": 63.11830338067359, "action": [0.0, 1.5707963267948966]}, "[1.0, 1.5707963267948966]": {"num_count": 282, "sum_payoffs": 77.68353925228648, "action": [1.0, 1.5707963267948966]}, "[0.0, -1.5707963267948966]": {"num_count": 254, "sum_payoffs": 66.93625014403862, "action": [0.0, -1.5707963267948966]}, "[1.0, -1.5707963267948966]": {"num_count": 267, "sum_payoffs": 71.8954670977617, "action": [1.0, -1.5707963267948966]}}}}