{"alphat_eff_gamelength_2": {"mean": 1.0, "variance": 0.0}, "runtime_gamelength_2": {"mean": 0.22290995121002197, "variance": 0.00024771968825746174}, "max_timestep": {"mean": 1.0, "variance": 0.0}, "alphat_eff_gamelength_1": {"mean": 1.0, "variance": 0.0}, "runtime_gamelength_1": {"mean": 0.1348947048187256, "variance": 4.404803984471073e-05}, "winner": {"mean": [0.0, 0.0], "variance": [0.0, 0.0]}, "runtime": {"mean": 0.3580349922180176, "variance": 0.00036026456181389223}, "T_terminal": {"mean": 2.0, "variance": 0.0}, "trajectory_0": {"mean": [[1.0, 0.0, 1.5707963267948966, 0.0], [1.0, 1.0, 1.5707963267948966, 1.0], [1.0, 2.0, 1.5707963267948966, 2.0]], "variance": [[0.0, 0.0, 0.0, 0.0], [0.0, 0.0, 0.0, 0.0], [0.0, 0.0, 0.0, 0.0]]}, "trajectory_1": {"mean": [[0.0, 1.0, 0.0, 0.0], [1.0, 1.0, 0.0, 1.0], [2.0, 1.0, 0.0, 2.0]], "variance": [[0.0, 0.0, 0.0, 0.0], [0.0, 0.0, 0.0, 0.0], [0.0, 0.0, 0.0, 0.0]]}, "coll_payoff_0": {"mean": [0.0, 0.0], "variance": [0.0, 0.0]}, "coll_payoff_1": {"mean": [0.0, 0.0], "variance": [0.0, 0.0]}, "payoff_total": {"mean": [[0.0, 0.0], [0.21428571424897963, 0.21428571424897963]], "variance": [[0.0, 0.0], [7.703719777548943e-34, 7.703719777548943e-34]]}, "final_lead_payoff_0": {"mean": [0.5], "variance": [0.0]}, "final_lead_payoff_1": {"mean": [0.5], "variance": [0.0]}}