{"2": {"0": {"[0.0, 0]": {"num_count": 191, "sum_payoffs": 22.701599995459738, "action": [0.0, 0]}, "[1.0, 0]": {"num_count": 1909, "sum_payoffs": 291.9826894152934, "action": [1.0, 0]}}, "1": {"[1.0, 0]": {"num_count": 1904, "sum_payoffs": 286.92828941630415, "action": [1.0, 0]}, "[0.0, 0]": {"num_count": 196, "sum_payoffs": 24.110999995177863, "action": [0.0, 0]}}}, "1": {"0": {"[0.0, 0]": {"num_count": 185, "sum_payoffs": 26.540999994691674, "action": [0.0, 0]}, "[1.0, 0]": {"num_count": 1915, "sum_payoffs": 318.51899993629326, "action": [1.0, 0]}}, "1": {"[0.0, 0]": {"num_count": 252, "sum_payoffs": 33.99299999320122, "action": [0.0, 0]}, "[1.0, 0]": {"num_count": 1848, "sum_payoffs": 304.42499993911383, "action": [1.0, 0]}}}}