{"2": {"0": {"[1.0, 0]": {"num_count": 1120, "sum_payoffs": 328.2297038735122, "action": [1.0, 0]}, "[0.0, 0]": {"num_count": 480, "sum_payoffs": 111.49593747491393, "action": [0.0, 0]}}, "1": {"[0.0, 0]": {"num_count": 495, "sum_payoffs": 116.82674997371446, "action": [0.0, 0]}, "[1.0, 0]": {"num_count": 1105, "sum_payoffs": 324.5391413743427, "action": [1.0, 0]}}}, "1": {"0": {"[1.0, 0]": {"num_count": 1028, "sum_payoffs": 327.5887499262907, "action": [1.0, 0]}, "[0.0, 0]": {"num_count": 572, "sum_payoffs": 158.78249996427297, "action": [0.0, 0]}}, "1": {"[0.0, 0]": {"num_count": 572, "sum_payoffs": 159.08624996420463, "action": [0.0, 0]}, "[1.0, 0]": {"num_count": 1028, "sum_payoffs": 327.89249992622234, "action": [1.0, 0]}}}}