{"15": {"0": {"[1.0, -1.5707963267948966]": {"num_count": 509, "sum_payoffs": 108.56377075608852, "action": [1.0, -1.5707963267948966]}, "[1.0, 1.5707963267948966]": {"num_count": 508, "sum_payoffs": 108.19529626161099, "action": [1.0, 1.5707963267948966]}, "[2.0, 1.5707963267948966]": {"num_count": 528, "sum_payoffs": 114.35569731045244, "action": [2.0, 1.5707963267948966]}, "[2.0, 0.0]": {"num_count": 547, "sum_payoffs": 120.10199576107253, "action": [2.0, 0.0]}, "[0.0, -1.5707963267948966]": {"num_count": 492, "sum_payoffs": 103.38338401533909, "action": [0.0, -1.5707963267948966]}, "[2.0, -1.5707963267948966]": {"num_count": 521, "sum_payoffs": 112.20887443233755, "action": [2.0, -1.5707963267948966]}, "[0.0, 0.0]": {"num_count": 491, "sum_payoffs": 103.12440960377786, "action": [0.0, 0.0]}, "[1.0, 0.0]": {"num_count": 509, "sum_payoffs": 108.5448734563972, "action": [1.0, 0.0]}, "[0.0, 1.5707963267948966]": {"num_count": 495, "sum_payoffs": 104.3162203332775, "action": [0.0, 1.5707963267948966]}}, "1": {"[0.0, 0.0]": {"num_count": 745, "sum_payoffs": 142.8446226317153, "action": [0.0, 0.0]}, "[0.0, 1.5707963267948966]": {"num_count": 734, "sum_payoffs": 139.81522464702215, "action": [0.0, 1.5707963267948966]}, "[0.0, -1.5707963267948966]": {"num_count": 742, "sum_payoffs": 141.9703077162723, "action": [0.0, -1.5707963267948966]}, "[1.0, 0.0]": {"num_count": 788, "sum_payoffs": 154.38501859473527, "action": [1.0, 0.0]}, "[1.0, 1.5707963267948966]": {"num_count": 802, "sum_payoffs": 158.07086651539478, "action": [1.0, 1.5707963267948966]}, "[1.0, -1.5707963267948966]": {"num_count": 789, "sum_payoffs": 154.6598267036073, "action": [1.0, -1.5707963267948966]}}}}