{"runtime": 0.7200369834899902, "winner": [1, 0], "T_terminal": 12, "trajectories": [[1.0, 3.0, 0.0, 3.0, 3.0, 0.0, 0.0], [3.0, 3.0, 4.71238898038469, 3.0, 3.0, 4.71238898038469, 1.0], [3.0, 3.0, 4.71238898038469, 3.0, 2.0, 4.71238898038469, 2.0], [2.9999999999999996, 1.0, 0.0, 3.0, 2.0, 0.0, 3.0], [2.9999999999999996, 1.0, 1.5707963267948966, 3.0, 2.0, 0.0, 4.0], [2.9999999999999996, 1.0, 0.0, 4.0, 2.0, 1.5707963267948966, 5.0], [2.9999999999999996, 1.0, 1.5707963267948966, 4.0, 2.0, 1.5707963267948966, 6.0], [2.9999999999999996, 3.0, 0.0, 4.0, 3.0, 3.141592653589793, 7.0], [3.9999999999999996, 3.0, 1.5707963267948966, 4.0, 3.0, 3.141592653589793, 8.0], [3.9999999999999996, 3.0, 1.5707963267948966, 3.0, 3.0, 1.5707963267948966, 9.0], [3.9999999999999996, 5.0, 0.0, 3.0, 3.0, 0.0, 10.0], [6.0, 5.0, 0.0, 4.0, 3.0, 1.5707963267948966, 11.0], [6.0, 5.0, 4.71238898038469, 4.0, 4.0, 3.141592653589793, 12.0]], "penalty_distance_0": [-0.4, -0.14715177646857694, -0.14715177646857694, -0.14715177646857694, -0.09724669377368567, -0.09724669377368567, -0.14715177646857688, -0.39999999999999986, -0.147151776468577, -0.042751170264154315, -0.023642298624782492, -0.0427511702641543], "penalty_distance_1": [-0.4, -0.14715177646857694, -0.14715177646857694, -0.14715177646857694, -0.09724669377368567, -0.09724669377368567, -0.14715177646857688, -0.39999999999999986, -0.147151776468577, -0.042751170264154315, -0.023642298624782492, -0.0427511702641543], "reward_progress_0": [0.0, 0.0, -0.0, 0.0, 0.0, 0.0, 0.0, 0.0, 0.0, 0.0, 0.0, 0.0], "reward_progress_1": [0.0, 0.0, 0.0, 0.0, 0.0, 0.0, 0.0, 0.0, -0.0, 0.0, 0.0, 0.0], "penalty_agressor_0": [0.0, 0.0, 0.0, 0.0, 0.0, 0.0, 0.0, 0.0, 0.0, 0.0, 0.0, 0.0], "penalty_agressor_1": [0.0, 0.0, 0.0, 0.0, 0.0, 0.0, 0.0, 0.0, 0.0, 0.0, 0.0, 0.0], "penalty_timestep_0": [-2.4000000000000004], "penalty_timestep_1": [-2.4000000000000004], "reward_lead_0": [2.0], "reward_lead_1": [-2.0], "payoff_total0": [-0.4, -0.5471517764685769, -0.6943035529371538, -0.8414553294057308, -0.9387020231794164, -1.035948716953102, -1.183100493421679, -1.5831004934216788, -1.7302522698902558, -1.7730034401544101, -1.7966457387791925, -1.8393969090433469, -2.2393969090433474], "payoff_total1": [-0.4, -0.5471517764685769, -0.6943035529371538, -0.8414553294057308, -0.9387020231794164, -1.035948716953102, -1.183100493421679, -1.5831004934216788, -1.7302522698902558, -1.7730034401544101, -1.7966457387791925, -1.8393969090433469, -6.239396909043347]}