{"2": {"0": {"[0.0, 0]": {"num_count": 1281, "sum_payoffs": 240.88457363603612, "action": [0.0, 0]}, "[1.0, 0]": {"num_count": 3319, "sum_payoffs": 768.1472761621258, "action": [1.0, 0]}}, "1": {"[0.0, 0]": {"num_count": 1282, "sum_payoffs": 241.5447236359037, "action": [0.0, 0]}, "[1.0, 0]": {"num_count": 3318, "sum_payoffs": 769.2367261619082, "action": [1.0, 0]}}}, "1": {"0": {"[0.0, 0]": {"num_count": 1675, "sum_payoffs": 381.3839999237154, "action": [0.0, 0]}, "[1.0, 0]": {"num_count": 2925, "sum_payoffs": 737.3744998525116, "action": [1.0, 0]}}, "1": {"[1.0, 0]": {"num_count": 2921, "sum_payoffs": 736.402499852706, "action": [1.0, 0]}, "[0.0, 0]": {"num_count": 1679, "sum_payoffs": 382.5989999234724, "action": [0.0, 0]}}}}