{"runtime": 0.6820111274719238, "winner": [0, 1], "T_terminal": 12, "trajectories": [[1.0, 3.0, 0.0, 3.0, 3.0, 0.0, 0.0], [2.0, 3.0, 0.0, 3.0, 3.0, 4.71238898038469, 1.0], [2.0, 3.0, 4.71238898038469, 3.0, 3.0, 3.141592653589793, 2.0], [2.0, 3.0, 0.0, 2.0, 3.0, 4.71238898038469, 3.0], [2.0, 3.0, 1.5707963267948966, 2.0, 3.0, 0.0, 4.0], [2.0, 4.0, 0.0, 2.0, 3.0, 1.5707963267948966, 5.0], [2.0, 4.0, 0.0, 2.0, 3.0, 0.0, 6.0], [3.0, 4.0, 4.71238898038469, 3.0, 3.0, 0.0, 7.0], [3.0, 3.0, 4.71238898038469, 3.0, 3.0, 4.71238898038469, 8.0], [2.9999999999999996, 1.0, 0.0, 3.0, 3.0, 0.0, 9.0], [2.9999999999999996, 1.0, 1.5707963267948966, 4.0, 3.0, 4.71238898038469, 10.0], [2.9999999999999996, 1.0, 0.0, 4.0, 2.0, 0.0, 11.0], [3.9999999999999996, 1.0, 1.5707963267948966, 4.0, 2.0, 4.71238898038469, 12.0], [2.0, 3.0, 0.0, 3.0, 3.0, 4.71238898038469, 1.0], [2.0, 3.0, 4.71238898038469, 3.0, 3.0, 3.141592653589793, 2.0], [2.0, 3.0, 0.0, 2.0, 3.0, 4.71238898038469, 3.0], [2.0, 3.0, 1.5707963267948966, 2.0, 3.0, 0.0, 4.0], [2.0, 4.0, 0.0, 2.0, 3.0, 1.5707963267948966, 5.0], [2.0, 4.0, 0.0, 2.0, 3.0, 0.0, 6.0], [3.0, 4.0, 4.71238898038469, 3.0, 3.0, 0.0, 7.0], [3.0, 3.0, 4.71238898038469, 3.0, 3.0, 4.71238898038469, 8.0], [2.9999999999999996, 1.0, 0.0, 3.0, 3.0, 0.0, 9.0], [2.9999999999999996, 1.0, 1.5707963267948966, 4.0, 3.0, 4.71238898038469, 10.0], [2.9999999999999996, 1.0, 0.0, 4.0, 2.0, 0.0, 11.0], [3.9999999999999996, 1.0, 1.5707963267948966, 4.0, 2.0, 4.71238898038469, 12.0], [2.0, 3.0, 0.0, 3.0, 3.0, 4.71238898038469, 1.0], [2.0, 3.0, 4.71238898038469, 3.0, 3.0, 3.141592653589793, 2.0], [2.0, 3.0, 0.0, 2.0, 3.0, 4.71238898038469, 3.0], [2.0, 3.0, 1.5707963267948966, 2.0, 3.0, 0.0, 4.0], [2.0, 4.0, 0.0, 2.0, 3.0, 1.5707963267948966, 5.0], [2.0, 4.0, 0.0, 2.0, 3.0, 0.0, 6.0], [3.0, 4.0, 4.71238898038469, 3.0, 3.0, 0.0, 7.0], [3.0, 3.0, 4.71238898038469, 3.0, 3.0, 4.71238898038469, 8.0], [2.9999999999999996, 1.0, 0.0, 3.0, 3.0, 0.0, 9.0], [2.9999999999999996, 1.0, 1.5707963267948966, 4.0, 3.0, 4.71238898038469, 10.0], [2.9999999999999996, 1.0, 0.0, 4.0, 2.0, 0.0, 11.0], [3.9999999999999996, 1.0, 1.5707963267948966, 4.0, 2.0, 4.71238898038469, 12.0], [2.0, 3.0, 0.0, 3.0, 3.0, 4.71238898038469, 1.0], [2.0, 3.0, 4.71238898038469, 3.0, 3.0, 3.141592653589793, 2.0], [2.0, 3.0, 0.0, 2.0, 3.0, 4.71238898038469, 3.0], [2.0, 3.0, 1.5707963267948966, 2.0, 3.0, 0.0, 4.0], [2.0, 4.0, 0.0, 2.0, 3.0, 1.5707963267948966, 5.0], [2.0, 4.0, 0.0, 2.0, 3.0, 0.0, 6.0], [3.0, 4.0, 4.71238898038469, 3.0, 3.0, 0.0, 7.0], [3.0, 3.0, 4.71238898038469, 3.0, 3.0, 4.71238898038469, 8.0], [2.9999999999999996, 1.0, 0.0, 3.0, 3.0, 0.0, 9.0], [2.9999999999999996, 1.0, 1.5707963267948966, 4.0, 3.0, 4.71238898038469, 10.0], [2.9999999999999996, 1.0, 0.0, 4.0, 2.0, 0.0, 11.0], [3.9999999999999996, 1.0, 1.5707963267948966, 4.0, 2.0, 4.71238898038469, 12.0], [2.0, 3.0, 0.0, 3.0, 3.0, 4.71238898038469, 1.0], [2.0, 3.0, 4.71238898038469, 3.0, 3.0, 3.141592653589793, 2.0], [2.0, 3.0, 0.0, 2.0, 3.0, 4.71238898038469, 3.0], [2.0, 3.0, 1.5707963267948966, 2.0, 3.0, 0.0, 4.0], [2.0, 4.0, 0.0, 2.0, 3.0, 1.5707963267948966, 5.0], [2.0, 4.0, 0.0, 2.0, 3.0, 0.0, 6.0], [3.0, 4.0, 4.71238898038469, 3.0, 3.0, 0.0, 7.0], [3.0, 3.0, 4.71238898038469, 3.0, 3.0, 4.71238898038469, 8.0], [2.9999999999999996, 1.0, 0.0, 3.0, 3.0, 0.0, 9.0], [2.9999999999999996, 1.0, 1.5707963267948966, 4.0, 3.0, 4.71238898038469, 10.0], [2.9999999999999996, 1.0, 0.0, 4.0, 2.0, 0.0, 11.0], [3.9999999999999996, 1.0, 1.5707963267948966, 4.0, 2.0, 4.71238898038469, 12.0]], "penalty_distance_0": [-0.2207276647028654, -0.2207276647028654, -0.6, -0.6, -0.2207276647028654, -0.2207276647028654, -0.2207276647028654, -0.6, -0.08120116994196762, -0.06412675539623144, -0.14587004066052847, -0.2207276647028654, -0.2207276647028654, -0.2207276647028654, -0.6, -0.6, -0.2207276647028654, -0.2207276647028654, -0.2207276647028654, -0.6, -0.08120116994196762, -0.06412675539623144, -0.14587004066052847, -0.2207276647028654, -0.2207276647028654, -0.2207276647028654, -0.6, -0.6, -0.2207276647028654, -0.2207276647028654, -0.2207276647028654, -0.6, -0.08120116994196762, -0.06412675539623144, -0.14587004066052847, -0.2207276647028654, -0.2207276647028654, -0.2207276647028654, -0.6, -0.6, -0.2207276647028654, -0.2207276647028654, -0.2207276647028654, -0.6, -0.08120116994196762, -0.06412675539623144, -0.14587004066052847, -0.2207276647028654, -0.2207276647028654, -0.2207276647028654, -0.6, -0.6, -0.2207276647028654, -0.2207276647028654, -0.2207276647028654, -0.6, -0.08120116994196762, -0.06412675539623144, -0.14587004066052847, -0.2207276647028654], "penalty_distance_1": [-0.2207276647028654, -0.2207276647028654, -0.6, -0.6, -0.2207276647028654, -0.2207276647028654, -0.2207276647028654, -0.6, -0.08120116994196762, -0.06412675539623144, -0.14587004066052847, -0.2207276647028654, -0.2207276647028654, -0.2207276647028654, -0.6, -0.6, -0.2207276647028654, -0.2207276647028654, -0.2207276647028654, -0.6, -0.08120116994196762, -0.06412675539623144, -0.14587004066052847, -0.2207276647028654, -0.2207276647028654, -0.2207276647028654, -0.6, -0.6, -0.2207276647028654, -0.2207276647028654, -0.2207276647028654, -0.6, -0.08120116994196762, -0.06412675539623144, -0.14587004066052847, -0.2207276647028654, -0.2207276647028654, -0.2207276647028654, -0.6, -0.6, -0.2207276647028654, -0.2207276647028654, -0.2207276647028654, -0.6, -0.08120116994196762, -0.06412675539623144, -0.14587004066052847, -0.2207276647028654, -0.2207276647028654, -0.2207276647028654, -0.6, -0.6, -0.2207276647028654, -0.2207276647028654, -0.2207276647028654, -0.6, -0.08120116994196762, -0.06412675539623144, -0.14587004066052847, -0.2207276647028654], "reward_progress_0": [0.0, 0.0, 0.0, 0.0, 0.0, 0.0, 0.0, 0.0, -0.0, 0.0, 0.0, 0.0, 0.0, 0.0, 0.0, 0.0, 0.0, 0.0, 0.0, 0.0, -0.0, 0.0, 0.0, 0.0, 0.0, 0.0, 0.0, 0.0, 0.0, 0.0, 0.0, 0.0, -0.0, 0.0, 0.0, 0.0, 0.0, 0.0, 0.0, 0.0, 0.0, 0.0, 0.0, 0.0, -0.0, 0.0, 0.0, 0.0, 0.0, 0.0, 0.0, 0.0, 0.0, 0.0, 0.0, 0.0, -0.0, 0.0, 0.0, 0.0], "reward_progress_1": [0.0, 0.0, -0.0, 0.0, 0.0, 0.0, 0.0, 0.0, 0.0, 0.0, 0.0, 0.0, 0.0, 0.0, -0.0, 0.0, 0.0, 0.0, 0.0, 0.0, 0.0, 0.0, 0.0, 0.0, 0.0, 0.0, -0.0, 0.0, 0.0, 0.0, 0.0, 0.0, 0.0, 0.0, 0.0, 0.0, 0.0, 0.0, -0.0, 0.0, 0.0, 0.0, 0.0, 0.0, 0.0, 0.0, 0.0, 0.0, 0.0, 0.0, -0.0, 0.0, 0.0, 0.0, 0.0, 0.0, 0.0, 0.0, 0.0, 0.0], "penalty_agressor_0": [0.0, 0.0, 0.0, 0.0, 0.0, 0.0, 0.0, 0.0, 0.0, 0.0, 0.0, 0.0, 0.0, 0.0, 0.0, 0.0, 0.0, 0.0, 0.0, 0.0, 0.0, 0.0, 0.0, 0.0, 0.0, 0.0, 0.0, 0.0, 0.0, 0.0, 0.0, 0.0, 0.0, 0.0, 0.0, 0.0, 0.0, 0.0, 0.0, 0.0, 0.0, 0.0, 0.0, 0.0, 0.0, 0.0, 0.0, 0.0, 0.0, 0.0, 0.0, 0.0, 0.0, 0.0, 0.0, 0.0, 0.0, 0.0, 0.0, 0.0], "penalty_agressor_1": [0.0, 0.0, 0.0, 0.0, 0.0, 0.0, 0.0, 0.0, 0.0, 0.0, 0.0, 0.0, 0.0, 0.0, 0.0, 0.0, 0.0, 0.0, 0.0, 0.0, 0.0, 0.0, 0.0, 0.0, 0.0, 0.0, 0.0, 0.0, 0.0, 0.0, 0.0, 0.0, 0.0, 0.0, 0.0, 0.0, 0.0, 0.0, 0.0, 0.0, 0.0, 0.0, 0.0, 0.0, 0.0, 0.0, 0.0, 0.0, 0.0, 0.0, 0.0, 0.0, 0.0, 0.0, 0.0, 0.0, 0.0, 0.0, 0.0, 0.0], "penalty_timestep_0": [0.0, 0.0, 0.0, 0.0, 0.0], "penalty_timestep_1": [0.0, 0.0, 0.0, 0.0, 0.0], "reward_lead_0": [-4.440892098500626e-16, -4.440892098500626e-16, -4.440892098500626e-16, -4.440892098500626e-16, -4.440892098500626e-16], "reward_lead_1": [4.440892098500626e-16, 4.440892098500626e-16, 4.440892098500626e-16, 4.440892098500626e-16, 4.440892098500626e-16],