{"alphat_eff_gamelength_14": [2.1538461538461537, 2.1538461538461537, 2.1538461538461537, 2.1538461538461537, 2.1538461538461537, 2.1538461538461537, 2.1538461538461537, 2.1538461538461537, 2.1538461538461537, 2.1538461538461537], "runtime_gamelength_14": [91.78465127944946, 94.17903757095337, 105.736652135849, 96.71345925331116, 93.65281057357788, 97.485915184021, 94.15032362937927, 97.85668015480042, 100.98491621017456, 96.01851224899292], "max_timestep": [14, 14, 14, 14, 14, 14, 14, 14, 14, 14], "winner": [[0, 0], [0, 0], [0, 0], [0, 0], [0, 0], [0, 0], [0, 0], [0, 0], [0, 0], [0, 0]], "runtime": [91.78493213653564, 94.17933464050293, 105.73697686195374, 96.71374130249023, 93.65304517745972, 97.48628354072571, 94.15057253837585, 97.85692691802979, 100.98548555374146, 96.01888465881348], "T_terminal": [1, 1, 1, 1, 1, 1, 1, 1, 1, 1], "trajectory_0": [[[1.0, 3.0, 0.0, 0], [2.0, 3.0, -1.5707963267948966, 1]], [[1.0, 3.0, 0.0, 0], [3.0, 3.0, 0.0, 1]], [[1.0, 3.0, 0.0, 0], [3.0, 3.0, 1.5707963267948966, 1]], [[1.0, 3.0, 0.0, 0], [3.0, 3.0, 0.0, 1]], [[1.0, 3.0, 0.0, 0], [3.0, 3.0, 0.0, 1]], [[1.0, 3.0, 0.0, 0], [3.0, 3.0, 0.0, 1]], [[1.0, 3.0, 0.0, 0], [3.0, 3.0, 0.0, 1]], [[1.0, 3.0, 0.0, 0], [3.0, 3.0, 0.0, 1]], [[1.0, 3.0, 0.0, 0], [3.0, 3.0, 0.0, 1]], [[1.0, 3.0, 0.0, 0], [3.0, 3.0, 0.0, 1]]], "trajectory_1": [[[3.0, 3.0, 0.0, 0], [4.0, 3.0, 1.5707963267948966, 1]], [[3.0, 3.0, 0.0, 0], [4.0, 3.0, 1.5707963267948966, 1]], [[3.0, 3.0, 0.0, 0], [4.0, 3.0, 0.0, 1]], [[3.0, 3.0, 0.0, 0], [4.0, 3.0, 0.0, 1]], [[3.0, 3.0, 0.0, 0], [4.0, 3.0, 1.5707963267948966, 1]], [[3.0, 3.0, 0.0, 0], [4.0, 3.0, -1.5707963267948966, 1]], [[3.0, 3.0, 0.0, 0], [4.0, 3.0, 1.5707963267948966, 1]], [[3.0, 3.0, 0.0, 0], [4.0, 3.0, 1.5707963267948966, 1]], [[3.0, 3.0, 0.0, 0], [4.0, 3.0, 0.0, 1]], [[3.0, 3.0, 0.0, 0], [4.0, 3.0, 0.0, 1]]], "coll_payoff_0": [[1.0], [1.0], [1.0], [1.0], [1.0], [1.0], [1.0], [1.0], [1.0], [1.0]], "lead_payoff_0": [[0.3333333333333333], [0.6666666666666666], [0.6666666666666666], [0.6666666666666666], [0.6666666666666666], [0.6666666666666666], [0.6666666666666666], [0.6666666666666666], [0.6666666666666666], [0.6666666666666666]], "coll_payoff_1": [[1.0], [1.0], [1.0], [1.0], [1.0], [1.0], [1.0], [1.0], [1.0], [1.0]], "lead_payoff_1": [[0.6666666666666666], [0.3333333333333333], [0.3333333333333333], [0.3333333333333333], [0.3333333333333333], [0.3333333333333333], [0.3333333333333333], [0.3333333333333333], [0.3333333333333333], [0.3333333333333333]], "payoff_total": [[[0.509578543987484, 0.6570881225097381]], [[0.5881226052798532, 0.5785440612173691]], [[0.5881226052798532, 0.5785440612173691]], [[0.5881226052798532, 0.5785440612173691]], [[0.5881226052798532, 0.5785440612173691]], [[0.5881226052798532, 0.5785440612173691]], [[0.5881226052798532, 0.5785440612173691]], [[0.5881226052798532, 0.5785440612173691]], [[0.5881226052798532, 0.5785440612173691]], [[0.5881226052798532, 0.5785440612173691]]], "final_lead_payoff_0": [[0.43103448275862066], [0.46551724137931033], [0.46551724137931033], [0.46551724137931033], [0.46551724137931033], [0.46551724137931033], [0.46551724137931033], [0.46551724137931033], [0.46551724137931033], [0.46551724137931033]], "final_lead_payoff_1": [[0.5689655172413793], [0.5344827586206896], [0.5344827586206896], [0.5344827586206896], [0.5344827586206896], [0.5344827586206896], [0.5344827586206896], [0.5344827586206896], [0.5344827586206896], [0.5344827586206896]]}