{"6": {"0": {"[1.0, 1.5707963267948966]": {"num_count": 125, "sum_payoffs": 39.42107201575069, "action": [1.0, 1.5707963267948966]}, "[0.0, -1.5707963267948966]": {"num_count": 119, "sum_payoffs": 36.453177621075746, "action": [0.0, -1.5707963267948966]}, "[1.0, 0.0]": {"num_count": 121, "sum_payoffs": 37.42007951756567, "action": [1.0, 0.0]}, "[2.0, 1.5707963267948966]": {"num_count": 131, "sum_payoffs": 42.299074404112936, "action": [2.0, 1.5707963267948966]}, "[1.0, -1.5707963267948966]": {"num_count": 121, "sum_payoffs": 37.30336343868163, "action": [1.0, -1.5707963267948966]}, "[0.0, 0.0]": {"num_count": 114, "sum_payoffs": 34.11494521303605, "action": [0.0, 0.0]}, "[2.0, 0.0]": {"num_count": 126, "sum_payoffs": 39.77265733593293, "action": [2.0, 0.0]}, "[2.0, -1.5707963267948966]": {"num_count": 126, "sum_payoffs": 39.82920017470184, "action": [2.0, -1.5707963267948966]}, "[0.0, 1.5707963267948966]": {"num_count": 117, "sum_payoffs": 35.46523781608537, "action": [0.0, 1.5707963267948966]}}, "1": {"[0.0, 0.0]": {"num_count": 182, "sum_payoffs": 56.219637299121494, "action": [0.0, 0.0]}, "[1.0, 1.5707963267948966]": {"num_count": 189, "sum_payoffs": 59.30499394667667, "action": [1.0, 1.5707963267948966]}, "[0.0, -1.5707963267948966]": {"num_count": 165, "sum_payoffs": 48.702476875507465, "action": [0.0, -1.5707963267948966]}, "[1.0, 0.0]": {"num_count": 202, "sum_payoffs": 65.20315918888235, "action": [1.0, 0.0]}, "[0.0, 1.5707963267948966]": {"num_count": 168, "sum_payoffs": 50.039102990170825, "action": [0.0, 1.5707963267948966]}, "[1.0, -1.5707963267948966]": {"num_count": 194, "sum_payoffs": 61.41814522596849, "action": [1.0, -1.5707963267948966]}}}}