{"10": {"0": {"[2.0, 0.0]": {"num_count": 11, "sum_payoffs": 3.0101695859176236, "action": [2.0, 0.0]}, "[1.0, 1.5707963267948966]": {"num_count": 11, "sum_payoffs": 2.957077549147253, "action": [1.0, 1.5707963267948966]}, "[1.0, 0.0]": {"num_count": 11, "sum_payoffs": 2.7560209410826086, "action": [1.0, 0.0]}, "[2.0, -1.5707963267948966]": {"num_count": 11, "sum_payoffs": 2.6787302022623387, "action": [2.0, -1.5707963267948966]}, "[0.0, -1.5707963267948966]": {"num_count": 11, "sum_payoffs": 2.9034372227830727, "action": [0.0, -1.5707963267948966]}, "[2.0, 1.5707963267948966]": {"num_count": 11, "sum_payoffs": 2.925192008247937, "action": [2.0, 1.5707963267948966]}, "[0.0, 1.5707963267948966]": {"num_count": 12, "sum_payoffs": 3.319661288816036, "action": [0.0, 1.5707963267948966]}, "[1.0, -1.5707963267948966]": {"num_count": 11, "sum_payoffs": 2.947468756420418, "action": [1.0, -1.5707963267948966]}, "[0.0, 0.0]": {"num_count": 11, "sum_payoffs": 3.0296726215633445, "action": [0.0, 0.0]}}, "1": {"[1.0, 0.0]": {"num_count": 17, "sum_payoffs": 4.481709443718608, "action": [1.0, 0.0]}, "[1.0, -1.5707963267948966]": {"num_count": 17, "sum_payoffs": 4.244848005878569, "action": [1.0, -1.5707963267948966]}, "[1.0, 1.5707963267948966]": {"num_count": 17, "sum_payoffs": 4.305445589436381, "action": [1.0, 1.5707963267948966]}, "[0.0, 0.0]": {"num_count": 16, "sum_payoffs": 3.711963761803711, "action": [0.0, 0.0]}, "[0.0, 1.5707963267948966]": {"num_count": 17, "sum_payoffs": 4.198217390459696, "action": [0.0, 1.5707963267948966]}, "[0.0, -1.5707963267948966]": {"num_count": 16, "sum_payoffs": 3.86935788287159, "action": [0.0, -1.5707963267948966]}}}}