{"2": {"0": {"[0.0, 0]": {"num_count": 26, "sum_payoffs": 5.3845714276483605, "action": [0.0, 0]}, "[1.0, 0]": {"num_count": 74, "sum_payoffs": 20.147278192034882, "action": [1.0, 0]}}, "1": {"[1.0, 0]": {"num_count": 55, "sum_payoffs": 14.623849621553212, "action": [1.0, 0]}, "[0.0, 0]": {"num_count": 45, "sum_payoffs": 9.449999998380003, "action": [0.0, 0]}}}, "1": {"0": {"[1.0, 0]": {"num_count": 58, "sum_payoffs": 16.045714282963594, "action": [1.0, 0]}, "[0.0, 0]": {"num_count": 42, "sum_payoffs": 9.064285712731841, "action": [0.0, 0]}}, "1": {"[0.0, 0]": {"num_count": 47, "sum_payoffs": 8.832857141342942, "action": [0.0, 0]}, "[1.0, 0]": {"num_count": 53, "sum_payoffs": 14.42571428324131, "action": [1.0, 0]}}}}