{"4": {"0": {"[0.0, -1.5707963267948966]": {"num_count": 411, "sum_payoffs": 134.34268568599526, "action": [0.0, -1.5707963267948966]}, "[1.0, -1.5707963267948966]": {"num_count": 467, "sum_payoffs": 158.5508067205874, "action": [1.0, -1.5707963267948966]}, "[2.0, 0.0]": {"num_count": 506, "sum_payoffs": 175.6062257428461, "action": [2.0, 0.0]}, "[1.0, 0.0]": {"num_count": 475, "sum_payoffs": 162.0609619265099, "action": [1.0, 0.0]}, "[0.0, 0.0]": {"num_count": 424, "sum_payoffs": 139.9503063492836, "action": [0.0, 0.0]}, "[2.0, 1.5707963267948966]": {"num_count": 477, "sum_payoffs": 162.8210626550696, "action": [2.0, 1.5707963267948966]}, "[1.0, 1.5707963267948966]": {"num_count": 448, "sum_payoffs": 150.2840714903768, "action": [1.0, 1.5707963267948966]}, "[2.0, -1.5707963267948966]": {"num_count": 497, "sum_payoffs": 171.66953642524425, "action": [2.0, -1.5707963267948966]}, "[0.0, 1.5707963267948966]": {"num_count": 395, "sum_payoffs": 127.62171537360682, "action": [0.0, 1.5707963267948966]}}, "1": {"[0.0, 1.5707963267948966]": {"num_count": 609, "sum_payoffs": 211.7616442786504, "action": [0.0, 1.5707963267948966]}, "[0.0, -1.5707963267948966]": {"num_count": 600, "sum_payoffs": 207.95326699438192, "action": [0.0, -1.5707963267948966]}, "[1.0, 1.5707963267948966]": {"num_count": 749, "sum_payoffs": 272.6082150451484, "action": [1.0, 1.5707963267948966]}, "[1.0, 0.0]": {"num_count": 769, "sum_payoffs": 281.4557142067093, "action": [1.0, 0.0]}, "[0.0, 0.0]": {"num_count": 627, "sum_payoffs": 219.5680010622537, "action": [0.0, 0.0]}, "[1.0, -1.5707963267948966]": {"num_count": 746, "sum_payoffs": 271.3827780707892, "action": [1.0, -1.5707963267948966]}}}}