{"6": {"0": {"[1.0, 0.0]": {"num_count": 356, "sum_payoffs": 101.40925167085234, "action": [1.0, 0.0]}, "[0.0, -1.5707963267948966]": {"num_count": 319, "sum_payoffs": 87.00077943928393, "action": [0.0, -1.5707963267948966]}, "[2.0, 1.5707963267948966]": {"num_count": 363, "sum_payoffs": 104.205315393426, "action": [2.0, 1.5707963267948966]}, "[2.0, -1.5707963267948966]": {"num_count": 361, "sum_payoffs": 103.40337708349442, "action": [2.0, -1.5707963267948966]}, "[0.0, 0.0]": {"num_count": 345, "sum_payoffs": 97.20787000683579, "action": [0.0, 0.0]}, "[2.0, 0.0]": {"num_count": 382, "sum_payoffs": 111.67724809902096, "action": [2.0, 0.0]}, "[1.0, 1.5707963267948966]": {"num_count": 336, "sum_payoffs": 93.56410864111561, "action": [1.0, 1.5707963267948966]}, "[1.0, -1.5707963267948966]": {"num_count": 333, "sum_payoffs": 92.55225114827743, "action": [1.0, -1.5707963267948966]}, "[0.0, 1.5707963267948966]": {"num_count": 305, "sum_payoffs": 81.63194844704397, "action": [0.0, 1.5707963267948966]}}, "1": {"[1.0, 0.0]": {"num_count": 377, "sum_payoffs": 134.2936268598785, "action": [1.0, 0.0]}, "[1.0, 1.5707963267948966]": {"num_count": 335, "sum_payoffs": 115.10163423713551, "action": [1.0, 1.5707963267948966]}, "[2.0, -1.5707963267948966]": {"num_count": 356, "sum_payoffs": 124.66543726551004, "action": [2.0, -1.5707963267948966]}, "[0.0, -1.5707963267948966]": {"num_count": 285, "sum_payoffs": 92.62128688108925, "action": [0.0, -1.5707963267948966]}, "[2.0, 1.5707963267948966]": {"num_count": 362, "sum_payoffs": 127.38907538628787, "action": [2.0, 1.5707963267948966]}, "[1.0, -1.5707963267948966]": {"num_count": 340, "sum_payoffs": 117.28049110095176, "action": [1.0, -1.5707963267948966]}, "[0.0, 0.0]": {"num_count": 333, "sum_payoffs": 114.11779786626055, "action": [0.0, 0.0]}, "[2.0, 0.0]": {"num_count": 423, "sum_payoffs": 155.47082517163182, "action": [2.0, 0.0]}, "[0.0, 1.5707963267948966]": {"num_count": 289, "sum_payoffs": 94.40558542026947, "action": [0.0, 1.5707963267948966]}}}}