{"2": {"0": {"[0.0, 0]": {"num_count": 552, "sum_payoffs": 173.68424989578827, "action": [0.0, 0]}, "[1.0, 0]": {"num_count": 1548, "sum_payoffs": 590.8544996454738, "action": [1.0, 0]}}, "1": {"[1.0, 0]": {"num_count": 1525, "sum_payoffs": 583.1999996500663, "action": [1.0, 0]}, "[0.0, 0]": {"num_count": 575, "sum_payoffs": 183.52574988988312, "action": [0.0, 0]}}}, "1": {"0": {"[1.0, 0]": {"num_count": 1356, "sum_payoffs": 566.7974996599361, "action": [1.0, 0]}, "[0.0, 0]": {"num_count": 744, "sum_payoffs": 283.29749983002176, "action": [0.0, 0]}}, "1": {"[1.0, 0]": {"num_count": 1347, "sum_payoffs": 563.1524996621229, "action": [1.0, 0]}, "[0.0, 0]": {"num_count": 753, "sum_payoffs": 287.752499827349, "action": [0.0, 0]}}}}