{"2": {"0": {"[1.0, 0]": {"num_count": 575, "sum_payoffs": 5.376315788264013, "action": [1.0, 0]}, "[0.0, 0]": {"num_count": 525, "sum_payoffs": 4.04999999908875, "action": [0.0, 0]}}, "1": {"[0.0, 0]": {"num_count": 511, "sum_payoffs": 4.1399999990685, "action": [0.0, 0]}, "[1.0, 0]": {"num_count": 589, "sum_payoffs": 5.286315788284263, "action": [1.0, 0]}}}, "1": {"0": {"[0.0, 0]": {"num_count": 539, "sum_payoffs": 0.8999999997975, "action": [0.0, 0]}, "[1.0, 0]": {"num_count": 561, "sum_payoffs": 1.799999999595, "action": [1.0, 0]}}, "1": {"[0.0, 0]": {"num_count": 520, "sum_payoffs": 0.8999999997975, "action": [0.0, 0]}, "[1.0, 0]": {"num_count": 580, "sum_payoffs": 1.799999999595, "action": [1.0, 0]}}}}