{"runtime": 43.809650182724, "winner": [1, 0], "collision_count": 2, "T_terminal": 8, "trajectories": [[1.0, 3.0, 0.0, 3.0, 3.0, 0.0, 0.0], [3.0, 3.0, 0.0, 4.0, 3.0, 0.0, 1.0], [5.0, 3.0, 0.0, 5.0, 3.0, 0.0, 2.0], [7.0, 3.0, 0.0, 6.0, 3.0, 0.0, 3.0], [9.0, 3.0, 0.0, 6.0, 3.0, 0.0, 4.0], [10.0, 3.0, 1.5707963267948966, 7.0, 3.0, 1.5707963267948966, 5.0], [10.0, 3.0, 1.5707963267948966, 7.0, 3.0, 0.0, 6.0], [10.0, 5.0, 0.0, 8.0, 3.0, 0.0, 7.0], [12.0, 5.0, 4.71238898038469, 9.0, 3.0, 0.0, 8.0]], "penalty_distance_0": [-0.1103638323514327, -0.3, -0.1103638323514327, -0.014936120510359183, -0.014936120510359183, -0.014936120510359183, -0.01773172396858687, -0.008151738351670669], "penalty_distance_1": [-0.1103638323514327, -0.3, -0.1103638323514327, -0.014936120510359183, -0.014936120510359183, -0.014936120510359183, -0.01773172396858687, -0.008151738351670669], "reward_progress_0": [0.0, 0.0, 0.0, 0.0, 0.0, 0.0, 0.0, 0.0], "reward_progress_1": [0.0, 0.0, 0.0, 0.0, 0.0, 0.0, 0.0, 0.0], "penalty_agressor_0": [0.0, 0.0, 0.0, 0.0, 0.0, 0.0, 0.0, 0.0], "penalty_agressor_1": [0.0, 0.0, 0.0, 0.0, 0.0, 0.0, 0.0, 0.0], "penalty_timestep_0": [-0.8], "penalty_timestep_1": [-0.8], "reward_lead_0": [3.0], "reward_lead_1": [-3.0], "payoff_total0": [-0.1103638323514327, -0.4103638323514327, -0.5207276647028654, -0.5356637852132246, -0.5505999057235837, -0.565536026233943, -0.5832677502025299, -0.5914194885542006, 1.6085805114457996], "payoff_total1": [-0.1103638323514327, -0.4103638323514327, -0.5207276647028654, -0.5356637852132246, -0.5505999057235837, -0.565536026233943, -0.5832677502025299, -0.5914194885542006, -4.391419488554201]}