{"2": {"0": {"[0.0, 0]": {"num_count": 144, "sum_payoffs": 23.10974999576319, "action": [0.0, 0]}, "[1.0, 0]": {"num_count": 956, "sum_payoffs": 180.11812496697752, "action": [1.0, 0]}}, "1": {"[0.0, 0]": {"num_count": 117, "sum_payoffs": 18.46237499661523, "action": [0.0, 0]}, "[1.0, 0]": {"num_count": 983, "sum_payoffs": 190.59749996505624, "action": [1.0, 0]}}}, "1": {"0": {"[1.0, 0]": {"num_count": 961, "sum_payoffs": 198.13499996367474, "action": [1.0, 0]}, "[0.0, 0]": {"num_count": 139, "sum_payoffs": 24.243749995555287, "action": [0.0, 0]}}, "1": {"[0.0, 0]": {"num_count": 105, "sum_payoffs": 19.07999999650198, "action": [0.0, 0]}, "[1.0, 0]": {"num_count": 995, "sum_payoffs": 206.74124996209662, "action": [1.0, 0]}}}}