{"2": {"0": {"[1.0, 0]": {"num_count": 1843, "sum_payoffs": 414.9528495529117, "action": [1.0, 0]}, "[0.0, 0]": {"num_count": 757, "sum_payoffs": 131.22771426321793, "action": [0.0, 0]}}, "1": {"[1.0, 0]": {"num_count": 1836, "sum_payoffs": 413.8072781245367, "action": [1.0, 0]}, "[0.0, 0]": {"num_count": 764, "sum_payoffs": 133.20642854859287, "action": [0.0, 0]}}}, "1": {"0": {"[0.0, 0]": {"num_count": 989, "sum_payoffs": 212.60571424927087, "action": [0.0, 0]}, "[1.0, 0]": {"num_count": 1611, "sum_payoffs": 390.2657142188175, "action": [1.0, 0]}}, "1": {"[1.0, 0]": {"num_count": 1615, "sum_payoffs": 391.53857136145643, "action": [1.0, 0]}, "[0.0, 0]": {"num_count": 985, "sum_payoffs": 211.5642856780208, "action": [0.0, 0]}}}}