{"4": {"0": {"[0.0, -1.5707963267948966]": {"num_count": 363, "sum_payoffs": 112.90918386913802, "action": [0.0, -1.5707963267948966]}, "[1.0, -1.5707963267948966]": {"num_count": 402, "sum_payoffs": 129.3069514015765, "action": [1.0, -1.5707963267948966]}, "[1.0, 1.5707963267948966]": {"num_count": 408, "sum_payoffs": 131.88728872789414, "action": [1.0, 1.5707963267948966]}, "[0.0, 0.0]": {"num_count": 361, "sum_payoffs": 112.00237788126934, "action": [0.0, 0.0]}, "[2.0, 0.0]": {"num_count": 417, "sum_payoffs": 135.6478439807554, "action": [2.0, 0.0]}, "[0.0, 1.5707963267948966]": {"num_count": 339, "sum_payoffs": 102.98870229303586, "action": [0.0, 1.5707963267948966]}, "[2.0, -1.5707963267948966]": {"num_count": 454, "sum_payoffs": 151.40358700263306, "action": [2.0, -1.5707963267948966]}, "[2.0, 1.5707963267948966]": {"num_count": 434, "sum_payoffs": 142.88290746696347, "action": [2.0, 1.5707963267948966]}, "[1.0, 0.0]": {"num_count": 422, "sum_payoffs": 137.6707978685252, "action": [1.0, 0.0]}}, "1": {"[0.0, -1.5707963267948966]": {"num_count": 318, "sum_payoffs": 118.30822815225712, "action": [0.0, -1.5707963267948966]}, "[2.0, -1.5707963267948966]": {"num_count": 451, "sum_payoffs": 184.13642843857474, "action": [2.0, -1.5707963267948966]}, "[1.0, -1.5707963267948966]": {"num_count": 363, "sum_payoffs": 140.33562401057358, "action": [1.0, -1.5707963267948966]}, "[1.0, 1.5707963267948966]": {"num_count": 409, "sum_payoffs": 163.0151458616777, "action": [1.0, 1.5707963267948966]}, "[0.0, 1.5707963267948966]": {"num_count": 315, "sum_payoffs": 116.70050052308686, "action": [0.0, 1.5707963267948966]}, "[1.0, 0.0]": {"num_count": 435, "sum_payoffs": 176.0698373216765, "action": [1.0, 0.0]}, "[2.0, 1.5707963267948966]": {"num_count": 437, "sum_payoffs": 177.14191174525348, "action": [2.0, 1.5707963267948966]}, "[0.0, 0.0]": {"num_count": 359, "sum_payoffs": 138.34750026937127, "action": [0.0, 0.0]}, "[2.0, 0.0]": {"num_count": 513, "sum_payoffs": 215.58579448964258, "action": [2.0, 0.0]}}}}