{"runtime": 40.552152156829834, "winner": [1, 0], "collision_count": 2, "T_terminal": 7, "trajectories": [[1.0, 3.0, 0.0, 3.0, 3.0, 0.0, 0.0], [3.0, 3.0, 0.0, 4.0, 3.0, 0.0, 1.0], [5.0, 3.0, 0.0, 5.0, 3.0, 0.0, 2.0], [7.0, 3.0, 0.0, 6.0, 3.0, 1.5707963267948966, 3.0], [9.0, 3.0, 4.71238898038469, 6.0, 3.0, 0.0, 4.0], [9.0, 2.0, 0.0, 7.0, 3.0, 0.0, 5.0], [11.0, 2.0, 0.0, 8.0, 3.0, 0.0, 6.0], [13.0, 2.0, 4.71238898038469, 9.0, 3.0, 1.5707963267948966, 7.0]], "penalty_distance_0": [-0.14715177646857694, -0.4, -0.14715177646857694, -0.01991482734714558, -0.0427511702641543, -0.016931687849281996, -0.006477657327665025], "penalty_distance_1": [-0.14715177646857694, -0.4, -0.14715177646857694, -0.01991482734714558, -0.0427511702641543, -0.016931687849281996, -0.006477657327665025], "reward_progress_0": [0.0, 0.0, 0.0, 0.0, 0.0, 0.0, 0.0], "reward_progress_1": [0.0, 0.0, 0.0, 0.0, 0.0, 0.0, 0.0], "penalty_agressor_0": [0.0, 0.0, 0.0, 0.0, 0.0, 0.0, 0.0], "penalty_agressor_1": [0.0, 0.0, 0.0, 0.0, 0.0, 0.0, 0.0], "penalty_timestep_0": [-0.7000000000000001], "penalty_timestep_1": [-0.7000000000000001], "reward_lead_0": [4.0], "reward_lead_1": [-4.0], "payoff_total0": [-0.14715177646857694, -0.5471517764685769, -0.6943035529371538, -0.7142183802842994, -0.7569695505484537, -0.7739012383977357, -0.7803788957254008, 2.519621104274599], "payoff_total1": [-0.14715177646857694, -0.5471517764685769, -0.6943035529371538, -0.7142183802842994, -0.7569695505484537, -0.7739012383977357, -0.7803788957254008, -5.480378895725401]}