{"2": {"0": {"[1.0, 0]": {"num_count": 319, "sum_payoffs": 6.186315787824, "action": [1.0, 0]}, "[0.0, 0]": {"num_count": 281, "sum_payoffs": 4.52368420932, "action": [0.0, 0]}}, "1": {"[1.0, 0]": {"num_count": 293, "sum_payoffs": 5.286315788064, "action": [1.0, 0]}, "[0.0, 0]": {"num_count": 307, "sum_payoffs": 5.42368420908, "action": [0.0, 0]}}}, "1": {"0": {"[1.0, 0]": {"num_count": 318, "sum_payoffs": 1.79999999952, "action": [1.0, 0]}, "[0.0, 0]": {"num_count": 282, "sum_payoffs": 0.89999999976, "action": [0.0, 0]}}, "1": {"[1.0, 0]": {"num_count": 302, "sum_payoffs": 0.89999999976, "action": [1.0, 0]}, "[0.0, 0]": {"num_count": 298, "sum_payoffs": 1.79999999952, "action": [0.0, 0]}}}}