{"4": {"0": {"[1.0, -1.5707963267948966]": {"num_count": 243, "sum_payoffs": 84.55727968077954, "action": [1.0, -1.5707963267948966]}, "[1.0, 1.5707963267948966]": {"num_count": 225, "sum_payoffs": 76.05147835102267, "action": [1.0, 1.5707963267948966]}, "[2.0, 0.0]": {"num_count": 254, "sum_payoffs": 89.78619050499076, "action": [2.0, 0.0]}, "[0.0, -1.5707963267948966]": {"num_count": 225, "sum_payoffs": 76.03601249734339, "action": [0.0, -1.5707963267948966]}, "[0.0, 0.0]": {"num_count": 232, "sum_payoffs": 79.31483858175086, "action": [0.0, 0.0]}, "[1.0, 0.0]": {"num_count": 220, "sum_payoffs": 73.57283175401899, "action": [1.0, 0.0]}, "[0.0, 1.5707963267948966]": {"num_count": 210, "sum_payoffs": 69.07138303784657, "action": [0.0, 1.5707963267948966]}, "[2.0, -1.5707963267948966]": {"num_count": 247, "sum_payoffs": 86.38833568929854, "action": [2.0, -1.5707963267948966]}, "[2.0, 1.5707963267948966]": {"num_count": 244, "sum_payoffs": 85.01706255898792, "action": [2.0, 1.5707963267948966]}}, "1": {"[0.0, 0.0]": {"num_count": 329, "sum_payoffs": 117.81802830163599, "action": [0.0, 0.0]}, "[1.0, 1.5707963267948966]": {"num_count": 386, "sum_payoffs": 144.649540226886, "action": [1.0, 1.5707963267948966]}, "[1.0, 0.0]": {"num_count": 394, "sum_payoffs": 148.43319080502627, "action": [1.0, 0.0]}, "[1.0, -1.5707963267948966]": {"num_count": 378, "sum_payoffs": 140.79796476761666, "action": [1.0, -1.5707963267948966]}, "[0.0, -1.5707963267948966]": {"num_count": 302, "sum_payoffs": 105.29279363713722, "action": [0.0, -1.5707963267948966]}, "[0.0, 1.5707963267948966]": {"num_count": 311, "sum_payoffs": 109.31503455941832, "action": [0.0, 1.5707963267948966]}}}}