{"14": {"0": {"[0.0, 1.5707963267948966]": {"num_count": 496, "sum_payoffs": 107.49895066422111, "action": [0.0, 1.5707963267948966]}, "[2.0, 0.0]": {"num_count": 549, "sum_payoffs": 124.05444720224041, "action": [2.0, 0.0]}, "[1.0, -1.5707963267948966]": {"num_count": 516, "sum_payoffs": 113.77122956604875, "action": [1.0, -1.5707963267948966]}, "[0.0, 0.0]": {"num_count": 495, "sum_payoffs": 107.16538077489629, "action": [0.0, 0.0]}, "[2.0, 1.5707963267948966]": {"num_count": 512, "sum_payoffs": 112.44834740400435, "action": [2.0, 1.5707963267948966]}, "[0.0, -1.5707963267948966]": {"num_count": 498, "sum_payoffs": 108.16446482028208, "action": [0.0, -1.5707963267948966]}, "[2.0, -1.5707963267948966]": {"num_count": 517, "sum_payoffs": 113.95997002401741, "action": [2.0, -1.5707963267948966]}, "[1.0, 1.5707963267948966]": {"num_count": 512, "sum_payoffs": 112.37490632594233, "action": [1.0, 1.5707963267948966]}, "[1.0, 0.0]": {"num_count": 505, "sum_payoffs": 110.33107559693251, "action": [1.0, 0.0]}}, "1": {"[0.0, 0.0]": {"num_count": 754, "sum_payoffs": 148.85623918846431, "action": [0.0, 0.0]}, "[1.0, -1.5707963267948966]": {"num_count": 777, "sum_payoffs": 155.0694204153204, "action": [1.0, -1.5707963267948966]}, "[0.0, -1.5707963267948966]": {"num_count": 745, "sum_payoffs": 146.37544824810763, "action": [0.0, -1.5707963267948966]}, "[1.0, 1.5707963267948966]": {"num_count": 782, "sum_payoffs": 156.50974502601105, "action": [1.0, 1.5707963267948966]}, "[0.0, 1.5707963267948966]": {"num_count": 749, "sum_payoffs": 147.43285386432942, "action": [0.0, 1.5707963267948966]}, "[1.0, 0.0]": {"num_count": 793, "sum_payoffs": 159.5253472326446, "action": [1.0, 0.0]}}}}