{"alphat_eff_gamelength_2": {"mean": 1.0, "variance": 0.0}, "runtime_gamelength_2": {"mean": 0.1682464599609375, "variance": 0.00017214949191156847}, "max_timestep": {"mean": 1.0, "variance": 0.0}, "alphat_eff_gamelength_1": {"mean": 0.6, "variance": 0.04}, "runtime_gamelength_1": {"mean": 0.0952770471572876, "variance": 0.0001083163322556402}, "winner": {"mean": [0.3, 0.2], "variance": [0.20999999999999996, 0.16000000000000006]}, "runtime": {"mean": 0.26376307010650635, "variance": 0.0004212121935921687}, "T_terminal": {"mean": 2.0, "variance": 0.0}, "trajectory_0": {"mean": [[1.0, 0.0, 1.5707963267948966, 0.0], [1.0, 0.5, 1.5707963267948966, 1.0], [1.0, 1.3, 1.5707963267948966, 2.0]], "variance": [[0.0, 0.0, 0.0, 0.0], [0.0, 0.25, 0.0, 0.0], [0.0, 0.41, 0.0, 0.0]]}, "trajectory_1": {"mean": [[0.0, 1.0, 0.0, 0.0], [0.4, 1.0, 0.0, 1.0], [1.0, 1.0, 0.0, 2.0]], "variance": [[0.0, 0.0, 0.0, 0.0], [0.24000000000000005, 0.0, 0.0, 0.0], [0.6, 0.0, 0.0, 0.0]]}, "coll_payoff_0": {"mean": [0.8, 0.7], "variance": [0.16, 0.21000000000000002]}, "coll_payoff_1": {"mean": [0.8, 0.7], "variance": [0.16, 0.21000000000000002]}, "payoff_total": {"mean": [[0.79999999952, 0.79999999952], [0.7894736837368421, 0.7894736837368421]], "variance": [[0.159999999808, 0.159999999808], [0.1800554014459833, 0.1800554014459833]]}, "final_lead_payoff_0": {"mean": [0.575], "variance": [0.063125]}, "final_lead_payoff_1": {"mean": [0.425], "variance": [0.063125]}}