{"2": {"0": {"[1.0, 0]": {"num_count": 1445, "sum_payoffs": 288.37065784186876, "action": [1.0, 0]}, "[0.0, 0]": {"num_count": 655, "sum_payoffs": 97.88737498205357, "action": [0.0, 0]}}, "1": {"[1.0, 0]": {"num_count": 1447, "sum_payoffs": 289.7319078416193, "action": [1.0, 0]}, "[0.0, 0]": {"num_count": 653, "sum_payoffs": 97.98412498203584, "action": [0.0, 0]}}}, "1": {"0": {"[1.0, 0]": {"num_count": 1317, "sum_payoffs": 283.18499994807934, "action": [1.0, 0]}, "[0.0, 0]": {"num_count": 783, "sum_payoffs": 143.3137499737268, "action": [0.0, 0]}}, "1": {"[0.0, 0]": {"num_count": 780, "sum_payoffs": 142.60499997385676, "action": [0.0, 0]}, "[1.0, 0]": {"num_count": 1320, "sum_payoffs": 284.0962499479122, "action": [1.0, 0]}}}}