{"runtime": 43.84652090072632, "winner": [1, 0], "collision_count": 1, "T_terminal": 7, "trajectories": [[1.0, 3.0, 0.0, 3.0, 3.0, 0.0, 0.0], [3.0, 3.0, 0.0, 3.0, 3.0, 4.71238898038469, 1.0], [4.0, 3.0, 0.0, 3.0, 3.0, 4.71238898038469, 2.0], [6.0, 3.0, 0.0, 3.0, 3.0, 0.0, 3.0], [7.0, 3.0, 0.0, 4.0, 3.0, 0.0, 4.0], [9.0, 3.0, 0.0, 5.0, 3.0, 0.0, 5.0], [11.0, 3.0, 0.0, 6.0, 3.0, 0.0, 6.0], [13.0, 3.0, 4.71238898038469, 7.0, 3.0, 0.0, 7.0]], "penalty_distance_0": [-0.1, -0.036787944117144235, -0.004978706836786395, -0.004978706836786395, -0.001831563888873418, -0.0006737946999085467, -0.00024787521766663585], "penalty_distance_1": [-0.1, -0.036787944117144235, -0.004978706836786395, -0.004978706836786395, -0.001831563888873418, -0.0006737946999085467, -0.00024787521766663585], "reward_progress_0": [0.0, 0.0, 0.0, 0.0, 0.0, 0.0, 0.0], "reward_progress_1": [0.0, 0.0, 0.0, 0.0, 0.0, 0.0, 0.0], "penalty_agressor_0": [0.0, 0.0, 0.0, 0.0, 0.0, 0.0, 0.0], "penalty_agressor_1": [0.0, 0.0, 0.0, 0.0, 0.0, 0.0, 0.0], "penalty_timestep_0": [-4.8999999999999995], "penalty_timestep_1": [-4.8999999999999995], "reward_lead_0": [6.0], "reward_lead_1": [-6.0], "payoff_total0": [-0.1, -0.13678794411714423, -0.14176665095393062, -0.146745357790717, -0.14857692167959044, -0.149250716379499, -0.14949859159716564, 0.9505014084028349], "payoff_total1": [-0.1, -0.13678794411714423, -0.14176665095393062, -0.146745357790717, -0.14857692167959044, -0.149250716379499, -0.14949859159716564, -11.049498591597164]}