{"14": {"0": {"[2.0, 0.0]": {"num_count": 122, "sum_payoffs": 27.56898044405805, "action": [2.0, 0.0]}, "[2.0, -1.5707963267948966]": {"num_count": 123, "sum_payoffs": 28.06944359557869, "action": [2.0, -1.5707963267948966]}, "[1.0, 0.0]": {"num_count": 121, "sum_payoffs": 27.201814062723543, "action": [1.0, 0.0]}, "[1.0, 1.5707963267948966]": {"num_count": 119, "sum_payoffs": 26.515664866978582, "action": [1.0, 1.5707963267948966]}, "[2.0, 1.5707963267948966]": {"num_count": 124, "sum_payoffs": 28.533970311636665, "action": [2.0, 1.5707963267948966]}, "[1.0, -1.5707963267948966]": {"num_count": 125, "sum_payoffs": 28.892120685306896, "action": [1.0, -1.5707963267948966]}, "[0.0, 1.5707963267948966]": {"num_count": 119, "sum_payoffs": 26.43887355668668, "action": [0.0, 1.5707963267948966]}, "[0.0, 0.0]": {"num_count": 123, "sum_payoffs": 28.05727553261364, "action": [0.0, 0.0]}, "[0.0, -1.5707963267948966]": {"num_count": 124, "sum_payoffs": 28.463916069680035, "action": [0.0, -1.5707963267948966]}}, "1": {"[1.0, -1.5707963267948966]": {"num_count": 189, "sum_payoffs": 39.485310774284585, "action": [1.0, -1.5707963267948966]}, "[0.0, -1.5707963267948966]": {"num_count": 183, "sum_payoffs": 37.578571373945245, "action": [0.0, -1.5707963267948966]}, "[0.0, 1.5707963267948966]": {"num_count": 175, "sum_payoffs": 34.81709205709142, "action": [0.0, 1.5707963267948966]}, "[0.0, 0.0]": {"num_count": 179, "sum_payoffs": 36.192062748347205, "action": [0.0, 0.0]}, "[1.0, 1.5707963267948966]": {"num_count": 186, "sum_payoffs": 38.54726308940076, "action": [1.0, 1.5707963267948966]}, "[1.0, 0.0]": {"num_count": 188, "sum_payoffs": 39.1832711024684, "action": [1.0, 0.0]}}}}