{"2": {"0": {"[1.0, 0]": {"num_count": 294, "sum_payoffs": 59.741999989047095, "action": [1.0, 0]}, "[0.0, 0]": {"num_count": 2806, "sum_payoffs": 472.62374991335423, "action": [0.0, 0]}}, "1": {"[0.0, 0]": {"num_count": 247, "sum_payoffs": 47.161124991353674, "action": [0.0, 0]}, "[1.0, 0]": {"num_count": 2853, "sum_payoffs": 562.8431248968262, "action": [1.0, 0]}}}, "1": {"0": {"[0.0, 0]": {"num_count": 227, "sum_payoffs": 17.90999999671648, "action": [0.0, 0]}, "[1.0, 0]": {"num_count": 2873, "sum_payoffs": 564.007499896601, "action": [1.0, 0]}}, "1": {"[1.0, 0]": {"num_count": 2916, "sum_payoffs": 637.0537498832239, "action": [1.0, 0]}, "[0.0, 0]": {"num_count": 184, "sum_payoffs": 39.431249992770944, "action": [0.0, 0]}}}}