{"2": {"0": {"[1.0, 0]": {"num_count": 1363, "sum_payoffs": 178.1729604936483, "action": [1.0, 0]}, "[0.0, 0]": {"num_count": 237, "sum_payoffs": 25.709999995286466, "action": [0.0, 0]}}, "1": {"[1.0, 0]": {"num_count": 1345, "sum_payoffs": 173.31296049453957, "action": [1.0, 0]}, "[0.0, 0]": {"num_count": 255, "sum_payoffs": 27.532499994952335, "action": [0.0, 0]}}}, "1": {"0": {"[1.0, 0]": {"num_count": 1358, "sum_payoffs": 187.70249996559383, "action": [1.0, 0]}, "[0.0, 0]": {"num_count": 242, "sum_payoffs": 29.354999994618215, "action": [0.0, 0]}}, "1": {"[1.0, 0]": {"num_count": 1413, "sum_payoffs": 196.00499996407257, "action": [1.0, 0]}, "[0.0, 0]": {"num_count": 187, "sum_payoffs": 22.537499995868096, "action": [0.0, 0]}}}}