{"2": {"0": {"[0.0, 0]": {"num_count": 545, "sum_payoffs": 4.523684207812106, "action": [0.0, 0]}, "[1.0, 0]": {"num_count": 555, "sum_payoffs": 5.376315786247895, "action": [1.0, 0]}}, "1": {"[0.0, 0]": {"num_count": 546, "sum_payoffs": 4.613684207758105, "action": [0.0, 0]}, "[1.0, 0]": {"num_count": 554, "sum_payoffs": 5.286315786301895, "action": [1.0, 0]}}}, "1": {"0": {"[0.0, 0]": {"num_count": 545, "sum_payoffs": 0.89999999946, "action": [0.0, 0]}, "[1.0, 0]": {"num_count": 555, "sum_payoffs": 1.79999999892, "action": [1.0, 0]}}, "1": {"[0.0, 0]": {"num_count": 545, "sum_payoffs": 0.89999999946, "action": [0.0, 0]}, "[1.0, 0]": {"num_count": 555, "sum_payoffs": 1.79999999892, "action": [1.0, 0]}}}}