{"4": {"0": {"[2.0, 1.5707963267948966]": {"num_count": 64, "sum_payoffs": 20.127273697553388, "action": [2.0, 1.5707963267948966]}, "[2.0, 0.0]": {"num_count": 71, "sum_payoffs": 24.224110755931388, "action": [2.0, 0.0]}, "[1.0, 0.0]": {"num_count": 72, "sum_payoffs": 24.634674901428884, "action": [1.0, 0.0]}, "[0.0, 1.5707963267948966]": {"num_count": 62, "sum_payoffs": 19.238932028329085, "action": [0.0, 1.5707963267948966]}, "[0.0, -1.5707963267948966]": {"num_count": 62, "sum_payoffs": 19.26675155803264, "action": [0.0, -1.5707963267948966]}, "[1.0, -1.5707963267948966]": {"num_count": 69, "sum_payoffs": 23.024282818325702, "action": [1.0, -1.5707963267948966]}, "[2.0, -1.5707963267948966]": {"num_count": 66, "sum_payoffs": 21.395619702729395, "action": [2.0, -1.5707963267948966]}, "[0.0, 0.0]": {"num_count": 67, "sum_payoffs": 21.93034072247551, "action": [0.0, 0.0]}, "[1.0, 1.5707963267948966]": {"num_count": 67, "sum_payoffs": 21.8148250715562, "action": [1.0, 1.5707963267948966]}}, "1": {"[0.0, 0.0]": {"num_count": 65, "sum_payoffs": 25.358549611808257, "action": [0.0, 0.0]}, "[2.0, -1.5707963267948966]": {"num_count": 67, "sum_payoffs": 26.71661812384504, "action": [2.0, -1.5707963267948966]}, "[1.0, -1.5707963267948966]": {"num_count": 67, "sum_payoffs": 26.529644993262952, "action": [1.0, -1.5707963267948966]}, "[1.0, 0.0]": {"num_count": 68, "sum_payoffs": 27.249235755407675, "action": [1.0, 0.0]}, "[2.0, 1.5707963267948966]": {"num_count": 71, "sum_payoffs": 29.170503068482677, "action": [2.0, 1.5707963267948966]}, "[1.0, 1.5707963267948966]": {"num_count": 66, "sum_payoffs": 26.044224896145575, "action": [1.0, 1.5707963267948966]}, "[2.0, 0.0]": {"num_count": 77, "sum_payoffs": 32.80889188412957, "action": [2.0, 0.0]}, "[0.0, 1.5707963267948966]": {"num_count": 58, "sum_payoffs": 21.112291399954067, "action": [0.0, 1.5707963267948966]}, "[0.0, -1.5707963267948966]": {"num_count": 61, "sum_payoffs": 23.03913772432957, "action": [0.0, -1.5707963267948966]}}}}