{"2": {"0": {"[1.0, 0]": {"num_count": 1749, "sum_payoffs": 300.87964280555536, "action": [1.0, 0]}, "[0.0, 0]": {"num_count": 851, "sum_payoffs": 111.391714266619, "action": [0.0, 0]}}, "1": {"[0.0, 0]": {"num_count": 856, "sum_payoffs": 112.71953569496311, "action": [0.0, 0]}, "[1.0, 0]": {"num_count": 1744, "sum_payoffs": 300.48910709133634, "action": [1.0, 0]}}}, "1": {"0": {"[0.0, 0]": {"num_count": 1009, "sum_payoffs": 159.9396428297236, "action": [0.0, 0]}, "[1.0, 0]": {"num_count": 1591, "sum_payoffs": 292.71535709267096, "action": [1.0, 0]}}, "1": {"[0.0, 0]": {"num_count": 1011, "sum_payoffs": 160.46035711534861, "action": [0.0, 0]}, "[1.0, 0]": {"num_count": 1589, "sum_payoffs": 292.36821423558763, "action": [1.0, 0]}}}}