{"12": {"0": {"[2.0, -1.5707963267948966]": {"num_count": 352, "sum_payoffs": 84.93841918220369, "action": [2.0, -1.5707963267948966]}, "[0.0, 0.0]": {"num_count": 334, "sum_payoffs": 78.66766372240144, "action": [0.0, 0.0]}, "[0.0, 1.5707963267948966]": {"num_count": 330, "sum_payoffs": 77.29977289999869, "action": [0.0, 1.5707963267948966]}, "[1.0, -1.5707963267948966]": {"num_count": 350, "sum_payoffs": 84.14186322805884, "action": [1.0, -1.5707963267948966]}, "[1.0, 0.0]": {"num_count": 344, "sum_payoffs": 82.07063448112463, "action": [1.0, 0.0]}, "[2.0, 0.0]": {"num_count": 361, "sum_payoffs": 88.0236266165723, "action": [2.0, 0.0]}, "[2.0, 1.5707963267948966]": {"num_count": 349, "sum_payoffs": 83.78023304045422, "action": [2.0, 1.5707963267948966]}, "[0.0, -1.5707963267948966]": {"num_count": 335, "sum_payoffs": 78.95048044232851, "action": [0.0, -1.5707963267948966]}, "[1.0, 1.5707963267948966]": {"num_count": 345, "sum_payoffs": 82.47709830323565, "action": [1.0, 1.5707963267948966]}}, "1": {"[1.0, 1.5707963267948966]": {"num_count": 533, "sum_payoffs": 118.33765566784368, "action": [1.0, 1.5707963267948966]}, "[1.0, -1.5707963267948966]": {"num_count": 530, "sum_payoffs": 117.49462874713858, "action": [1.0, -1.5707963267948966]}, "[0.0, 1.5707963267948966]": {"num_count": 501, "sum_payoffs": 108.49735476990476, "action": [0.0, 1.5707963267948966]}, "[0.0, -1.5707963267948966]": {"num_count": 488, "sum_payoffs": 104.53084304092364, "action": [0.0, -1.5707963267948966]}, "[1.0, 0.0]": {"num_count": 546, "sum_payoffs": 122.43892673848211, "action": [1.0, 0.0]}, "[0.0, 0.0]": {"num_count": 502, "sum_payoffs": 108.83799547666388, "action": [0.0, 0.0]}}}}