{"runtime_game_length_10": 23.417305946350098, "runtime_game_length_9": 21.165158987045288, "runtime_game_length_8": 23.89445948600769, "runtime_game_length_7": 18.252950191497803, "runtime_game_length_6": 19.527819871902466, "runtime_game_length_5": 14.390300750732422, "runtime_game_length_4": 9.435415744781494, "runtime": 130.0842878818512, "winner": [1, 0], "T_terminal": 7, "trajectories": [[4.0, 1.0, 1.5707963267948966, 1.0, 4.0, 0.0, 0.0], [4.0, 2.0, 0.0, 2.0, 4.0, 0.0, 1.0], [5.0, 2.0, 0.0, 3.0, 4.0, 0.0, 2.0], [6.0, 2.0, 0.0, 4.0, 4.0, 0.0, 3.0], [7.0, 2.0, 0.0, 5.0, 4.0, 0.0, 4.0], [8.0, 2.0, 0.0, 6.0, 4.0, 0.0, 5.0], [9.0, 2.0, 0.0, 7.0, 4.0, 0.0, 6.0], [10.0, 2.0, 1.5707963267948966, 8.0, 4.0, 0.0, 7.0]], "penalty_distance_0": [0.0, 0.0, 0.0, 0.0, 0.0, 0.0, 0.0], "penalty_distance_1": [-0.059105746561956225, -0.059105746561956225, -0.059105746561956225, -0.059105746561956225, -0.059105746561956225, -0.059105746561956225, -0.059105746561956225], "reward_progress_0": [0.0, 0.5, 0.33333333333333337, 0.25, 0.2, 0.16666666666666669, 0.14285714285714288], "reward_progress_1": [1.0, 0.5, 0.33333333333333337, 0.25, 0.2, 0.16666666666666669, 0.14285714285714288], "penalty_timestep_0": [-0.7000000000000001], "penalty_timestep_1": [-0.7000000000000001], "reward_lead_0": [2.0], "reward_lead_1": [-2.0], "payoff_total_0": [0.0, 0.5, 0.8333333333333334, 1.0833333333333335, 1.2833333333333334, 1.4500000000000002, 1.592857142857143, 2.892857142857143], "payoff_total_1": [0.9408942534380438, 1.3817885068760876, 1.6560160936474648, 1.8469103470855086, 1.9878046005235526, 2.095365520628263, 2.179116916923449, -0.520883083076551]}