{"alphat_eff_gamelength_14": [2.1538461538461537, 2.1538461538461537, 2.1538461538461537, 2.1538461538461537, 2.1538461538461537, 2.1538461538461537, 2.1538461538461537, 2.1538461538461537, 2.1538461538461537, 2.1538461538461537], "runtime_gamelength_14": [17.333841562271118, 17.258114099502563, 17.347222089767456, 17.322291612625122, 17.202266931533813, 17.130484104156494, 17.40468692779541, 17.31068444252014, 17.336397171020508, 17.156697750091553], "max_timestep": [14, 14, 14, 14, 14, 14, 14, 14, 14, 14], "winner": [[0, 0], [0, 0], [0, 0], [0, 0], [0, 0], [0, 0], [0, 0], [0, 0], [0, 0], [0, 0]], "runtime": [17.334146976470947, 17.25836157798767, 17.34750199317932, 17.322529315948486, 17.20252299308777, 17.13089609146118, 17.40494728088379, 17.310962915420532, 17.33665442466736, 17.156952142715454], "T_terminal": [1, 1, 1, 1, 1, 1, 1, 1, 1, 1], "trajectory_0": [[[1.0, 3.0, 0.0, 0], [2.0, 3.0, 0.0, 1]], [[1.0, 3.0, 0.0, 0], [3.0, 3.0, 0.0, 1]], [[1.0, 3.0, 0.0, 0], [2.0, 3.0, -1.5707963267948966, 1]], [[1.0, 3.0, 0.0, 0], [3.0, 3.0, -1.5707963267948966, 1]], [[1.0, 3.0, 0.0, 0], [3.0, 3.0, 1.5707963267948966, 1]], [[1.0, 3.0, 0.0, 0], [3.0, 3.0, -1.5707963267948966, 1]], [[1.0, 3.0, 0.0, 0], [3.0, 3.0, 0.0, 1]], [[1.0, 3.0, 0.0, 0], [3.0, 3.0, -1.5707963267948966, 1]], [[1.0, 3.0, 0.0, 0], [2.0, 3.0, 1.5707963267948966, 1]], [[1.0, 3.0, 0.0, 0], [2.0, 3.0, -1.5707963267948966, 1]]], "trajectory_1": [[[3.0, 3.0, 0.0, 0], [4.0, 3.0, 0.0, 1]], [[3.0, 3.0, 0.0, 0], [4.0, 3.0, 0.0, 1]], [[3.0, 3.0, 0.0, 0], [4.0, 3.0, -1.5707963267948966, 1]], [[3.0, 3.0, 0.0, 0], [4.0, 3.0, 0.0, 1]], [[3.0, 3.0, 0.0, 0], [4.0, 3.0, -1.5707963267948966, 1]], [[3.0, 3.0, 0.0, 0], [4.0, 3.0, 0.0, 1]], [[3.0, 3.0, 0.0, 0], [3.0, 3.0, -1.5707963267948966, 1]], [[3.0, 3.0, 0.0, 0], [4.0, 3.0, -1.5707963267948966, 1]], [[3.0, 3.0, 0.0, 0], [4.0, 3.0, -1.5707963267948966, 1]], [[3.0, 3.0, 0.0, 0], [4.0, 3.0, 0.0, 1]]], "coll_payoff_0": [[1.0], [1.0], [1.0], [1.0], [1.0], [1.0], [0.0], [1.0], [1.0], [1.0]], "lead_payoff_0": [[0.3333333333333333], [0.6666666666666666], [0.3333333333333333], [0.6666666666666666], [0.6666666666666666], [0.6666666666666666], [1.0], [0.6666666666666666], [0.3333333333333333], [0.3333333333333333]], "coll_payoff_1": [[1.0], [1.0], [1.0], [1.0], [1.0], [1.0], [0.0], [1.0], [1.0], [1.0]], "lead_payoff_1": [[0.6666666666666666], [0.3333333333333333], [0.6666666666666666], [0.3333333333333333], [0.3333333333333333], [0.3333333333333333], [0.0], [0.3333333333333333], [0.6666666666666666], [0.6666666666666666]], "payoff_total": [[[0.509578543987484, 0.6570881225097381]], [[0.5881226052798532, 0.5785440612173691]], [[0.509578543987484, 0.6570881225097381]], [[0.5881226052798532, 0.5785440612173691]], [[0.5881226052798532, 0.5785440612173691]], [[0.5881226052798532, 0.5785440612173691]], [[0.499999999925, 0.33333333327777775]], [[0.5881226052798532, 0.5785440612173691]], [[0.509578543987484, 0.6570881225097381]], [[0.509578543987484, 0.6570881225097381]]], "final_lead_payoff_0": [[0.43103448275862066], [0.46551724137931033], [0.43103448275862066], [0.46551724137931033], [0.46551724137931033], [0.46551724137931033], [0.5], [0.46551724137931033], [0.43103448275862066], [0.43103448275862066]], "final_lead_payoff_1": [[0.5689655172413793], [0.5344827586206896], [0.5689655172413793], [0.5344827586206896], [0.5344827586206896], [0.5344827586206896], [0.5], [0.5344827586206896], [0.5689655172413793], [0.5689655172413793]]}