{"9": {"0": {"[2.0, 1.5707963267948966]": {"num_count": 236, "sum_payoffs": 57.199469368447005, "action": [2.0, 1.5707963267948966]}, "[2.0, -1.5707963267948966]": {"num_count": 241, "sum_payoffs": 59.10001079228821, "action": [2.0, -1.5707963267948966]}, "[1.0, 1.5707963267948966]": {"num_count": 228, "sum_payoffs": 54.23538541446035, "action": [1.0, 1.5707963267948966]}, "[0.0, -1.5707963267948966]": {"num_count": 226, "sum_payoffs": 53.50197591192279, "action": [0.0, -1.5707963267948966]}, "[2.0, 0.0]": {"num_count": 236, "sum_payoffs": 57.31327320710487, "action": [2.0, 0.0]}, "[1.0, -1.5707963267948966]": {"num_count": 237, "sum_payoffs": 57.694905659109445, "action": [1.0, -1.5707963267948966]}, "[0.0, 1.5707963267948966]": {"num_count": 222, "sum_payoffs": 52.16412962999552, "action": [0.0, 1.5707963267948966]}, "[0.0, 0.0]": {"num_count": 238, "sum_payoffs": 57.958394889548856, "action": [0.0, 0.0]}, "[1.0, 0.0]": {"num_count": 236, "sum_payoffs": 57.166356359989074, "action": [1.0, 0.0]}}, "1": {"[0.0, -1.5707963267948966]": {"num_count": 204, "sum_payoffs": 55.61315678952389, "action": [0.0, -1.5707963267948966]}, "[1.0, -1.5707963267948966]": {"num_count": 234, "sum_payoffs": 67.98815353289606, "action": [1.0, -1.5707963267948966]}, "[2.0, 1.5707963267948966]": {"num_count": 243, "sum_payoffs": 71.79876790902985, "action": [2.0, 1.5707963267948966]}, "[0.0, 1.5707963267948966]": {"num_count": 216, "sum_payoffs": 60.52377449320925, "action": [0.0, 1.5707963267948966]}, "[1.0, 1.5707963267948966]": {"num_count": 227, "sum_payoffs": 65.0173256820041, "action": [1.0, 1.5707963267948966]}, "[2.0, -1.5707963267948966]": {"num_count": 248, "sum_payoffs": 73.93209366693475, "action": [2.0, -1.5707963267948966]}, "[1.0, 0.0]": {"num_count": 240, "sum_payoffs": 70.49601522797444, "action": [1.0, 0.0]}, "[0.0, 0.0]": {"num_count": 227, "sum_payoffs": 65.13198754507171, "action": [0.0, 0.0]}, "[2.0, 0.0]": {"num_count": 261, "sum_payoffs": 79.43022014912806, "action": [2.0, 0.0]}}}}