{"14": {"0": {"[1.0, -1.5707963267948966]": {"num_count": 67, "sum_payoffs": 15.560398021916972, "action": [1.0, -1.5707963267948966]}, "[2.0, 0.0]": {"num_count": 69, "sum_payoffs": 16.315128056426264, "action": [2.0, 0.0]}, "[0.0, -1.5707963267948966]": {"num_count": 65, "sum_payoffs": 14.53933126245895, "action": [0.0, -1.5707963267948966]}, "[0.0, 1.5707963267948966]": {"num_count": 66, "sum_payoffs": 15.090492415418051, "action": [0.0, 1.5707963267948966]}, "[2.0, 1.5707963267948966]": {"num_count": 69, "sum_payoffs": 16.333502209698754, "action": [2.0, 1.5707963267948966]}, "[1.0, 1.5707963267948966]": {"num_count": 66, "sum_payoffs": 14.919719605563579, "action": [1.0, 1.5707963267948966]}, "[0.0, 0.0]": {"num_count": 66, "sum_payoffs": 15.135000044153102, "action": [0.0, 0.0]}, "[1.0, 0.0]": {"num_count": 65, "sum_payoffs": 14.520243239000587, "action": [1.0, 0.0]}, "[2.0, -1.5707963267948966]": {"num_count": 67, "sum_payoffs": 15.48678983163307, "action": [2.0, -1.5707963267948966]}}, "1": {"[1.0, -1.5707963267948966]": {"num_count": 102, "sum_payoffs": 21.39317784368024, "action": [1.0, -1.5707963267948966]}, "[1.0, 0.0]": {"num_count": 101, "sum_payoffs": 21.06543647735604, "action": [1.0, 0.0]}, "[0.0, 0.0]": {"num_count": 101, "sum_payoffs": 20.907216749625068, "action": [0.0, 0.0]}, "[1.0, 1.5707963267948966]": {"num_count": 100, "sum_payoffs": 20.5303255697391, "action": [1.0, 1.5707963267948966]}, "[0.0, -1.5707963267948966]": {"num_count": 98, "sum_payoffs": 19.901071934410304, "action": [0.0, -1.5707963267948966]}, "[0.0, 1.5707963267948966]": {"num_count": 98, "sum_payoffs": 19.774322306735996, "action": [0.0, 1.5707963267948966]}}}}