{"2": {"0": {"[1.0, 0]": {"num_count": 1949, "sum_payoffs": 486.09110513352397, "action": [1.0, 0]}, "[0.0, 0]": {"num_count": 151, "sum_payoffs": 28.47449999240684, "action": [0.0, 0]}}, "1": {"[0.0, 0]": {"num_count": 147, "sum_payoffs": 25.166999993288837, "action": [0.0, 0]}, "[1.0, 0]": {"num_count": 1953, "sum_payoffs": 486.96860513328966, "action": [1.0, 0]}}}, "1": {"0": {"[1.0, 0]": {"num_count": 1962, "sum_payoffs": 541.9499998554946, "action": [1.0, 0]}, "[0.0, 0]": {"num_count": 138, "sum_payoffs": 32.834999991243976, "action": [0.0, 0]}}, "1": {"[1.0, 0]": {"num_count": 1806, "sum_payoffs": 493.61999986837964, "action": [1.0, 0]}, "[0.0, 0]": {"num_count": 294, "sum_payoffs": 67.12499998209971, "action": [0.0, 0]}}}}