{"8": {"0": {"[0.0, 1.5707963267948966]": {"num_count": 11, "sum_payoffs": 3.115086181904447, "action": [0.0, 1.5707963267948966]}, "[2.0, 0.0]": {"num_count": 11, "sum_payoffs": 3.291053271740462, "action": [2.0, 0.0]}, "[0.0, 0.0]": {"num_count": 11, "sum_payoffs": 3.022848328611654, "action": [0.0, 0.0]}, "[0.0, -1.5707963267948966]": {"num_count": 11, "sum_payoffs": 3.2729954564408534, "action": [0.0, -1.5707963267948966]}, "[1.0, -1.5707963267948966]": {"num_count": 11, "sum_payoffs": 3.1848697494592004, "action": [1.0, -1.5707963267948966]}, "[1.0, 0.0]": {"num_count": 11, "sum_payoffs": 3.1226345619564873, "action": [1.0, 0.0]}, "[2.0, 1.5707963267948966]": {"num_count": 11, "sum_payoffs": 3.094704959691814, "action": [2.0, 1.5707963267948966]}, "[1.0, 1.5707963267948966]": {"num_count": 12, "sum_payoffs": 3.588647719972102, "action": [1.0, 1.5707963267948966]}, "[2.0, -1.5707963267948966]": {"num_count": 11, "sum_payoffs": 3.292109258420667, "action": [2.0, -1.5707963267948966]}}, "1": {"[0.0, -1.5707963267948966]": {"num_count": 16, "sum_payoffs": 4.122909567652857, "action": [0.0, -1.5707963267948966]}, "[1.0, -1.5707963267948966]": {"num_count": 16, "sum_payoffs": 4.239973333964577, "action": [1.0, -1.5707963267948966]}, "[1.0, 1.5707963267948966]": {"num_count": 17, "sum_payoffs": 4.774444625548514, "action": [1.0, 1.5707963267948966]}, "[0.0, 0.0]": {"num_count": 17, "sum_payoffs": 4.633545921845586, "action": [0.0, 0.0]}, "[0.0, 1.5707963267948966]": {"num_count": 17, "sum_payoffs": 4.737912675815129, "action": [0.0, 1.5707963267948966]}, "[1.0, 0.0]": {"num_count": 17, "sum_payoffs": 4.922437632562682, "action": [1.0, 0.0]}}}}