{"2": {"0": {"[0.0, 0]": {"num_count": 103, "sum_payoffs": 24.968249985019096, "action": [0.0, 0]}, "[1.0, 0]": {"num_count": 1497, "sum_payoffs": 552.5819996684372, "action": [1.0, 0]}}, "1": {"[0.0, 0]": {"num_count": 119, "sum_payoffs": 34.44524997933293, "action": [0.0, 0]}, "[1.0, 0]": {"num_count": 1481, "sum_payoffs": 554.4044996673439, "action": [1.0, 0]}}}, "1": {"0": {"[1.0, 0]": {"num_count": 1499, "sum_payoffs": 613.777499631752, "action": [1.0, 0]}, "[0.0, 0]": {"num_count": 101, "sum_payoffs": 36.04499997837301, "action": [0.0, 0]}}, "1": {"[1.0, 0]": {"num_count": 1484, "sum_payoffs": 606.2849996362473, "action": [1.0, 0]}, "[0.0, 0]": {"num_count": 116, "sum_payoffs": 40.29749997582151, "action": [0.0, 0]}}}}