{"2": {"0": {"[0.0, 0]": {"num_count": 183, "sum_payoffs": 54.128249985565716, "action": [0.0, 0]}, "[1.0, 0]": {"num_count": 2917, "sum_payoffs": 1107.5332497046988, "action": [1.0, 0]}}, "1": {"[0.0, 0]": {"num_count": 177, "sum_payoffs": 48.11399998716957, "action": [0.0, 0]}, "[1.0, 0]": {"num_count": 2923, "sum_payoffs": 1049.395499720199, "action": [1.0, 0]}}}, "1": {"0": {"[0.0, 0]": {"num_count": 213, "sum_payoffs": 75.7349999798038, "action": [0.0, 0]}, "[1.0, 0]": {"num_count": 2887, "sum_payoffs": 1173.6899996869838, "action": [1.0, 0]}}, "1": {"[1.0, 0]": {"num_count": 2915, "sum_payoffs": 1190.4974996825006, "action": [1.0, 0]}, "[0.0, 0]": {"num_count": 185, "sum_payoffs": 71.07749998104583, "action": [0.0, 0]}}}}