{"2": {"0": {"[0.0, 0]": {"num_count": 40, "sum_payoffs": 10.01159999799768, "action": [0.0, 0]}, "[1.0, 0]": {"num_count": 60, "sum_payoffs": 20.337063153827334, "action": [1.0, 0]}}, "1": {"[1.0, 0]": {"num_count": 57, "sum_payoffs": 19.865463153921652, "action": [1.0, 0]}, "[0.0, 0]": {"num_count": 43, "sum_payoffs": 12.524399997495122, "action": [0.0, 0]}}}, "1": {"0": {"[0.0, 0]": {"num_count": 40, "sum_payoffs": 11.195999997760802, "action": [0.0, 0]}, "[1.0, 0]": {"num_count": 60, "sum_payoffs": 21.9059999956188, "action": [1.0, 0]}}, "1": {"[1.0, 0]": {"num_count": 60, "sum_payoffs": 22.0679999955864, "action": [1.0, 0]}, "[0.0, 0]": {"num_count": 40, "sum_payoffs": 11.033999997793202, "action": [0.0, 0]}}}}