{"2": {"0": {"[1.0, 0]": {"num_count": 2926, "sum_payoffs": 678.2777998643176, "action": [1.0, 0]}, "[0.0, 0]": {"num_count": 1174, "sum_payoffs": 220.97882364001737, "action": [0.0, 0]}}, "1": {"[0.0, 0]": {"num_count": 1167, "sum_payoffs": 219.85742364024148, "action": [0.0, 0]}, "[1.0, 0]": {"num_count": 2933, "sum_payoffs": 682.0235998635685, "action": [1.0, 0]}}}, "1": {"0": {"[0.0, 0]": {"num_count": 1695, "sum_payoffs": 396.44999992070177, "action": [0.0, 0]}, "[1.0, 0]": {"num_count": 2405, "sum_payoffs": 600.8084998798254, "action": [1.0, 0]}}, "1": {"[1.0, 0]": {"num_count": 2405, "sum_payoffs": 601.0514998797768, "action": [1.0, 0]}, "[0.0, 0]": {"num_count": 1695, "sum_payoffs": 396.69299992065316, "action": [0.0, 0]}}}}